
$ [gateway] install -m 755 /vagrant/bench/acceptance/wgzk_probe.py /usr/local/bin/wgzk_probe.py; mkdir -p /etc/systemd/journald.conf.d; printf '[Journal]\nRateLimitIntervalSec=0\n' > /etc/systemd/journald.conf.d/wgzk.conf; systemctl restart systemd-journald; rm -rf /etc/systemd/system/wgzk.service.d /etc/wgzk-test.env; pkill tcpdump; bash /vagrant/vagrant/02-load-module.sh && WGZK_VARIANT=zk-pq bash /vagrant/vagrant/03-gateway.sh
==> Kernel: 6.8.0-59-generic
==> insmod OK
==> lsmod:
wireguard             135168  0
curve25519_x86_64      36864  1 wireguard
libcurve25519_generic    45056  2 curve25519_x86_64,wireguard
ip6_udp_tunnel         16384  1 wireguard
udp_tunnel             32768  1 wireguard
libchacha20poly1305    20480  1 wireguard
==> wireguard.ko loaded OK — wgzk genl registered
active
==> wgzk daemon running (gateway, zk-pq, epoch 1)
interface: wg1r
  public key: /04haUify5NyBHxcAlPNMZYDW7ZeFUCWRvTnHZkKQmE=
  private key: (hidden)
  listening port: 51921
[exit 0]

$ [gateway] iptables -D INPUT -p udp --dport 51921 -j DROP 2>/dev/null; true
[exit 0]

$ [client] install -m 755 /vagrant/bench/acceptance/wgzk_probe.py /usr/local/bin/wgzk_probe.py; mkdir -p /etc/systemd/journald.conf.d; printf '[Journal]\nRateLimitIntervalSec=0\n' > /etc/systemd/journald.conf.d/wgzk.conf; systemctl restart systemd-journald; rm -rf /etc/systemd/system/wgzk.service.d /etc/wgzk-test.env; bash /vagrant/vagrant/02-load-module.sh && PEER_IP=192.168.100.1 WGZK_VARIANT=zk-pq bash /vagrant/vagrant/03-client.sh
==> Kernel: 6.8.0-59-generic
==> insmod OK
==> lsmod:
wireguard             135168  0
curve25519_x86_64      36864  1 wireguard
libcurve25519_generic    45056  2 curve25519_x86_64,wireguard
ip6_udp_tunnel         16384  1 wireguard
udp_tunnel             32768  1 wireguard
libchacha20poly1305    20480  1 wireguard
==> wireguard.ko loaded OK — wgzk genl registered
public_key=vvrGQHPXZez3sYKvduj4lpkNfSFMmMHOpzJABHj4TjM=
address=fd57:475a:4b00:0:b424:3c31:578:2776
active
==> wgzk daemon running (client, zk-pq, epoch 1)
interface: wg1l
  public key: vvrGQHPXZez3sYKvduj4lpkNfSFMmMHOpzJABHj4TjM=
  private key: (hidden)
  listening port: 35510

peer: /04haUify5NyBHxcAlPNMZYDW7ZeFUCWRvTnHZkKQmE=
  endpoint: 192.168.100.1:51921
  allowed ips: fd57:475a:4b00::/64
[exit 0]

$ [gateway] mkdir -p /etc/systemd/system/wgzk.service.d; umask 077; printf '%s\n' 'WGZK_CT_BUFFER_MAX=256
WGZK_CT_TTL_MS=5000' > /etc/wgzk-test.env; printf '%s' '[Service]
EnvironmentFile=/etc/wgzk-test.env
' > /etc/systemd/system/wgzk.service.d/test.conf; systemctl daemon-reload; systemctl restart wgzk; sleep 1; systemctl is-active wgzk
active
[exit 0]

$ [gateway] cat /sys/kernel/debug/wgzk/stats
pending 0
proof_requests 0
proofs_set 0
deferred 0
refused_full 0
undecryptable 0
accepted 0
refused_handshake 0
rejected 0
expired 0
late_verdict 0
legacy_dropped 0
[exit 0]

$ [gateway] wg show wg1r allowed-ips
[exit 0]

$ [gateway] ps -o rss= -C wg-zk-daemon | head -1
 5760
[exit 0]

$ [gateway] journalctl -u wgzk -n 1 --show-cursor -o cat --no-pager | tail -1
-- cursor: s=0a141c1a721742609e902a150aa68efe;i=12521;b=88dd17b1f48f4d6e89e06cff6d7c7b62;m=14c9ab399;t=65ca0df0c154e;x=1fa0fa6ad0e24c0f
[exit 0]

$ [gateway] (while sleep 0.5; do ps -o rss= -C wg-zk-daemon | head -1; done > /tmp/rss.log 2>&1 </dev/null & echo $! > /tmp/sampler.pid); true
[exit 0]

$ [client] python3 /usr/local/bin/wgzk_probe.py tls --dst 192.168.100.1:51821 --count 10000
{"count": 10000, "delivered": 10000, "errors": {}, "event": "tls_done", "length": 1124, "refused": 0, "seconds": 78.76, "tls12": false}
[exit 0]

$ [gateway] kill $(cat /tmp/sampler.pid) 2>/dev/null; rm -f /tmp/sampler.pid; true
[exit 0]

$ [gateway] awk '{ if ($1 > m) m = $1 } END { print m + 0 }' /tmp/rss.log
6272
[exit 0]

$ [gateway] cat /sys/kernel/debug/wgzk/stats
pending 0
proof_requests 0
proofs_set 0
deferred 0
refused_full 0
undecryptable 0
accepted 0
refused_handshake 0
rejected 0
expired 0
late_verdict 0
legacy_dropped 0
[exit 0]

$ [gateway] wg show wg1r allowed-ips
[exit 0]

$ [gateway] journalctl -u wgzk -o cat --no-pager --after-cursor='s=0a141c1a721742609e902a150aa68efe;i=12521;b=88dd17b1f48f4d6e89e06cff6d7c7b62;m=14c9ab399;t=65ca0df0c154e;x=1fa0fa6ad0e24c0f'
[mlkem_channel] ciphertext buffered token=498758435 nonce_prefix=5c7341b9
[mlkem_channel] ciphertext buffered token=3604384138 nonce_prefix=34508ddb
[mlkem_channel] ciphertext buffered token=1223013557 nonce_prefix=0b447b12
[mlkem_channel] ciphertext buffered token=2933689909 nonce_prefix=166bd2a8
[mlkem_channel] ciphertext buffered token=2893606335 nonce_prefix=fa9b9105
[mlkem_channel] ciphertext buffered token=1058702119 nonce_prefix=a8e82a70
[mlkem_channel] ciphertext buffered token=3100784156 nonce_prefix=a05ef1ae
[mlkem_channel] ciphertext buffered token=2003155297 nonce_prefix=1446884b
[mlkem_channel] ciphertext buffered token=193968485 nonce_prefix=649ccc38
[mlkem_channel] ciphertext buffered token=1282425998 nonce_prefix=eaeee07f
[mlkem_channel] ciphertext buffered token=1616462439 nonce_prefix=0da6bf82
[mlkem_channel] ciphertext buffered token=1967188645 nonce_prefix=d7be643d
[mlkem_channel] ciphertext buffered token=271084299 nonce_prefix=08708cf4
[mlkem_channel] ciphertext buffered token=3590756165 nonce_prefix=dc92212c
[mlkem_channel] ciphertext buffered token=3505638562 nonce_prefix=fbe5a608
[mlkem_channel] ciphertext buffered token=3306902907 nonce_prefix=35df1ec0
[mlkem_channel] ciphertext buffered token=2853678072 nonce_prefix=69f4e686
[mlkem_channel] ciphertext buffered token=2525748040 nonce_prefix=d1d1a9f6
[mlkem_channel] ciphertext buffered token=2206222113 nonce_prefix=c0a174ee
[mlkem_channel] ciphertext buffered token=2320621732 nonce_prefix=a03b0a56
[mlkem_channel] ciphertext buffered token=23526497 nonce_prefix=1cde40ff
[mlkem_channel] ciphertext buffered token=1238405532 nonce_prefix=a99a040f
[mlkem_channel] ciphertext buffered token=1568142699 nonce_prefix=d310f4af
[mlkem_channel] ciphertext buffered token=2208484712 nonce_prefix=c50682c1
[mlkem_channel] ciphertext buffered token=1619538221 nonce_prefix=8c606f9f
[mlkem_channel] ciphertext buffered token=4104178435 nonce_prefix=5acbd0ed
[mlkem_channel] ciphertext buffered token=1147855058 nonce_prefix=e6d4746d
[mlkem_channel] ciphertext buffered token=118233439 nonce_prefix=c6831188
[mlkem_channel] ciphertext buffered token=2672056709 nonce_prefix=b9224f26
[mlkem_channel] ciphertext buffered token=2709331843 nonce_prefix=36b787ef
[mlkem_channel] ciphertext buffered token=1955592525 nonce_prefix=a806ebf0
[mlkem_channel] ciphertext buffered token=2645484194 nonce_prefix=4121a7af
[mlkem_channel] ciphertext buffered token=959614876 nonce_prefix=68fd6f1e
[mlkem_channel] ciphertext buffered token=1772121650 nonce_prefix=a2e048f9
[mlkem_channel] ciphertext buffered token=4210107778 nonce_prefix=449d7e63
[mlkem_channel] ciphertext buffered token=1353035440 nonce_prefix=38cd8445
[mlkem_channel] ciphertext buffered token=3233758478 nonce_prefix=c6838394
[mlkem_channel] ciphertext buffered token=3541486851 nonce_prefix=e609da00
[mlkem_channel] ciphertext buffered token=2000098151 nonce_prefix=04e07736
[mlkem_channel] ciphertext buffered token=3246999633 nonce_prefix=d561a9b8
[mlkem_channel] ciphertext buffered token=2507659561 nonce_prefix=6e2807c7
[mlkem_channel] ciphertext buffered token=3715377235 nonce_prefix=7437ee23
[mlkem_channel] ciphertext buffered token=1623179069 nonce_prefix=c53efbaa
[mlkem_channel] ciphertext buffered token=2156732302 nonce_prefix=745afebe
[mlkem_channel] ciphertext buffered token=3080795508 nonce_prefix=885ef704
[mlkem_channel] ciphertext buffered token=3494284227 nonce_prefix=7b56c5d4
[mlkem_channel] ciphertext buffered token=1795775780 nonce_prefix=d9093ef9
[mlkem_channel] ciphertext buffered token=3525922393 nonce_prefix=e03b6259
[mlkem_channel] ciphertext buffered token=2005515915 nonce_prefix=ed697a5e
[mlkem_channel] ciphertext buffered token=2060488278 nonce_prefix=c84ebefb
[mlkem_channel] ciphertext buffered token=3296402124 nonce_prefix=393e2b49
[mlkem_channel] ciphertext buffered token=915060563 nonce_prefix=58ecba48
[mlkem_channel] ciphertext buffered token=2006557114 nonce_prefix=2b48f820
[mlkem_channel] ciphertext buffered token=1341920609 nonce_prefix=09d051a5
[mlkem_channel] ciphertext buffered token=3446689613 nonce_prefix=04c8897b
[mlkem_channel] ciphertext buffered token=2378796521 nonce_prefix=2ad7abad
[mlkem_channel] ciphertext buffered token=4216205309 nonce_prefix=20871f49
[mlkem_channel] ciphertext buffered token=2163885672 nonce_prefix=18d72b87
[mlkem_channel] ciphertext buffered token=3024679086 nonce_prefix=ae512bef
[mlkem_channel] ciphertext buffered token=997428524 nonce_prefix=251f11f0
[mlkem_channel] ciphertext buffered token=1620611161 nonce_prefix=d5ae937d
[mlkem_channel] ciphertext buffered token=1596455218 nonce_prefix=0206f5a8
[mlkem_channel] ciphertext buffered token=156601939 nonce_prefix=210606d7
[mlkem_channel] ciphertext buffered token=2341675679 nonce_prefix=0a51393a
[mlkem_channel] ciphertext buffered token=3559068365 nonce_prefix=0e49fed2
[mlkem_channel] ciphertext buffered token=2970191121 nonce_prefix=60f2a46d
[mlkem_channel] ciphertext buffered token=577256867 nonce_prefix=86d2598e
[mlkem_channel] ciphertext buffered token=3003976062 nonce_prefix=d5588c09
[mlkem_channel] ciphertext buffered token=2933189979 nonce_prefix=7292c070
[mlkem_channel] ciphertext buffered token=2674784402 nonce_prefix=706f4baa
[mlkem_channel] ciphertext buffered token=3685667075 nonce_prefix=b31226e7
[mlkem_channel] ciphertext buffered token=3843271908 nonce_prefix=71ddd422
[mlkem_channel] ciphertext buffered token=224998223 nonce_prefix=8fad3a2a
[mlkem_channel] ciphertext buffered token=4153333058 nonce_prefix=3aff8ca8
[mlkem_channel] ciphertext buffered token=1505277711 nonce_prefix=e1bc4b66
[mlkem_channel] ciphertext buffered token=334891050 nonce_prefix=d1a83722
[mlkem_channel] ciphertext buffered token=4096225648 nonce_prefix=33837852
[mlkem_channel] ciphertext buffered token=314518483 nonce_prefix=95e43a59
[mlkem_channel] ciphertext buffered token=1152266840 nonce_prefix=5a743fa2
[mlkem_channel] ciphertext buffered token=2236023228 nonce_prefix=bbd7ce55
[mlkem_channel] ciphertext buffered token=3587377021 nonce_prefix=9b897bfe
[mlkem_channel] ciphertext buffered token=473595189 nonce_prefix=dfc9891c
[mlkem_channel] ciphertext buffered token=4157064420 nonce_prefix=1f0d3490
[mlkem_channel] ciphertext buffered token=3272249264 nonce_prefix=5844d396
[mlkem_channel] ciphertext buffered token=70263913 nonce_prefix=799c9896
[mlkem_channel] ciphertext buffered token=3921436485 nonce_prefix=0f9e0aa3
[mlkem_channel] ciphertext buffered token=3615859994 nonce_prefix=dd21ef58
[mlkem_channel] ciphertext buffered token=2122744836 nonce_prefix=e3792917
[mlkem_channel] ciphertext buffered token=4207388208 nonce_prefix=3b860c31
[mlkem_channel] ciphertext buffered token=1953813835 nonce_prefix=e3fd33d7
[mlkem_channel] ciphertext buffered token=1922958715 nonce_prefix=5f2dae7b
[mlkem_channel] ciphertext buffered token=3124522202 nonce_prefix=f4d5a1e1
[mlkem_channel] ciphertext buffered token=2972622812 nonce_prefix=e2e64717
[mlkem_channel] ciphertext buffered token=1558017275 nonce_prefix=b6baedec
[mlkem_channel] ciphertext buffered token=322014793 nonce_prefix=ac9bba40
[mlkem_channel] ciphertext buffered token=663565949 nonce_prefix=14b2a32b
[mlkem_channel] ciphertext buffered token=3125757404 nonce_prefix=a2c8f315
[mlkem_channel] ciphertext buffered token=3073142426 nonce_prefix=97bb558a
[mlkem_channel] ciphertext buffered token=2267644183 nonce_prefix=00b01e74
[mlkem_channel] ciphertext buffered token=4289000982 nonce_prefix=59fe9e10
[mlkem_channel] ciphertext buffered token=3963530609 nonce_prefix=96b25bd7
[mlkem_channel] ciphertext buffered token=789347365 nonce_prefix=804fd27d
[mlkem_channel] ciphertext buffered token=3790784639 nonce_prefix=a457f9d7
[mlkem_channel] ciphertext buffered token=1797343461 nonce_prefix=6bdcd6ec
[mlkem_channel] ciphertext buffered token=2621737169 nonce_prefix=e98a3423
[mlkem_channel] ciphertext buffered token=1219690721 nonce_prefix=d71bf761
[mlkem_channel] ciphertext buffered token=2641498946 nonce_prefix=f192e17b
[mlkem_channel] ciphertext buffered token=3398956410 nonce_prefix=9cd5dfbb
[mlkem_channel] ciphertext buffered token=3942410331 nonce_prefix=35276991
[mlkem_channel] ciphertext buffered token=2039406244 nonce_prefix=da2809a9
[mlkem_channel] ciphertext buffered token=286423485 nonce_prefix=f224eb80
[mlkem_channel] ciphertext buffered token=1175247977 nonce_prefix=d442d03f
[mlkem_channel] ciphertext buffered token=1465441563 nonce_prefix=5d3abea5
[mlkem_channel] ciphertext buffered token=963403060 nonce_prefix=ce81ca6d
[mlkem_channel] ciphertext buffered token=405420336 nonce_prefix=a3509f57
[mlkem_channel] ciphertext buffered token=3516809308 nonce_prefix=7477d5d2
[mlkem_channel] ciphertext buffered token=840923364 nonce_prefix=dc82778c
[mlkem_channel] ciphertext buffered token=2189204578 nonce_prefix=71dd916b
[mlkem_channel] ciphertext buffered token=4157232833 nonce_prefix=4ac80fed
[mlkem_channel] ciphertext buffered token=3126364888 nonce_prefix=b0f8f408
[mlkem_channel] ciphertext buffered token=338604426 nonce_prefix=6c33f6ce
[mlkem_channel] ciphertext buffered token=1901222902 nonce_prefix=de701993
[mlkem_channel] ciphertext buffered token=869584281 nonce_prefix=82bb43ed
[mlkem_channel] ciphertext buffered token=3947744360 nonce_prefix=788d2d0d
[mlkem_channel] ciphertext buffered token=4106887169 nonce_prefix=b94f9c18
[mlkem_channel] ciphertext buffered token=1108262359 nonce_prefix=4e2be4b0
[mlkem_channel] ciphertext buffered token=3974441228 nonce_prefix=b3516cf8
[mlkem_channel] ciphertext buffered token=156273963 nonce_prefix=9e7f1f0b
[mlkem_channel] ciphertext buffered token=2135176569 nonce_prefix=7347e905
[mlkem_channel] ciphertext buffered token=3989791320 nonce_prefix=c0e46bfd
[mlkem_channel] ciphertext buffered token=3963916918 nonce_prefix=0a49b0dd
[mlkem_channel] ciphertext buffered token=2350222667 nonce_prefix=c546813e
[mlkem_channel] ciphertext buffered token=688502151 nonce_prefix=98cabe3f
[mlkem_channel] ciphertext buffered token=1848255694 nonce_prefix=6f3ec8a8
[mlkem_channel] ciphertext buffered token=284068101 nonce_prefix=5dd05ef2
[mlkem_channel] ciphertext buffered token=1569750516 nonce_prefix=6ca94ae2
[mlkem_channel] ciphertext buffered token=1689782253 nonce_prefix=42d6a776
[mlkem_channel] ciphertext buffered token=4120135174 nonce_prefix=49730204
[mlkem_channel] ciphertext buffered token=1321127729 nonce_prefix=6049a9b3
[mlkem_channel] ciphertext buffered token=3149414436 nonce_prefix=41287a19
[mlkem_channel] ciphertext buffered token=377716161 nonce_prefix=2ee4ff5c
[mlkem_channel] ciphertext buffered token=3555660979 nonce_prefix=4474bbbb
[mlkem_channel] ciphertext buffered token=1004936686 nonce_prefix=d590941e
[mlkem_channel] ciphertext buffered token=3092810194 nonce_prefix=abe15928
[mlkem_channel] ciphertext buffered token=3958728452 nonce_prefix=006d16a5
[mlkem_channel] ciphertext buffered token=555002480 nonce_prefix=eea84200
[mlkem_channel] ciphertext buffered token=548192520 nonce_prefix=ad07e0b8
[mlkem_channel] ciphertext buffered token=4280302862 nonce_prefix=895aede0
[mlkem_channel] ciphertext buffered token=1146937227 nonce_prefix=518e18f5
[mlkem_channel] ciphertext buffered token=414625377 nonce_prefix=431c47f8
[mlkem_channel] ciphertext buffered token=2260719522 nonce_prefix=e4e3fb82
[mlkem_channel] ciphertext buffered token=2029672447 nonce_prefix=26a9fe11
[mlkem_channel] ciphertext buffered token=2974439805 nonce_prefix=04561d6b
[mlkem_channel] ciphertext buffered token=946546553 nonce_prefix=6c7f5f0e
[mlkem_channel] ciphertext buffered token=564480941 nonce_prefix=6ebc2f4a
[mlkem_channel] ciphertext buffered token=3472472038 nonce_prefix=b4bafb2d
[mlkem_channel] ciphertext buffered token=2469350677 nonce_prefix=0e173e91
[mlkem_channel] ciphertext buffered token=1298172872 nonce_prefix=e251f139
[mlkem_channel] ciphertext buffered token=3008404260 nonce_prefix=abe6aa6f
[mlkem_channel] ciphertext buffered token=1398173521 nonce_prefix=8503e90e
[mlkem_channel] ciphertext buffered token=3626416862 nonce_prefix=581c31a8
[mlkem_channel] ciphertext buffered token=1443363311 nonce_prefix=bdd490d0
[mlkem_channel] ciphertext buffered token=1592324844 nonce_prefix=e32886a5
[mlkem_channel] ciphertext buffered token=1249918933 nonce_prefix=f3db4758
[mlkem_channel] ciphertext buffered token=2809272627 nonce_prefix=079f4eba
[mlkem_channel] ciphertext buffered token=1146433511 nonce_prefix=0cb3b294
[mlkem_channel] ciphertext buffered token=1482312966 nonce_prefix=6f951a3d
[mlkem_channel] ciphertext buffered token=3928701187 nonce_prefix=e84b3424
[mlkem_channel] ciphertext buffered token=3997771775 nonce_prefix=d65a7d72
[mlkem_channel] ciphertext buffered token=3682876763 nonce_prefix=e5f654a2
[mlkem_channel] ciphertext buffered token=2198541700 nonce_prefix=a32b01c2
[mlkem_channel] ciphertext buffered token=3368413509 nonce_prefix=a61c96a2
[mlkem_channel] ciphertext buffered token=1906188336 nonce_prefix=13677188
[mlkem_channel] ciphertext buffered token=2506969237 nonce_prefix=2aab55ca
[mlkem_channel] ciphertext buffered token=2196295613 nonce_prefix=94011fc1
[mlkem_channel] ciphertext buffered token=3239840930 nonce_prefix=a29f9e7e
[mlkem_channel] ciphertext buffered token=2813860193 nonce_prefix=82904d45
[mlkem_channel] ciphertext buffered token=3994034536 nonce_prefix=871084dd
[mlkem_channel] ciphertext buffered token=17904895 nonce_prefix=2d5e7b0e
[mlkem_channel] ciphertext buffered token=2502530637 nonce_prefix=930b48c5
[mlkem_channel] ciphertext buffered token=3827184992 nonce_prefix=65d5e190
[mlkem_channel] ciphertext buffered token=2874378973 nonce_prefix=4313ebf0
[mlkem_channel] ciphertext buffered token=2643096390 nonce_prefix=a4938280
[mlkem_channel] ciphertext buffered token=1019970994 nonce_prefix=a3053c7c
[mlkem_channel] ciphertext buffered token=4152293208 nonce_prefix=de3067f6
[mlkem_channel] ciphertext buffered token=2837408174 nonce_prefix=7c49689a
[mlkem_channel] ciphertext buffered token=1509025753 nonce_prefix=392a9180
[mlkem_channel] ciphertext buffered token=3793200142 nonce_prefix=1df69f99
[mlkem_channel] ciphertext buffered token=2068886093 nonce_prefix=d5bc576d
[mlkem_channel] ciphertext buffered token=3063951486 nonce_prefix=e64e1e77
[mlkem_channel] ciphertext buffered token=4057806714 nonce_prefix=5e0f3633
[mlkem_channel] ciphertext buffered token=2302792648 nonce_prefix=9abcd8f8
[mlkem_channel] ciphertext buffered token=314975495 nonce_prefix=391e3155
[mlkem_channel] ciphertext buffered token=4287058806 nonce_prefix=2f5f6224
[mlkem_channel] ciphertext buffered token=1041452838 nonce_prefix=b12e4b3a
[mlkem_channel] ciphertext buffered token=416952755 nonce_prefix=0b3c7211
[mlkem_channel] ciphertext buffered token=545849399 nonce_prefix=eb4d00fd
[mlkem_channel] ciphertext buffered token=3936976572 nonce_prefix=03cb1d57
[mlkem_channel] ciphertext buffered token=822329948 nonce_prefix=f291641b
[mlkem_channel] ciphertext buffered token=543456330 nonce_prefix=df5bc205
[mlkem_channel] ciphertext buffered token=844597011 nonce_prefix=3290b23d
[mlkem_channel] ciphertext buffered token=3513101745 nonce_prefix=0077ed7c
[mlkem_channel] ciphertext buffered token=2846897399 nonce_prefix=bfba3f85
[mlkem_channel] ciphertext buffered token=1978436403 nonce_prefix=fe3f3121
[mlkem_channel] ciphertext buffered token=1338664905 nonce_prefix=f6949174
[mlkem_channel] ciphertext buffered token=516020701 nonce_prefix=70e9aeda
[mlkem_channel] ciphertext buffered token=3240264755 nonce_prefix=8fd783fe
[mlkem_channel] ciphertext buffered token=1188086497 nonce_prefix=06b88e90
[mlkem_channel] ciphertext buffered token=2519263345 nonce_prefix=bfc5ae66
[mlkem_channel] ciphertext buffered token=663420128 nonce_prefix=073c7167
[mlkem_channel] ciphertext buffered token=3194991323 nonce_prefix=e96df6d8
[mlkem_channel] ciphertext buffered token=122932808 nonce_prefix=a27898a5
[mlkem_channel] ciphertext buffered token=797925827 nonce_prefix=271574f5
[mlkem_channel] ciphertext buffered token=225759142 nonce_prefix=1fdbc0e8
[mlkem_channel] ciphertext buffered token=1103461283 nonce_prefix=7aa6becf
[mlkem_channel] ciphertext buffered token=2971118951 nonce_prefix=880f2f5c
[mlkem_channel] ciphertext buffered token=4090537058 nonce_prefix=5b1f2b5a
[mlkem_channel] ciphertext buffered token=2620863056 nonce_prefix=43a2a10d
[mlkem_channel] ciphertext buffered token=405794346 nonce_prefix=f03d6a53
[mlkem_channel] ciphertext buffered token=3903818210 nonce_prefix=3da27160
[mlkem_channel] ciphertext buffered token=759692674 nonce_prefix=f07dd94e
[mlkem_channel] ciphertext buffered token=1089087738 nonce_prefix=e114cb60
[mlkem_channel] ciphertext buffered token=349321367 nonce_prefix=4e2369c2
[mlkem_channel] ciphertext buffered token=2786941358 nonce_prefix=e7807eae
[mlkem_channel] ciphertext buffered token=3363174706 nonce_prefix=13b8f6ea
[mlkem_channel] ciphertext buffered token=3067519289 nonce_prefix=5a1c3a67
[mlkem_channel] ciphertext buffered token=2057636974 nonce_prefix=0a9702ef
[mlkem_channel] ciphertext buffered token=1356160893 nonce_prefix=4578c3e2
[mlkem_channel] ciphertext buffered token=3065523486 nonce_prefix=9f72b790
[mlkem_channel] ciphertext buffered token=136209297 nonce_prefix=5d9b7205
[mlkem_channel] ciphertext buffered token=2541795117 nonce_prefix=fc6f45c5
[mlkem_channel] ciphertext buffered token=4038267376 nonce_prefix=1c2e33d5
[mlkem_channel] ciphertext buffered token=3800449861 nonce_prefix=5d91ff69
[mlkem_channel] ciphertext buffered token=1493736527 nonce_prefix=3943698e
[mlkem_channel] ciphertext buffered token=1670296992 nonce_prefix=7028e94b
[mlkem_channel] ciphertext buffered token=3769370282 nonce_prefix=d56df6d2
[mlkem_channel] ciphertext buffered token=1684768284 nonce_prefix=f3179256
[mlkem_channel] ciphertext buffered token=878412191 nonce_prefix=6dfdf7aa
[mlkem_channel] ciphertext buffered token=2251652176 nonce_prefix=d8daadad
[mlkem_channel] ciphertext buffered token=2294176177 nonce_prefix=207a5bb8
[mlkem_channel] ciphertext buffered token=2300068672 nonce_prefix=6b35c3bd
[mlkem_channel] ciphertext buffered token=3453317177 nonce_prefix=7488c613
[mlkem_channel] ciphertext buffered token=1725130190 nonce_prefix=d2fb1909
[mlkem_channel] ciphertext buffered token=3178265226 nonce_prefix=569daba9
[mlkem_channel] ciphertext buffered token=4223252576 nonce_prefix=71b5bba8
[mlkem_channel] ciphertext buffered token=4146914996 nonce_prefix=dbf6d96d
[mlkem_channel] ciphertext buffered token=1068616086 nonce_prefix=2568213f
[mlkem_channel] ciphertext buffered token=251411443 nonce_prefix=afcf4a7d
[mlkem_channel] ciphertext buffered token=498610658 nonce_prefix=f0d370ae
[mlkem_channel] ciphertext buffered token=1678066430 nonce_prefix=d71eb3f6
[mlkem_channel] ciphertext buffered token=3424652871 nonce_prefix=520bee20
[mlkem_channel] ciphertext buffered token=163790550 nonce_prefix=686c506e
[mlkem_channel] ciphertext buffered token=3627624870 nonce_prefix=fce30097
[mlkem_channel] ciphertext buffered token=126617398 nonce_prefix=4671c4a5
[mlkem_channel] ciphertext buffered token=3539205488 nonce_prefix=949022bf
[mlkem_channel] ciphertext buffered token=2300148033 nonce_prefix=a6296b0c
[mlkem_channel] ciphertext refused token=3784660904: ciphertext buffer full
[mlkem_channel] ciphertext refused token=591855368: ciphertext buffer full
[mlkem_channel] ciphertext refused token=4090812868: ciphertext buffer full
[mlkem_channel] ciphertext refused token=594265522: ciphertext buffer full
[mlkem_channel] ciphertext refused token=3829883836: ciphertext buffer full
[mlkem_channel] ciphertext refused token=1181881729: ciphertext buffer full
[mlkem_channel] ciphertext refused token=2473371742: ciphertext buffer full
[mlkem_channel] ciphertext refused token=2270900896: ciphertext buffer full
[mlkem_channel] ciphertext refused token=120433794: ciphertext buffer full
[mlkem_channel] ciphertext refused token=826091767: ciphertext buffer full
[mlkem_channel] ciphertext refused token=289326083: ciphertext buffer full
[mlkem_channel] ciphertext refused token=177606750: ciphertext buffer full
[mlkem_channel] ciphertext refused token=1023257277: ciphertext buffer full
[mlkem_channel] ciphertext refused token=812261501: ciphertext buffer full
[mlkem_channel] ciphertext refused token=897182589: ciphertext buffer full
[mlkem_channel] ciphertext refused token=4176344437: ciphertext buffer full
[mlkem_channel] ciphertext refused token=2984188931: ciphertext buffer full
[mlkem_channel] ciphertext refused token=4061014249: ciphertext buffer full
[mlkem_channel] ciphertext refused token=299473594: ciphertext buffer full
[mlkem_channel] ciphertext refused token=2701984427: ciphertext buffer full
[mlkem_channel] ciphertext refused token=3857773838: ciphertext buffer full
[mlkem_channel] ciphertext refused token=462949: ciphertext buffer full
[mlkem_channel] ciphertext refused token=2369886718: ciphertext buffer full
[mlkem_channel] ciphertext refused token=3784278506: ciphertext buffer full
[mlkem_channel] ciphertext refused token=3406172976: ciphertext buffer full
[mlkem_channel] ciphertext refused token=3249975614: ciphertext buffer full
[mlkem_channel] ciphertext refused token=3147436472: ciphertext buffer full
[mlkem_channel] ciphertext refused token=453931497: ciphertext buffer full
[mlkem_channel] ciphertext refused token=3423692326: ciphertext buffer full
[mlkem_channel] ciphertext refused token=398474730: ciphertext buffer full
[mlkem_channel] ciphertext refused token=3829403421: ciphertext buffer full
[mlkem_channel] ciphertext refused token=3053216937: ciphertext buffer full
[mlkem_channel] ciphertext refused token=1105124303: ciphertext buffer full
[mlkem_channel] ciphertext refused token=4230656796: ciphertext buffer full
[mlkem_channel] ciphertext refused token=593089810: ciphertext buffer full
[mlkem_channel] ciphertext refused token=1395271606: ciphertext buffer full
[mlkem_channel] ciphertext refused token=1359891358: ciphertext buffer full
[mlkem_channel] ciphertext refused token=3006101918: ciphertext buffer full
[mlkem_channel] ciphertext refused token=2140859311: ciphertext buffer full
[mlkem_channel] ciphertext refused token=4033887693: ciphertext buffer full
[mlkem_channel] ciphertext refused token=1997443128: ciphertext buffer full
[mlkem_channel] ciphertext refused token=2058240273: ciphertext buffer full
[mlkem_channel] ciphertext refused token=4245636647: ciphertext buffer full
[mlkem_channel] ciphertext refused token=1393098060: ciphertext buffer full
[mlkem_channel] ciphertext refused token=389923059: ciphertext buffer full
[mlkem_channel] ciphertext refused token=2885861249: ciphertext buffer full
[mlkem_channel] ciphertext refused token=1528265589: ciphertext buffer full
[mlkem_channel] ciphertext refused token=732156911: ciphertext buffer full
[mlkem_channel] ciphertext refused token=3162983453: ciphertext buffer full
[mlkem_channel] ciphertext refused token=2729925079: ciphertext buffer full
[mlkem_channel] ciphertext refused token=1129911288: ciphertext buffer full
[mlkem_channel] ciphertext refused token=1057025442: ciphertext buffer full
[mlkem_channel] ciphertext refused token=3344305242: ciphertext buffer full
[mlkem_channel] ciphertext refused token=2743435467: ciphertext buffer full
[mlkem_channel] ciphertext refused token=1598985933: ciphertext buffer full
[mlkem_channel] ciphertext refused token=2301675896: ciphertext buffer full
[mlkem_channel] ciphertext refused token=521006344: ciphertext buffer full
[mlkem_channel] ciphertext refused token=3365715347: ciphertext buffer full
[mlkem_channel] ciphertext refused token=2054093587: ciphertext buffer full
[mlkem_channel] ciphertext refused token=2026116072: ciphertext buffer full
[mlkem_channel] ciphertext refused token=1174564293: ciphertext buffer full
[mlkem_channel] ciphertext refused token=3137050561: ciphertext buffer full
[mlkem_channel] ciphertext refused token=3532549741: ciphertext buffer full
[mlkem_channel] ciphertext refused token=1480733393: ciphertext buffer full
[mlkem_channel] ciphertext refused token=4041372001: ciphertext buffer full
[mlkem_channel] ciphertext refused token=2023296327: ciphertext buffer full
[mlkem_channel] ciphertext refused token=4053788906: ciphertext buffer full
[mlkem_channel] ciphertext refused token=1937262838: ciphertext buffer full
[mlkem_channel] ciphertext refused token=3162666040: ciphertext buffer full
[mlkem_channel] ciphertext refused token=613189528: ciphertext buffer full
[mlkem_channel] ciphertext refused token=1480557844: ciphertext buffer full
[mlkem_channel] ciphertext refused token=274160128: ciphertext buffer full
[mlkem_channel] ciphertext refused token=1695909916: ciphertext buffer full
[mlkem_channel] ciphertext refused token=3663553812: ciphertext buffer full
[mlkem_channel] ciphertext refused token=3408529519: ciphertext buffer full
[mlkem_channel] ciphertext refused token=1820979923: ciphertext buffer full
[mlkem_channel] ciphertext refused token=1991715583: ciphertext buffer full
[mlkem_channel] ciphertext refused token=2871258040: ciphertext buffer full
[mlkem_channel] ciphertext refused token=3919665339: ciphertext buffer full
[mlkem_channel] ciphertext refused token=2299152217: ciphertext buffer full
[mlkem_channel] ciphertext refused token=2979488824: ciphertext buffer full
[mlkem_channel] ciphertext refused token=3999152578: ciphertext buffer full
[mlkem_channel] ciphertext refused token=2483487008: ciphertext buffer full
[mlkem_channel] ciphertext refused token=1423227517: ciphertext buffer full
[mlkem_channel] ciphertext refused token=3608188077: ciphertext buffer full
[mlkem_channel] ciphertext refused token=1956190753: ciphertext buffer full
[mlkem_channel] ciphertext refused token=895429264: ciphertext buffer full
[mlkem_channel] ciphertext refused token=770322028: ciphertext buffer full
[mlkem_channel] ciphertext refused token=1312565095: ciphertext buffer full
[mlkem_channel] ciphertext refused token=292980321: ciphertext buffer full
[mlkem_channel] ciphertext refused token=469525827: ciphertext buffer full
[mlkem_channel] ciphertext refused token=743792435: ciphertext buffer full
[mlkem_channel] ciphertext refused token=996986320: ciphertext buffer full
[mlkem_channel] ciphertext refused token=765416729: ciphertext buffer full
[mlkem_channel] ciphertext refused token=3039725195: ciphertext buffer full
[mlkem_channel] ciphertext refused token=1214204872: ciphertext buffer full
[mlkem_channel] ciphertext refused token=1323441126: ciphertext buffer full
[mlkem_channel] ciphertext refused token=1164905723: ciphertext buffer full
[mlkem_channel] ciphertext refused token=3401733873: ciphertext buffer full
[mlkem_channel] ciphertext refused token=1887015601: ciphertext buffer full
[mlkem_channel] ciphertext refused token=291358360: ciphertext buffer full
[mlkem_channel] ciphertext refused token=3888558199: ciphertext buffer full
[mlkem_channel] ciphertext refused token=4200027836: ciphertext buffer full
[mlkem_channel] ciphertext refused token=2403540182: ciphertext buffer full
[mlkem_channel] ciphertext refused token=556816733: ciphertext buffer full
[mlkem_channel] ciphertext refused token=538369321: ciphertext buffer full
[mlkem_channel] ciphertext refused token=197306708: ciphertext buffer full
[mlkem_channel] ciphertext refused token=179962746: ciphertext buffer full
[mlkem_channel] ciphertext refused token=1062184133: ciphertext buffer full
[mlkem_channel] ciphertext refused token=1663706787: ciphertext buffer full
[mlkem_channel] ciphertext refused token=1051818367: ciphertext buffer full
[mlkem_channel] ciphertext refused token=4037960053: ciphertext buffer full
[mlkem_channel] ciphertext refused token=4208842658: ciphertext buffer full
[mlkem_channel] ciphertext refused token=3272051781: ciphertext buffer full
[mlkem_channel] ciphertext refused token=2607232342: ciphertext buffer full
[mlkem_channel] ciphertext refused token=2234570089: ciphertext buffer full
[mlkem_channel] ciphertext refused token=1835063234: ciphertext buffer full
[mlkem_channel] ciphertext refused token=1483371501: ciphertext buffer full
[mlkem_channel] ciphertext refused token=1752280468: ciphertext buffer full
[mlkem_channel] ciphertext refused token=1685312417: ciphertext buffer full
[mlkem_channel] ciphertext refused token=3160707657: ciphertext buffer full
[mlkem_channel] ciphertext refused token=1142487190: ciphertext buffer full
[mlkem_channel] ciphertext refused token=404822409: ciphertext buffer full
[mlkem_channel] ciphertext refused token=357266772: ciphertext buffer full
[mlkem_channel] ciphertext refused token=2697081207: ciphertext buffer full
[mlkem_channel] ciphertext refused token=1267989136: ciphertext buffer full
[mlkem_channel] ciphertext refused token=2592521288: ciphertext buffer full
[mlkem_channel] ciphertext refused token=923904191: ciphertext buffer full
[mlkem_channel] ciphertext refused token=1847160913: ciphertext buffer full
[mlkem_channel] ciphertext refused token=2489670133: ciphertext buffer full
[mlkem_channel] ciphertext refused token=1111141359: ciphertext buffer full
[mlkem_channel] ciphertext refused token=4022936711: ciphertext buffer full
[mlkem_channel] ciphertext refused token=842269079: ciphertext buffer full
[mlkem_channel] ciphertext refused token=56817604: ciphertext buffer full
[mlkem_channel] ciphertext refused token=2874437474: ciphertext buffer full
[mlkem_channel] ciphertext refused token=1040832496: ciphertext buffer full
[mlkem_channel] ciphertext refused token=1573790214: ciphertext buffer full
[mlkem_channel] ciphertext refused token=2399286298: ciphertext buffer full
[mlkem_channel] ciphertext refused token=347727288: ciphertext buffer full
[mlkem_channel] ciphertext refused token=465521441: ciphertext buffer full
[mlkem_channel] ciphertext refused token=4099840719: ciphertext buffer full
[mlkem_channel] ciphertext refused token=2143151570: ciphertext buffer full
[mlkem_channel] ciphertext refused token=737555526: ciphertext buffer full
[mlkem_channel] ciphertext refused token=3007746629: ciphertext buffer full
[mlkem_channel] ciphertext refused token=3964759129: ciphertext buffer full
[mlkem_channel] ciphertext refused token=3181816620: ciphertext buffer full
[mlkem_channel] ciphertext refused token=3289054655: ciphertext buffer full
[mlkem_channel] ciphertext refused token=283750797: ciphertext buffer full
[mlkem_channel] ciphertext refused token=1983233463: ciphertext buffer full
[mlkem_channel] ciphertext refused token=2419277304: ciphertext buffer full
[mlkem_channel] ciphertext refused token=1871656218: ciphertext buffer full
[mlkem_channel] ciphertext refused token=1869381181: ciphertext buffer full
[mlkem_channel] ciphertext refused token=3835503520: ciphertext buffer full
[mlkem_channel] ciphertext refused token=1430860956: ciphertext buffer full
[mlkem_channel] ciphertext refused token=887367370: ciphertext buffer full
[mlkem_channel] ciphertext refused token=4234875687: ciphertext buffer full
[mlkem_channel] ciphertext refused token=4020993714: ciphertext buffer full
[mlkem_channel] ciphertext refused token=795704016: ciphertext buffer full
[mlkem_channel] ciphertext refused token=1091739505: ciphertext buffer full
[mlkem_channel] ciphertext refused token=2193148402: ciphertext buffer full
[mlkem_channel] ciphertext refused token=689299731: ciphertext buffer full
[mlkem_channel] ciphertext refused token=1011440798: ciphertext buffer full
[mlkem_channel] ciphertext refused token=65194412: ciphertext buffer full
[mlkem_channel] ciphertext refused token=1439527654: ciphertext buffer full
[mlkem_channel] ciphertext refused token=3963063994: ciphertext buffer full
[mlkem_channel] ciphertext refused token=1807435831: ciphertext buffer full
[mlkem_channel] ciphertext refused token=437095112: ciphertext buffer full
[mlkem_channel] ciphertext refused token=847782767: ciphertext buffer full
[mlkem_channel] ciphertext refused token=3238717681: ciphertext buffer full
[mlkem_channel] ciphertext refused token=3734383457: ciphertext buffer full
[mlkem_channel] ciphertext refused token=1123324944: ciphertext buffer full
[mlkem_channel] ciphertext refused token=1831423549: ciphertext buffer full
[mlkem_channel] ciphertext refused token=1764655051: ciphertext buffer full
[mlkem_channel] ciphertext refused token=1793450418: ciphertext buffer full
[mlkem_channel] ciphertext refused token=3226830062: ciphertext buffer full
[mlkem_channel] ciphertext refused token=800823395: ciphertext buffer full
[mlkem_channel] ciphertext refused token=4083614764: ciphertext buffer full
[mlkem_channel] ciphertext refused token=2047235714: ciphertext buffer full
[mlkem_channel] ciphertext refused token=116330272: ciphertext buffer full
[mlkem_channel] ciphertext refused token=3302618784: ciphertext buffer full
[mlkem_channel] ciphertext refused token=1953340461: ciphertext buffer full
[mlkem_channel] ciphertext refused token=4225046288: ciphertext buffer full
[mlkem_channel] ciphertext refused token=2062891892: ciphertext buffer full
[mlkem_channel] ciphertext refused token=2979331963: ciphertext buffer full
[mlkem_channel] ciphertext refused token=430026866: ciphertext buffer full
[mlkem_channel] ciphertext refused token=464776372: ciphertext buffer full
[mlkem_channel] ciphertext refused token=22994008: ciphertext buffer full
[mlkem_channel] ciphertext refused token=2229557772: ciphertext buffer full
[mlkem_channel] ciphertext refused token=387465930: ciphertext buffer full
[mlkem_channel] ciphertext refused token=3369395402: ciphertext buffer full
[mlkem_channel] ciphertext refused token=1375651919: ciphertext buffer full
[mlkem_channel] ciphertext refused token=2808968624: ciphertext buffer full
[mlkem_channel] ciphertext refused token=3635293979: ciphertext buffer full
[mlkem_channel] ciphertext refused token=266152277: ciphertext buffer full
[mlkem_channel] ciphertext refused token=3793472012: ciphertext buffer full
[mlkem_channel] ciphertext refused token=146342576: ciphertext buffer full
[mlkem_channel] ciphertext refused token=3900443936: ciphertext buffer full
[mlkem_channel] ciphertext refused token=2555880063: ciphertext buffer full
[mlkem_channel] ciphertext refused token=541591855: ciphertext buffer full
[mlkem_channel] ciphertext refused token=2740130516: ciphertext buffer full
[mlkem_channel] ciphertext refused token=1225534386: ciphertext buffer full
[mlkem_channel] ciphertext refused token=347107099: ciphertext buffer full
[mlkem_channel] ciphertext refused token=3391304819: ciphertext buffer full
[mlkem_channel] ciphertext refused token=864169092: ciphertext buffer full
[mlkem_channel] ciphertext refused token=1100295225: ciphertext buffer full
[mlkem_channel] ciphertext refused token=513516496: ciphertext buffer full
[mlkem_channel] ciphertext refused token=4113380090: ciphertext buffer full
[mlkem_channel] ciphertext refused token=3070197235: ciphertext buffer full
[mlkem_channel] ciphertext refused token=892879816: ciphertext buffer full
[mlkem_channel] ciphertext refused token=1615872025: ciphertext buffer full
[mlkem_channel] ciphertext refused token=4025468635: ciphertext buffer full
[mlkem_channel] ciphertext refused token=2622965819: ciphertext buffer full
[mlkem_channel] ciphertext refused token=3315017432: ciphertext buffer full
[mlkem_channel] ciphertext refused token=3605618666: ciphertext buffer full
[mlkem_channel] ciphertext refused token=82032810: ciphertext buffer full
[mlkem_channel] ciphertext refused token=1461053175: ciphertext buffer full
[mlkem_channel] ciphertext refused token=4198206611: ciphertext buffer full
[mlkem_channel] ciphertext refused token=548372371: ciphertext buffer full
[mlkem_channel] ciphertext refused token=1708345387: ciphertext buffer full
[mlkem_channel] ciphertext refused token=3743799402: ciphertext buffer full
[mlkem_channel] ciphertext refused token=4284545381: ciphertext buffer full
[mlkem_channel] ciphertext refused token=4080781910: ciphertext buffer full
[mlkem_channel] ciphertext refused token=248958259: ciphertext buffer full
[mlkem_channel] ciphertext refused token=3800175569: ciphertext buffer full
[mlkem_channel] ciphertext refused token=2524119231: ciphertext buffer full
[mlkem_channel] ciphertext refused token=1532855028: ciphertext buffer full
[mlkem_channel] ciphertext refused token=3463943698: ciphertext buffer full
[mlkem_channel] ciphertext refused token=570721744: ciphertext buffer full
[mlkem_channel] ciphertext refused token=1328812410: ciphertext buffer full
[mlkem_channel] ciphertext refused token=311596765: ciphertext buffer full
[mlkem_channel] ciphertext refused token=2652748169: ciphertext buffer full
[mlkem_channel] ciphertext refused token=3107995789: ciphertext buffer full
[mlkem_channel] ciphertext refused token=4264364540: ciphertext buffer full
[mlkem_channel] ciphertext refused token=1516507059: ciphertext buffer full
[mlkem_channel] ciphertext refused token=934337477: ciphertext buffer full
[mlkem_channel] ciphertext refused token=500381008: ciphertext buffer full
[mlkem_channel] ciphertext refused token=3345651025: ciphertext buffer full
[mlkem_channel] ciphertext refused token=2629234410: ciphertext buffer full
[mlkem_channel] ciphertext refused token=1622136014: ciphertext buffer full
[mlkem_channel] ciphertext refused token=808020975: ciphertext buffer full
[mlkem_channel] ciphertext refused token=3701922442: ciphertext buffer full
[mlkem_channel] ciphertext refused token=2718906531: ciphertext buffer full
[mlkem_channel] ciphertext refused token=1488701008: ciphertext buffer full
[mlkem_channel] ciphertext refused token=3236296624: ciphertext buffer full
[mlkem_channel] ciphertext refused token=3790067435: ciphertext buffer full
[mlkem_channel] ciphertext refused token=3984302121: ciphertext buffer full
[mlkem_channel] ciphertext refused token=1784132631: ciphertext buffer full
[mlkem_channel] ciphertext refused token=1233989716: ciphertext buffer full
[mlkem_channel] ciphertext refused token=2238241844: ciphertext buffer full
[mlkem_channel] ciphertext refused token=2962474899: ciphertext buffer full
[mlkem_channel] ciphertext refused token=2588959939: ciphertext buffer full
[mlkem_channel] ciphertext refused token=1574501851: ciphertext buffer full
[mlkem_channel] ciphertext refused token=3609156074: ciphertext buffer full
[mlkem_channel] ciphertext refused token=898229326: ciphertext buffer full
[mlkem_channel] ciphertext refused token=1552673392: ciphertext buffer full
[mlkem_channel] ciphertext refused token=2813399884: ciphertext buffer full
[mlkem_channel] ciphertext refused token=1019637091: ciphertext buffer full
[mlkem_channel] ciphertext refused token=208207777: ciphertext buffer full
[mlkem_channel] ciphertext refused token=3615626619: ciphertext buffer full
[mlkem_channel] ciphertext refused token=808416129: ciphertext buffer full
[mlkem_channel] ciphertext refused token=930268707: ciphertext buffer full
[mlkem_channel] ciphertext refused token=87233085: ciphertext buffer full
[mlkem_channel] ciphertext refused token=3777410802: ciphertext buffer full
[mlkem_channel] ciphertext refused token=4218795395: ciphertext buffer full
[mlkem_channel] ciphertext refused token=623195912: ciphertext buffer full
[mlkem_channel] ciphertext refused token=4075318798: ciphertext buffer full
[mlkem_channel] ciphertext refused token=1270624734: ciphertext buffer full
[mlkem_channel] ciphertext refused token=1207987969: ciphertext buffer full
[mlkem_channel] ciphertext refused token=3644586966: ciphertext buffer full
[mlkem_channel] ciphertext refused token=3709648971: ciphertext buffer full
[mlkem_channel] ciphertext refused token=363380229: ciphertext buffer full
[mlkem_channel] ciphertext refused token=2579935927: ciphertext buffer full
[mlkem_channel] ciphertext refused token=2555810278: ciphertext buffer full
[mlkem_channel] ciphertext refused token=3601347778: ciphertext buffer full
[mlkem_channel] ciphertext refused token=2538757488: ciphertext buffer full
[mlkem_channel] ciphertext refused token=1638176096: ciphertext buffer full
[mlkem_channel] ciphertext refused token=1751091823: ciphertext buffer full
[mlkem_channel] ciphertext refused token=3100372724: ciphertext buffer full
[mlkem_channel] ciphertext refused token=2634659660: ciphertext buffer full
[mlkem_channel] ciphertext refused token=1227536877: ciphertext buffer full
[mlkem_channel] ciphertext refused token=1870609736: ciphertext buffer full
[mlkem_channel] ciphertext refused token=1745307349: ciphertext buffer full
[mlkem_channel] ciphertext refused token=602874872: ciphertext buffer full
[mlkem_channel] ciphertext refused token=4085746551: ciphertext buffer full
[mlkem_channel] ciphertext refused token=1381132696: ciphertext buffer full
[mlkem_channel] ciphertext refused token=310685847: ciphertext buffer full
[mlkem_channel] ciphertext refused token=3394765953: ciphertext buffer full
[mlkem_channel] ciphertext refused token=1264162479: ciphertext buffer full
[mlkem_channel] ciphertext refused token=514793581: ciphertext buffer full
[mlkem_channel] ciphertext refused token=2536978517: ciphertext buffer full
[mlkem_channel] ciphertext refused token=393750810: ciphertext buffer full
[mlkem_channel] ciphertext refused token=1103256421: ciphertext buffer full
[mlkem_channel] ciphertext refused token=2395937660: ciphertext buffer full
[mlkem_channel] ciphertext refused token=1845558877: ciphertext buffer full
[mlkem_channel] ciphertext refused token=1652469653: ciphertext buffer full
[mlkem_channel] ciphertext refused token=1302876592: ciphertext buffer full
[mlkem_channel] ciphertext refused token=1928126370: ciphertext buffer full
[mlkem_channel] ciphertext refused token=2347274958: ciphertext buffer full
[mlkem_channel] ciphertext refused token=1735603294: ciphertext buffer full
[mlkem_channel] ciphertext refused token=4243787446: ciphertext buffer full
[mlkem_channel] ciphertext refused token=2304961567: ciphertext buffer full
[mlkem_channel] ciphertext refused token=413954134: ciphertext buffer full
[mlkem_channel] ciphertext refused token=3972555891: ciphertext buffer full
[mlkem_channel] ciphertext refused token=357356187: ciphertext buffer full
[mlkem_channel] ciphertext refused token=3734656692: ciphertext buffer full
[mlkem_channel] ciphertext refused token=856549700: ciphertext buffer full
[mlkem_channel] ciphertext refused token=2957003021: ciphertext buffer full
[mlkem_channel] ciphertext refused token=2672144871: ciphertext buffer full
[mlkem_channel] ciphertext refused token=2613755993: ciphertext buffer full
[mlkem_channel] ciphertext refused token=3027552364: ciphertext buffer full
[mlkem_channel] ciphertext refused token=2112252103: ciphertext buffer full
[mlkem_channel] ciphertext refused token=3484315912: ciphertext buffer full
[mlkem_channel] ciphertext refused token=3464544017: ciphertext buffer full
[mlkem_channel] ciphertext refused token=3692484617: ciphertext buffer full
[mlkem_channel] ciphertext refused token=1058075058: ciphertext buffer full
[mlkem_channel] ciphertext refused token=3175302747: ciphertext buffer full
[mlkem_channel] ciphertext refused token=375500110: ciphertext buffer full
[mlkem_channel] ciphertext refused token=2454084973: ciphertext buffer full
[mlkem_channel] ciphertext refused token=2829756059: ciphertext buffer full
[mlkem_channel] ciphertext refused token=3340518311: ciphertext buffer full
[mlkem_channel] ciphertext refused token=4134992672: ciphertext buffer full
[mlkem_channel] ciphertext refused token=1825458466: ciphertext buffer full
[mlkem_channel] ciphertext refused token=1437736375: ciphertext buffer full
[mlkem_channel] ciphertext refused token=4186011315: ciphertext buffer full
[mlkem_channel] ciphertext refused token=1422172497: ciphertext buffer full
[mlkem_channel] ciphertext refused token=3921005339: ciphertext buffer full
[mlkem_channel] ciphertext refused token=2557345935: ciphertext buffer full
[mlkem_channel] ciphertext refused token=1059781207: ciphertext buffer full
[mlkem_channel] ciphertext refused token=530035821: ciphertext buffer full
[mlkem_channel] ciphertext refused token=13037270: ciphertext buffer full
[mlkem_channel] ciphertext refused token=4246371407: ciphertext buffer full
[mlkem_channel] ciphertext refused token=3823026031: ciphertext buffer full
[mlkem_channel] ciphertext refused token=3159669901: ciphertext buffer full
[mlkem_channel] ciphertext refused token=403551753: ciphertext buffer full
[mlkem_channel] ciphertext refused token=3101481894: ciphertext buffer full
[mlkem_channel] ciphertext refused token=1394162668: ciphertext buffer full
[mlkem_channel] ciphertext refused token=3084205442: ciphertext buffer full
[mlkem_channel] ciphertext refused token=1532996495: ciphertext buffer full
[mlkem_channel] ciphertext refused token=3918142452: ciphertext buffer full
[mlkem_channel] ciphertext refused token=2892294126: ciphertext buffer full
[mlkem_channel] ciphertext refused token=1407837882: ciphertext buffer full
[mlkem_channel] ciphertext refused token=2470408759: ciphertext buffer full
[mlkem_channel] ciphertext refused token=58457357: ciphertext buffer full
[mlkem_channel] ciphertext refused token=1299614683: ciphertext buffer full
[mlkem_channel] ciphertext refused token=1195235753: ciphertext buffer full
[mlkem_channel] ciphertext refused token=868566102: ciphertext buffer full
[mlkem_channel] ciphertext refused token=2041541070: ciphertext buffer full
[mlkem_channel] ciphertext refused token=1525311862: ciphertext buffer full
[mlkem_channel] ciphertext refused token=4208196327: ciphertext buffer full
[mlkem_channel] ciphertext refused token=2766066010: ciphertext buffer full
[mlkem_channel] ciphertext refused token=842128246: ciphertext buffer full
[mlkem_channel] ciphertext refused token=2814718506: ciphertext buffer full
[mlkem_channel] ciphertext refused token=2091830039: ciphertext buffer full
[mlkem_channel] ciphertext refused token=1822333184: ciphertext buffer full
[mlkem_channel] ciphertext refused token=2048747495: ciphertext buffer full
[mlkem_channel] ciphertext refused token=910200586: ciphertext buffer full
[mlkem_channel] ciphertext refused token=2680977968: ciphertext buffer full
[mlkem_channel] ciphertext refused token=3131403648: ciphertext buffer full
[mlkem_channel] ciphertext refused token=1339495554: ciphertext buffer full
[mlkem_channel] ciphertext refused token=2565379392: ciphertext buffer full
[mlkem_channel] ciphertext refused token=1249208407: ciphertext buffer full
[mlkem_channel] ciphertext refused token=2073538514: ciphertext buffer full
[mlkem_channel] ciphertext refused token=2584013289: ciphertext buffer full
[mlkem_channel] ciphertext refused token=1826856690: ciphertext buffer full
[mlkem_channel] ciphertext refused token=3562680506: ciphertext buffer full
[mlkem_channel] ciphertext refused token=2317719170: ciphertext buffer full
[mlkem_channel] ciphertext refused token=233376306: ciphertext buffer full
[mlkem_channel] ciphertext refused token=851191674: ciphertext buffer full
[mlkem_channel] ciphertext refused token=1671558420: ciphertext buffer full
[mlkem_channel] ciphertext refused token=4196653590: ciphertext buffer full
[mlkem_channel] ciphertext refused token=817598862: ciphertext buffer full
[mlkem_channel] ciphertext refused token=1908451679: ciphertext buffer full
[mlkem_channel] ciphertext refused token=14311322: ciphertext buffer full
[mlkem_channel] ciphertext refused token=3813224771: ciphertext buffer full
[mlkem_channel] ciphertext refused token=3185987501: ciphertext buffer full
[mlkem_channel] ciphertext refused token=3715675081: ciphertext buffer full
[mlkem_channel] ciphertext refused token=2634607852: ciphertext buffer full
[mlkem_channel] ciphertext refused token=2063270056: ciphertext buffer full
[mlkem_channel] ciphertext refused token=492359814: ciphertext buffer full
[mlkem_channel] ciphertext buffered token=754235978 nonce_prefix=3883b4bf
[mlkem_channel] ciphertext buffered token=1726752599 nonce_prefix=a1116de7
[mlkem_channel] ciphertext buffered token=2097797376 nonce_prefix=3795fbe1
[mlkem_channel] ciphertext buffered token=3962203220 nonce_prefix=24567ea2
[mlkem_channel] ciphertext buffered token=2132770557 nonce_prefix=11ce9ef3
[mlkem_channel] ciphertext buffered token=2566524454 nonce_prefix=745c897a
[mlkem_channel] ciphertext buffered token=691160025 nonce_prefix=cfb0ae0e
[mlkem_channel] ciphertext buffered token=2735997249 nonce_prefix=3dde8617
[mlkem_channel] ciphertext buffered token=3095324826 nonce_prefix=822bb121
[mlkem_channel] ciphertext buffered token=3944105025 nonce_prefix=3ab2d922
[mlkem_channel] ciphertext buffered token=3727754488 nonce_prefix=81854e17
[mlkem_channel] ciphertext buffered token=387463743 nonce_prefix=a783de36
[mlkem_channel] ciphertext buffered token=4278408353 nonce_prefix=703456a2
[mlkem_channel] ciphertext buffered token=3982297217 nonce_prefix=4594d718
[mlkem_channel] ciphertext buffered token=3924450319 nonce_prefix=09b76595
[mlkem_channel] ciphertext buffered token=1582313347 nonce_prefix=94abbd9c
[mlkem_channel] ciphertext buffered token=688670094 nonce_prefix=2cd4329d
[mlkem_channel] ciphertext buffered token=1388645515 nonce_prefix=1217395b
[mlkem_channel] ciphertext buffered token=2235644307 nonce_prefix=226a9491
[mlkem_channel] ciphertext buffered token=1141179562 nonce_prefix=29983b87
[mlkem_channel] ciphertext buffered token=3130646107 nonce_prefix=3cd820b2
[mlkem_channel] ciphertext buffered token=701792316 nonce_prefix=4dd18027
[mlkem_channel] ciphertext buffered token=1954473851 nonce_prefix=ebb03688
[mlkem_channel] ciphertext buffered token=2758508150 nonce_prefix=215a93ca
[mlkem_channel] ciphertext buffered token=1430650874 nonce_prefix=3d739ad4
[mlkem_channel] ciphertext buffered token=3765154059 nonce_prefix=32656712
[mlkem_channel] ciphertext buffered token=2148750659 nonce_prefix=cf4a1805
[mlkem_channel] ciphertext buffered token=3953948373 nonce_prefix=7872a845
[mlkem_channel] ciphertext buffered token=2572050352 nonce_prefix=adc8dd3f
[mlkem_channel] ciphertext buffered token=3586759848 nonce_prefix=21de224a
[mlkem_channel] ciphertext buffered token=2202031228 nonce_prefix=ffcc94ed
[mlkem_channel] ciphertext buffered token=3142115649 nonce_prefix=af3581c8
[mlkem_channel] ciphertext buffered token=3680997409 nonce_prefix=3b265069
[mlkem_channel] ciphertext buffered token=2921037059 nonce_prefix=67815388
[mlkem_channel] ciphertext buffered token=301856811 nonce_prefix=e2aecf48
[mlkem_channel] ciphertext buffered token=1825426674 nonce_prefix=8162acac
[mlkem_channel] ciphertext buffered token=2870154785 nonce_prefix=118246b8
[mlkem_channel] ciphertext buffered token=2910842858 nonce_prefix=147dca35
[mlkem_channel] ciphertext buffered token=492517625 nonce_prefix=bfe64464
[mlkem_channel] ciphertext buffered token=3013770898 nonce_prefix=5da5e706
[mlkem_channel] ciphertext buffered token=829215643 nonce_prefix=9d13b873
[mlkem_channel] ciphertext buffered token=3602996085 nonce_prefix=6a690c69
[mlkem_channel] ciphertext buffered token=1176811872 nonce_prefix=f15d9c4a
[mlkem_channel] ciphertext buffered token=2184072060 nonce_prefix=bcb38478
[mlkem_channel] ciphertext buffered token=2874362263 nonce_prefix=914e1acf
[mlkem_channel] ciphertext buffered token=178526954 nonce_prefix=e5fd6e10
[mlkem_channel] ciphertext buffered token=1106264183 nonce_prefix=14f9de8a
[mlkem_channel] ciphertext buffered token=59238579 nonce_prefix=d69ba6ba
[mlkem_channel] ciphertext buffered token=964211508 nonce_prefix=007c60e6
[mlkem_channel] ciphertext buffered token=1627401075 nonce_prefix=d9d5183e
[mlkem_channel] ciphertext buffered token=122830772 nonce_prefix=65357634
[mlkem_channel] ciphertext buffered token=2380821778 nonce_prefix=f0599b9d
[mlkem_channel] ciphertext buffered token=198487254 nonce_prefix=7bcfc03e
[mlkem_channel] ciphertext buffered token=2507837584 nonce_prefix=ed8ffdd3
[mlkem_channel] ciphertext buffered token=3115072941 nonce_prefix=dc86ff6a
[mlkem_channel] ciphertext buffered token=4189939876 nonce_prefix=d83e544c
[mlkem_channel] ciphertext buffered token=2877525139 nonce_prefix=9610b19d
[mlkem_channel] ciphertext buffered token=379817067 nonce_prefix=f48b5997
[mlkem_channel] ciphertext buffered token=1232103738 nonce_prefix=e591482b
[mlkem_channel] ciphertext buffered token=3832818412 nonce_prefix=01181fe9
[mlkem_channel] ciphertext buffered token=2390907356 nonce_prefix=025cc245
[mlkem_channel] ciphertext buffered token=3916753328 nonce_prefix=af1f578a
[mlkem_channel] ciphertext buffered token=3964546159 nonce_prefix=c1f7fa91
[mlkem_channel] ciphertext buffered token=3306668081 nonce_prefix=fa1ab3a8
[mlkem_channel] ciphertext buffered token=2090457528 nonce_prefix=b8cdbb50
[mlkem_channel] ciphertext buffered token=2436744281 nonce_prefix=bfd136d8
[mlkem_channel] ciphertext buffered token=594618006 nonce_prefix=672a6858
[mlkem_channel] ciphertext buffered token=1793100884 nonce_prefix=402c370a
[mlkem_channel] ciphertext buffered token=3868666414 nonce_prefix=4acda1fd
[mlkem_channel] ciphertext buffered token=1051195512 nonce_prefix=2e43cfee
[mlkem_channel] ciphertext buffered token=2003869448 nonce_prefix=1e32c55d
[mlkem_channel] ciphertext buffered token=3733123543 nonce_prefix=8b853b98
[mlkem_channel] ciphertext buffered token=2581991653 nonce_prefix=63c36331
[mlkem_channel] ciphertext buffered token=1364863441 nonce_prefix=a2704385
[mlkem_channel] ciphertext buffered token=1996205795 nonce_prefix=b2625cf6
[mlkem_channel] ciphertext buffered token=1974702478 nonce_prefix=965c315b
[mlkem_channel] ciphertext buffered token=1593343654 nonce_prefix=96424d9d
[mlkem_channel] ciphertext buffered token=990176846 nonce_prefix=acb23f0b
[mlkem_channel] ciphertext buffered token=592640726 nonce_prefix=3651b066
[mlkem_channel] ciphertext buffered token=1639172287 nonce_prefix=75706a23
[mlkem_channel] ciphertext buffered token=957364579 nonce_prefix=59bef66e
[mlkem_channel] ciphertext buffered token=3031431553 nonce_prefix=d4523f58
[mlkem_channel] ciphertext buffered token=281966805 nonce_prefix=96435c1d
[mlkem_channel] ciphertext buffered token=723994233 nonce_prefix=7df8bb08
[mlkem_channel] ciphertext buffered token=2489594528 nonce_prefix=71c28e3a
[mlkem_channel] ciphertext buffered token=2476403247 nonce_prefix=a33e505f
[mlkem_channel] ciphertext buffered token=537761931 nonce_prefix=f3f28712
[mlkem_channel] ciphertext buffered token=114173286 nonce_prefix=49cec8e2
[mlkem_channel] ciphertext buffered token=1897621457 nonce_prefix=8410c596
[mlkem_channel] ciphertext buffered token=2479191777 nonce_prefix=cb5a0340
[mlkem_channel] ciphertext buffered token=1376995703 nonce_prefix=18791b1c
[mlkem_channel] ciphertext buffered token=4006648487 nonce_prefix=1d577d43
[mlkem_channel] ciphertext buffered token=888356046 nonce_prefix=6f851dac
[mlkem_channel] ciphertext buffered token=1638129374 nonce_prefix=ebbfb635
[mlkem_channel] ciphertext buffered token=341007966 nonce_prefix=bdc974b8
[mlkem_channel] ciphertext buffered token=314473431 nonce_prefix=22ac11e6
[mlkem_channel] ciphertext buffered token=894397597 nonce_prefix=f78105d8
[mlkem_channel] ciphertext buffered token=328758318 nonce_prefix=56f902fa
[mlkem_channel] ciphertext buffered token=2351444847 nonce_prefix=cf19d446
[mlkem_channel] ciphertext buffered token=2361011527 nonce_prefix=2ffeb5ce
[mlkem_channel] ciphertext buffered token=296897034 nonce_prefix=5f2aaa70
[mlkem_channel] ciphertext buffered token=3110477077 nonce_prefix=b892c25c
[mlkem_channel] ciphertext buffered token=574957883 nonce_prefix=14d90933
[mlkem_channel] ciphertext refused token=1321968375: ciphertext buffer full
[mlkem_channel] ciphertext buffered token=3520484372 nonce_prefix=ec8577df
[mlkem_channel] ciphertext refused token=2577499460: ciphertext buffer full
[mlkem_channel] ciphertext buffered token=3539339753 nonce_prefix=041d94b6
[mlkem_channel] ciphertext buffered token=4197695816 nonce_prefix=83e9e4c6
[mlkem_channel] ciphertext refused token=2603309672: ciphertext buffer full
[mlkem_channel] ciphertext refused token=703441677: ciphertext buffer full
[mlkem_channel] ciphertext buffered token=765418300 nonce_prefix=301fbe01
[mlkem_channel] ciphertext buffered token=3742034375 nonce_prefix=1bf3b2ea
[mlkem_channel] ciphertext refused token=2446124746: ciphertext buffer full
[mlkem_channel] ciphertext buffered token=590825505 nonce_prefix=44d7950b
[mlkem_channel] ciphertext refused token=2923114385: ciphertext buffer full
[mlkem_channel] ciphertext buffered token=3452061495 nonce_prefix=d1c1f137
[mlkem_channel] ciphertext refused token=685882009: ciphertext buffer full
[mlkem_channel] ciphertext buffered token=483945253 nonce_prefix=aafd7437
[mlkem_channel] ciphertext refused token=1165903947: ciphertext buffer full
[mlkem_channel] ciphertext buffered token=3157813712 nonce_prefix=cdd66056
[mlkem_channel] ciphertext buffered token=1682566044 nonce_prefix=c86a7947
[mlkem_channel] ciphertext refused token=1499797012: ciphertext buffer full
[mlkem_channel] ciphertext refused token=3545255243: ciphertext buffer full
[mlkem_channel] ciphertext buffered token=3332238789 nonce_prefix=366cfdca
[mlkem_channel] ciphertext refused token=1379976394: ciphertext buffer full
[mlkem_channel] ciphertext buffered token=1954845668 nonce_prefix=5bea684f
[mlkem_channel] ciphertext refused token=643260486: ciphertext buffer full
[mlkem_channel] ciphertext buffered token=3353467405 nonce_prefix=2c579e53
[mlkem_channel] ciphertext refused token=3790990835: ciphertext buffer full
[mlkem_channel] ciphertext buffered token=3283668869 nonce_prefix=63477bd2
[mlkem_channel] ciphertext refused token=2424218553: ciphertext buffer full
[mlkem_channel] ciphertext buffered token=4110126203 nonce_prefix=459098f3
[mlkem_channel] ciphertext buffered token=1350627772 nonce_prefix=c0708d31
[mlkem_channel] ciphertext refused token=2059067950: ciphertext buffer full
[mlkem_channel] ciphertext refused token=4262711313: ciphertext buffer full
[mlkem_channel] ciphertext buffered token=2015186012 nonce_prefix=75c378b6
[mlkem_channel] ciphertext refused token=1071358076: ciphertext buffer full
[mlkem_channel] ciphertext refused token=2185802233: ciphertext buffer full
[mlkem_channel] ciphertext buffered token=634348075 nonce_prefix=e3b0fc97
[mlkem_channel] ciphertext refused token=688576434: ciphertext buffer full
[mlkem_channel] ciphertext refused token=3948578198: ciphertext buffer full
[mlkem_channel] ciphertext refused token=599149641: ciphertext buffer full
[mlkem_channel] ciphertext refused token=1407230852: ciphertext buffer full
[mlkem_channel] ciphertext refused token=2085148589: ciphertext buffer full
[mlkem_channel] ciphertext refused token=678873669: ciphertext buffer full
[mlkem_channel] ciphertext buffered token=66100952 nonce_prefix=4973575a
[mlkem_channel] ciphertext refused token=51831925: ciphertext buffer full
[mlkem_channel] ciphertext refused token=1187561182: ciphertext buffer full
[mlkem_channel] ciphertext refused token=646852955: ciphertext buffer full
[mlkem_channel] ciphertext buffered token=2569244975 nonce_prefix=8fc36fb9
[mlkem_channel] ciphertext buffered token=354179842 nonce_prefix=cef20604
[mlkem_channel] ciphertext refused token=2376869056: ciphertext buffer full
[mlkem_channel] ciphertext buffered token=3611525908 nonce_prefix=35260819
[mlkem_channel] ciphertext refused token=510159249: ciphertext buffer full
[mlkem_channel] ciphertext buffered token=3253238292 nonce_prefix=d16808c8
[mlkem_channel] ciphertext refused token=612225206: ciphertext buffer full
[mlkem_channel] ciphertext buffered token=1920747739 nonce_prefix=01cf5a49
[mlkem_channel] ciphertext refused token=191109388: ciphertext buffer full
[mlkem_channel] ciphertext buffered token=194241125 nonce_prefix=31806cc6
[mlkem_channel] ciphertext refused token=3539851810: ciphertext buffer full
[mlkem_channel] ciphertext refused token=4207889794: ciphertext buffer full
[mlkem_channel] ciphertext buffered token=997262678 nonce_prefix=bc7d1f8e
[mlkem_channel] ciphertext refused token=1624030099: ciphertext buffer full
[mlkem_channel] ciphertext refused token=2039781106: ciphertext buffer full
[mlkem_channel] ciphertext buffered token=2695339980 nonce_prefix=da5f628b
[mlkem_channel] ciphertext buffered token=2277290311 nonce_prefix=256cf84c
[mlkem_channel] ciphertext refused token=2349120633: ciphertext buffer full
[mlkem_channel] ciphertext refused token=3545770529: ciphertext buffer full
[mlkem_channel] ciphertext buffered token=490298595 nonce_prefix=8f896dd1
[mlkem_channel] ciphertext refused token=3225177919: ciphertext buffer full
[mlkem_channel] ciphertext buffered token=2675272831 nonce_prefix=319a1d90
[mlkem_channel] ciphertext refused token=1166430259: ciphertext buffer full
[mlkem_channel] ciphertext refused token=1301210786: ciphertext buffer full
[mlkem_channel] ciphertext refused token=1079723630: ciphertext buffer full
[mlkem_channel] ciphertext buffered token=3563822375 nonce_prefix=c984682a
[mlkem_channel] ciphertext refused token=487109183: ciphertext buffer full
[mlkem_channel] ciphertext refused token=432687673: ciphertext buffer full
[mlkem_channel] ciphertext buffered token=120948616 nonce_prefix=e909ecf3
[mlkem_channel] ciphertext refused token=928118856: ciphertext buffer full
[mlkem_channel] ciphertext buffered token=3222710238 nonce_prefix=3dd253e2
[mlkem_channel] ciphertext refused token=1018304921: ciphertext buffer full
[mlkem_channel] ciphertext refused token=2675108017: ciphertext buffer full
[mlkem_channel] ciphertext buffered token=256578194 nonce_prefix=14f5f12a
[mlkem_channel] ciphertext refused token=3487583331: ciphertext buffer full
[mlkem_channel] ciphertext refused token=3624671477: ciphertext buffer full
[mlkem_channel] ciphertext buffered token=2674792850 nonce_prefix=979d634d
[mlkem_channel] ciphertext refused token=3458019898: ciphertext buffer full
[mlkem_channel] ciphertext buffered token=1819331406 nonce_prefix=e9801dcc
[mlkem_channel] ciphertext buffered token=3239175665 nonce_prefix=52ee5286
[mlkem_channel] ciphertext buffered token=3000249084 nonce_prefix=30082293
[mlkem_channel] ciphertext refused token=2859535464: ciphertext buffer full
[mlkem_channel] ciphertext buffered token=1725649755 nonce_prefix=e4e27c7c
[mlkem_channel] ciphertext buffered token=2432657215 nonce_prefix=001ffc39
[mlkem_channel] ciphertext refused token=3796779152: ciphertext buffer full
[mlkem_channel] ciphertext refused token=932361729: ciphertext buffer full
[mlkem_channel] ciphertext buffered token=2832182997 nonce_prefix=cf17fa92
[mlkem_channel] ciphertext refused token=990318934: ciphertext buffer full
[mlkem_channel] ciphertext buffered token=1888592356 nonce_prefix=e22dbb7d
[mlkem_channel] ciphertext refused token=2276551296: ciphertext buffer full
[mlkem_channel] ciphertext refused token=3088907308: ciphertext buffer full
[mlkem_channel] ciphertext buffered token=2717444562 nonce_prefix=2f503d32
[mlkem_channel] ciphertext buffered token=4245299696 nonce_prefix=0c54a7cb
[mlkem_channel] ciphertext refused token=4264752219: ciphertext buffer full
[mlkem_channel] ciphertext buffered token=937743224 nonce_prefix=6a502e3f
[mlkem_channel] ciphertext refused token=3692334259: ciphertext buffer full
[mlkem_channel] ciphertext refused token=1949741790: ciphertext buffer full
[mlkem_channel] ciphertext refused token=718703029: ciphertext buffer full
[mlkem_channel] ciphertext refused token=1643567165: ciphertext buffer full
[mlkem_channel] ciphertext refused token=867829066: ciphertext buffer full
[mlkem_channel] ciphertext buffered token=1125259493 nonce_prefix=9962ab33
[mlkem_channel] ciphertext refused token=573140759: ciphertext buffer full
[mlkem_channel] ciphertext buffered token=1551830945 nonce_prefix=d787b6b7
[mlkem_channel] ciphertext refused token=1652867709: ciphertext buffer full
[mlkem_channel] ciphertext buffered token=240018250 nonce_prefix=77100e51
[mlkem_channel] ciphertext refused token=409922947: ciphertext buffer full
[mlkem_channel] ciphertext buffered token=2980872976 nonce_prefix=3bf2e845
[mlkem_channel] ciphertext refused token=4042534514: ciphertext buffer full
[mlkem_channel] ciphertext buffered token=2340948018 nonce_prefix=22ae64f1
[mlkem_channel] ciphertext buffered token=2355380493 nonce_prefix=a9668d3d
[mlkem_channel] ciphertext buffered token=4175414360 nonce_prefix=bbcd0a52
[mlkem_channel] ciphertext buffered token=3193155450 nonce_prefix=4801947a
[mlkem_channel] ciphertext buffered token=2013715965 nonce_prefix=678b95ab
[mlkem_channel] ciphertext buffered token=3706076607 nonce_prefix=73f43abf
[mlkem_channel] ciphertext buffered token=4129297812 nonce_prefix=aa79ad67
[mlkem_channel] ciphertext buffered token=282932967 nonce_prefix=2efe1bfd
[mlkem_channel] ciphertext buffered token=2345742097 nonce_prefix=d2f9040f
[mlkem_channel] ciphertext buffered token=1199406016 nonce_prefix=80c9439b
[mlkem_channel] ciphertext buffered token=1893460969 nonce_prefix=7980c232
[mlkem_channel] ciphertext buffered token=1427374067 nonce_prefix=7ee9d7c7
[mlkem_channel] ciphertext buffered token=2369361527 nonce_prefix=e090211a
[mlkem_channel] ciphertext buffered token=2651696600 nonce_prefix=18a09e41
[mlkem_channel] ciphertext buffered token=3296041973 nonce_prefix=8e945983
[mlkem_channel] ciphertext buffered token=1861353055 nonce_prefix=841c64e9
[mlkem_channel] ciphertext buffered token=2551556468 nonce_prefix=6ccc65f1
[mlkem_channel] ciphertext buffered token=446587683 nonce_prefix=8da719eb
[mlkem_channel] ciphertext buffered token=391708834 nonce_prefix=51b6a1f0
[mlkem_channel] ciphertext buffered token=2860470018 nonce_prefix=b19ad282
[mlkem_channel] ciphertext refused token=1650472847: ciphertext buffer full
[mlkem_channel] ciphertext buffered token=3330074626 nonce_prefix=9a27dce6
[mlkem_channel] ciphertext refused token=3538040306: ciphertext buffer full
[mlkem_channel] ciphertext refused token=2045799467: ciphertext buffer full
[mlkem_channel] ciphertext buffered token=1679719434 nonce_prefix=c58c6027
[mlkem_channel] ciphertext buffered token=2200290120 nonce_prefix=7c6ed71f
[mlkem_channel] ciphertext refused token=3213065565: ciphertext buffer full
[mlkem_channel] ciphertext buffered token=2925249763 nonce_prefix=a6c19a0f
[mlkem_channel] ciphertext refused token=1690390527: ciphertext buffer full
[mlkem_channel] ciphertext refused token=2917725345: ciphertext buffer full
[mlkem_channel] ciphertext buffered token=3919153846 nonce_prefix=ab9bbbc8
[mlkem_channel] ciphertext refused token=3728936496: ciphertext buffer full
[mlkem_channel] ciphertext buffered token=1441922188 nonce_prefix=5a40c0d4
[mlkem_channel] ciphertext buffered token=3090803278 nonce_prefix=b427406c
[mlkem_channel] ciphertext buffered token=1973045910 nonce_prefix=0a85cd33
[mlkem_channel] ciphertext refused token=1086818178: ciphertext buffer full
[mlkem_channel] ciphertext buffered token=645736642 nonce_prefix=ecc105a2
[mlkem_channel] ciphertext buffered token=664609331 nonce_prefix=0741e8da
[mlkem_channel] ciphertext buffered token=3993253539 nonce_prefix=3e1dbd4f
[mlkem_channel] ciphertext buffered token=1634729827 nonce_prefix=acb3bd91
[mlkem_channel] ciphertext buffered token=2586044931 nonce_prefix=b6246865
[mlkem_channel] ciphertext refused token=2426589215: ciphertext buffer full
[mlkem_channel] ciphertext buffered token=940659111 nonce_prefix=c41882e0
[mlkem_channel] ciphertext buffered token=3472636805 nonce_prefix=d316d617
[mlkem_channel] ciphertext buffered token=3655074694 nonce_prefix=a59bb8a8
[mlkem_channel] ciphertext buffered token=1600572475 nonce_prefix=e33ec140
[mlkem_channel] ciphertext buffered token=3018445164 nonce_prefix=5587b4c8
[mlkem_channel] ciphertext buffered token=1817228903 nonce_prefix=754eba82
[mlkem_channel] ciphertext buffered token=846872758 nonce_prefix=10a5f85d
[mlkem_channel] ciphertext buffered token=317067905 nonce_prefix=b842b31b
[mlkem_channel] ciphertext buffered token=1583083317 nonce_prefix=dfd5e93a
[mlkem_channel] ciphertext refused token=3617336926: ciphertext buffer full
[mlkem_channel] ciphertext buffered token=2563926281 nonce_prefix=c5c418e5
[mlkem_channel] ciphertext buffered token=306120140 nonce_prefix=3f44de71
[mlkem_channel] ciphertext buffered token=2780977721 nonce_prefix=b650facf
[mlkem_channel] ciphertext buffered token=506135587 nonce_prefix=1ad6df4c
[mlkem_channel] ciphertext buffered token=3191300032 nonce_prefix=71ccf62d
[mlkem_channel] ciphertext buffered token=647235458 nonce_prefix=fdb870d8
[mlkem_channel] ciphertext buffered token=3798280303 nonce_prefix=145e1ebb
[mlkem_channel] ciphertext buffered token=2526504796 nonce_prefix=f7339dd7
[mlkem_channel] ciphertext buffered token=3820345050 nonce_prefix=38c5216c
[mlkem_channel] ciphertext buffered token=2853808503 nonce_prefix=b53dca77
[mlkem_channel] ciphertext buffered token=1965623701 nonce_prefix=02437029
[mlkem_channel] ciphertext buffered token=2938691853 nonce_prefix=4e8ac7ee
[mlkem_channel] ciphertext buffered token=1425337422 nonce_prefix=ccab074e
[mlkem_channel] ciphertext buffered token=889575067 nonce_prefix=7a411758
[mlkem_channel] ciphertext buffered token=1678411972 nonce_prefix=83e6f38b
[mlkem_channel] ciphertext buffered token=2221684974 nonce_prefix=0325f6fe
[mlkem_channel] ciphertext buffered token=2920939918 nonce_prefix=9a520aea
[mlkem_channel] ciphertext buffered token=1756353292 nonce_prefix=7e0ccfed
[mlkem_channel] ciphertext buffered token=3915852312 nonce_prefix=6fb9f685
[mlkem_channel] ciphertext buffered token=2233856682 nonce_prefix=c4983c62
[mlkem_channel] ciphertext buffered token=209109153 nonce_prefix=b607b88a
[mlkem_channel] ciphertext buffered token=891468672 nonce_prefix=7017d782
[mlkem_channel] ciphertext buffered token=193305928 nonce_prefix=a41464ab
[mlkem_channel] ciphertext buffered token=2705976260 nonce_prefix=fdb0a90a
[mlkem_channel] ciphertext buffered token=3905700667 nonce_prefix=f8a6f73a
[mlkem_channel] ciphertext buffered token=3405293480 nonce_prefix=ad9ab465
[mlkem_channel] ciphertext buffered token=1822778553 nonce_prefix=c8da62c3
[mlkem_channel] ciphertext buffered token=2582758241 nonce_prefix=5e1841b4
[mlkem_channel] ciphertext buffered token=3373138934 nonce_prefix=70d18724
[mlkem_channel] ciphertext buffered token=1941054973 nonce_prefix=358f9c08
[mlkem_channel] ciphertext buffered token=651233528 nonce_prefix=c646a8ec
[mlkem_channel] ciphertext buffered token=272066541 nonce_prefix=4a6c19e6
[mlkem_channel] ciphertext buffered token=529983768 nonce_prefix=1fa0ce47
[mlkem_channel] ciphertext refused token=3684179783: ciphertext buffer full
[mlkem_channel] ciphertext refused token=125735816: ciphertext buffer full
[mlkem_channel] ciphertext refused token=3192028928: ciphertext buffer full
[mlkem_channel] ciphertext buffered token=4233559004 nonce_prefix=99dcb67a
[mlkem_channel] ciphertext refused token=1558216019: ciphertext buffer full
[mlkem_channel] ciphertext refused token=4006512621: ciphertext buffer full
[mlkem_channel] ciphertext refused token=3783476654: ciphertext buffer full
[mlkem_channel] ciphertext buffered token=151970037 nonce_prefix=24b6bdfb
[mlkem_channel] ciphertext refused token=1746484867: ciphertext buffer full
[mlkem_channel] ciphertext refused token=2151221080: ciphertext buffer full
[mlkem_channel] ciphertext buffered token=3538613057 nonce_prefix=8c20e95e
[mlkem_channel] ciphertext refused token=3569576784: ciphertext buffer full
[mlkem_channel] ciphertext buffered token=2094424882 nonce_prefix=e4273ca1
[mlkem_channel] ciphertext refused token=2992611061: ciphertext buffer full
[mlkem_channel] ciphertext buffered token=1953493070 nonce_prefix=59d81c84
[mlkem_channel] ciphertext buffered token=3698648301 nonce_prefix=19c667d8
[mlkem_channel] ciphertext buffered token=1163344616 nonce_prefix=6fe36733
[mlkem_channel] ciphertext buffered token=3741714185 nonce_prefix=a11243aa
[mlkem_channel] ciphertext refused token=907973363: ciphertext buffer full
[mlkem_channel] ciphertext buffered token=4010020739 nonce_prefix=c15d268e
[mlkem_channel] ciphertext buffered token=774961941 nonce_prefix=f0caf36c
[mlkem_channel] ciphertext buffered token=4029558176 nonce_prefix=d520a078
[mlkem_channel] ciphertext buffered token=3822204007 nonce_prefix=7505227d
[mlkem_channel] ciphertext buffered token=2818193606 nonce_prefix=91059185
[mlkem_channel] ciphertext buffered token=3901250882 nonce_prefix=4faeef4c
[mlkem_channel] ciphertext buffered token=824198827 nonce_prefix=28e43458
[mlkem_channel] ciphertext buffered token=1115981368 nonce_prefix=233fe5b9
[mlkem_channel] ciphertext buffered token=975421758 nonce_prefix=38cce38d
[mlkem_channel] ciphertext buffered token=4176210583 nonce_prefix=5c3842e0
[mlkem_channel] ciphertext buffered token=1757051455 nonce_prefix=ac5178c2
[mlkem_channel] ciphertext buffered token=3485320917 nonce_prefix=c73b451a
[mlkem_channel] ciphertext buffered token=1001064624 nonce_prefix=7a724d6d
[mlkem_channel] ciphertext buffered token=3323113524 nonce_prefix=99ff5277
[mlkem_channel] ciphertext buffered token=2870681074 nonce_prefix=c663cdd1
[mlkem_channel] ciphertext buffered token=2742116331 nonce_prefix=4801f40f
[mlkem_channel] ciphertext buffered token=2718754531 nonce_prefix=b1b2c5df
[mlkem_channel] ciphertext buffered token=4035095646 nonce_prefix=74e8f743
[mlkem_channel] ciphertext buffered token=3507148225 nonce_prefix=3ccdcc47
[mlkem_channel] ciphertext buffered token=1370848909 nonce_prefix=a6b73ced
[mlkem_channel] ciphertext buffered token=3654376741 nonce_prefix=84b8c265
[mlkem_channel] ciphertext refused token=2461735968: ciphertext buffer full
[mlkem_channel] ciphertext refused token=3153846863: ciphertext buffer full
[mlkem_channel] ciphertext refused token=1479819610: ciphertext buffer full
[mlkem_channel] ciphertext refused token=2233790432: ciphertext buffer full
[mlkem_channel] ciphertext refused token=3478212285: ciphertext buffer full
[mlkem_channel] ciphertext refused token=2977103901: ciphertext buffer full
[mlkem_channel] ciphertext refused token=4176080006: ciphertext buffer full
[mlkem_channel] ciphertext refused token=2656257432: ciphertext buffer full
[mlkem_channel] ciphertext refused token=2952532537: ciphertext buffer full
[mlkem_channel] ciphertext refused token=219902834: ciphertext buffer full
[mlkem_channel] ciphertext refused token=3349646399: ciphertext buffer full
[mlkem_channel] ciphertext refused token=3216404844: ciphertext buffer full
[mlkem_channel] ciphertext refused token=115139133: ciphertext buffer full
[mlkem_channel] ciphertext refused token=3143816278: ciphertext buffer full
[mlkem_channel] ciphertext refused token=2276633229: ciphertext buffer full
[mlkem_channel] ciphertext refused token=2498431765: ciphertext buffer full
[mlkem_channel] ciphertext refused token=2536919148: ciphertext buffer full
[mlkem_channel] ciphertext refused token=252990874: ciphertext buffer full
[mlkem_channel] ciphertext refused token=193675085: ciphertext buffer full
[mlkem_channel] ciphertext refused token=2933837494: ciphertext buffer full
[mlkem_channel] ciphertext refused token=475344253: ciphertext buffer full
[mlkem_channel] ciphertext refused token=2308702653: ciphertext buffer full
[mlkem_channel] ciphertext refused token=2977999839: ciphertext buffer full
[mlkem_channel] ciphertext refused token=2790182052: ciphertext buffer full
[mlkem_channel] ciphertext refused token=4017127040: ciphertext buffer full
[mlkem_channel] ciphertext refused token=3549529108: ciphertext buffer full
[mlkem_channel] ciphertext refused token=266384923: ciphertext buffer full
[mlkem_channel] ciphertext refused token=1313101601: ciphertext buffer full
[mlkem_channel] ciphertext refused token=4116663306: ciphertext buffer full
[mlkem_channel] ciphertext refused token=3686082601: ciphertext buffer full
[mlkem_channel] ciphertext refused token=2449788406: ciphertext buffer full
[mlkem_channel] ciphertext refused token=151349162: ciphertext buffer full
[mlkem_channel] ciphertext refused token=2232134421: ciphertext buffer full
[mlkem_channel] ciphertext refused token=2647322368: ciphertext buffer full
[mlkem_channel] ciphertext refused token=39729078: ciphertext buffer full
[mlkem_channel] ciphertext refused token=1927607336: ciphertext buffer full
[mlkem_channel] ciphertext refused token=723269705: ciphertext buffer full
[mlkem_channel] ciphertext refused token=1201002896: ciphertext buffer full
[mlkem_channel] ciphertext refused token=488163169: ciphertext buffer full
[mlkem_channel] ciphertext refused token=3133268207: ciphertext buffer full
[mlkem_channel] ciphertext refused token=4206705239: ciphertext buffer full
[mlkem_channel] ciphertext refused token=4181781191: ciphertext buffer full
[mlkem_channel] ciphertext refused token=1868809442: ciphertext buffer full
[mlkem_channel] ciphertext refused token=2817783210: ciphertext buffer full
[mlkem_channel] ciphertext refused token=4233551301: ciphertext buffer full
[mlkem_channel] ciphertext refused token=3941940849: ciphertext buffer full
[mlkem_channel] ciphertext refused token=2491193960: ciphertext buffer full
[mlkem_channel] ciphertext refused token=367102028: ciphertext buffer full
[mlkem_channel] ciphertext refused token=501672203: ciphertext buffer full
[mlkem_channel] ciphertext refused token=1014945234: ciphertext buffer full
[mlkem_channel] ciphertext refused token=2943158207: ciphertext buffer full
[mlkem_channel] ciphertext refused token=3985880719: ciphertext buffer full
[mlkem_channel] ciphertext refused token=1517686788: ciphertext buffer full
[mlkem_channel] ciphertext refused token=272889438: ciphertext buffer full
[mlkem_channel] ciphertext refused token=3049225288: ciphertext buffer full
[mlkem_channel] ciphertext refused token=2585557062: ciphertext buffer full
[mlkem_channel] ciphertext refused token=151129482: ciphertext buffer full
[mlkem_channel] ciphertext refused token=2945107583: ciphertext buffer full
[mlkem_channel] ciphertext refused token=4218232972: ciphertext buffer full
[mlkem_channel] ciphertext refused token=790258507: ciphertext buffer full
[mlkem_channel] ciphertext refused token=2142926803: ciphertext buffer full
[mlkem_channel] ciphertext refused token=808022439: ciphertext buffer full
[mlkem_channel] ciphertext refused token=3991109496: ciphertext buffer full
[mlkem_channel] ciphertext refused token=1229863172: ciphertext buffer full
[mlkem_channel] ciphertext refused token=968720044: ciphertext buffer full
[mlkem_channel] ciphertext refused token=152546679: ciphertext buffer full
[mlkem_channel] ciphertext refused token=631155339: ciphertext buffer full
[mlkem_channel] ciphertext refused token=1748468633: ciphertext buffer full
[mlkem_channel] ciphertext refused token=2520677585: ciphertext buffer full
[mlkem_channel] ciphertext refused token=3545501953: ciphertext buffer full
[mlkem_channel] ciphertext refused token=2868267609: ciphertext buffer full
[mlkem_channel] ciphertext refused token=3071436660: ciphertext buffer full
[mlkem_channel] ciphertext refused token=356939715: ciphertext buffer full
[mlkem_channel] ciphertext refused token=3648203909: ciphertext buffer full
[mlkem_channel] ciphertext refused token=1223355009: ciphertext buffer full
[mlkem_channel] ciphertext refused token=3579984755: ciphertext buffer full
[mlkem_channel] ciphertext refused token=52252702: ciphertext buffer full
[mlkem_channel] ciphertext refused token=602335098: ciphertext buffer full
[mlkem_channel] ciphertext refused token=2303298714: ciphertext buffer full
[mlkem_channel] ciphertext refused token=4270667960: ciphertext buffer full
[mlkem_channel] ciphertext refused token=3406193688: ciphertext buffer full
[mlkem_channel] ciphertext refused token=436482320: ciphertext buffer full
[mlkem_channel] ciphertext refused token=3608859308: ciphertext buffer full
[mlkem_channel] ciphertext refused token=288385528: ciphertext buffer full
[mlkem_channel] ciphertext refused token=1421321324: ciphertext buffer full
[mlkem_channel] ciphertext refused token=2224687498: ciphertext buffer full
[mlkem_channel] ciphertext refused token=4008365498: ciphertext buffer full
[mlkem_channel] ciphertext refused token=4101748181: ciphertext buffer full
[mlkem_channel] ciphertext refused token=2598543794: ciphertext buffer full
[mlkem_channel] ciphertext refused token=3272754120: ciphertext buffer full
[mlkem_channel] ciphertext refused token=3333548079: ciphertext buffer full
[mlkem_channel] ciphertext refused token=2988029701: ciphertext buffer full
[mlkem_channel] ciphertext refused token=1119223640: ciphertext buffer full
[mlkem_channel] ciphertext refused token=3125724257: ciphertext buffer full
[mlkem_channel] ciphertext refused token=2943803655: ciphertext buffer full
[mlkem_channel] ciphertext refused token=1982120773: ciphertext buffer full
[mlkem_channel] ciphertext refused token=690575547: ciphertext buffer full
[mlkem_channel] ciphertext refused token=2663173294: ciphertext buffer full
[mlkem_channel] ciphertext refused token=2144933167: ciphertext buffer full
[mlkem_channel] ciphertext refused token=2391863497: ciphertext buffer full
[mlkem_channel] ciphertext refused token=454363050: ciphertext buffer full
[mlkem_channel] ciphertext refused token=3430568144: ciphertext buffer full
[mlkem_channel] ciphertext refused token=1296537860: ciphertext buffer full
[mlkem_channel] ciphertext refused token=2393842287: ciphertext buffer full
[mlkem_channel] ciphertext refused token=1101695815: ciphertext buffer full
[mlkem_channel] ciphertext refused token=2309510990: ciphertext buffer full
[mlkem_channel] ciphertext refused token=1534029599: ciphertext buffer full
[mlkem_channel] ciphertext refused token=4134154315: ciphertext buffer full
[mlkem_channel] ciphertext refused token=3329547826: ciphertext buffer full
[mlkem_channel] ciphertext refused token=2669121202: ciphertext buffer full
[mlkem_channel] ciphertext refused token=2976344285: ciphertext buffer full
[mlkem_channel] ciphertext refused token=3942097580: ciphertext buffer full
[mlkem_channel] ciphertext refused token=2131429440: ciphertext buffer full
[mlkem_channel] ciphertext refused token=1203403904: ciphertext buffer full
[mlkem_channel] ciphertext refused token=869432: ciphertext buffer full
[mlkem_channel] ciphertext refused token=24195410: ciphertext buffer full
[mlkem_channel] ciphertext refused token=3022791748: ciphertext buffer full
[mlkem_channel] ciphertext refused token=632415744: ciphertext buffer full
[mlkem_channel] ciphertext refused token=520350860: ciphertext buffer full
[mlkem_channel] ciphertext refused token=1876323233: ciphertext buffer full
[mlkem_channel] ciphertext refused token=610916126: ciphertext buffer full
[mlkem_channel] ciphertext refused token=2609149573: ciphertext buffer full
[mlkem_channel] ciphertext refused token=2008432666: ciphertext buffer full
[mlkem_channel] ciphertext refused token=110084297: ciphertext buffer full
[mlkem_channel] ciphertext refused token=870824181: ciphertext buffer full
[mlkem_channel] ciphertext refused token=2398180420: ciphertext buffer full
[mlkem_channel] ciphertext refused token=568153017: ciphertext buffer full
[mlkem_channel] ciphertext refused token=942509232: ciphertext buffer full
[mlkem_channel] ciphertext refused token=2457495927: ciphertext buffer full
[mlkem_channel] ciphertext refused token=3351706703: ciphertext buffer full
[mlkem_channel] ciphertext refused token=721124664: ciphertext buffer full
[mlkem_channel] ciphertext refused token=2902162851: ciphertext buffer full
[mlkem_channel] ciphertext refused token=279814896: ciphertext buffer full
[mlkem_channel] ciphertext refused token=2259131398: ciphertext buffer full
[mlkem_channel] ciphertext refused token=4003509725: ciphertext buffer full
[mlkem_channel] ciphertext refused token=2661477589: ciphertext buffer full
[mlkem_channel] ciphertext refused token=2179576599: ciphertext buffer full
[mlkem_channel] ciphertext refused token=2808005903: ciphertext buffer full
[mlkem_channel] ciphertext refused token=141147654: ciphertext buffer full
[mlkem_channel] ciphertext refused token=2537315764: ciphertext buffer full
[mlkem_channel] ciphertext refused token=3164223688: ciphertext buffer full
[mlkem_channel] ciphertext refused token=156794470: ciphertext buffer full
[mlkem_channel] ciphertext refused token=2056143402: ciphertext buffer full
[mlkem_channel] ciphertext refused token=545876085: ciphertext buffer full
[mlkem_channel] ciphertext refused token=4284326561: ciphertext buffer full
[mlkem_channel] ciphertext refused token=762110540: ciphertext buffer full
[mlkem_channel] ciphertext refused token=1483890536: ciphertext buffer full
[mlkem_channel] ciphertext refused token=4239544391: ciphertext buffer full
[mlkem_channel] ciphertext refused token=3451470009: ciphertext buffer full
[mlkem_channel] ciphertext refused token=1608655921: ciphertext buffer full
[mlkem_channel] ciphertext refused token=3947193089: ciphertext buffer full
[mlkem_channel] ciphertext refused token=119403643: ciphertext buffer full
[mlkem_channel] ciphertext refused token=1759799464: ciphertext buffer full
[mlkem_channel] ciphertext refused token=879823097: ciphertext buffer full
[mlkem_channel] ciphertext refused token=3186002831: ciphertext buffer full
[mlkem_channel] ciphertext refused token=3843278650: ciphertext buffer full
[mlkem_channel] ciphertext refused token=2157122740: ciphertext buffer full
[mlkem_channel] ciphertext refused token=1690877338: ciphertext buffer full
[mlkem_channel] ciphertext refused token=646099751: ciphertext buffer full
[mlkem_channel] ciphertext refused token=4178242789: ciphertext buffer full
[mlkem_channel] ciphertext refused token=1446597254: ciphertext buffer full
[mlkem_channel] ciphertext refused token=1258172444: ciphertext buffer full
[mlkem_channel] ciphertext refused token=3965703327: ciphertext buffer full
[mlkem_channel] ciphertext refused token=3728139870: ciphertext buffer full
[mlkem_channel] ciphertext refused token=2969406009: ciphertext buffer full
[mlkem_channel] ciphertext refused token=2906866619: ciphertext buffer full
[mlkem_channel] ciphertext refused token=1189791606: ciphertext buffer full
[mlkem_channel] ciphertext refused token=2762286692: ciphertext buffer full
[mlkem_channel] ciphertext refused token=4061222772: ciphertext buffer full
[mlkem_channel] ciphertext refused token=2875891376: ciphertext buffer full
[mlkem_channel] ciphertext refused token=2973464985: ciphertext buffer full
[mlkem_channel] ciphertext refused token=2247190483: ciphertext buffer full
[mlkem_channel] ciphertext refused token=4210350420: ciphertext buffer full
[mlkem_channel] ciphertext refused token=2501043021: ciphertext buffer full
[mlkem_channel] ciphertext refused token=3355289921: ciphertext buffer full
[mlkem_channel] ciphertext refused token=3566456406: ciphertext buffer full
[mlkem_channel] ciphertext refused token=229394922: ciphertext buffer full
[mlkem_channel] ciphertext refused token=2144224335: ciphertext buffer full
[mlkem_channel] ciphertext refused token=1557777516: ciphertext buffer full
[mlkem_channel] ciphertext refused token=2627192364: ciphertext buffer full
[mlkem_channel] ciphertext refused token=3631534452: ciphertext buffer full
[mlkem_channel] ciphertext refused token=3834525984: ciphertext buffer full
[mlkem_channel] ciphertext refused token=2604632312: ciphertext buffer full
[mlkem_channel] ciphertext refused token=3738764373: ciphertext buffer full
[mlkem_channel] ciphertext refused token=301447260: ciphertext buffer full
[mlkem_channel] ciphertext refused token=3097161847: ciphertext buffer full
[mlkem_channel] ciphertext refused token=3959848236: ciphertext buffer full
[mlkem_channel] ciphertext refused token=652757835: ciphertext buffer full
[mlkem_channel] ciphertext refused token=489257439: ciphertext buffer full
[mlkem_channel] ciphertext refused token=2568725347: ciphertext buffer full
[mlkem_channel] ciphertext refused token=2618671590: ciphertext buffer full
[mlkem_channel] ciphertext refused token=2787674104: ciphertext buffer full
[mlkem_channel] ciphertext refused token=275744448: ciphertext buffer full
[mlkem_channel] ciphertext refused token=2699244770: ciphertext buffer full
[mlkem_channel] ciphertext refused token=436266766: ciphertext buffer full
[mlkem_channel] ciphertext refused token=1368992288: ciphertext buffer full
[mlkem_channel] ciphertext refused token=1465264077: ciphertext buffer full
[mlkem_channel] ciphertext refused token=1872229483: ciphertext buffer full
[mlkem_channel] ciphertext refused token=4078922689: ciphertext buffer full
[mlkem_channel] ciphertext refused token=1817069788: ciphertext buffer full
[mlkem_channel] ciphertext refused token=1795460566: ciphertext buffer full
[mlkem_channel] ciphertext refused token=2184066023: ciphertext buffer full
[mlkem_channel] ciphertext refused token=3036389479: ciphertext buffer full
[mlkem_channel] ciphertext refused token=2860099941: ciphertext buffer full
[mlkem_channel] ciphertext refused token=4031855734: ciphertext buffer full
[mlkem_channel] ciphertext refused token=2632198867: ciphertext buffer full
[mlkem_channel] ciphertext refused token=869738649: ciphertext buffer full
[mlkem_channel] ciphertext refused token=1583769427: ciphertext buffer full
[mlkem_channel] ciphertext refused token=706340920: ciphertext buffer full
[mlkem_channel] ciphertext refused token=325767464: ciphertext buffer full
[mlkem_channel] ciphertext refused token=1895791903: ciphertext buffer full
[mlkem_channel] ciphertext refused token=4071835361: ciphertext buffer full
[mlkem_channel] ciphertext refused token=2321888710: ciphertext buffer full
[mlkem_channel] ciphertext refused token=313945381: ciphertext buffer full
[mlkem_channel] ciphertext refused token=2124660010: ciphertext buffer full
[mlkem_channel] ciphertext refused token=2787441364: ciphertext buffer full
[mlkem_channel] ciphertext refused token=2920462580: ciphertext buffer full
[mlkem_channel] ciphertext refused token=601317823: ciphertext buffer full
[mlkem_channel] ciphertext refused token=1979240444: ciphertext buffer full
[mlkem_channel] ciphertext refused token=3087641265: ciphertext buffer full
[mlkem_channel] ciphertext refused token=509924706: ciphertext buffer full
[mlkem_channel] ciphertext refused token=847917242: ciphertext buffer full
[mlkem_channel] ciphertext refused token=1263307606: ciphertext buffer full
[mlkem_channel] ciphertext refused token=1284327753: ciphertext buffer full
[mlkem_channel] ciphertext refused token=3195277974: ciphertext buffer full
[mlkem_channel] ciphertext refused token=2902665306: ciphertext buffer full
[mlkem_channel] ciphertext refused token=999354741: ciphertext buffer full
[mlkem_channel] ciphertext refused token=2221914110: ciphertext buffer full
[mlkem_channel] ciphertext refused token=167493819: ciphertext buffer full
[mlkem_channel] ciphertext refused token=512707616: ciphertext buffer full
[mlkem_channel] ciphertext refused token=3832308303: ciphertext buffer full
[mlkem_channel] ciphertext refused token=1166736420: ciphertext buffer full
[mlkem_channel] ciphertext refused token=1474528724: ciphertext buffer full
[mlkem_channel] ciphertext refused token=2746660503: ciphertext buffer full
[mlkem_channel] ciphertext refused token=1615487578: ciphertext buffer full
[mlkem_channel] ciphertext refused token=1530540043: ciphertext buffer full
[mlkem_channel] ciphertext refused token=1307474725: ciphertext buffer full
[mlkem_channel] ciphertext refused token=3063181794: ciphertext buffer full
[mlkem_channel] ciphertext refused token=2019159170: ciphertext buffer full
[mlkem_channel] ciphertext refused token=3813643614: ciphertext buffer full
[mlkem_channel] ciphertext refused token=1665719068: ciphertext buffer full
[mlkem_channel] ciphertext refused token=3850795526: ciphertext buffer full
[mlkem_channel] ciphertext refused token=912929759: ciphertext buffer full
[mlkem_channel] ciphertext refused token=4163114628: ciphertext buffer full
[mlkem_channel] ciphertext refused token=668326837: ciphertext buffer full
[mlkem_channel] ciphertext refused token=626514168: ciphertext buffer full
[mlkem_channel] ciphertext refused token=511039411: ciphertext buffer full
[mlkem_channel] ciphertext refused token=4008657876: ciphertext buffer full
[mlkem_channel] ciphertext refused token=434955807: ciphertext buffer full
[mlkem_channel] ciphertext refused token=1053588227: ciphertext buffer full
[mlkem_channel] ciphertext refused token=3029456885: ciphertext buffer full
[mlkem_channel] ciphertext refused token=3347198886: ciphertext buffer full
[mlkem_channel] ciphertext refused token=3081976768: ciphertext buffer full
[mlkem_channel] ciphertext refused token=3699854164: ciphertext buffer full
[mlkem_channel] ciphertext refused token=153423617: ciphertext buffer full
[mlkem_channel] ciphertext refused token=1978807032: ciphertext buffer full
[mlkem_channel] ciphertext refused token=87658386: ciphertext buffer full
[mlkem_channel] ciphertext refused token=1141023316: ciphertext buffer full
[mlkem_channel] ciphertext refused token=4111085417: ciphertext buffer full
[mlkem_channel] ciphertext refused token=3357493272: ciphertext buffer full
[mlkem_channel] ciphertext refused token=1666921501: ciphertext buffer full
[mlkem_channel] ciphertext refused token=2655806863: ciphertext buffer full
[mlkem_channel] ciphertext refused token=80965815: ciphertext buffer full
[mlkem_channel] ciphertext refused token=2390471789: ciphertext buffer full
[mlkem_channel] ciphertext refused token=2308334813: ciphertext buffer full
[mlkem_channel] ciphertext refused token=1060840533: ciphertext buffer full
[mlkem_channel] ciphertext refused token=3765290229: ciphertext buffer full
[mlkem_channel] ciphertext refused token=3465390012: ciphertext buffer full
[mlkem_channel] ciphertext refused token=2497300122: ciphertext buffer full
[mlkem_channel] ciphertext refused token=2041043118: ciphertext buffer full
[mlkem_channel] ciphertext refused token=1831613592: ciphertext buffer full
[mlkem_channel] ciphertext refused token=3180902596: ciphertext buffer full
[mlkem_channel] ciphertext refused token=3265422009: ciphertext buffer full
[mlkem_channel] ciphertext refused token=170527955: ciphertext buffer full
[mlkem_channel] ciphertext refused token=1286775914: ciphertext buffer full
[mlkem_channel] ciphertext refused token=2998215025: ciphertext buffer full
[mlkem_channel] ciphertext refused token=2234544629: ciphertext buffer full
[mlkem_channel] ciphertext refused token=1621004215: ciphertext buffer full
[mlkem_channel] ciphertext refused token=4100272655: ciphertext buffer full
[mlkem_channel] ciphertext refused token=4031945926: ciphertext buffer full
[mlkem_channel] ciphertext refused token=4110760750: ciphertext buffer full
[mlkem_channel] ciphertext refused token=3861297428: ciphertext buffer full
[mlkem_channel] ciphertext refused token=2128942027: ciphertext buffer full
[mlkem_channel] ciphertext refused token=2457657851: ciphertext buffer full
[mlkem_channel] ciphertext refused token=4205641160: ciphertext buffer full
[mlkem_channel] ciphertext refused token=2377900869: ciphertext buffer full
[mlkem_channel] ciphertext refused token=1688123082: ciphertext buffer full
[mlkem_channel] ciphertext refused token=143016984: ciphertext buffer full
[mlkem_channel] ciphertext refused token=4036533630: ciphertext buffer full
[mlkem_channel] ciphertext refused token=3518414903: ciphertext buffer full
[mlkem_channel] ciphertext refused token=3463887037: ciphertext buffer full
[mlkem_channel] ciphertext refused token=94268247: ciphertext buffer full
[mlkem_channel] ciphertext refused token=2458090112: ciphertext buffer full
[mlkem_channel] ciphertext refused token=2650644674: ciphertext buffer full
[mlkem_channel] ciphertext refused token=3312609340: ciphertext buffer full
[mlkem_channel] ciphertext refused token=2967391169: ciphertext buffer full
[mlkem_channel] ciphertext refused token=1650938473: ciphertext buffer full
[mlkem_channel] ciphertext refused token=4186113093: ciphertext buffer full
[mlkem_channel] ciphertext refused token=2795686479: ciphertext buffer full
[mlkem_channel] ciphertext refused token=1150777812: ciphertext buffer full
[mlkem_channel] ciphertext refused token=1741169586: ciphertext buffer full
[mlkem_channel] ciphertext refused token=3583642153: ciphertext buffer full
[mlkem_channel] ciphertext refused token=2203134655: ciphertext buffer full
[mlkem_channel] ciphertext refused token=2132892799: ciphertext buffer full
[mlkem_channel] ciphertext refused token=1167129664: ciphertext buffer full
[mlkem_channel] ciphertext refused token=2051951607: ciphertext buffer full
[mlkem_channel] ciphertext refused token=1653777592: ciphertext buffer full
[mlkem_channel] ciphertext refused token=304341114: ciphertext buffer full
[mlkem_channel] ciphertext refused token=3301643765: ciphertext buffer full
[mlkem_channel] ciphertext refused token=190839544: ciphertext buffer full
[mlkem_channel] ciphertext refused token=1179563441: ciphertext buffer full
[mlkem_channel] ciphertext refused token=2719666236: ciphertext buffer full
[mlkem_channel] ciphertext refused token=1028140203: ciphertext buffer full
[mlkem_channel] ciphertext refused token=2067265156: ciphertext buffer full
[mlkem_channel] ciphertext refused token=3945220357: ciphertext buffer full
[mlkem_channel] ciphertext refused token=3897265534: ciphertext buffer full
[mlkem_channel] ciphertext refused token=2724381111: ciphertext buffer full
[mlkem_channel] ciphertext refused token=4168790599: ciphertext buffer full
[mlkem_channel] ciphertext refused token=680288146: ciphertext buffer full
[mlkem_channel] ciphertext refused token=2384773770: ciphertext buffer full
[mlkem_channel] ciphertext refused token=32750422: ciphertext buffer full
[mlkem_channel] ciphertext refused token=3418689044: ciphertext buffer full
[mlkem_channel] ciphertext refused token=1966301857: ciphertext buffer full
[mlkem_channel] ciphertext refused token=3087159371: ciphertext buffer full
[mlkem_channel] ciphertext refused token=2932712821: ciphertext buffer full
[mlkem_channel] ciphertext refused token=3731938012: ciphertext buffer full
[mlkem_channel] ciphertext refused token=2552236968: ciphertext buffer full
[mlkem_channel] ciphertext refused token=1853952841: ciphertext buffer full
[mlkem_channel] ciphertext refused token=4039784262: ciphertext buffer full
[mlkem_channel] ciphertext refused token=3479336560: ciphertext buffer full
[mlkem_channel] ciphertext refused token=589628349: ciphertext buffer full
[mlkem_channel] ciphertext refused token=4017696737: ciphertext buffer full
[mlkem_channel] ciphertext refused token=2062024581: ciphertext buffer full
[mlkem_channel] ciphertext refused token=113963358: ciphertext buffer full
[mlkem_channel] ciphertext refused token=1801886659: ciphertext buffer full
[mlkem_channel] ciphertext refused token=161365736: ciphertext buffer full
[mlkem_channel] ciphertext refused token=341531002: ciphertext buffer full
[mlkem_channel] ciphertext refused token=1726289105: ciphertext buffer full
[mlkem_channel] ciphertext refused token=3476648430: ciphertext buffer full
[mlkem_channel] ciphertext refused token=2522074222: ciphertext buffer full
[mlkem_channel] ciphertext refused token=532917294: ciphertext buffer full
[mlkem_channel] ciphertext refused token=350739155: ciphertext buffer full
[mlkem_channel] ciphertext refused token=2343784717: ciphertext buffer full
[mlkem_channel] ciphertext refused token=541928912: ciphertext buffer full
[mlkem_channel] ciphertext refused token=705122237: ciphertext buffer full
[mlkem_channel] ciphertext refused token=1831566185: ciphertext buffer full
[mlkem_channel] ciphertext refused token=1301777136: ciphertext buffer full
[mlkem_channel] ciphertext refused token=728909554: ciphertext buffer full
[mlkem_channel] ciphertext refused token=997784220: ciphertext buffer full
[mlkem_channel] ciphertext refused token=2695973876: ciphertext buffer full
[mlkem_channel] ciphertext refused token=3264199758: ciphertext buffer full
[mlkem_channel] ciphertext refused token=785436682: ciphertext buffer full
[mlkem_channel] ciphertext refused token=1462265409: ciphertext buffer full
[mlkem_channel] ciphertext refused token=1382852064: ciphertext buffer full
[mlkem_channel] ciphertext refused token=3715113500: ciphertext buffer full
[mlkem_channel] ciphertext refused token=2490685676: ciphertext buffer full
[mlkem_channel] ciphertext refused token=2153213590: ciphertext buffer full
[mlkem_channel] ciphertext refused token=2804996866: ciphertext buffer full
[mlkem_channel] ciphertext refused token=1579332894: ciphertext buffer full
[mlkem_channel] ciphertext refused token=2424482053: ciphertext buffer full
[mlkem_channel] ciphertext refused token=4220678229: ciphertext buffer full
[mlkem_channel] ciphertext refused token=3663005381: ciphertext buffer full
[mlkem_channel] ciphertext refused token=2170994627: ciphertext buffer full
[mlkem_channel] ciphertext refused token=2263934385: ciphertext buffer full
[mlkem_channel] ciphertext refused token=3015185593: ciphertext buffer full
[mlkem_channel] ciphertext refused token=2326739950: ciphertext buffer full
[mlkem_channel] ciphertext refused token=2800910500: ciphertext buffer full
[mlkem_channel] ciphertext refused token=862277143: ciphertext buffer full
[mlkem_channel] ciphertext refused token=1554260407: ciphertext buffer full
[mlkem_channel] ciphertext refused token=4128432935: ciphertext buffer full
[mlkem_channel] ciphertext refused token=2694739874: ciphertext buffer full
[mlkem_channel] ciphertext refused token=3475937188: ciphertext buffer full
[mlkem_channel] ciphertext refused token=3404436762: ciphertext buffer full
[mlkem_channel] ciphertext refused token=1354629572: ciphertext buffer full
[mlkem_channel] ciphertext buffered token=1730961967 nonce_prefix=8fd29148
[mlkem_channel] ciphertext buffered token=3697919470 nonce_prefix=11ef7cab
[mlkem_channel] ciphertext buffered token=2168435140 nonce_prefix=79be0835
[mlkem_channel] ciphertext buffered token=3002008424 nonce_prefix=09c6fbbf
[mlkem_channel] ciphertext buffered token=4106311932 nonce_prefix=d7b88c23
[mlkem_channel] ciphertext buffered token=659699530 nonce_prefix=830e69d7
[mlkem_channel] ciphertext buffered token=166017414 nonce_prefix=8e350a74
[mlkem_channel] ciphertext buffered token=901053070 nonce_prefix=9d320d5c
[mlkem_channel] ciphertext buffered token=1491450071 nonce_prefix=5f954bad
[mlkem_channel] ciphertext buffered token=2121303573 nonce_prefix=2f99c26c
[mlkem_channel] ciphertext refused token=464489844: ciphertext buffer full
[mlkem_channel] ciphertext buffered token=3757101248 nonce_prefix=e16a05bd
[mlkem_channel] ciphertext refused token=303732116: ciphertext buffer full
[mlkem_channel] ciphertext buffered token=1035044649 nonce_prefix=df384e06
[mlkem_channel] ciphertext buffered token=3816831509 nonce_prefix=368d9763
[mlkem_channel] ciphertext refused token=3381693222: ciphertext buffer full
[mlkem_channel] ciphertext refused token=1153197383: ciphertext buffer full
[mlkem_channel] ciphertext buffered token=1428212578 nonce_prefix=c4d3a996
[mlkem_channel] ciphertext refused token=2395770868: ciphertext buffer full
[mlkem_channel] ciphertext buffered token=4026167994 nonce_prefix=62f11962
[mlkem_channel] ciphertext refused token=1941974726: ciphertext buffer full
[mlkem_channel] ciphertext buffered token=1297115896 nonce_prefix=cddab9a8
[mlkem_channel] ciphertext refused token=1252889781: ciphertext buffer full
[mlkem_channel] ciphertext refused token=1125910979: ciphertext buffer full
[mlkem_channel] ciphertext buffered token=1279203665 nonce_prefix=350c4146
[mlkem_channel] ciphertext buffered token=3332994112 nonce_prefix=1dac0a28
[mlkem_channel] ciphertext buffered token=3486135379 nonce_prefix=f3430d3f
[mlkem_channel] ciphertext buffered token=668271962 nonce_prefix=06751c32
[mlkem_channel] ciphertext buffered token=1695243730 nonce_prefix=0a8bef57
[mlkem_channel] ciphertext buffered token=2640427376 nonce_prefix=69e9cadf
[mlkem_channel] ciphertext buffered token=1718700134 nonce_prefix=0e3403e1
[mlkem_channel] ciphertext buffered token=1672770132 nonce_prefix=86e74838
[mlkem_channel] ciphertext buffered token=977068465 nonce_prefix=99014a88
[mlkem_channel] ciphertext buffered token=1562435997 nonce_prefix=171f6c72
[mlkem_channel] ciphertext buffered token=3997556191 nonce_prefix=4dd2fe7e
[mlkem_channel] ciphertext buffered token=2024573480 nonce_prefix=e0508419
[mlkem_channel] ciphertext buffered token=3925102594 nonce_prefix=d8a02948
[mlkem_channel] ciphertext buffered token=516339190 nonce_prefix=84c0947d
[mlkem_channel] ciphertext buffered token=2630284083 nonce_prefix=de94bf30
[mlkem_channel] ciphertext refused token=3476574294: ciphertext buffer full
[mlkem_channel] ciphertext buffered token=894088192 nonce_prefix=a0bbab41
[mlkem_channel] ciphertext buffered token=1785200627 nonce_prefix=ef945bba
[mlkem_channel] ciphertext buffered token=2845904086 nonce_prefix=448caf4d
[mlkem_channel] ciphertext buffered token=4003347138 nonce_prefix=1502e02e
[mlkem_channel] ciphertext buffered token=2854319990 nonce_prefix=6c18b8cf
[mlkem_channel] ciphertext buffered token=1683348676 nonce_prefix=e250a890
[mlkem_channel] ciphertext buffered token=310030271 nonce_prefix=c44e7ea2
[mlkem_channel] ciphertext buffered token=3821644359 nonce_prefix=46c3f5ec
[mlkem_channel] ciphertext buffered token=14575328 nonce_prefix=ba69604d
[mlkem_channel] ciphertext buffered token=2959487050 nonce_prefix=4bb1ecd7
[mlkem_channel] ciphertext buffered token=1997767357 nonce_prefix=6c9ade2b
[mlkem_channel] ciphertext buffered token=265447352 nonce_prefix=684fceaa
[mlkem_channel] ciphertext buffered token=3294417884 nonce_prefix=a9039ab9
[mlkem_channel] ciphertext buffered token=4273655152 nonce_prefix=97b6c748
[mlkem_channel] ciphertext buffered token=2082776460 nonce_prefix=3128ac47
[mlkem_channel] ciphertext buffered token=731996421 nonce_prefix=65c914d7
[mlkem_channel] ciphertext buffered token=1722274860 nonce_prefix=a57d8390
[mlkem_channel] ciphertext buffered token=129706488 nonce_prefix=29c70733
[mlkem_channel] ciphertext buffered token=1755527584 nonce_prefix=b2e2d9ca
[mlkem_channel] ciphertext buffered token=3584855285 nonce_prefix=e0b955a8
[mlkem_channel] ciphertext buffered token=2673761695 nonce_prefix=d885865d
[mlkem_channel] ciphertext buffered token=122361441 nonce_prefix=badcce2f
[mlkem_channel] ciphertext buffered token=3833492116 nonce_prefix=b6e20ac0
[mlkem_channel] ciphertext buffered token=837378520 nonce_prefix=bf0dbe9f
[mlkem_channel] ciphertext buffered token=3082500683 nonce_prefix=e8c904bf
[mlkem_channel] ciphertext buffered token=466227234 nonce_prefix=f43f22cc
[mlkem_channel] ciphertext buffered token=267530088 nonce_prefix=5f53ea25
[mlkem_channel] ciphertext buffered token=2598152192 nonce_prefix=de4de69c
[mlkem_channel] ciphertext buffered token=2413721414 nonce_prefix=8acf5e94
[mlkem_channel] ciphertext buffered token=2347346577 nonce_prefix=4e432232
[mlkem_channel] ciphertext buffered token=3998796581 nonce_prefix=f7be0708
[mlkem_channel] ciphertext buffered token=890042326 nonce_prefix=ec811cae
[mlkem_channel] ciphertext buffered token=3248425148 nonce_prefix=a7be157b
[mlkem_channel] ciphertext buffered token=2343097721 nonce_prefix=00257f67
[mlkem_channel] ciphertext buffered token=693590318 nonce_prefix=ae562414
[mlkem_channel] ciphertext buffered token=3113166203 nonce_prefix=9d3cc54f
[mlkem_channel] ciphertext buffered token=1974920097 nonce_prefix=4860e849
[mlkem_channel] ciphertext buffered token=2836695419 nonce_prefix=4ef3749a
[mlkem_channel] ciphertext buffered token=4098658097 nonce_prefix=195cccf3
[mlkem_channel] ciphertext buffered token=702382864 nonce_prefix=247392cd
[mlkem_channel] ciphertext buffered token=3558136179 nonce_prefix=d9c6a43b
[mlkem_channel] ciphertext buffered token=1252774063 nonce_prefix=1e837ecc
[mlkem_channel] ciphertext buffered token=3843014599 nonce_prefix=7208341e
[mlkem_channel] ciphertext buffered token=1626189818 nonce_prefix=ebd71cf2
[mlkem_channel] ciphertext buffered token=3231396619 nonce_prefix=abe0ee7d
[mlkem_channel] ciphertext buffered token=1936067339 nonce_prefix=c2444a14
[mlkem_channel] ciphertext buffered token=3745286931 nonce_prefix=8e754c3f
[mlkem_channel] ciphertext buffered token=4008114056 nonce_prefix=d5d8e3f4
[mlkem_channel] ciphertext buffered token=3865288387 nonce_prefix=ba1e0432
[mlkem_channel] ciphertext buffered token=3117348035 nonce_prefix=163fe09e
[mlkem_channel] ciphertext buffered token=1283899465 nonce_prefix=9d46ae13
[mlkem_channel] ciphertext buffered token=921463174 nonce_prefix=aec8d0e5
[mlkem_channel] ciphertext refused token=3579413214: ciphertext buffer full
[mlkem_channel] ciphertext buffered token=1648860682 nonce_prefix=cb42f194
[mlkem_channel] ciphertext buffered token=2134480485 nonce_prefix=87edebe4
[mlkem_channel] ciphertext buffered token=2268348161 nonce_prefix=e7401e56
[mlkem_channel] ciphertext buffered token=2664156518 nonce_prefix=8333ea96
[mlkem_channel] ciphertext buffered token=2459855263 nonce_prefix=90d2bf00
[mlkem_channel] ciphertext buffered token=2719934103 nonce_prefix=c16f5b79
[mlkem_channel] ciphertext buffered token=4294036458 nonce_prefix=15aff09e
[mlkem_channel] ciphertext buffered token=779629827 nonce_prefix=f67967c7
[mlkem_channel] ciphertext buffered token=250167951 nonce_prefix=a936885f
[mlkem_channel] ciphertext buffered token=2927477036 nonce_prefix=6f8e0283
[mlkem_channel] ciphertext buffered token=1582802284 nonce_prefix=f9dbaaca
[mlkem_channel] ciphertext buffered token=1954433969 nonce_prefix=1fcd0e92
[mlkem_channel] ciphertext buffered token=1306612653 nonce_prefix=64c575a5
[mlkem_channel] ciphertext buffered token=2744338736 nonce_prefix=841f7f00
[mlkem_channel] ciphertext buffered token=4055890234 nonce_prefix=6ed80315
[mlkem_channel] ciphertext buffered token=3619765445 nonce_prefix=88cfe4fc
[mlkem_channel] ciphertext buffered token=3607586911 nonce_prefix=d342c68c
[mlkem_channel] ciphertext buffered token=2704811077 nonce_prefix=96b640df
[mlkem_channel] ciphertext buffered token=1306320585 nonce_prefix=1b14d23a
[mlkem_channel] ciphertext buffered token=489782361 nonce_prefix=af1c2d9d
[mlkem_channel] ciphertext buffered token=1370817677 nonce_prefix=d8feac98
[mlkem_channel] ciphertext buffered token=3425418676 nonce_prefix=1bd4c3b5
[mlkem_channel] ciphertext buffered token=1885795939 nonce_prefix=0caa2109
[mlkem_channel] ciphertext buffered token=1591396306 nonce_prefix=a3fdbb6b
[mlkem_channel] ciphertext buffered token=2809222184 nonce_prefix=c7d94150
[mlkem_channel] ciphertext refused token=28260845: ciphertext buffer full
[mlkem_channel] ciphertext buffered token=3752977658 nonce_prefix=efd7cbd6
[mlkem_channel] ciphertext buffered token=479855179 nonce_prefix=479ce453
[mlkem_channel] ciphertext refused token=3411643969: ciphertext buffer full
[mlkem_channel] ciphertext buffered token=937583880 nonce_prefix=982762eb
[mlkem_channel] ciphertext buffered token=1091678789 nonce_prefix=782990fd
[mlkem_channel] ciphertext buffered token=3726880373 nonce_prefix=519b9206
[mlkem_channel] ciphertext buffered token=1136395369 nonce_prefix=89034113
[mlkem_channel] ciphertext refused token=2859004744: ciphertext buffer full
[mlkem_channel] ciphertext buffered token=1195723777 nonce_prefix=7249690f
[mlkem_channel] ciphertext refused token=2348336865: ciphertext buffer full
[mlkem_channel] ciphertext buffered token=3164908695 nonce_prefix=97003ecc
[mlkem_channel] ciphertext refused token=2363140048: ciphertext buffer full
[mlkem_channel] ciphertext buffered token=3022914473 nonce_prefix=0d4c49a9
[mlkem_channel] ciphertext buffered token=3066039131 nonce_prefix=ca21d452
[mlkem_channel] ciphertext buffered token=1252044996 nonce_prefix=6702a606
[mlkem_channel] ciphertext buffered token=153834106 nonce_prefix=e333c996
[mlkem_channel] ciphertext refused token=1964969772: ciphertext buffer full
[mlkem_channel] ciphertext buffered token=327518629 nonce_prefix=200e3469
[mlkem_channel] ciphertext refused token=2054341701: ciphertext buffer full
[mlkem_channel] ciphertext refused token=16439995: ciphertext buffer full
[mlkem_channel] ciphertext refused token=252105223: ciphertext buffer full
[mlkem_channel] ciphertext buffered token=4186064552 nonce_prefix=c8fc0986
[mlkem_channel] ciphertext refused token=2283245266: ciphertext buffer full
[mlkem_channel] ciphertext buffered token=1602135867 nonce_prefix=05760807
[mlkem_channel] ciphertext buffered token=2102126020 nonce_prefix=70d58225
[mlkem_channel] ciphertext buffered token=1179070126 nonce_prefix=90b9008a
[mlkem_channel] ciphertext buffered token=3760991826 nonce_prefix=9812bedf
[mlkem_channel] ciphertext buffered token=471649796 nonce_prefix=b6aeffc0
[mlkem_channel] ciphertext buffered token=625858474 nonce_prefix=0c04d54d
[mlkem_channel] ciphertext buffered token=1610815319 nonce_prefix=758acd02
[mlkem_channel] ciphertext buffered token=4005586014 nonce_prefix=304ccdb4
[mlkem_channel] ciphertext buffered token=1520073543 nonce_prefix=e0145696
[mlkem_channel] ciphertext buffered token=243460742 nonce_prefix=6736bd09
[mlkem_channel] ciphertext refused token=3432051058: ciphertext buffer full
[mlkem_channel] ciphertext buffered token=4276017956 nonce_prefix=af588cc8
[mlkem_channel] ciphertext refused token=2464840255: ciphertext buffer full
[mlkem_channel] ciphertext refused token=2097379699: ciphertext buffer full
[mlkem_channel] ciphertext buffered token=2333541751 nonce_prefix=58a38fc2
[mlkem_channel] ciphertext refused token=4173084154: ciphertext buffer full
[mlkem_channel] ciphertext buffered token=1968196454 nonce_prefix=7638285d
[mlkem_channel] ciphertext buffered token=4233882664 nonce_prefix=ac265a2b
[mlkem_channel] ciphertext refused token=3133475674: ciphertext buffer full
[mlkem_channel] ciphertext buffered token=798378956 nonce_prefix=3a819c04
[mlkem_channel] ciphertext refused token=93326160: ciphertext buffer full
[mlkem_channel] ciphertext refused token=2913519465: ciphertext buffer full
[mlkem_channel] ciphertext buffered token=3057654915 nonce_prefix=02810252
[mlkem_channel] ciphertext buffered token=4021493278 nonce_prefix=6abf2deb
[mlkem_channel] ciphertext buffered token=717249582 nonce_prefix=4b1cae0a
[mlkem_channel] ciphertext buffered token=965889648 nonce_prefix=d4aad47d
[mlkem_channel] ciphertext buffered token=702593759 nonce_prefix=b68d5dd9
[mlkem_channel] ciphertext buffered token=3310337076 nonce_prefix=76604c70
[mlkem_channel] ciphertext buffered token=2785838391 nonce_prefix=7014b5ea
[mlkem_channel] ciphertext buffered token=3016483713 nonce_prefix=39f5f4e9
[mlkem_channel] ciphertext buffered token=2254707417 nonce_prefix=4f566c86
[mlkem_channel] ciphertext buffered token=2903578205 nonce_prefix=7df59faf
[mlkem_channel] ciphertext buffered token=688008356 nonce_prefix=efab98ec
[mlkem_channel] ciphertext refused token=1116961585: ciphertext buffer full
[mlkem_channel] ciphertext refused token=4026417701: ciphertext buffer full
[mlkem_channel] ciphertext refused token=123522878: ciphertext buffer full
[mlkem_channel] ciphertext refused token=3520501545: ciphertext buffer full
[mlkem_channel] ciphertext buffered token=2901625783 nonce_prefix=a31cb829
[mlkem_channel] ciphertext refused token=247064797: ciphertext buffer full
[mlkem_channel] ciphertext buffered token=3464792958 nonce_prefix=0ba6e500
[mlkem_channel] ciphertext refused token=643831824: ciphertext buffer full
[mlkem_channel] ciphertext buffered token=2021463093 nonce_prefix=ac085992
[mlkem_channel] ciphertext refused token=1615469860: ciphertext buffer full
[mlkem_channel] ciphertext buffered token=3023398462 nonce_prefix=c6aeef63
[mlkem_channel] ciphertext refused token=2988441410: ciphertext buffer full
[mlkem_channel] ciphertext refused token=1482401991: ciphertext buffer full
[mlkem_channel] ciphertext buffered token=2249104891 nonce_prefix=f8a63391
[mlkem_channel] ciphertext buffered token=3481223435 nonce_prefix=c918f2fc
[mlkem_channel] ciphertext refused token=4169437531: ciphertext buffer full
[mlkem_channel] ciphertext buffered token=1010120147 nonce_prefix=09a2c014
[mlkem_channel] ciphertext refused token=2356476873: ciphertext buffer full
[mlkem_channel] ciphertext refused token=2169485879: ciphertext buffer full
[mlkem_channel] ciphertext refused token=3037574917: ciphertext buffer full
[mlkem_channel] ciphertext buffered token=3154457881 nonce_prefix=7ebdc515
[mlkem_channel] ciphertext buffered token=1736882122 nonce_prefix=dc16ab8d
[mlkem_channel] ciphertext refused token=2495593838: ciphertext buffer full
[mlkem_channel] ciphertext buffered token=3153828894 nonce_prefix=7a68b1ab
[mlkem_channel] ciphertext buffered token=321337656 nonce_prefix=995de62c
[mlkem_channel] ciphertext buffered token=3819746963 nonce_prefix=7eff639f
[mlkem_channel] ciphertext buffered token=2336547155 nonce_prefix=d1e04c08
[mlkem_channel] ciphertext buffered token=3561908869 nonce_prefix=07d60425
[mlkem_channel] ciphertext buffered token=975111675 nonce_prefix=babd93c2
[mlkem_channel] ciphertext buffered token=7968653 nonce_prefix=2074c339
[mlkem_channel] ciphertext buffered token=1175028349 nonce_prefix=69a9e8bc
[mlkem_channel] ciphertext buffered token=2923845014 nonce_prefix=251093d5
[mlkem_channel] ciphertext buffered token=3735122123 nonce_prefix=6e77ee82
[mlkem_channel] ciphertext buffered token=1164796715 nonce_prefix=580902f2
[mlkem_channel] ciphertext buffered token=1638560823 nonce_prefix=5ddf02d0
[mlkem_channel] ciphertext buffered token=3279223458 nonce_prefix=be58a171
[mlkem_channel] ciphertext buffered token=1297791843 nonce_prefix=6c52f19e
[mlkem_channel] ciphertext buffered token=676811054 nonce_prefix=ec9762ad
[mlkem_channel] ciphertext buffered token=465462567 nonce_prefix=58743174
[mlkem_channel] ciphertext buffered token=1176511202 nonce_prefix=8eecadbf
[mlkem_channel] ciphertext buffered token=3540875582 nonce_prefix=6208c043
[mlkem_channel] ciphertext buffered token=2528239386 nonce_prefix=52398ea9
[mlkem_channel] ciphertext buffered token=1414504700 nonce_prefix=9009d578
[mlkem_channel] ciphertext buffered token=601559933 nonce_prefix=8efec1f4
[mlkem_channel] ciphertext buffered token=3369020152 nonce_prefix=aa4a8c88
[mlkem_channel] ciphertext buffered token=1420592999 nonce_prefix=865e5bad
[mlkem_channel] ciphertext buffered token=1269619514 nonce_prefix=a6c30402
[mlkem_channel] ciphertext buffered token=1652441388 nonce_prefix=cc58a7d0
[mlkem_channel] ciphertext buffered token=814871322 nonce_prefix=b387cfd0
[mlkem_channel] ciphertext buffered token=1414254870 nonce_prefix=db2edf6c
[mlkem_channel] ciphertext buffered token=338277068 nonce_prefix=d1a3874c
[mlkem_channel] ciphertext buffered token=831575772 nonce_prefix=815f25dd
[mlkem_channel] ciphertext buffered token=2504797007 nonce_prefix=9916f382
[mlkem_channel] ciphertext buffered token=2874360197 nonce_prefix=c77a4814
[mlkem_channel] ciphertext buffered token=1727336792 nonce_prefix=4792a05b
[mlkem_channel] ciphertext buffered token=1747112506 nonce_prefix=995c0066
[mlkem_channel] ciphertext buffered token=3072510927 nonce_prefix=5014d788
[mlkem_channel] ciphertext buffered token=910245691 nonce_prefix=73301697
[mlkem_channel] ciphertext buffered token=1076543343 nonce_prefix=df95acbc
[mlkem_channel] ciphertext buffered token=914299374 nonce_prefix=c4c311fa
[mlkem_channel] ciphertext buffered token=58234857 nonce_prefix=77c544c0
[mlkem_channel] ciphertext buffered token=922761284 nonce_prefix=97d928cd
[mlkem_channel] ciphertext buffered token=2440631516 nonce_prefix=6c0f499a
[mlkem_channel] ciphertext buffered token=3745887408 nonce_prefix=9f4c4831
[mlkem_channel] ciphertext buffered token=4073123780 nonce_prefix=e924653a
[mlkem_channel] ciphertext buffered token=1013160769 nonce_prefix=3f3cb85e
[mlkem_channel] ciphertext buffered token=3472465925 nonce_prefix=8684d446
[mlkem_channel] ciphertext buffered token=3657954176 nonce_prefix=ac26c391
[mlkem_channel] ciphertext buffered token=605356377 nonce_prefix=04fd9a93
[mlkem_channel] ciphertext buffered token=896508424 nonce_prefix=2325037e
[mlkem_channel] ciphertext buffered token=3622438273 nonce_prefix=bd845037
[mlkem_channel] ciphertext buffered token=3937428931 nonce_prefix=b3a45f3a
[mlkem_channel] ciphertext buffered token=1288030878 nonce_prefix=b520f161
[mlkem_channel] ciphertext buffered token=1116177345 nonce_prefix=e83ff338
[mlkem_channel] ciphertext buffered token=1447870670 nonce_prefix=813ebe34
[mlkem_channel] ciphertext buffered token=2747979860 nonce_prefix=f958e4d3
[mlkem_channel] ciphertext buffered token=2730028952 nonce_prefix=387d3380
[mlkem_channel] ciphertext buffered token=1600250830 nonce_prefix=0edf22f7
[mlkem_channel] ciphertext buffered token=354197451 nonce_prefix=c835ffb0
[mlkem_channel] ciphertext buffered token=2311757686 nonce_prefix=e42a84ec
[mlkem_channel] ciphertext buffered token=3096235011 nonce_prefix=d9306d8e
[mlkem_channel] ciphertext buffered token=2468004196 nonce_prefix=de84350c
[mlkem_channel] ciphertext buffered token=2433762573 nonce_prefix=821c5bae
[mlkem_channel] ciphertext buffered token=401289329 nonce_prefix=8f63b6b8
[mlkem_channel] ciphertext buffered token=3225908528 nonce_prefix=5a9f5624
[mlkem_channel] ciphertext buffered token=4010402661 nonce_prefix=f49f938a
[mlkem_channel] ciphertext buffered token=366741355 nonce_prefix=9727d876
[mlkem_channel] ciphertext buffered token=2940145198 nonce_prefix=addd0860
[mlkem_channel] ciphertext buffered token=3521341388 nonce_prefix=414b389c
[mlkem_channel] ciphertext buffered token=1568689863 nonce_prefix=e07cc312
[mlkem_channel] ciphertext buffered token=3641299559 nonce_prefix=2fb9f442
[mlkem_channel] ciphertext buffered token=2354111538 nonce_prefix=a3d866f8
[mlkem_channel] ciphertext buffered token=3866617742 nonce_prefix=b8924d0f
[mlkem_channel] ciphertext buffered token=870880781 nonce_prefix=b7571841
[mlkem_channel] ciphertext buffered token=3804749026 nonce_prefix=13504291
[mlkem_channel] ciphertext buffered token=2523760920 nonce_prefix=1ee1ba20
[mlkem_channel] ciphertext buffered token=3577829963 nonce_prefix=ad24b0e1
[mlkem_channel] ciphertext buffered token=3031147306 nonce_prefix=2c9b095b
[mlkem_channel] ciphertext buffered token=2071740433 nonce_prefix=9b46953a
[mlkem_channel] ciphertext buffered token=3668223712 nonce_prefix=86fac3cc
[mlkem_channel] ciphertext buffered token=1815518044 nonce_prefix=37d0355d
[mlkem_channel] ciphertext buffered token=314852268 nonce_prefix=82667390
[mlkem_channel] ciphertext buffered token=3678355227 nonce_prefix=f4199a6f
[mlkem_channel] ciphertext buffered token=3574887591 nonce_prefix=52018804
[mlkem_channel] ciphertext buffered token=1533992087 nonce_prefix=1ed6bf08
[mlkem_channel] ciphertext buffered token=3215635118 nonce_prefix=5cba6b87
[mlkem_channel] ciphertext buffered token=2050136506 nonce_prefix=73029a68
[mlkem_channel] ciphertext buffered token=1737100185 nonce_prefix=57155cd9
[mlkem_channel] ciphertext buffered token=1801388741 nonce_prefix=a16b63a7
[mlkem_channel] ciphertext buffered token=1725904643 nonce_prefix=b8168f8c
[mlkem_channel] ciphertext buffered token=481367115 nonce_prefix=8e597c59
[mlkem_channel] ciphertext buffered token=412583799 nonce_prefix=5cda44cd
[mlkem_channel] ciphertext buffered token=2218076749 nonce_prefix=9149b6f0
[mlkem_channel] ciphertext buffered token=1715368670 nonce_prefix=4c4d1ec1
[mlkem_channel] ciphertext buffered token=3721971690 nonce_prefix=a93182e5
[mlkem_channel] ciphertext buffered token=709599054 nonce_prefix=94d606ef
[mlkem_channel] ciphertext buffered token=1098716496 nonce_prefix=b3dd3337
[mlkem_channel] ciphertext buffered token=3712293932 nonce_prefix=5ccc6bc5
[mlkem_channel] ciphertext buffered token=1023054540 nonce_prefix=bac4b0b6
[mlkem_channel] ciphertext buffered token=2111703261 nonce_prefix=476b8303
[mlkem_channel] ciphertext refused token=2924868853: ciphertext buffer full
[mlkem_channel] ciphertext buffered token=4164387961 nonce_prefix=5c95e9e7
[mlkem_channel] ciphertext buffered token=1052796264 nonce_prefix=40bf7917
[mlkem_channel] ciphertext refused token=3313344734: ciphertext buffer full
[mlkem_channel] ciphertext refused token=2653432030: ciphertext buffer full
[mlkem_channel] ciphertext refused token=2132738531: ciphertext buffer full
[mlkem_channel] ciphertext refused token=3110305816: ciphertext buffer full
[mlkem_channel] ciphertext refused token=1305413197: ciphertext buffer full
[mlkem_channel] ciphertext refused token=3781770236: ciphertext buffer full
[mlkem_channel] ciphertext refused token=2092940399: ciphertext buffer full
[mlkem_channel] ciphertext refused token=409504227: ciphertext buffer full
[mlkem_channel] ciphertext refused token=2705982279: ciphertext buffer full
[mlkem_channel] ciphertext refused token=696287251: ciphertext buffer full
[mlkem_channel] ciphertext refused token=4065482625: ciphertext buffer full
[mlkem_channel] ciphertext refused token=460176172: ciphertext buffer full
[mlkem_channel] ciphertext refused token=1440913421: ciphertext buffer full
[mlkem_channel] ciphertext refused token=1429130631: ciphertext buffer full
[mlkem_channel] ciphertext refused token=2914335811: ciphertext buffer full
[mlkem_channel] ciphertext refused token=3256740283: ciphertext buffer full
[mlkem_channel] ciphertext refused token=2506918929: ciphertext buffer full
[mlkem_channel] ciphertext refused token=3876964306: ciphertext buffer full
[mlkem_channel] ciphertext refused token=1141813187: ciphertext buffer full
[mlkem_channel] ciphertext refused token=2189073475: ciphertext buffer full
[mlkem_channel] ciphertext refused token=1114063490: ciphertext buffer full
[mlkem_channel] ciphertext refused token=938971978: ciphertext buffer full
[mlkem_channel] ciphertext refused token=782216457: ciphertext buffer full
[mlkem_channel] ciphertext refused token=1724726467: ciphertext buffer full
[mlkem_channel] ciphertext refused token=3035427806: ciphertext buffer full
[mlkem_channel] ciphertext refused token=3290775505: ciphertext buffer full
[mlkem_channel] ciphertext refused token=3486395369: ciphertext buffer full
[mlkem_channel] ciphertext refused token=248563291: ciphertext buffer full
[mlkem_channel] ciphertext refused token=2112049467: ciphertext buffer full
[mlkem_channel] ciphertext refused token=2209470131: ciphertext buffer full
[mlkem_channel] ciphertext refused token=623706009: ciphertext buffer full
[mlkem_channel] ciphertext refused token=3509623534: ciphertext buffer full
[mlkem_channel] ciphertext refused token=1086438891: ciphertext buffer full
[mlkem_channel] ciphertext refused token=3340443152: ciphertext buffer full
[mlkem_channel] ciphertext refused token=4052933022: ciphertext buffer full
[mlkem_channel] ciphertext refused token=1273722690: ciphertext buffer full
[mlkem_channel] ciphertext refused token=2146079772: ciphertext buffer full
[mlkem_channel] ciphertext refused token=2810182983: ciphertext buffer full
[mlkem_channel] ciphertext refused token=1582615846: ciphertext buffer full
[mlkem_channel] ciphertext refused token=185097065: ciphertext buffer full
[mlkem_channel] ciphertext refused token=1559956980: ciphertext buffer full
[mlkem_channel] ciphertext refused token=1316287330: ciphertext buffer full
[mlkem_channel] ciphertext refused token=2730838982: ciphertext buffer full
[mlkem_channel] ciphertext refused token=398052962: ciphertext buffer full
[mlkem_channel] ciphertext refused token=866672024: ciphertext buffer full
[mlkem_channel] ciphertext refused token=1067816397: ciphertext buffer full
[mlkem_channel] ciphertext refused token=3821369432: ciphertext buffer full
[mlkem_channel] ciphertext refused token=153227232: ciphertext buffer full
[mlkem_channel] ciphertext refused token=4211723076: ciphertext buffer full
[mlkem_channel] ciphertext refused token=3903969354: ciphertext buffer full
[mlkem_channel] ciphertext refused token=1750178848: ciphertext buffer full
[mlkem_channel] ciphertext refused token=1130894670: ciphertext buffer full
[mlkem_channel] ciphertext refused token=1468177159: ciphertext buffer full
[mlkem_channel] ciphertext refused token=1437946149: ciphertext buffer full
[mlkem_channel] ciphertext refused token=711892897: ciphertext buffer full
[mlkem_channel] ciphertext refused token=1331182830: ciphertext buffer full
[mlkem_channel] ciphertext refused token=3893077326: ciphertext buffer full
[mlkem_channel] ciphertext refused token=3942396850: ciphertext buffer full
[mlkem_channel] ciphertext refused token=2131301716: ciphertext buffer full
[mlkem_channel] ciphertext refused token=2538492100: ciphertext buffer full
[mlkem_channel] ciphertext refused token=737900079: ciphertext buffer full
[mlkem_channel] ciphertext refused token=2848734424: ciphertext buffer full
[mlkem_channel] ciphertext refused token=181895183: ciphertext buffer full
[mlkem_channel] ciphertext refused token=1437880315: ciphertext buffer full
[mlkem_channel] ciphertext refused token=455941016: ciphertext buffer full
[mlkem_channel] ciphertext refused token=666629027: ciphertext buffer full
[mlkem_channel] ciphertext refused token=4094862132: ciphertext buffer full
[mlkem_channel] ciphertext refused token=1943274211: ciphertext buffer full
[mlkem_channel] ciphertext refused token=539938696: ciphertext buffer full
[mlkem_channel] ciphertext refused token=2437994613: ciphertext buffer full
[mlkem_channel] ciphertext refused token=2870800111: ciphertext buffer full
[mlkem_channel] ciphertext refused token=887678038: ciphertext buffer full
[mlkem_channel] ciphertext refused token=575904686: ciphertext buffer full
[mlkem_channel] ciphertext refused token=3240732922: ciphertext buffer full
[mlkem_channel] ciphertext refused token=3834328694: ciphertext buffer full
[mlkem_channel] ciphertext refused token=4255656294: ciphertext buffer full
[mlkem_channel] ciphertext refused token=3025100655: ciphertext buffer full
[mlkem_channel] ciphertext refused token=271348225: ciphertext buffer full
[mlkem_channel] ciphertext refused token=1451587165: ciphertext buffer full
[mlkem_channel] ciphertext refused token=2815455242: ciphertext buffer full
[mlkem_channel] ciphertext refused token=2381421442: ciphertext buffer full
[mlkem_channel] ciphertext refused token=1057030458: ciphertext buffer full
[mlkem_channel] ciphertext refused token=308182996: ciphertext buffer full
[mlkem_channel] ciphertext refused token=4029673319: ciphertext buffer full
[mlkem_channel] ciphertext refused token=365020049: ciphertext buffer full
[mlkem_channel] ciphertext refused token=943806040: ciphertext buffer full
[mlkem_channel] ciphertext refused token=1992494707: ciphertext buffer full
[mlkem_channel] ciphertext refused token=1885244188: ciphertext buffer full
[mlkem_channel] ciphertext refused token=4118961413: ciphertext buffer full
[mlkem_channel] ciphertext refused token=4165114234: ciphertext buffer full
[mlkem_channel] ciphertext refused token=3952600812: ciphertext buffer full
[mlkem_channel] ciphertext refused token=4203918721: ciphertext buffer full
[mlkem_channel] ciphertext refused token=1597737299: ciphertext buffer full
[mlkem_channel] ciphertext refused token=2138733709: ciphertext buffer full
[mlkem_channel] ciphertext refused token=4034831237: ciphertext buffer full
[mlkem_channel] ciphertext refused token=3848990782: ciphertext buffer full
[mlkem_channel] ciphertext refused token=2445029676: ciphertext buffer full
[mlkem_channel] ciphertext refused token=3283637962: ciphertext buffer full
[mlkem_channel] ciphertext refused token=830271177: ciphertext buffer full
[mlkem_channel] ciphertext refused token=4235849649: ciphertext buffer full
[mlkem_channel] ciphertext refused token=2243108261: ciphertext buffer full
[mlkem_channel] ciphertext refused token=1506771829: ciphertext buffer full
[mlkem_channel] ciphertext refused token=2322737691: ciphertext buffer full
[mlkem_channel] ciphertext refused token=3176914530: ciphertext buffer full
[mlkem_channel] ciphertext refused token=2258308544: ciphertext buffer full
[mlkem_channel] ciphertext refused token=2833342802: ciphertext buffer full
[mlkem_channel] ciphertext refused token=3229434824: ciphertext buffer full
[mlkem_channel] ciphertext refused token=2186629845: ciphertext buffer full
[mlkem_channel] ciphertext refused token=2951485753: ciphertext buffer full
[mlkem_channel] ciphertext refused token=839536173: ciphertext buffer full
[mlkem_channel] ciphertext refused token=1992755394: ciphertext buffer full
[mlkem_channel] ciphertext refused token=2422443096: ciphertext buffer full
[mlkem_channel] ciphertext refused token=785634928: ciphertext buffer full
[mlkem_channel] ciphertext refused token=2972916621: ciphertext buffer full
[mlkem_channel] ciphertext refused token=3133308881: ciphertext buffer full
[mlkem_channel] ciphertext refused token=342401187: ciphertext buffer full
[mlkem_channel] ciphertext refused token=4156470620: ciphertext buffer full
[mlkem_channel] ciphertext refused token=3238603390: ciphertext buffer full
[mlkem_channel] ciphertext refused token=74605799: ciphertext buffer full
[mlkem_channel] ciphertext refused token=3152670669: ciphertext buffer full
[mlkem_channel] ciphertext refused token=3538780972: ciphertext buffer full
[mlkem_channel] ciphertext refused token=3364652573: ciphertext buffer full
[mlkem_channel] ciphertext refused token=1521625982: ciphertext buffer full
[mlkem_channel] ciphertext refused token=2872224188: ciphertext buffer full
[mlkem_channel] ciphertext refused token=1505042297: ciphertext buffer full
[mlkem_channel] ciphertext refused token=2417444408: ciphertext buffer full
[mlkem_channel] ciphertext refused token=264956880: ciphertext buffer full
[mlkem_channel] ciphertext refused token=3222205971: ciphertext buffer full
[mlkem_channel] ciphertext refused token=2196000520: ciphertext buffer full
[mlkem_channel] ciphertext refused token=2850601793: ciphertext buffer full
[mlkem_channel] ciphertext refused token=3612391908: ciphertext buffer full
[mlkem_channel] ciphertext refused token=2466298018: ciphertext buffer full
[mlkem_channel] ciphertext refused token=487892924: ciphertext buffer full
[mlkem_channel] ciphertext refused token=1121610554: ciphertext buffer full
[mlkem_channel] ciphertext refused token=1146102182: ciphertext buffer full
[mlkem_channel] ciphertext refused token=2980829496: ciphertext buffer full
[mlkem_channel] ciphertext refused token=3708928170: ciphertext buffer full
[mlkem_channel] ciphertext refused token=1053690442: ciphertext buffer full
[mlkem_channel] ciphertext refused token=1493283236: ciphertext buffer full
[mlkem_channel] ciphertext refused token=2478498206: ciphertext buffer full
[mlkem_channel] ciphertext refused token=3265964671: ciphertext buffer full
[mlkem_channel] ciphertext refused token=1282728568: ciphertext buffer full
[mlkem_channel] ciphertext refused token=483127591: ciphertext buffer full
[mlkem_channel] ciphertext refused token=1817775435: ciphertext buffer full
[mlkem_channel] ciphertext refused token=1861113142: ciphertext buffer full
[mlkem_channel] ciphertext refused token=1072353580: ciphertext buffer full
[mlkem_channel] ciphertext refused token=2361585463: ciphertext buffer full
[mlkem_channel] ciphertext refused token=2613341685: ciphertext buffer full
[mlkem_channel] ciphertext refused token=3951339103: ciphertext buffer full
[mlkem_channel] ciphertext refused token=4069803532: ciphertext buffer full
[mlkem_channel] ciphertext refused token=2595771843: ciphertext buffer full
[mlkem_channel] ciphertext refused token=2931879869: ciphertext buffer full
[mlkem_channel] ciphertext refused token=2339380733: ciphertext buffer full
[mlkem_channel] ciphertext refused token=4221344162: ciphertext buffer full
[mlkem_channel] ciphertext refused token=2542250366: ciphertext buffer full
[mlkem_channel] ciphertext refused token=3160372161: ciphertext buffer full
[mlkem_channel] ciphertext refused token=2279408106: ciphertext buffer full
[mlkem_channel] ciphertext refused token=4136915789: ciphertext buffer full
[mlkem_channel] ciphertext refused token=2605725978: ciphertext buffer full
[mlkem_channel] ciphertext refused token=891182622: ciphertext buffer full
[mlkem_channel] ciphertext refused token=1489527362: ciphertext buffer full
[mlkem_channel] ciphertext refused token=3947827903: ciphertext buffer full
[mlkem_channel] ciphertext refused token=2297812664: ciphertext buffer full
[mlkem_channel] ciphertext refused token=4005277283: ciphertext buffer full
[mlkem_channel] ciphertext refused token=1087628495: ciphertext buffer full
[mlkem_channel] ciphertext refused token=2265401886: ciphertext buffer full
[mlkem_channel] ciphertext refused token=4136851640: ciphertext buffer full
[mlkem_channel] ciphertext refused token=2822100: ciphertext buffer full
[mlkem_channel] ciphertext refused token=51791877: ciphertext buffer full
[mlkem_channel] ciphertext refused token=2557614469: ciphertext buffer full
[mlkem_channel] ciphertext refused token=1939897175: ciphertext buffer full
[mlkem_channel] ciphertext refused token=3933107326: ciphertext buffer full
[mlkem_channel] ciphertext refused token=1441445788: ciphertext buffer full
[mlkem_channel] ciphertext refused token=2345897813: ciphertext buffer full
[mlkem_channel] ciphertext refused token=3115579197: ciphertext buffer full
[mlkem_channel] ciphertext refused token=579949041: ciphertext buffer full
[mlkem_channel] ciphertext refused token=2854981511: ciphertext buffer full
[mlkem_channel] ciphertext refused token=1052342831: ciphertext buffer full
[mlkem_channel] ciphertext refused token=4218596636: ciphertext buffer full
[mlkem_channel] ciphertext refused token=1321839701: ciphertext buffer full
[mlkem_channel] ciphertext refused token=4040550672: ciphertext buffer full
[mlkem_channel] ciphertext refused token=2533000158: ciphertext buffer full
[mlkem_channel] ciphertext refused token=3111041708: ciphertext buffer full
[mlkem_channel] ciphertext refused token=773690753: ciphertext buffer full
[mlkem_channel] ciphertext refused token=2611433969: ciphertext buffer full
[mlkem_channel] ciphertext refused token=1617973255: ciphertext buffer full
[mlkem_channel] ciphertext refused token=548469129: ciphertext buffer full
[mlkem_channel] ciphertext refused token=1031386362: ciphertext buffer full
[mlkem_channel] ciphertext refused token=471311592: ciphertext buffer full
[mlkem_channel] ciphertext refused token=1256763074: ciphertext buffer full
[mlkem_channel] ciphertext refused token=1499376150: ciphertext buffer full
[mlkem_channel] ciphertext refused token=3804684583: ciphertext buffer full
[mlkem_channel] ciphertext refused token=2024273935: ciphertext buffer full
[mlkem_channel] ciphertext refused token=1625957842: ciphertext buffer full
[mlkem_channel] ciphertext refused token=2080544648: ciphertext buffer full
[mlkem_channel] ciphertext refused token=1581860160: ciphertext buffer full
[mlkem_channel] ciphertext refused token=2811875034: ciphertext buffer full
[mlkem_channel] ciphertext refused token=418157711: ciphertext buffer full
[mlkem_channel] ciphertext refused token=2118500612: ciphertext buffer full
[mlkem_channel] ciphertext refused token=2623283958: ciphertext buffer full
[mlkem_channel] ciphertext refused token=2434217009: ciphertext buffer full
[mlkem_channel] ciphertext refused token=3609925499: ciphertext buffer full
[mlkem_channel] ciphertext refused token=69938823: ciphertext buffer full
[mlkem_channel] ciphertext refused token=405062316: ciphertext buffer full
[mlkem_channel] ciphertext refused token=232488546: ciphertext buffer full
[mlkem_channel] ciphertext refused token=3070531001: ciphertext buffer full
[mlkem_channel] ciphertext refused token=2801312456: ciphertext buffer full
[mlkem_channel] ciphertext refused token=3863776367: ciphertext buffer full
[mlkem_channel] ciphertext refused token=4097280624: ciphertext buffer full
[mlkem_channel] ciphertext refused token=2749712768: ciphertext buffer full
[mlkem_channel] ciphertext refused token=635510409: ciphertext buffer full
[mlkem_channel] ciphertext refused token=4210391744: ciphertext buffer full
[mlkem_channel] ciphertext refused token=3472907670: ciphertext buffer full
[mlkem_channel] ciphertext refused token=363264612: ciphertext buffer full
[mlkem_channel] ciphertext refused token=420080164: ciphertext buffer full
[mlkem_channel] ciphertext refused token=2378508693: ciphertext buffer full
[mlkem_channel] ciphertext refused token=830840089: ciphertext buffer full
[mlkem_channel] ciphertext refused token=574165166: ciphertext buffer full
[mlkem_channel] ciphertext refused token=1493297609: ciphertext buffer full
[mlkem_channel] ciphertext refused token=1044257394: ciphertext buffer full
[mlkem_channel] ciphertext refused token=3418777616: ciphertext buffer full
[mlkem_channel] ciphertext refused token=502614629: ciphertext buffer full
[mlkem_channel] ciphertext refused token=3422260221: ciphertext buffer full
[mlkem_channel] ciphertext refused token=722584629: ciphertext buffer full
[mlkem_channel] ciphertext refused token=1535957153: ciphertext buffer full
[mlkem_channel] ciphertext refused token=2348708980: ciphertext buffer full
[mlkem_channel] ciphertext refused token=1320800110: ciphertext buffer full
[mlkem_channel] ciphertext refused token=3010048451: ciphertext buffer full
[mlkem_channel] ciphertext refused token=4264807730: ciphertext buffer full
[mlkem_channel] ciphertext refused token=3997236594: ciphertext buffer full
[mlkem_channel] ciphertext refused token=2956636445: ciphertext buffer full
[mlkem_channel] ciphertext refused token=1956041619: ciphertext buffer full
[mlkem_channel] ciphertext refused token=3763035733: ciphertext buffer full
[mlkem_channel] ciphertext refused token=2577187934: ciphertext buffer full
[mlkem_channel] ciphertext refused token=1943625256: ciphertext buffer full
[mlkem_channel] ciphertext refused token=3291783345: ciphertext buffer full
[mlkem_channel] ciphertext refused token=3779465076: ciphertext buffer full
[mlkem_channel] ciphertext refused token=929582040: ciphertext buffer full
[mlkem_channel] ciphertext refused token=3065614357: ciphertext buffer full
[mlkem_channel] ciphertext refused token=3652418872: ciphertext buffer full
[mlkem_channel] ciphertext refused token=1543457269: ciphertext buffer full
[mlkem_channel] ciphertext refused token=3098064650: ciphertext buffer full
[mlkem_channel] ciphertext refused token=3640638710: ciphertext buffer full
[mlkem_channel] ciphertext refused token=1510296627: ciphertext buffer full
[mlkem_channel] ciphertext refused token=936829906: ciphertext buffer full
[mlkem_channel] ciphertext refused token=2767544753: ciphertext buffer full
[mlkem_channel] ciphertext refused token=4125782778: ciphertext buffer full
[mlkem_channel] ciphertext refused token=2469775456: ciphertext buffer full
[mlkem_channel] ciphertext refused token=938125242: ciphertext buffer full
[mlkem_channel] ciphertext refused token=943794211: ciphertext buffer full
[mlkem_channel] ciphertext refused token=1591423855: ciphertext buffer full
[mlkem_channel] ciphertext refused token=2005578507: ciphertext buffer full
[mlkem_channel] ciphertext refused token=3038035346: ciphertext buffer full
[mlkem_channel] ciphertext refused token=3645776022: ciphertext buffer full
[mlkem_channel] ciphertext refused token=25715776: ciphertext buffer full
[mlkem_channel] ciphertext refused token=430466270: ciphertext buffer full
[mlkem_channel] ciphertext refused token=485082418: ciphertext buffer full
[mlkem_channel] ciphertext refused token=81454697: ciphertext buffer full
[mlkem_channel] ciphertext refused token=1791633267: ciphertext buffer full
[mlkem_channel] ciphertext refused token=777907164: ciphertext buffer full
[mlkem_channel] ciphertext refused token=2349482825: ciphertext buffer full
[mlkem_channel] ciphertext refused token=2298149125: ciphertext buffer full
[mlkem_channel] ciphertext refused token=158425959: ciphertext buffer full
[mlkem_channel] ciphertext refused token=430429527: ciphertext buffer full
[mlkem_channel] ciphertext refused token=4112429718: ciphertext buffer full
[mlkem_channel] ciphertext refused token=384635778: ciphertext buffer full
[mlkem_channel] ciphertext refused token=2865702118: ciphertext buffer full
[mlkem_channel] ciphertext refused token=3293286255: ciphertext buffer full
[mlkem_channel] ciphertext refused token=3328508089: ciphertext buffer full
[mlkem_channel] ciphertext refused token=3275449204: ciphertext buffer full
[mlkem_channel] ciphertext refused token=3827654503: ciphertext buffer full
[mlkem_channel] ciphertext refused token=2212758190: ciphertext buffer full
[mlkem_channel] ciphertext refused token=4092562434: ciphertext buffer full
[mlkem_channel] ciphertext refused token=634292951: ciphertext buffer full
[mlkem_channel] ciphertext refused token=592865141: ciphertext buffer full
[mlkem_channel] ciphertext refused token=4036617266: ciphertext buffer full
[mlkem_channel] ciphertext refused token=106931520: ciphertext buffer full
[mlkem_channel] ciphertext refused token=1953333201: ciphertext buffer full
[mlkem_channel] ciphertext refused token=1050722037: ciphertext buffer full
[mlkem_channel] ciphertext refused token=136070576: ciphertext buffer full
[mlkem_channel] ciphertext refused token=3234810117: ciphertext buffer full
[mlkem_channel] ciphertext refused token=110882008: ciphertext buffer full
[mlkem_channel] ciphertext refused token=435020968: ciphertext buffer full
[mlkem_channel] ciphertext refused token=755042266: ciphertext buffer full
[mlkem_channel] ciphertext refused token=6132352: ciphertext buffer full
[mlkem_channel] ciphertext refused token=1075570749: ciphertext buffer full
[mlkem_channel] ciphertext refused token=327432024: ciphertext buffer full
[mlkem_channel] ciphertext refused token=1717153917: ciphertext buffer full
[mlkem_channel] ciphertext refused token=1079600921: ciphertext buffer full
[mlkem_channel] ciphertext refused token=2798743555: ciphertext buffer full
[mlkem_channel] ciphertext refused token=1305845275: ciphertext buffer full
[mlkem_channel] ciphertext refused token=778674839: ciphertext buffer full
[mlkem_channel] ciphertext refused token=3882567944: ciphertext buffer full
[mlkem_channel] ciphertext refused token=4275813709: ciphertext buffer full
[mlkem_channel] ciphertext refused token=3350165205: ciphertext buffer full
[mlkem_channel] ciphertext refused token=3733821201: ciphertext buffer full
[mlkem_channel] ciphertext refused token=1139487447: ciphertext buffer full
[mlkem_channel] ciphertext refused token=2255913720: ciphertext buffer full
[mlkem_channel] ciphertext refused token=886577135: ciphertext buffer full
[mlkem_channel] ciphertext refused token=2616838685: ciphertext buffer full
[mlkem_channel] ciphertext refused token=474761224: ciphertext buffer full
[mlkem_channel] ciphertext refused token=891562553: ciphertext buffer full
[mlkem_channel] ciphertext refused token=1325981256: ciphertext buffer full
[mlkem_channel] ciphertext refused token=670226173: ciphertext buffer full
[mlkem_channel] ciphertext refused token=1975139658: ciphertext buffer full
[mlkem_channel] ciphertext refused token=1116918837: ciphertext buffer full
[mlkem_channel] ciphertext refused token=2621838083: ciphertext buffer full
[mlkem_channel] ciphertext refused token=838390676: ciphertext buffer full
[mlkem_channel] ciphertext refused token=2584218411: ciphertext buffer full
[mlkem_channel] ciphertext refused token=1243313178: ciphertext buffer full
[mlkem_channel] ciphertext refused token=3065751237: ciphertext buffer full
[mlkem_channel] ciphertext refused token=1452959290: ciphertext buffer full
[mlkem_channel] ciphertext refused token=4277223630: ciphertext buffer full
[mlkem_channel] ciphertext refused token=4051805371: ciphertext buffer full
[mlkem_channel] ciphertext refused token=667267348: ciphertext buffer full
[mlkem_channel] ciphertext refused token=2670235519: ciphertext buffer full
[mlkem_channel] ciphertext refused token=1383124141: ciphertext buffer full
[mlkem_channel] ciphertext refused token=3868947055: ciphertext buffer full
[mlkem_channel] ciphertext refused token=3695113780: ciphertext buffer full
[mlkem_channel] ciphertext refused token=3742246189: ciphertext buffer full
[mlkem_channel] ciphertext refused token=426625064: ciphertext buffer full
[mlkem_channel] ciphertext refused token=3608773121: ciphertext buffer full
[mlkem_channel] ciphertext refused token=3797790335: ciphertext buffer full
[mlkem_channel] ciphertext refused token=3130198416: ciphertext buffer full
[mlkem_channel] ciphertext refused token=2372798392: ciphertext buffer full
[mlkem_channel] ciphertext refused token=259049936: ciphertext buffer full
[mlkem_channel] ciphertext refused token=3579380937: ciphertext buffer full
[mlkem_channel] ciphertext refused token=3543842383: ciphertext buffer full
[mlkem_channel] ciphertext refused token=3148881183: ciphertext buffer full
[mlkem_channel] ciphertext refused token=401071487: ciphertext buffer full
[mlkem_channel] ciphertext refused token=2093032241: ciphertext buffer full
[mlkem_channel] ciphertext refused token=2108555535: ciphertext buffer full
[mlkem_channel] ciphertext refused token=963524526: ciphertext buffer full
[mlkem_channel] ciphertext refused token=2933450242: ciphertext buffer full
[mlkem_channel] ciphertext refused token=106882072: ciphertext buffer full
[mlkem_channel] ciphertext refused token=262252835: ciphertext buffer full
[mlkem_channel] ciphertext refused token=2088309582: ciphertext buffer full
[mlkem_channel] ciphertext refused token=3962933762: ciphertext buffer full
[mlkem_channel] ciphertext refused token=3470876542: ciphertext buffer full
[mlkem_channel] ciphertext refused token=1648584434: ciphertext buffer full
[mlkem_channel] ciphertext refused token=3087565134: ciphertext buffer full
[mlkem_channel] ciphertext refused token=3951023106: ciphertext buffer full
[mlkem_channel] ciphertext refused token=214208916: ciphertext buffer full
[mlkem_channel] ciphertext refused token=2984023878: ciphertext buffer full
[mlkem_channel] ciphertext refused token=422669388: ciphertext buffer full
[mlkem_channel] ciphertext refused token=1048449714: ciphertext buffer full
[mlkem_channel] ciphertext refused token=2383119423: ciphertext buffer full
[mlkem_channel] ciphertext refused token=2492524322: ciphertext buffer full
[mlkem_channel] ciphertext refused token=1931334881: ciphertext buffer full
[mlkem_channel] ciphertext refused token=1483769243: ciphertext buffer full
[mlkem_channel] ciphertext refused token=1355713918: ciphertext buffer full
[mlkem_channel] ciphertext refused token=3867321760: ciphertext buffer full
[mlkem_channel] ciphertext refused token=770113995: ciphertext buffer full
[mlkem_channel] ciphertext refused token=15936965: ciphertext buffer full
[mlkem_channel] ciphertext buffered token=743655385 nonce_prefix=5f45582f
[mlkem_channel] ciphertext buffered token=2026241293 nonce_prefix=c64dc8f2
[mlkem_channel] ciphertext buffered token=2529242971 nonce_prefix=006ee1c6
[mlkem_channel] ciphertext buffered token=3658446923 nonce_prefix=27c903ee
[mlkem_channel] ciphertext buffered token=2076891251 nonce_prefix=e138df3f
[mlkem_channel] ciphertext refused token=3264655493: ciphertext buffer full
[mlkem_channel] ciphertext refused token=735896655: ciphertext buffer full
[mlkem_channel] ciphertext buffered token=3193388000 nonce_prefix=0076333d
[mlkem_channel] ciphertext buffered token=1548924839 nonce_prefix=94129105
[mlkem_channel] ciphertext buffered token=1746548955 nonce_prefix=1430c1d4
[mlkem_channel] ciphertext buffered token=3132939454 nonce_prefix=fae17e31
[mlkem_channel] ciphertext buffered token=1521841782 nonce_prefix=56a30895
[mlkem_channel] ciphertext buffered token=3968876656 nonce_prefix=d3caad12
[mlkem_channel] ciphertext buffered token=672402659 nonce_prefix=11101b5b
[mlkem_channel] ciphertext buffered token=3582475550 nonce_prefix=16f27df3
[mlkem_channel] ciphertext buffered token=4280618178 nonce_prefix=3345115d
[mlkem_channel] ciphertext buffered token=2646389493 nonce_prefix=a8aad59f
[mlkem_channel] ciphertext buffered token=2864167529 nonce_prefix=e2a1139d
[mlkem_channel] ciphertext buffered token=651272071 nonce_prefix=509e26a8
[mlkem_channel] ciphertext refused token=3219027030: ciphertext buffer full
[mlkem_channel] ciphertext buffered token=3589087254 nonce_prefix=bc35e8eb
[mlkem_channel] ciphertext refused token=763997944: ciphertext buffer full
[mlkem_channel] ciphertext buffered token=3157410139 nonce_prefix=87ddec2f
[mlkem_channel] ciphertext refused token=3696522370: ciphertext buffer full
[mlkem_channel] ciphertext refused token=3391306937: ciphertext buffer full
[mlkem_channel] ciphertext buffered token=52157956 nonce_prefix=fc22dcd4
[mlkem_channel] ciphertext buffered token=2294135278 nonce_prefix=9e9d8d7a
[mlkem_channel] ciphertext buffered token=2831730408 nonce_prefix=75f612f5
[mlkem_channel] ciphertext refused token=3850291581: ciphertext buffer full
[mlkem_channel] ciphertext buffered token=781110199 nonce_prefix=c3f516e6
[mlkem_channel] ciphertext buffered token=585420559 nonce_prefix=1365c018
[mlkem_channel] ciphertext buffered token=3705831336 nonce_prefix=e637e8ea
[mlkem_channel] ciphertext buffered token=3901261512 nonce_prefix=d1c1320e
[mlkem_channel] ciphertext buffered token=1431851442 nonce_prefix=f426c07f
[mlkem_channel] ciphertext buffered token=3484045675 nonce_prefix=efb63a7f
[mlkem_channel] ciphertext buffered token=3971498686 nonce_prefix=180911d0
[mlkem_channel] ciphertext buffered token=4271220559 nonce_prefix=7db87633
[mlkem_channel] ciphertext buffered token=1205737574 nonce_prefix=470e1dcc
[mlkem_channel] ciphertext buffered token=1689253088 nonce_prefix=cf94268c
[mlkem_channel] ciphertext buffered token=3236755854 nonce_prefix=05c9007f
[mlkem_channel] ciphertext buffered token=2322812967 nonce_prefix=2d3fb32c
[mlkem_channel] ciphertext buffered token=1840939638 nonce_prefix=7de96776
[mlkem_channel] ciphertext buffered token=2692053942 nonce_prefix=e2e61d69
[mlkem_channel] ciphertext buffered token=76333941 nonce_prefix=497611d8
[mlkem_channel] ciphertext buffered token=1446584562 nonce_prefix=45fbeb18
[mlkem_channel] ciphertext buffered token=2481350132 nonce_prefix=5cddae5d
[mlkem_channel] ciphertext buffered token=3059995951 nonce_prefix=559bbc86
[mlkem_channel] ciphertext buffered token=2746083279 nonce_prefix=026d92d6
[mlkem_channel] ciphertext buffered token=3875134114 nonce_prefix=328324c3
[mlkem_channel] ciphertext buffered token=96445867 nonce_prefix=12ca6a8d
[mlkem_channel] ciphertext buffered token=2772799992 nonce_prefix=cc830390
[mlkem_channel] ciphertext buffered token=4161029108 nonce_prefix=56a1d53f
[mlkem_channel] ciphertext buffered token=1925070374 nonce_prefix=3e13ac5c
[mlkem_channel] ciphertext buffered token=2834874565 nonce_prefix=8567bad5
[mlkem_channel] ciphertext buffered token=1813331673 nonce_prefix=ccbc0a43
[mlkem_channel] ciphertext buffered token=1070629006 nonce_prefix=cec57ce2
[mlkem_channel] ciphertext buffered token=2213443134 nonce_prefix=2d563dba
[mlkem_channel] ciphertext buffered token=4255517778 nonce_prefix=48dab17b
[mlkem_channel] ciphertext buffered token=2173937606 nonce_prefix=35259522
[mlkem_channel] ciphertext buffered token=1001372375 nonce_prefix=634576e2
[mlkem_channel] ciphertext buffered token=3687390787 nonce_prefix=84a516a4
[mlkem_channel] ciphertext buffered token=91985011 nonce_prefix=408337e6
[mlkem_channel] ciphertext buffered token=159822599 nonce_prefix=e042aadc
[mlkem_channel] ciphertext buffered token=4189733357 nonce_prefix=05dbe709
[mlkem_channel] ciphertext buffered token=675252550 nonce_prefix=f27dfd28
[mlkem_channel] ciphertext buffered token=2838934109 nonce_prefix=fc252b26
[mlkem_channel] ciphertext buffered token=2925421505 nonce_prefix=22894bbf
[mlkem_channel] ciphertext buffered token=2987190575 nonce_prefix=7ea254c2
[mlkem_channel] ciphertext buffered token=79496148 nonce_prefix=44b94d5b
[mlkem_channel] ciphertext buffered token=181256472 nonce_prefix=4313d901
[mlkem_channel] ciphertext buffered token=3738181734 nonce_prefix=10e1221f
[mlkem_channel] ciphertext buffered token=1743203485 nonce_prefix=37e58f70
[mlkem_channel] ciphertext buffered token=2585889375 nonce_prefix=1d7d8652
[mlkem_channel] ciphertext buffered token=433522650 nonce_prefix=39e7b794
[mlkem_channel] ciphertext buffered token=1345198181 nonce_prefix=f140a492
[mlkem_channel] ciphertext buffered token=2153412214 nonce_prefix=425f0503
[mlkem_channel] ciphertext buffered token=3522686921 nonce_prefix=b7a860cf
[mlkem_channel] ciphertext buffered token=2886961225 nonce_prefix=c8e83b76
[mlkem_channel] ciphertext buffered token=4282883684 nonce_prefix=95f71a12
[mlkem_channel] ciphertext buffered token=2112819600 nonce_prefix=3ffa24c6
[mlkem_channel] ciphertext buffered token=3185382124 nonce_prefix=b2465133
[mlkem_channel] ciphertext buffered token=4218698118 nonce_prefix=b1a0e2b1
[mlkem_channel] ciphertext buffered token=792239737 nonce_prefix=ba6c75d7
[mlkem_channel] ciphertext buffered token=697687796 nonce_prefix=42f9cc87
[mlkem_channel] ciphertext buffered token=1812428299 nonce_prefix=7c8189a6
[mlkem_channel] ciphertext buffered token=3179797038 nonce_prefix=27652017
[mlkem_channel] ciphertext buffered token=3132973192 nonce_prefix=80d28242
[mlkem_channel] ciphertext buffered token=1744305461 nonce_prefix=61dfd07b
[mlkem_channel] ciphertext buffered token=1790644908 nonce_prefix=f05b1a35
[mlkem_channel] ciphertext buffered token=2215429607 nonce_prefix=7db2b5cd
[mlkem_channel] ciphertext buffered token=3530439892 nonce_prefix=735ef304
[mlkem_channel] ciphertext buffered token=2090423707 nonce_prefix=24c3f0d9
[mlkem_channel] ciphertext buffered token=905053687 nonce_prefix=0fdb034e
[mlkem_channel] ciphertext buffered token=3731602781 nonce_prefix=cdfaffa7
[mlkem_channel] ciphertext buffered token=3529628033 nonce_prefix=5720e0bd
[mlkem_channel] ciphertext buffered token=1987559163 nonce_prefix=0b9e8059
[mlkem_channel] ciphertext buffered token=3888179073 nonce_prefix=a81cbc91
[mlkem_channel] ciphertext buffered token=819512420 nonce_prefix=a65208c8
[mlkem_channel] ciphertext buffered token=3004226441 nonce_prefix=3162c6ae
[mlkem_channel] ciphertext buffered token=513649993 nonce_prefix=3941818e
[mlkem_channel] ciphertext buffered token=3641118749 nonce_prefix=9a5a8ab2
[mlkem_channel] ciphertext buffered token=419694455 nonce_prefix=c2c76290
[mlkem_channel] ciphertext buffered token=3113250256 nonce_prefix=6f457395
[mlkem_channel] ciphertext buffered token=1170611022 nonce_prefix=7c01fa4b
[mlkem_channel] ciphertext buffered token=760522927 nonce_prefix=5dcb4787
[mlkem_channel] ciphertext buffered token=1304890508 nonce_prefix=9f2e1635
[mlkem_channel] ciphertext buffered token=3545924027 nonce_prefix=7a899090
[mlkem_channel] ciphertext buffered token=971681762 nonce_prefix=ef323b1d
[mlkem_channel] ciphertext buffered token=2765139968 nonce_prefix=289f85e2
[mlkem_channel] ciphertext buffered token=1743724895 nonce_prefix=71fdd9cc
[mlkem_channel] ciphertext buffered token=3018695849 nonce_prefix=ec8c7b3d
[mlkem_channel] ciphertext buffered token=1809100864 nonce_prefix=11a8f75b
[mlkem_channel] ciphertext buffered token=1525861355 nonce_prefix=88c62be0
[mlkem_channel] ciphertext buffered token=3027341169 nonce_prefix=70f9893e
[mlkem_channel] ciphertext buffered token=1633840909 nonce_prefix=67701eb1
[mlkem_channel] ciphertext buffered token=3845000879 nonce_prefix=8eea680e
[mlkem_channel] ciphertext buffered token=1406931336 nonce_prefix=7b5bd409
[mlkem_channel] ciphertext buffered token=2513912353 nonce_prefix=8b3f077d
[mlkem_channel] ciphertext buffered token=3038336962 nonce_prefix=055ed28a
[mlkem_channel] ciphertext buffered token=2606398480 nonce_prefix=62943abb
[mlkem_channel] ciphertext buffered token=62008552 nonce_prefix=954be24c
[mlkem_channel] ciphertext buffered token=4278875614 nonce_prefix=c48dd07c
[mlkem_channel] ciphertext buffered token=941034391 nonce_prefix=3cc7ab8a
[mlkem_channel] ciphertext buffered token=1240087960 nonce_prefix=68a44981
[mlkem_channel] ciphertext buffered token=2753618234 nonce_prefix=c6df33d1
[mlkem_channel] ciphertext buffered token=2540147785 nonce_prefix=02990c28
[mlkem_channel] ciphertext buffered token=2432323664 nonce_prefix=c710350a
[mlkem_channel] ciphertext buffered token=256743855 nonce_prefix=978ec6ea
[mlkem_channel] ciphertext buffered token=2001973696 nonce_prefix=63903154
[mlkem_channel] ciphertext buffered token=669082594 nonce_prefix=4e447844
[mlkem_channel] ciphertext buffered token=3253662879 nonce_prefix=2e6adb8d
[mlkem_channel] ciphertext buffered token=3974454077 nonce_prefix=31f03101
[mlkem_channel] ciphertext buffered token=610630190 nonce_prefix=06222d19
[mlkem_channel] ciphertext buffered token=1925232585 nonce_prefix=280f7dcd
[mlkem_channel] ciphertext buffered token=2616016295 nonce_prefix=9bdf7367
[mlkem_channel] ciphertext buffered token=2203927602 nonce_prefix=d984bc89
[mlkem_channel] ciphertext buffered token=2086684535 nonce_prefix=b9ee5c3c
[mlkem_channel] ciphertext buffered token=2724951992 nonce_prefix=923c6738
[mlkem_channel] ciphertext buffered token=329441017 nonce_prefix=759be8de
[mlkem_channel] ciphertext buffered token=2528796068 nonce_prefix=c796978b
[mlkem_channel] ciphertext buffered token=3708339022 nonce_prefix=4d78171b
[mlkem_channel] ciphertext buffered token=1431477033 nonce_prefix=24d4582c
[mlkem_channel] ciphertext buffered token=2600947683 nonce_prefix=5871e92a
[mlkem_channel] ciphertext buffered token=3584582260 nonce_prefix=809d7f27
[mlkem_channel] ciphertext buffered token=1092611679 nonce_prefix=8ffb90d7
[mlkem_channel] ciphertext buffered token=183442951 nonce_prefix=6a63c911
[mlkem_channel] ciphertext buffered token=296474122 nonce_prefix=48726197
[mlkem_channel] ciphertext buffered token=854346382 nonce_prefix=1a9bf0f9
[mlkem_channel] ciphertext buffered token=1213488658 nonce_prefix=9f77cc31
[mlkem_channel] ciphertext buffered token=1027867502 nonce_prefix=3bffe7cf
[mlkem_channel] ciphertext buffered token=3551981015 nonce_prefix=e6bb70ef
[mlkem_channel] ciphertext buffered token=4017773559 nonce_prefix=3bd58597
[mlkem_channel] ciphertext buffered token=2548858730 nonce_prefix=be925a95
[mlkem_channel] ciphertext buffered token=1234750133 nonce_prefix=af88c881
[mlkem_channel] ciphertext buffered token=1132780281 nonce_prefix=77bfe84a
[mlkem_channel] ciphertext refused token=467399949: ciphertext buffer full
[mlkem_channel] ciphertext buffered token=1089472001 nonce_prefix=bf798a7e
[mlkem_channel] ciphertext refused token=3432885995: ciphertext buffer full
[mlkem_channel] ciphertext buffered token=2825253338 nonce_prefix=6002972b
[mlkem_channel] ciphertext buffered token=1156619449 nonce_prefix=9002745b
[mlkem_channel] ciphertext refused token=4186211196: ciphertext buffer full
[mlkem_channel] ciphertext buffered token=4181735780 nonce_prefix=1cd9a92c
[mlkem_channel] ciphertext refused token=4238509092: ciphertext buffer full
[mlkem_channel] ciphertext refused token=2669562833: ciphertext buffer full
[mlkem_channel] ciphertext buffered token=590030856 nonce_prefix=a24b7c9d
[mlkem_channel] ciphertext buffered token=863566101 nonce_prefix=775b4641
[mlkem_channel] ciphertext buffered token=2115735437 nonce_prefix=f85876d1
[mlkem_channel] ciphertext refused token=3007946732: ciphertext buffer full
[mlkem_channel] ciphertext refused token=1946997118: ciphertext buffer full
[mlkem_channel] ciphertext buffered token=1460664631 nonce_prefix=6a108ff5
[mlkem_channel] ciphertext buffered token=4054116594 nonce_prefix=89985b20
[mlkem_channel] ciphertext refused token=3053247228: ciphertext buffer full
[mlkem_channel] ciphertext buffered token=1336250053 nonce_prefix=097dab56
[mlkem_channel] ciphertext refused token=1833510323: ciphertext buffer full
[mlkem_channel] ciphertext refused token=4175457140: ciphertext buffer full
[mlkem_channel] ciphertext buffered token=512974796 nonce_prefix=e8237e9f
[mlkem_channel] ciphertext buffered token=228600809 nonce_prefix=4e4f8108
[mlkem_channel] ciphertext buffered token=967775867 nonce_prefix=08f27397
[mlkem_channel] ciphertext buffered token=3407668114 nonce_prefix=e0b631c7
[mlkem_channel] ciphertext buffered token=2697508985 nonce_prefix=d617efc7
[mlkem_channel] ciphertext buffered token=2818661654 nonce_prefix=61ae9004
[mlkem_channel] ciphertext buffered token=3649875183 nonce_prefix=0312df28
[mlkem_channel] ciphertext buffered token=1031897041 nonce_prefix=3707658e
[mlkem_channel] ciphertext buffered token=1653508754 nonce_prefix=8ad33c9b
[mlkem_channel] ciphertext buffered token=3805072520 nonce_prefix=8ccd025b
[mlkem_channel] ciphertext buffered token=3684057181 nonce_prefix=770bd880
[mlkem_channel] ciphertext buffered token=2610914818 nonce_prefix=832bd692
[mlkem_channel] ciphertext refused token=434138405: ciphertext buffer full
[mlkem_channel] ciphertext buffered token=1339868364 nonce_prefix=7923f192
[mlkem_channel] ciphertext buffered token=2721161750 nonce_prefix=59016122
[mlkem_channel] ciphertext buffered token=3071871193 nonce_prefix=549dc4dd
[mlkem_channel] ciphertext buffered token=26825141 nonce_prefix=8db39d03
[mlkem_channel] ciphertext buffered token=2904665552 nonce_prefix=7a4463d7
[mlkem_channel] ciphertext buffered token=1760417858 nonce_prefix=07234f28
[mlkem_channel] ciphertext buffered token=2160665742 nonce_prefix=f7c0f5d4
[mlkem_channel] ciphertext buffered token=3927185487 nonce_prefix=32a87c4b
[mlkem_channel] ciphertext buffered token=639488676 nonce_prefix=c3a0a572
[mlkem_channel] ciphertext buffered token=2041825930 nonce_prefix=1f0d436b
[mlkem_channel] ciphertext buffered token=1184947512 nonce_prefix=0239b7e3
[mlkem_channel] ciphertext buffered token=3832142193 nonce_prefix=fd3ae59c
[mlkem_channel] ciphertext buffered token=534961387 nonce_prefix=ffb392ec
[mlkem_channel] ciphertext buffered token=345811150 nonce_prefix=8ba99698
[mlkem_channel] ciphertext buffered token=3440718477 nonce_prefix=fd170c2c
[mlkem_channel] ciphertext buffered token=1983006569 nonce_prefix=e1490363
[mlkem_channel] ciphertext buffered token=3912926604 nonce_prefix=0662d420
[mlkem_channel] ciphertext buffered token=1780088822 nonce_prefix=69c07a15
[mlkem_channel] ciphertext buffered token=4116423496 nonce_prefix=995e6bf3
[mlkem_channel] ciphertext buffered token=2630689174 nonce_prefix=640dd66b
[mlkem_channel] ciphertext buffered token=3205270529 nonce_prefix=08e2d705
[mlkem_channel] ciphertext buffered token=1369096427 nonce_prefix=af1d64e8
[mlkem_channel] ciphertext buffered token=3374389512 nonce_prefix=09d95d63
[mlkem_channel] ciphertext buffered token=483029285 nonce_prefix=9e2bf767
[mlkem_channel] ciphertext buffered token=2617552904 nonce_prefix=707808ef
[mlkem_channel] ciphertext buffered token=288228577 nonce_prefix=f5c4041b
[mlkem_channel] ciphertext buffered token=2983972297 nonce_prefix=7b5063a6
[mlkem_channel] ciphertext buffered token=1774600606 nonce_prefix=f43fbaaa
[mlkem_channel] ciphertext buffered token=651366871 nonce_prefix=45a372eb
[mlkem_channel] ciphertext buffered token=1488083564 nonce_prefix=35f388bb
[mlkem_channel] ciphertext buffered token=997748361 nonce_prefix=46fed24c
[mlkem_channel] ciphertext buffered token=3733563587 nonce_prefix=d26115c2
[mlkem_channel] ciphertext buffered token=3985095527 nonce_prefix=a8e4ae6b
[mlkem_channel] ciphertext buffered token=3440480658 nonce_prefix=d19794e8
[mlkem_channel] ciphertext buffered token=3587826843 nonce_prefix=da561c8f
[mlkem_channel] ciphertext buffered token=2876179543 nonce_prefix=dc923495
[mlkem_channel] ciphertext buffered token=1199973511 nonce_prefix=3a5c237a
[mlkem_channel] ciphertext buffered token=3004689468 nonce_prefix=0dcb1816
[mlkem_channel] ciphertext buffered token=1617871713 nonce_prefix=339dc10c
[mlkem_channel] ciphertext buffered token=366340705 nonce_prefix=82548ec9
[mlkem_channel] ciphertext buffered token=2441330769 nonce_prefix=360bbaae
[mlkem_channel] ciphertext buffered token=2379121459 nonce_prefix=c082505e
[mlkem_channel] ciphertext buffered token=1065040449 nonce_prefix=a49b8d93
[mlkem_channel] ciphertext buffered token=3425517969 nonce_prefix=23beeb66
[mlkem_channel] ciphertext buffered token=2832854700 nonce_prefix=78d94964
[mlkem_channel] ciphertext buffered token=2883716912 nonce_prefix=8dd1284c
[mlkem_channel] ciphertext buffered token=397836619 nonce_prefix=edaae9fa
[mlkem_channel] ciphertext buffered token=2789313856 nonce_prefix=12ee47c2
[mlkem_channel] ciphertext buffered token=1853010833 nonce_prefix=71c15098
[mlkem_channel] ciphertext buffered token=3402106282 nonce_prefix=ab3643be
[mlkem_channel] ciphertext buffered token=2823845826 nonce_prefix=5809494c
[mlkem_channel] ciphertext buffered token=3863575636 nonce_prefix=1d683267
[mlkem_channel] ciphertext buffered token=3084103803 nonce_prefix=f0a8a3be
[mlkem_channel] ciphertext buffered token=2248437713 nonce_prefix=36916bf0
[mlkem_channel] ciphertext buffered token=3396329019 nonce_prefix=275b4f71
[mlkem_channel] ciphertext buffered token=1560494713 nonce_prefix=dab5f925
[mlkem_channel] ciphertext buffered token=3609723625 nonce_prefix=e6043e98
[mlkem_channel] ciphertext buffered token=569682887 nonce_prefix=05f90284
[mlkem_channel] ciphertext buffered token=2954184397 nonce_prefix=f84de36d
[mlkem_channel] ciphertext buffered token=1372870626 nonce_prefix=92d01a2e
[mlkem_channel] ciphertext buffered token=3349675656 nonce_prefix=af0f9d8e
[mlkem_channel] ciphertext buffered token=1385238876 nonce_prefix=6bb6dd35
[mlkem_channel] ciphertext buffered token=2342901051 nonce_prefix=bcdd13e0
[mlkem_channel] ciphertext buffered token=1362747011 nonce_prefix=85869aa7
[mlkem_channel] ciphertext buffered token=492020032 nonce_prefix=c9ac5f43
[mlkem_channel] ciphertext buffered token=3091467069 nonce_prefix=1285df51
[mlkem_channel] ciphertext buffered token=560391560 nonce_prefix=cbf5c502
[mlkem_channel] ciphertext buffered token=1343938776 nonce_prefix=4ba40b82
[mlkem_channel] ciphertext buffered token=1896068380 nonce_prefix=7f4197e4
[mlkem_channel] ciphertext buffered token=1495591721 nonce_prefix=57f66b9b
[mlkem_channel] ciphertext buffered token=2031200189 nonce_prefix=342fa6a5
[mlkem_channel] ciphertext buffered token=351180972 nonce_prefix=d2b1cb1b
[mlkem_channel] ciphertext buffered token=1171032226 nonce_prefix=62c6a13c
[mlkem_channel] ciphertext buffered token=2270545092 nonce_prefix=2d68981f
[mlkem_channel] ciphertext buffered token=895998275 nonce_prefix=a67f33cb
[mlkem_channel] ciphertext buffered token=2769671630 nonce_prefix=2390fd0f
[mlkem_channel] ciphertext buffered token=2667212735 nonce_prefix=4b54d39b
[mlkem_channel] ciphertext buffered token=230405064 nonce_prefix=e2dde874
[mlkem_channel] ciphertext buffered token=3828891624 nonce_prefix=899df97e
[mlkem_channel] ciphertext buffered token=1107393528 nonce_prefix=272f52b3
[mlkem_channel] ciphertext buffered token=367802602 nonce_prefix=49d15dd3
[mlkem_channel] ciphertext buffered token=901366907 nonce_prefix=15a954e9
[mlkem_channel] ciphertext buffered token=2746273485 nonce_prefix=12ab2cce
[mlkem_channel] ciphertext buffered token=1390937354 nonce_prefix=25d823f9
[mlkem_channel] ciphertext buffered token=1709270666 nonce_prefix=90ce617b
[mlkem_channel] ciphertext buffered token=3002282735 nonce_prefix=ef36e334
[mlkem_channel] ciphertext refused token=3119487849: ciphertext buffer full
[mlkem_channel] ciphertext refused token=2018397082: ciphertext buffer full
[mlkem_channel] ciphertext refused token=2536618283: ciphertext buffer full
[mlkem_channel] ciphertext refused token=3174417545: ciphertext buffer full
[mlkem_channel] ciphertext refused token=591863044: ciphertext buffer full
[mlkem_channel] ciphertext refused token=3525739022: ciphertext buffer full
[mlkem_channel] ciphertext refused token=3003521662: ciphertext buffer full
[mlkem_channel] ciphertext refused token=1898585269: ciphertext buffer full
[mlkem_channel] ciphertext refused token=2156179484: ciphertext buffer full
[mlkem_channel] ciphertext refused token=2273462463: ciphertext buffer full
[mlkem_channel] ciphertext refused token=3348278181: ciphertext buffer full
[mlkem_channel] ciphertext refused token=3900186754: ciphertext buffer full
[mlkem_channel] ciphertext refused token=3151642080: ciphertext buffer full
[mlkem_channel] ciphertext refused token=1859033227: ciphertext buffer full
[mlkem_channel] ciphertext refused token=1814083724: ciphertext buffer full
[mlkem_channel] ciphertext refused token=1311464776: ciphertext buffer full
[mlkem_channel] ciphertext refused token=975163365: ciphertext buffer full
[mlkem_channel] ciphertext refused token=1859407690: ciphertext buffer full
[mlkem_channel] ciphertext refused token=260636339: ciphertext buffer full
[mlkem_channel] ciphertext refused token=3677904844: ciphertext buffer full
[mlkem_channel] ciphertext refused token=4158393921: ciphertext buffer full
[mlkem_channel] ciphertext refused token=3008102516: ciphertext buffer full
[mlkem_channel] ciphertext refused token=3494250432: ciphertext buffer full
[mlkem_channel] ciphertext refused token=851845645: ciphertext buffer full
[mlkem_channel] ciphertext refused token=2154970159: ciphertext buffer full
[mlkem_channel] ciphertext refused token=3960886567: ciphertext buffer full
[mlkem_channel] ciphertext refused token=73683638: ciphertext buffer full
[mlkem_channel] ciphertext refused token=17155678: ciphertext buffer full
[mlkem_channel] ciphertext refused token=3151618370: ciphertext buffer full
[mlkem_channel] ciphertext refused token=2439739184: ciphertext buffer full
[mlkem_channel] ciphertext refused token=1249796445: ciphertext buffer full
[mlkem_channel] ciphertext refused token=1926336831: ciphertext buffer full
[mlkem_channel] ciphertext refused token=209881248: ciphertext buffer full
[mlkem_channel] ciphertext refused token=2879722997: ciphertext buffer full
[mlkem_channel] ciphertext refused token=2458500362: ciphertext buffer full
[mlkem_channel] ciphertext refused token=2544332756: ciphertext buffer full
[mlkem_channel] ciphertext refused token=4291898021: ciphertext buffer full
[mlkem_channel] ciphertext refused token=682602289: ciphertext buffer full
[mlkem_channel] ciphertext refused token=2175726323: ciphertext buffer full
[mlkem_channel] ciphertext refused token=112803592: ciphertext buffer full
[mlkem_channel] ciphertext refused token=1327502463: ciphertext buffer full
[mlkem_channel] ciphertext refused token=3660842417: ciphertext buffer full
[mlkem_channel] ciphertext refused token=3856567426: ciphertext buffer full
[mlkem_channel] ciphertext refused token=2418663926: ciphertext buffer full
[mlkem_channel] ciphertext refused token=4027627307: ciphertext buffer full
[mlkem_channel] ciphertext refused token=2370447934: ciphertext buffer full
[mlkem_channel] ciphertext refused token=2443523031: ciphertext buffer full
[mlkem_channel] ciphertext refused token=883108031: ciphertext buffer full
[mlkem_channel] ciphertext refused token=1681077459: ciphertext buffer full
[mlkem_channel] ciphertext refused token=1064099878: ciphertext buffer full
[mlkem_channel] ciphertext refused token=1984433183: ciphertext buffer full
[mlkem_channel] ciphertext refused token=2638691718: ciphertext buffer full
[mlkem_channel] ciphertext refused token=1276161554: ciphertext buffer full
[mlkem_channel] ciphertext refused token=4188485341: ciphertext buffer full
[mlkem_channel] ciphertext refused token=1878100544: ciphertext buffer full
[mlkem_channel] ciphertext refused token=73890981: ciphertext buffer full
[mlkem_channel] ciphertext refused token=4259264622: ciphertext buffer full
[mlkem_channel] ciphertext refused token=2017253908: ciphertext buffer full
[mlkem_channel] ciphertext refused token=2406628241: ciphertext buffer full
[mlkem_channel] ciphertext refused token=1463690662: ciphertext buffer full
[mlkem_channel] ciphertext refused token=2334909103: ciphertext buffer full
[mlkem_channel] ciphertext refused token=973372479: ciphertext buffer full
[mlkem_channel] ciphertext refused token=3543120442: ciphertext buffer full
[mlkem_channel] ciphertext refused token=74067341: ciphertext buffer full
[mlkem_channel] ciphertext refused token=972466066: ciphertext buffer full
[mlkem_channel] ciphertext refused token=2104610762: ciphertext buffer full
[mlkem_channel] ciphertext refused token=3385421288: ciphertext buffer full
[mlkem_channel] ciphertext refused token=2069742710: ciphertext buffer full
[mlkem_channel] ciphertext refused token=2977657919: ciphertext buffer full
[mlkem_channel] ciphertext refused token=1736623781: ciphertext buffer full
[mlkem_channel] ciphertext refused token=2920900421: ciphertext buffer full
[mlkem_channel] ciphertext refused token=822155123: ciphertext buffer full
[mlkem_channel] ciphertext refused token=138643056: ciphertext buffer full
[mlkem_channel] ciphertext refused token=2905984618: ciphertext buffer full
[mlkem_channel] ciphertext refused token=439385632: ciphertext buffer full
[mlkem_channel] ciphertext refused token=3061241801: ciphertext buffer full
[mlkem_channel] ciphertext refused token=976077789: ciphertext buffer full
[mlkem_channel] ciphertext refused token=2796339534: ciphertext buffer full
[mlkem_channel] ciphertext refused token=177271114: ciphertext buffer full
[mlkem_channel] ciphertext refused token=3114800207: ciphertext buffer full
[mlkem_channel] ciphertext refused token=1919202385: ciphertext buffer full
[mlkem_channel] ciphertext refused token=3692679113: ciphertext buffer full
[mlkem_channel] ciphertext refused token=920277604: ciphertext buffer full
[mlkem_channel] ciphertext refused token=2640376982: ciphertext buffer full
[mlkem_channel] ciphertext refused token=2343304034: ciphertext buffer full
[mlkem_channel] ciphertext refused token=3973953347: ciphertext buffer full
[mlkem_channel] ciphertext refused token=2617137640: ciphertext buffer full
[mlkem_channel] ciphertext refused token=4076935807: ciphertext buffer full
[mlkem_channel] ciphertext refused token=1899467507: ciphertext buffer full
[mlkem_channel] ciphertext refused token=3687367577: ciphertext buffer full
[mlkem_channel] ciphertext refused token=2965876525: ciphertext buffer full
[mlkem_channel] ciphertext refused token=1951108094: ciphertext buffer full
[mlkem_channel] ciphertext refused token=2250961960: ciphertext buffer full
[mlkem_channel] ciphertext refused token=2943382392: ciphertext buffer full
[mlkem_channel] ciphertext refused token=134580221: ciphertext buffer full
[mlkem_channel] ciphertext refused token=1486495543: ciphertext buffer full
[mlkem_channel] ciphertext refused token=3611370911: ciphertext buffer full
[mlkem_channel] ciphertext refused token=736492037: ciphertext buffer full
[mlkem_channel] ciphertext refused token=1697180654: ciphertext buffer full
[mlkem_channel] ciphertext refused token=2902983880: ciphertext buffer full
[mlkem_channel] ciphertext refused token=3904760061: ciphertext buffer full
[mlkem_channel] ciphertext refused token=3486038065: ciphertext buffer full
[mlkem_channel] ciphertext refused token=3198311465: ciphertext buffer full
[mlkem_channel] ciphertext refused token=1537026617: ciphertext buffer full
[mlkem_channel] ciphertext refused token=2991911686: ciphertext buffer full
[mlkem_channel] ciphertext refused token=996550118: ciphertext buffer full
[mlkem_channel] ciphertext refused token=1906858989: ciphertext buffer full
[mlkem_channel] ciphertext refused token=343775978: ciphertext buffer full
[mlkem_channel] ciphertext refused token=4200760967: ciphertext buffer full
[mlkem_channel] ciphertext refused token=2414394317: ciphertext buffer full
[mlkem_channel] ciphertext refused token=3631666424: ciphertext buffer full
[mlkem_channel] ciphertext refused token=3384978949: ciphertext buffer full
[mlkem_channel] ciphertext refused token=4039472843: ciphertext buffer full
[mlkem_channel] ciphertext refused token=1298964282: ciphertext buffer full
[mlkem_channel] ciphertext refused token=3412491737: ciphertext buffer full
[mlkem_channel] ciphertext refused token=836385348: ciphertext buffer full
[mlkem_channel] ciphertext refused token=1735234131: ciphertext buffer full
[mlkem_channel] ciphertext refused token=2920909141: ciphertext buffer full
[mlkem_channel] ciphertext refused token=3885843093: ciphertext buffer full
[mlkem_channel] ciphertext refused token=4120790039: ciphertext buffer full
[mlkem_channel] ciphertext refused token=1925054078: ciphertext buffer full
[mlkem_channel] ciphertext refused token=1503945951: ciphertext buffer full
[mlkem_channel] ciphertext refused token=1675084507: ciphertext buffer full
[mlkem_channel] ciphertext refused token=398349378: ciphertext buffer full
[mlkem_channel] ciphertext refused token=417002692: ciphertext buffer full
[mlkem_channel] ciphertext refused token=3026410748: ciphertext buffer full
[mlkem_channel] ciphertext refused token=961121356: ciphertext buffer full
[mlkem_channel] ciphertext refused token=4189538837: ciphertext buffer full
[mlkem_channel] ciphertext refused token=1824457910: ciphertext buffer full
[mlkem_channel] ciphertext refused token=1399763020: ciphertext buffer full
[mlkem_channel] ciphertext refused token=3522587255: ciphertext buffer full
[mlkem_channel] ciphertext refused token=3743352257: ciphertext buffer full
[mlkem_channel] ciphertext refused token=1900255224: ciphertext buffer full
[mlkem_channel] ciphertext refused token=3589885264: ciphertext buffer full
[mlkem_channel] ciphertext refused token=2475187964: ciphertext buffer full
[mlkem_channel] ciphertext refused token=3863170095: ciphertext buffer full
[mlkem_channel] ciphertext refused token=3117521360: ciphertext buffer full
[mlkem_channel] ciphertext refused token=347370010: ciphertext buffer full
[mlkem_channel] ciphertext refused token=4002880077: ciphertext buffer full
[mlkem_channel] ciphertext refused token=1004534241: ciphertext buffer full
[mlkem_channel] ciphertext refused token=1213651260: ciphertext buffer full
[mlkem_channel] ciphertext refused token=1589537418: ciphertext buffer full
[mlkem_channel] ciphertext refused token=3557600723: ciphertext buffer full
[mlkem_channel] ciphertext refused token=807491887: ciphertext buffer full
[mlkem_channel] ciphertext refused token=2149793263: ciphertext buffer full
[mlkem_channel] ciphertext refused token=2552293851: ciphertext buffer full
[mlkem_channel] ciphertext refused token=1915845913: ciphertext buffer full
[mlkem_channel] ciphertext refused token=495778057: ciphertext buffer full
[mlkem_channel] ciphertext refused token=295555887: ciphertext buffer full
[mlkem_channel] ciphertext refused token=250123307: ciphertext buffer full
[mlkem_channel] ciphertext refused token=311462661: ciphertext buffer full
[mlkem_channel] ciphertext refused token=3730334246: ciphertext buffer full
[mlkem_channel] ciphertext refused token=848927013: ciphertext buffer full
[mlkem_channel] ciphertext refused token=834439113: ciphertext buffer full
[mlkem_channel] ciphertext refused token=2138903062: ciphertext buffer full
[mlkem_channel] ciphertext refused token=1829503905: ciphertext buffer full
[mlkem_channel] ciphertext refused token=962368748: ciphertext buffer full
[mlkem_channel] ciphertext refused token=1997689007: ciphertext buffer full
[mlkem_channel] ciphertext refused token=256874400: ciphertext buffer full
[mlkem_channel] ciphertext refused token=2139324814: ciphertext buffer full
[mlkem_channel] ciphertext refused token=1313588759: ciphertext buffer full
[mlkem_channel] ciphertext refused token=3060841350: ciphertext buffer full
[mlkem_channel] ciphertext refused token=917712388: ciphertext buffer full
[mlkem_channel] ciphertext refused token=97469330: ciphertext buffer full
[mlkem_channel] ciphertext refused token=2006693117: ciphertext buffer full
[mlkem_channel] ciphertext refused token=2255730055: ciphertext buffer full
[mlkem_channel] ciphertext refused token=389897884: ciphertext buffer full
[mlkem_channel] ciphertext refused token=3824252889: ciphertext buffer full
[mlkem_channel] ciphertext refused token=3678529587: ciphertext buffer full
[mlkem_channel] ciphertext refused token=1926848453: ciphertext buffer full
[mlkem_channel] ciphertext refused token=2315184981: ciphertext buffer full
[mlkem_channel] ciphertext refused token=2442109235: ciphertext buffer full
[mlkem_channel] ciphertext refused token=4209140121: ciphertext buffer full
[mlkem_channel] ciphertext refused token=1513703745: ciphertext buffer full
[mlkem_channel] ciphertext refused token=1165878816: ciphertext buffer full
[mlkem_channel] ciphertext refused token=4104257881: ciphertext buffer full
[mlkem_channel] ciphertext refused token=3730200266: ciphertext buffer full
[mlkem_channel] ciphertext refused token=921610441: ciphertext buffer full
[mlkem_channel] ciphertext refused token=1203861542: ciphertext buffer full
[mlkem_channel] ciphertext refused token=1563805903: ciphertext buffer full
[mlkem_channel] ciphertext refused token=2587584569: ciphertext buffer full
[mlkem_channel] ciphertext refused token=458880494: ciphertext buffer full
[mlkem_channel] ciphertext refused token=1469118037: ciphertext buffer full
[mlkem_channel] ciphertext refused token=2468486799: ciphertext buffer full
[mlkem_channel] ciphertext refused token=3092651929: ciphertext buffer full
[mlkem_channel] ciphertext refused token=3010111705: ciphertext buffer full
[mlkem_channel] ciphertext refused token=1539662243: ciphertext buffer full
[mlkem_channel] ciphertext refused token=4097890268: ciphertext buffer full
[mlkem_channel] ciphertext refused token=3288837028: ciphertext buffer full
[mlkem_channel] ciphertext refused token=1942243618: ciphertext buffer full
[mlkem_channel] ciphertext refused token=1200925468: ciphertext buffer full
[mlkem_channel] ciphertext refused token=2512712162: ciphertext buffer full
[mlkem_channel] ciphertext refused token=3298378506: ciphertext buffer full
[mlkem_channel] ciphertext refused token=473736399: ciphertext buffer full
[mlkem_channel] ciphertext refused token=861451084: ciphertext buffer full
[mlkem_channel] ciphertext refused token=2195489926: ciphertext buffer full
[mlkem_channel] ciphertext refused token=1692908776: ciphertext buffer full
[mlkem_channel] ciphertext refused token=583138676: ciphertext buffer full
[mlkem_channel] ciphertext refused token=3019059877: ciphertext buffer full
[mlkem_channel] ciphertext refused token=4227721081: ciphertext buffer full
[mlkem_channel] ciphertext refused token=2879488175: ciphertext buffer full
[mlkem_channel] ciphertext refused token=114566154: ciphertext buffer full
[mlkem_channel] ciphertext refused token=3365659860: ciphertext buffer full
[mlkem_channel] ciphertext refused token=65056981: ciphertext buffer full
[mlkem_channel] ciphertext refused token=886173221: ciphertext buffer full
[mlkem_channel] ciphertext refused token=2888478859: ciphertext buffer full
[mlkem_channel] ciphertext refused token=1682470776: ciphertext buffer full
[mlkem_channel] ciphertext refused token=4249279063: ciphertext buffer full
[mlkem_channel] ciphertext refused token=3299049652: ciphertext buffer full
[mlkem_channel] ciphertext refused token=1858053584: ciphertext buffer full
[mlkem_channel] ciphertext refused token=205927898: ciphertext buffer full
[mlkem_channel] ciphertext refused token=4278693020: ciphertext buffer full
[mlkem_channel] ciphertext refused token=3412360622: ciphertext buffer full
[mlkem_channel] ciphertext refused token=4108818539: ciphertext buffer full
[mlkem_channel] ciphertext refused token=2349825987: ciphertext buffer full
[mlkem_channel] ciphertext refused token=289656152: ciphertext buffer full
[mlkem_channel] ciphertext refused token=3918799585: ciphertext buffer full
[mlkem_channel] ciphertext refused token=2763671904: ciphertext buffer full
[mlkem_channel] ciphertext refused token=757393333: ciphertext buffer full
[mlkem_channel] ciphertext refused token=56581011: ciphertext buffer full
[mlkem_channel] ciphertext refused token=3213561639: ciphertext buffer full
[mlkem_channel] ciphertext refused token=439274267: ciphertext buffer full
[mlkem_channel] ciphertext refused token=4249151485: ciphertext buffer full
[mlkem_channel] ciphertext refused token=2277377028: ciphertext buffer full
[mlkem_channel] ciphertext refused token=3766295818: ciphertext buffer full
[mlkem_channel] ciphertext refused token=1443316407: ciphertext buffer full
[mlkem_channel] ciphertext refused token=3403677884: ciphertext buffer full
[mlkem_channel] ciphertext refused token=526186566: ciphertext buffer full
[mlkem_channel] ciphertext refused token=1772070208: ciphertext buffer full
[mlkem_channel] ciphertext refused token=2462795458: ciphertext buffer full
[mlkem_channel] ciphertext refused token=2333407707: ciphertext buffer full
[mlkem_channel] ciphertext refused token=1645287628: ciphertext buffer full
[mlkem_channel] ciphertext refused token=1353267400: ciphertext buffer full
[mlkem_channel] ciphertext refused token=2954641859: ciphertext buffer full
[mlkem_channel] ciphertext refused token=1663124505: ciphertext buffer full
[mlkem_channel] ciphertext buffered token=2443239967 nonce_prefix=8072e695
[mlkem_channel] ciphertext refused token=3887570856: ciphertext buffer full
[mlkem_channel] ciphertext refused token=69599521: ciphertext buffer full
[mlkem_channel] ciphertext buffered token=4011829826 nonce_prefix=4c407500
[mlkem_channel] ciphertext buffered token=1355424021 nonce_prefix=df02745e
[mlkem_channel] ciphertext buffered token=3043911986 nonce_prefix=41aec8f7
[mlkem_channel] ciphertext buffered token=712525189 nonce_prefix=17864af5
[mlkem_channel] ciphertext buffered token=766213838 nonce_prefix=8ac156ac
[mlkem_channel] ciphertext buffered token=490634722 nonce_prefix=4c8b61fa
[mlkem_channel] ciphertext buffered token=257659221 nonce_prefix=61f05ea1
[mlkem_channel] ciphertext buffered token=2078421001 nonce_prefix=27f5095f
[mlkem_channel] ciphertext buffered token=819373601 nonce_prefix=5d703953
[mlkem_channel] ciphertext buffered token=1421708928 nonce_prefix=6ddb04e1
[mlkem_channel] ciphertext buffered token=2272897058 nonce_prefix=692c4511
[mlkem_channel] ciphertext buffered token=976218899 nonce_prefix=f1846250
[mlkem_channel] ciphertext buffered token=1466024435 nonce_prefix=fcf41c54
[mlkem_channel] ciphertext buffered token=614666334 nonce_prefix=cbd4223a
[mlkem_channel] ciphertext buffered token=973652651 nonce_prefix=dd83e80b
[mlkem_channel] ciphertext buffered token=1210817665 nonce_prefix=fe8395f3
[mlkem_channel] ciphertext buffered token=3800310747 nonce_prefix=c370cbe1
[mlkem_channel] ciphertext buffered token=3202934437 nonce_prefix=b6e1441c
[mlkem_channel] ciphertext buffered token=357132490 nonce_prefix=8881034a
[mlkem_channel] ciphertext buffered token=580888902 nonce_prefix=4fd9c334
[mlkem_channel] ciphertext buffered token=2482420551 nonce_prefix=2bf87d05
[mlkem_channel] ciphertext refused token=2154229567: ciphertext buffer full
[mlkem_channel] ciphertext buffered token=844118972 nonce_prefix=381cccd5
[mlkem_channel] ciphertext buffered token=2042741642 nonce_prefix=af15feb1
[mlkem_channel] ciphertext buffered token=2609605377 nonce_prefix=65703cb6
[mlkem_channel] ciphertext buffered token=1567919886 nonce_prefix=a76b4855
[mlkem_channel] ciphertext buffered token=1589483869 nonce_prefix=a9f40e9b
[mlkem_channel] ciphertext buffered token=3518749913 nonce_prefix=fcb034ff
[mlkem_channel] ciphertext buffered token=566293900 nonce_prefix=e2096024
[mlkem_channel] ciphertext buffered token=2731391269 nonce_prefix=053b9163
[mlkem_channel] ciphertext buffered token=879987050 nonce_prefix=6e50136f
[mlkem_channel] ciphertext buffered token=2537556874 nonce_prefix=296d2145
[mlkem_channel] ciphertext buffered token=2716415726 nonce_prefix=156700b5
[mlkem_channel] ciphertext buffered token=2026590173 nonce_prefix=e9e8a2d0
[mlkem_channel] ciphertext buffered token=3734589427 nonce_prefix=5498b6d3
[mlkem_channel] ciphertext buffered token=1720141025 nonce_prefix=355e746b
[mlkem_channel] ciphertext buffered token=179587150 nonce_prefix=352d89ec
[mlkem_channel] ciphertext buffered token=2087649761 nonce_prefix=a5288af1
[mlkem_channel] ciphertext buffered token=2325461876 nonce_prefix=41a0403e
[mlkem_channel] ciphertext buffered token=3912780773 nonce_prefix=76adb2af
[mlkem_channel] ciphertext buffered token=162164913 nonce_prefix=d78b1a3e
[mlkem_channel] ciphertext buffered token=3762674909 nonce_prefix=25f73c0d
[mlkem_channel] ciphertext buffered token=2531953485 nonce_prefix=7097786d
[mlkem_channel] ciphertext buffered token=3213020659 nonce_prefix=69d0d29f
[mlkem_channel] ciphertext buffered token=2423765042 nonce_prefix=979706e0
[mlkem_channel] ciphertext buffered token=1756809486 nonce_prefix=b3d23a99
[mlkem_channel] ciphertext buffered token=3771425775 nonce_prefix=2e04b26a
[mlkem_channel] ciphertext buffered token=3650402748 nonce_prefix=c3fb836c
[mlkem_channel] ciphertext buffered token=3263128923 nonce_prefix=4d8f3103
[mlkem_channel] ciphertext buffered token=712203479 nonce_prefix=4e07d81a
[mlkem_channel] ciphertext buffered token=694736335 nonce_prefix=c7de4421
[mlkem_channel] ciphertext buffered token=2209875389 nonce_prefix=3067628c
[mlkem_channel] ciphertext buffered token=4215875918 nonce_prefix=ec03df41
[mlkem_channel] ciphertext buffered token=3707573822 nonce_prefix=87d03dae
[mlkem_channel] ciphertext buffered token=165347760 nonce_prefix=1518805d
[mlkem_channel] ciphertext buffered token=799917342 nonce_prefix=bab4fab6
[mlkem_channel] ciphertext buffered token=3735066001 nonce_prefix=31d6d7ae
[mlkem_channel] ciphertext buffered token=485252160 nonce_prefix=0f74abca
[mlkem_channel] ciphertext buffered token=1634195218 nonce_prefix=cfb05077
[mlkem_channel] ciphertext buffered token=1542515041 nonce_prefix=6d03a243
[mlkem_channel] ciphertext buffered token=2752567094 nonce_prefix=552d3845
[mlkem_channel] ciphertext buffered token=3602696601 nonce_prefix=53e40d69
[mlkem_channel] ciphertext buffered token=2864085013 nonce_prefix=bf44c055
[mlkem_channel] ciphertext buffered token=1272112135 nonce_prefix=17d0ae8c
[mlkem_channel] ciphertext buffered token=437242690 nonce_prefix=ab2160f6
[mlkem_channel] ciphertext refused token=91862703: ciphertext buffer full
[mlkem_channel] ciphertext buffered token=4056255183 nonce_prefix=54f3d221
[mlkem_channel] ciphertext buffered token=344092533 nonce_prefix=37f0f789
[mlkem_channel] ciphertext refused token=1854990834: ciphertext buffer full
[mlkem_channel] ciphertext buffered token=3618236110 nonce_prefix=5538fe2c
[mlkem_channel] ciphertext buffered token=460095406 nonce_prefix=51894081
[mlkem_channel] ciphertext refused token=2682828694: ciphertext buffer full
[mlkem_channel] ciphertext refused token=3363138779: ciphertext buffer full
[mlkem_channel] ciphertext buffered token=1109032069 nonce_prefix=cc0fecb2
[mlkem_channel] ciphertext refused token=881576623: ciphertext buffer full
[mlkem_channel] ciphertext buffered token=3389158895 nonce_prefix=705d57c6
[mlkem_channel] ciphertext refused token=4035234369: ciphertext buffer full
[mlkem_channel] ciphertext refused token=2776372961: ciphertext buffer full
[mlkem_channel] ciphertext buffered token=2362742604 nonce_prefix=b692991b
[mlkem_channel] ciphertext refused token=229092354: ciphertext buffer full
[mlkem_channel] ciphertext buffered token=2222487692 nonce_prefix=6dff0b3d
[mlkem_channel] ciphertext refused token=3148965058: ciphertext buffer full
[mlkem_channel] ciphertext buffered token=2831624049 nonce_prefix=fc640f59
[mlkem_channel] ciphertext buffered token=3041468388 nonce_prefix=f954963c
[mlkem_channel] ciphertext refused token=2361737433: ciphertext buffer full
[mlkem_channel] ciphertext buffered token=3659050636 nonce_prefix=08da2db1
[mlkem_channel] ciphertext refused token=2258600614: ciphertext buffer full
[mlkem_channel] ciphertext refused token=1490783812: ciphertext buffer full
[mlkem_channel] ciphertext refused token=1588433652: ciphertext buffer full
[mlkem_channel] ciphertext buffered token=1780399223 nonce_prefix=d3117264
[mlkem_channel] ciphertext refused token=3143508762: ciphertext buffer full
[mlkem_channel] ciphertext buffered token=3637840791 nonce_prefix=04ecc4b1
[mlkem_channel] ciphertext refused token=3200074429: ciphertext buffer full
[mlkem_channel] ciphertext refused token=1975438758: ciphertext buffer full
[mlkem_channel] ciphertext refused token=3160797981: ciphertext buffer full
[mlkem_channel] ciphertext buffered token=2601521614 nonce_prefix=2b9a8b7e
[mlkem_channel] ciphertext refused token=2345649508: ciphertext buffer full
[mlkem_channel] ciphertext refused token=3964027172: ciphertext buffer full
[mlkem_channel] ciphertext buffered token=3796297637 nonce_prefix=961b3017
[mlkem_channel] ciphertext refused token=1915732332: ciphertext buffer full
[mlkem_channel] ciphertext refused token=3996523975: ciphertext buffer full
[mlkem_channel] ciphertext buffered token=2798752915 nonce_prefix=2233e363
[mlkem_channel] ciphertext refused token=1590856314: ciphertext buffer full
[mlkem_channel] ciphertext refused token=3613945242: ciphertext buffer full
[mlkem_channel] ciphertext buffered token=1168064134 nonce_prefix=80cdafff
[mlkem_channel] ciphertext refused token=1762675793: ciphertext buffer full
[mlkem_channel] ciphertext refused token=2041480051: ciphertext buffer full
[mlkem_channel] ciphertext buffered token=3974709169 nonce_prefix=bde8d8c2
[mlkem_channel] ciphertext refused token=358318287: ciphertext buffer full
[mlkem_channel] ciphertext buffered token=3746239 nonce_prefix=bea9995e
[mlkem_channel] ciphertext buffered token=358831594 nonce_prefix=5d365c77
[mlkem_channel] ciphertext refused token=2648792206: ciphertext buffer full
[mlkem_channel] ciphertext buffered token=2804102795 nonce_prefix=ec3caa0a
[mlkem_channel] ciphertext buffered token=2197873559 nonce_prefix=90e9ec38
[mlkem_channel] ciphertext refused token=961490886: ciphertext buffer full
[mlkem_channel] ciphertext refused token=388379508: ciphertext buffer full
[mlkem_channel] ciphertext buffered token=30834909 nonce_prefix=bc43eccb
[mlkem_channel] ciphertext refused token=3051137601: ciphertext buffer full
[mlkem_channel] ciphertext buffered token=3067504705 nonce_prefix=d82e754a
[mlkem_channel] ciphertext refused token=2183294454: ciphertext buffer full
[mlkem_channel] ciphertext buffered token=4121009474 nonce_prefix=cd6bae60
[mlkem_channel] ciphertext refused token=2430414740: ciphertext buffer full
[mlkem_channel] ciphertext buffered token=2271911382 nonce_prefix=5c049bae
[mlkem_channel] ciphertext refused token=1433186579: ciphertext buffer full
[mlkem_channel] ciphertext buffered token=2887002358 nonce_prefix=dac33e99
[mlkem_channel] ciphertext refused token=660142315: ciphertext buffer full
[mlkem_channel] ciphertext refused token=2472381091: ciphertext buffer full
[mlkem_channel] ciphertext buffered token=2564363355 nonce_prefix=21c6c405
[mlkem_channel] ciphertext refused token=3704351601: ciphertext buffer full
[mlkem_channel] ciphertext buffered token=910069844 nonce_prefix=32e8fd48
[mlkem_channel] ciphertext refused token=200726207: ciphertext buffer full
[mlkem_channel] ciphertext buffered token=2721395438 nonce_prefix=fca37f05
[mlkem_channel] ciphertext refused token=3362934431: ciphertext buffer full
[mlkem_channel] ciphertext refused token=3941368490: ciphertext buffer full
[mlkem_channel] ciphertext refused token=369577914: ciphertext buffer full
[mlkem_channel] ciphertext refused token=1914982342: ciphertext buffer full
[mlkem_channel] ciphertext buffered token=993155364 nonce_prefix=7fef3341
[mlkem_channel] ciphertext refused token=4186521503: ciphertext buffer full
[mlkem_channel] ciphertext buffered token=2930118030 nonce_prefix=25cf8c94
[mlkem_channel] ciphertext refused token=421169707: ciphertext buffer full
[mlkem_channel] ciphertext buffered token=402833688 nonce_prefix=70784ba9
[mlkem_channel] ciphertext buffered token=2299208882 nonce_prefix=b86314fb
[mlkem_channel] ciphertext buffered token=408745435 nonce_prefix=61b75777
[mlkem_channel] ciphertext refused token=1506094169: ciphertext buffer full
[mlkem_channel] ciphertext buffered token=2098358564 nonce_prefix=03b60b2c
[mlkem_channel] ciphertext buffered token=3894677531 nonce_prefix=60b37dc7
[mlkem_channel] ciphertext buffered token=3828654293 nonce_prefix=79ccadec
[mlkem_channel] ciphertext buffered token=2733376635 nonce_prefix=ac52bfa6
[mlkem_channel] ciphertext buffered token=1033004647 nonce_prefix=82de1bca
[mlkem_channel] ciphertext buffered token=4224554791 nonce_prefix=c8b973eb
[mlkem_channel] ciphertext buffered token=1800414614 nonce_prefix=c60ef995
[mlkem_channel] ciphertext buffered token=800440694 nonce_prefix=e1208afd
[mlkem_channel] ciphertext buffered token=2563399921 nonce_prefix=282e348a
[mlkem_channel] ciphertext buffered token=1962719429 nonce_prefix=3264e138
[mlkem_channel] ciphertext buffered token=1859880618 nonce_prefix=473b89c6
[mlkem_channel] ciphertext buffered token=3632614883 nonce_prefix=1792e35a
[mlkem_channel] ciphertext buffered token=4254973370 nonce_prefix=55bea956
[mlkem_channel] ciphertext buffered token=1758889654 nonce_prefix=d51ca0cf
[mlkem_channel] ciphertext buffered token=1654846188 nonce_prefix=cae22981
[mlkem_channel] ciphertext buffered token=1625728016 nonce_prefix=adb933ba
[mlkem_channel] ciphertext buffered token=223290375 nonce_prefix=874fa2ae
[mlkem_channel] ciphertext buffered token=3023686871 nonce_prefix=ff3a1c14
[mlkem_channel] ciphertext buffered token=1982671569 nonce_prefix=887e3860
[mlkem_channel] ciphertext buffered token=2535153718 nonce_prefix=f361d00b
[mlkem_channel] ciphertext buffered token=35056111 nonce_prefix=4b29fb93
[mlkem_channel] ciphertext buffered token=2488749448 nonce_prefix=2764c0a5
[mlkem_channel] ciphertext buffered token=1437307635 nonce_prefix=2f7f3765
[mlkem_channel] ciphertext buffered token=2225607540 nonce_prefix=68a30762
[mlkem_channel] ciphertext buffered token=3649986845 nonce_prefix=bac1a9f6
[mlkem_channel] ciphertext buffered token=266658819 nonce_prefix=209875f7
[mlkem_channel] ciphertext buffered token=3099543739 nonce_prefix=214dc479
[mlkem_channel] ciphertext buffered token=1022618556 nonce_prefix=16b3dd45
[mlkem_channel] ciphertext buffered token=1877787878 nonce_prefix=e502512b
[mlkem_channel] ciphertext buffered token=2677388009 nonce_prefix=bddf6178
[mlkem_channel] ciphertext buffered token=552096075 nonce_prefix=dd0dec03
[mlkem_channel] ciphertext buffered token=3904525763 nonce_prefix=8ee8bb44
[mlkem_channel] ciphertext buffered token=2075507339 nonce_prefix=bc05c05e
[mlkem_channel] ciphertext buffered token=4066036157 nonce_prefix=1f53af7d
[mlkem_channel] ciphertext buffered token=2576033192 nonce_prefix=89566ba6
[mlkem_channel] ciphertext buffered token=2740906256 nonce_prefix=3b82ce6e
[mlkem_channel] ciphertext buffered token=1876925962 nonce_prefix=7923691e
[mlkem_channel] ciphertext buffered token=539956933 nonce_prefix=6505fbf0
[mlkem_channel] ciphertext buffered token=1754489664 nonce_prefix=d7bf8c38
[mlkem_channel] ciphertext buffered token=3466858574 nonce_prefix=6ad68e99
[mlkem_channel] ciphertext buffered token=3182103226 nonce_prefix=368f8014
[mlkem_channel] ciphertext buffered token=2246336829 nonce_prefix=d26f39c2
[mlkem_channel] ciphertext buffered token=120663535 nonce_prefix=2d9f7fe9
[mlkem_channel] ciphertext buffered token=2617398428 nonce_prefix=a35139ff
[mlkem_channel] ciphertext buffered token=1483038009 nonce_prefix=97deb1d9
[mlkem_channel] ciphertext buffered token=3417562579 nonce_prefix=6a6d6e63
[mlkem_channel] ciphertext buffered token=1235266394 nonce_prefix=9d80b606
[mlkem_channel] ciphertext buffered token=4071295058 nonce_prefix=5c1d9849
[mlkem_channel] ciphertext buffered token=1846218631 nonce_prefix=b151b572
[mlkem_channel] ciphertext buffered token=3887911603 nonce_prefix=47999d47
[mlkem_channel] ciphertext buffered token=2527295977 nonce_prefix=6b8109af
[mlkem_channel] ciphertext buffered token=464125753 nonce_prefix=488e3c05
[mlkem_channel] ciphertext buffered token=2836065351 nonce_prefix=74e7876f
[mlkem_channel] ciphertext buffered token=1687634951 nonce_prefix=0387d7fd
[mlkem_channel] ciphertext buffered token=4236124033 nonce_prefix=5b004d8e
[mlkem_channel] ciphertext buffered token=3378012452 nonce_prefix=ccc44565
[mlkem_channel] ciphertext buffered token=4128871891 nonce_prefix=1979f219
[mlkem_channel] ciphertext buffered token=1818953452 nonce_prefix=af431631
[mlkem_channel] ciphertext buffered token=4050339333 nonce_prefix=8ef63160
[mlkem_channel] ciphertext buffered token=1219102434 nonce_prefix=603f34d6
[mlkem_channel] ciphertext buffered token=2867584899 nonce_prefix=8443f086
[mlkem_channel] ciphertext buffered token=1469313759 nonce_prefix=e2246b30
[mlkem_channel] ciphertext buffered token=1701177313 nonce_prefix=ca2bc24c
[mlkem_channel] ciphertext buffered token=1556759289 nonce_prefix=0a11181b
[mlkem_channel] ciphertext buffered token=3315831111 nonce_prefix=9ac43c9f
[mlkem_channel] ciphertext buffered token=3447066188 nonce_prefix=d38b2473
[mlkem_channel] ciphertext buffered token=2132383999 nonce_prefix=61a37f94
[mlkem_channel] ciphertext buffered token=2054336714 nonce_prefix=f585cb5c
[mlkem_channel] ciphertext buffered token=2120109441 nonce_prefix=75d9f790
[mlkem_channel] ciphertext buffered token=2823424667 nonce_prefix=5794b874
[mlkem_channel] ciphertext buffered token=3143475452 nonce_prefix=f6f76a1e
[mlkem_channel] ciphertext buffered token=1055547902 nonce_prefix=f01aa7be
[mlkem_channel] ciphertext buffered token=331217499 nonce_prefix=c70c51a1
[mlkem_channel] ciphertext buffered token=164457396 nonce_prefix=16c3c098
[mlkem_channel] ciphertext buffered token=1909428013 nonce_prefix=d17f96df
[mlkem_channel] ciphertext buffered token=2448872114 nonce_prefix=e226c245
[mlkem_channel] ciphertext buffered token=1499004563 nonce_prefix=8be1c99c
[mlkem_channel] ciphertext buffered token=1775119869 nonce_prefix=18f28cdf
[mlkem_channel] ciphertext buffered token=4111085892 nonce_prefix=65650df5
[mlkem_channel] ciphertext buffered token=4176480444 nonce_prefix=ecdd63cd
[mlkem_channel] ciphertext buffered token=1997311882 nonce_prefix=728f7dfe
[mlkem_channel] ciphertext buffered token=1008664423 nonce_prefix=f69492f6
[mlkem_channel] ciphertext buffered token=430828871 nonce_prefix=99ce4eee
[mlkem_channel] ciphertext buffered token=722574092 nonce_prefix=f26f58af
[mlkem_channel] ciphertext buffered token=3523819731 nonce_prefix=989b0472
[mlkem_channel] ciphertext buffered token=2391949276 nonce_prefix=6067c11b
[mlkem_channel] ciphertext buffered token=3235766587 nonce_prefix=cc18d1b7
[mlkem_channel] ciphertext buffered token=2122707315 nonce_prefix=caaaca65
[mlkem_channel] ciphertext buffered token=2413229725 nonce_prefix=d139cc73
[mlkem_channel] ciphertext buffered token=418530949 nonce_prefix=e2665843
[mlkem_channel] ciphertext buffered token=2256580045 nonce_prefix=8c9cc94b
[mlkem_channel] ciphertext buffered token=158290815 nonce_prefix=8df63b5d
[mlkem_channel] ciphertext buffered token=2737722732 nonce_prefix=65751c9e
[mlkem_channel] ciphertext buffered token=613143822 nonce_prefix=689d2129
[mlkem_channel] ciphertext buffered token=1703884565 nonce_prefix=fce799d1
[mlkem_channel] ciphertext buffered token=2434406325 nonce_prefix=22d6487c
[mlkem_channel] ciphertext buffered token=1493321772 nonce_prefix=ce2a239d
[mlkem_channel] ciphertext buffered token=448468112 nonce_prefix=7f4f171c
[mlkem_channel] ciphertext buffered token=1061647442 nonce_prefix=5ff0f162
[mlkem_channel] ciphertext buffered token=558119964 nonce_prefix=ad45a7bf
[mlkem_channel] ciphertext buffered token=3313118334 nonce_prefix=710f600a
[mlkem_channel] ciphertext buffered token=1099856690 nonce_prefix=60a0383e
[mlkem_channel] ciphertext buffered token=3943215943 nonce_prefix=37ae753b
[mlkem_channel] ciphertext buffered token=3199898558 nonce_prefix=2d53a228
[mlkem_channel] ciphertext buffered token=3010982595 nonce_prefix=22bee3ab
[mlkem_channel] ciphertext buffered token=1174828317 nonce_prefix=f0f8ebc6
[mlkem_channel] ciphertext buffered token=722330777 nonce_prefix=02dc59b9
[mlkem_channel] ciphertext buffered token=243423106 nonce_prefix=78618cdc
[mlkem_channel] ciphertext buffered token=1291296571 nonce_prefix=2b6de410
[mlkem_channel] ciphertext buffered token=2433488447 nonce_prefix=c147919e
[mlkem_channel] ciphertext buffered token=1384953774 nonce_prefix=68afe45e
[mlkem_channel] ciphertext buffered token=3200775391 nonce_prefix=6a12f400
[mlkem_channel] ciphertext buffered token=519064049 nonce_prefix=5a931631
[mlkem_channel] ciphertext buffered token=2406697900 nonce_prefix=64788f86
[mlkem_channel] ciphertext buffered token=3987765962 nonce_prefix=dcbd9f7e
[mlkem_channel] ciphertext buffered token=817010624 nonce_prefix=df516149
[mlkem_channel] ciphertext buffered token=2583277369 nonce_prefix=fe376006
[mlkem_channel] ciphertext buffered token=554401046 nonce_prefix=cd2f5a6b
[mlkem_channel] ciphertext buffered token=3953537552 nonce_prefix=f7313305
[mlkem_channel] ciphertext buffered token=4179523876 nonce_prefix=1cca638d
[mlkem_channel] ciphertext buffered token=3344066291 nonce_prefix=e14ea0ba
[mlkem_channel] ciphertext buffered token=345608901 nonce_prefix=5908b758
[mlkem_channel] ciphertext buffered token=1895281668 nonce_prefix=1fc5d696
[mlkem_channel] ciphertext buffered token=3341496014 nonce_prefix=55f8d981
[mlkem_channel] ciphertext buffered token=351665984 nonce_prefix=8d07adf1
[mlkem_channel] ciphertext buffered token=3209428919 nonce_prefix=9316ff16
[mlkem_channel] ciphertext buffered token=2052167954 nonce_prefix=d0c8f425
[mlkem_channel] ciphertext buffered token=3768860944 nonce_prefix=0b71083e
[mlkem_channel] ciphertext buffered token=3211325138 nonce_prefix=347c2f9b
[mlkem_channel] ciphertext buffered token=348749623 nonce_prefix=1fe511ed
[mlkem_channel] ciphertext buffered token=3670663460 nonce_prefix=29280375
[mlkem_channel] ciphertext buffered token=35944853 nonce_prefix=af7efc0b
[mlkem_channel] ciphertext buffered token=2427828742 nonce_prefix=437290e7
[mlkem_channel] ciphertext buffered token=4179435285 nonce_prefix=106b0a43
[mlkem_channel] ciphertext refused token=2993248309: ciphertext buffer full
[mlkem_channel] ciphertext buffered token=1994704931 nonce_prefix=0e34a85c
[mlkem_channel] ciphertext refused token=699011366: ciphertext buffer full
[mlkem_channel] ciphertext buffered token=83833272 nonce_prefix=33f07da4
[mlkem_channel] ciphertext refused token=802945134: ciphertext buffer full
[mlkem_channel] ciphertext refused token=2801269729: ciphertext buffer full
[mlkem_channel] ciphertext refused token=2384199205: ciphertext buffer full
[mlkem_channel] ciphertext buffered token=2262893203 nonce_prefix=76e97367
[mlkem_channel] ciphertext refused token=335792769: ciphertext buffer full
[mlkem_channel] ciphertext buffered token=657791416 nonce_prefix=f8bf034b
[mlkem_channel] ciphertext refused token=1572053993: ciphertext buffer full
[mlkem_channel] ciphertext buffered token=3649405803 nonce_prefix=27519935
[mlkem_channel] ciphertext buffered token=4100078785 nonce_prefix=d43c9a80
[mlkem_channel] ciphertext buffered token=722162941 nonce_prefix=c14841e7
[mlkem_channel] ciphertext refused token=1646987261: ciphertext buffer full
[mlkem_channel] ciphertext buffered token=1834896730 nonce_prefix=f2c96693
[mlkem_channel] ciphertext buffered token=271291402 nonce_prefix=1db2aaae
[mlkem_channel] ciphertext buffered token=2770646865 nonce_prefix=fd8fab2f
[mlkem_channel] ciphertext buffered token=191168816 nonce_prefix=f69870ad
[mlkem_channel] ciphertext buffered token=2614317556 nonce_prefix=f2c0cf01
[mlkem_channel] ciphertext buffered token=782568880 nonce_prefix=241d20f7
[mlkem_channel] ciphertext buffered token=3679843515 nonce_prefix=07cbc935
[mlkem_channel] ciphertext buffered token=970941094 nonce_prefix=7de32bf3
[mlkem_channel] ciphertext buffered token=2232499546 nonce_prefix=595aad2d
[mlkem_channel] ciphertext buffered token=1278674476 nonce_prefix=ee8447fa
[mlkem_channel] ciphertext buffered token=3343888984 nonce_prefix=b737909e
[mlkem_channel] ciphertext buffered token=3349303077 nonce_prefix=ce8c56cb
[mlkem_channel] ciphertext buffered token=875100057 nonce_prefix=2996196e
[mlkem_channel] ciphertext buffered token=3980514866 nonce_prefix=572a32ca
[mlkem_channel] ciphertext buffered token=1652701335 nonce_prefix=d6be574e
[mlkem_channel] ciphertext refused token=1052862407: ciphertext buffer full
[mlkem_channel] ciphertext refused token=3581808891: ciphertext buffer full
[mlkem_channel] ciphertext refused token=2239838911: ciphertext buffer full
[mlkem_channel] ciphertext refused token=2691489336: ciphertext buffer full
[mlkem_channel] ciphertext refused token=3273483071: ciphertext buffer full
[mlkem_channel] ciphertext refused token=579419844: ciphertext buffer full
[mlkem_channel] ciphertext refused token=2346668255: ciphertext buffer full
[mlkem_channel] ciphertext refused token=3076854494: ciphertext buffer full
[mlkem_channel] ciphertext refused token=940675028: ciphertext buffer full
[mlkem_channel] ciphertext refused token=4291112662: ciphertext buffer full
[mlkem_channel] ciphertext refused token=3829871242: ciphertext buffer full
[mlkem_channel] ciphertext refused token=850894988: ciphertext buffer full
[mlkem_channel] ciphertext refused token=3603255649: ciphertext buffer full
[mlkem_channel] ciphertext refused token=3988284001: ciphertext buffer full
[mlkem_channel] ciphertext refused token=3967190159: ciphertext buffer full
[mlkem_channel] ciphertext refused token=2680451512: ciphertext buffer full
[mlkem_channel] ciphertext refused token=686171531: ciphertext buffer full
[mlkem_channel] ciphertext refused token=1237652472: ciphertext buffer full
[mlkem_channel] ciphertext refused token=1940359423: ciphertext buffer full
[mlkem_channel] ciphertext refused token=4261315304: ciphertext buffer full
[mlkem_channel] ciphertext refused token=1775920220: ciphertext buffer full
[mlkem_channel] ciphertext refused token=664565950: ciphertext buffer full
[mlkem_channel] ciphertext refused token=3852901612: ciphertext buffer full
[mlkem_channel] ciphertext refused token=2861086455: ciphertext buffer full
[mlkem_channel] ciphertext refused token=536464352: ciphertext buffer full
[mlkem_channel] ciphertext refused token=2343361905: ciphertext buffer full
[mlkem_channel] ciphertext refused token=2877613215: ciphertext buffer full
[mlkem_channel] ciphertext refused token=502192343: ciphertext buffer full
[mlkem_channel] ciphertext refused token=2690193770: ciphertext buffer full
[mlkem_channel] ciphertext refused token=680398384: ciphertext buffer full
[mlkem_channel] ciphertext refused token=2380674002: ciphertext buffer full
[mlkem_channel] ciphertext refused token=4230426073: ciphertext buffer full
[mlkem_channel] ciphertext refused token=3332259944: ciphertext buffer full
[mlkem_channel] ciphertext refused token=1656528190: ciphertext buffer full
[mlkem_channel] ciphertext refused token=2849695768: ciphertext buffer full
[mlkem_channel] ciphertext refused token=901835626: ciphertext buffer full
[mlkem_channel] ciphertext refused token=2836141461: ciphertext buffer full
[mlkem_channel] ciphertext refused token=3783595725: ciphertext buffer full
[mlkem_channel] ciphertext refused token=3024021605: ciphertext buffer full
[mlkem_channel] ciphertext refused token=3700509777: ciphertext buffer full
[mlkem_channel] ciphertext refused token=690015918: ciphertext buffer full
[mlkem_channel] ciphertext refused token=298921118: ciphertext buffer full
[mlkem_channel] ciphertext refused token=136291870: ciphertext buffer full
[mlkem_channel] ciphertext refused token=810657931: ciphertext buffer full
[mlkem_channel] ciphertext refused token=1457003940: ciphertext buffer full
[mlkem_channel] ciphertext refused token=3020242528: ciphertext buffer full
[mlkem_channel] ciphertext refused token=2050403343: ciphertext buffer full
[mlkem_channel] ciphertext refused token=3987874003: ciphertext buffer full
[mlkem_channel] ciphertext refused token=97984964: ciphertext buffer full
[mlkem_channel] ciphertext refused token=3212399482: ciphertext buffer full
[mlkem_channel] ciphertext refused token=370403277: ciphertext buffer full
[mlkem_channel] ciphertext refused token=344498192: ciphertext buffer full
[mlkem_channel] ciphertext refused token=2473367813: ciphertext buffer full
[mlkem_channel] ciphertext refused token=1029485658: ciphertext buffer full
[mlkem_channel] ciphertext refused token=187508807: ciphertext buffer full
[mlkem_channel] ciphertext refused token=533742744: ciphertext buffer full
[mlkem_channel] ciphertext refused token=2429717877: ciphertext buffer full
[mlkem_channel] ciphertext refused token=1667568839: ciphertext buffer full
[mlkem_channel] ciphertext refused token=2998405847: ciphertext buffer full
[mlkem_channel] ciphertext refused token=1549648884: ciphertext buffer full
[mlkem_channel] ciphertext refused token=616914074: ciphertext buffer full
[mlkem_channel] ciphertext refused token=1320014212: ciphertext buffer full
[mlkem_channel] ciphertext refused token=4072948537: ciphertext buffer full
[mlkem_channel] ciphertext refused token=3389181332: ciphertext buffer full
[mlkem_channel] ciphertext refused token=1501097094: ciphertext buffer full
[mlkem_channel] ciphertext refused token=4283614411: ciphertext buffer full
[mlkem_channel] ciphertext refused token=4031969905: ciphertext buffer full
[mlkem_channel] ciphertext refused token=3454182071: ciphertext buffer full
[mlkem_channel] ciphertext refused token=216538191: ciphertext buffer full
[mlkem_channel] ciphertext refused token=2535446176: ciphertext buffer full
[mlkem_channel] ciphertext refused token=965459483: ciphertext buffer full
[mlkem_channel] ciphertext refused token=47531761: ciphertext buffer full
[mlkem_channel] ciphertext refused token=67249639: ciphertext buffer full
[mlkem_channel] ciphertext refused token=3561269009: ciphertext buffer full
[mlkem_channel] ciphertext refused token=1493801226: ciphertext buffer full
[mlkem_channel] ciphertext refused token=1187592781: ciphertext buffer full
[mlkem_channel] ciphertext refused token=3394850565: ciphertext buffer full
[mlkem_channel] ciphertext refused token=2072571834: ciphertext buffer full
[mlkem_channel] ciphertext refused token=1388226913: ciphertext buffer full
[mlkem_channel] ciphertext refused token=2140143134: ciphertext buffer full
[mlkem_channel] ciphertext refused token=3672832447: ciphertext buffer full
[mlkem_channel] ciphertext refused token=1968606689: ciphertext buffer full
[mlkem_channel] ciphertext refused token=2540784468: ciphertext buffer full
[mlkem_channel] ciphertext refused token=2257747996: ciphertext buffer full
[mlkem_channel] ciphertext refused token=3733677598: ciphertext buffer full
[mlkem_channel] ciphertext refused token=987684123: ciphertext buffer full
[mlkem_channel] ciphertext refused token=4161391519: ciphertext buffer full
[mlkem_channel] ciphertext refused token=2399313134: ciphertext buffer full
[mlkem_channel] ciphertext refused token=1843063738: ciphertext buffer full
[mlkem_channel] ciphertext refused token=3378262849: ciphertext buffer full
[mlkem_channel] ciphertext refused token=1417417555: ciphertext buffer full
[mlkem_channel] ciphertext refused token=3695310006: ciphertext buffer full
[mlkem_channel] ciphertext refused token=3659085155: ciphertext buffer full
[mlkem_channel] ciphertext refused token=3547590664: ciphertext buffer full
[mlkem_channel] ciphertext refused token=2535410942: ciphertext buffer full
[mlkem_channel] ciphertext refused token=2043733998: ciphertext buffer full
[mlkem_channel] ciphertext refused token=4204005175: ciphertext buffer full
[mlkem_channel] ciphertext refused token=2208855786: ciphertext buffer full
[mlkem_channel] ciphertext refused token=564246697: ciphertext buffer full
[mlkem_channel] ciphertext refused token=3665418007: ciphertext buffer full
[mlkem_channel] ciphertext refused token=746264288: ciphertext buffer full
[mlkem_channel] ciphertext refused token=2151034128: ciphertext buffer full
[mlkem_channel] ciphertext refused token=4169761015: ciphertext buffer full
[mlkem_channel] ciphertext refused token=835248162: ciphertext buffer full
[mlkem_channel] ciphertext refused token=3711160666: ciphertext buffer full
[mlkem_channel] ciphertext refused token=2885252100: ciphertext buffer full
[mlkem_channel] ciphertext refused token=184787762: ciphertext buffer full
[mlkem_channel] ciphertext refused token=2983612466: ciphertext buffer full
[mlkem_channel] ciphertext refused token=3228568216: ciphertext buffer full
[mlkem_channel] ciphertext refused token=3163363690: ciphertext buffer full
[mlkem_channel] ciphertext refused token=2051972665: ciphertext buffer full
[mlkem_channel] ciphertext refused token=552895491: ciphertext buffer full
[mlkem_channel] ciphertext refused token=3472328923: ciphertext buffer full
[mlkem_channel] ciphertext refused token=4087662034: ciphertext buffer full
[mlkem_channel] ciphertext refused token=2125588091: ciphertext buffer full
[mlkem_channel] ciphertext refused token=3480758918: ciphertext buffer full
[mlkem_channel] ciphertext refused token=1523064820: ciphertext buffer full
[mlkem_channel] ciphertext refused token=2932693767: ciphertext buffer full
[mlkem_channel] ciphertext refused token=2147251614: ciphertext buffer full
[mlkem_channel] ciphertext refused token=399931210: ciphertext buffer full
[mlkem_channel] ciphertext refused token=1632959356: ciphertext buffer full
[mlkem_channel] ciphertext refused token=2102344735: ciphertext buffer full
[mlkem_channel] ciphertext refused token=2790074396: ciphertext buffer full
[mlkem_channel] ciphertext refused token=1715248291: ciphertext buffer full
[mlkem_channel] ciphertext refused token=3321008304: ciphertext buffer full
[mlkem_channel] ciphertext refused token=2839746377: ciphertext buffer full
[mlkem_channel] ciphertext refused token=3142705985: ciphertext buffer full
[mlkem_channel] ciphertext refused token=4143398050: ciphertext buffer full
[mlkem_channel] ciphertext refused token=436092663: ciphertext buffer full
[mlkem_channel] ciphertext refused token=1362647065: ciphertext buffer full
[mlkem_channel] ciphertext refused token=2123911506: ciphertext buffer full
[mlkem_channel] ciphertext refused token=1187121189: ciphertext buffer full
[mlkem_channel] ciphertext refused token=983026862: ciphertext buffer full
[mlkem_channel] ciphertext refused token=3962056708: ciphertext buffer full
[mlkem_channel] ciphertext refused token=2394458327: ciphertext buffer full
[mlkem_channel] ciphertext refused token=3474640639: ciphertext buffer full
[mlkem_channel] ciphertext refused token=2886008868: ciphertext buffer full
[mlkem_channel] ciphertext refused token=3084624596: ciphertext buffer full
[mlkem_channel] ciphertext refused token=3409085217: ciphertext buffer full
[mlkem_channel] ciphertext refused token=1326456813: ciphertext buffer full
[mlkem_channel] ciphertext refused token=3341737777: ciphertext buffer full
[mlkem_channel] ciphertext refused token=2611127709: ciphertext buffer full
[mlkem_channel] ciphertext refused token=3075339877: ciphertext buffer full
[mlkem_channel] ciphertext refused token=245408682: ciphertext buffer full
[mlkem_channel] ciphertext refused token=4010184626: ciphertext buffer full
[mlkem_channel] ciphertext refused token=1685895503: ciphertext buffer full
[mlkem_channel] ciphertext refused token=1227179232: ciphertext buffer full
[mlkem_channel] ciphertext refused token=3895537578: ciphertext buffer full
[mlkem_channel] ciphertext refused token=160304346: ciphertext buffer full
[mlkem_channel] ciphertext refused token=898191150: ciphertext buffer full
[mlkem_channel] ciphertext refused token=4067465123: ciphertext buffer full
[mlkem_channel] ciphertext refused token=1017626301: ciphertext buffer full
[mlkem_channel] ciphertext refused token=327895329: ciphertext buffer full
[mlkem_channel] ciphertext refused token=360767929: ciphertext buffer full
[mlkem_channel] ciphertext refused token=3017650746: ciphertext buffer full
[mlkem_channel] ciphertext refused token=1861745151: ciphertext buffer full
[mlkem_channel] ciphertext refused token=3696438666: ciphertext buffer full
[mlkem_channel] ciphertext refused token=2853705434: ciphertext buffer full
[mlkem_channel] ciphertext refused token=70523822: ciphertext buffer full
[mlkem_channel] ciphertext refused token=1661793956: ciphertext buffer full
[mlkem_channel] ciphertext refused token=2027323185: ciphertext buffer full
[mlkem_channel] ciphertext refused token=2882404459: ciphertext buffer full
[mlkem_channel] ciphertext refused token=2910515272: ciphertext buffer full
[mlkem_channel] ciphertext refused token=292175903: ciphertext buffer full
[mlkem_channel] ciphertext refused token=179458773: ciphertext buffer full
[mlkem_channel] ciphertext refused token=3083205719: ciphertext buffer full
[mlkem_channel] ciphertext refused token=720350550: ciphertext buffer full
[mlkem_channel] ciphertext refused token=1916206551: ciphertext buffer full
[mlkem_channel] ciphertext refused token=1944797396: ciphertext buffer full
[mlkem_channel] ciphertext refused token=282941187: ciphertext buffer full
[mlkem_channel] ciphertext refused token=745175848: ciphertext buffer full
[mlkem_channel] ciphertext refused token=2387609314: ciphertext buffer full
[mlkem_channel] ciphertext refused token=512986465: ciphertext buffer full
[mlkem_channel] ciphertext refused token=66926027: ciphertext buffer full
[mlkem_channel] ciphertext refused token=2216700215: ciphertext buffer full
[mlkem_channel] ciphertext refused token=1272911766: ciphertext buffer full
[mlkem_channel] ciphertext refused token=4078406113: ciphertext buffer full
[mlkem_channel] ciphertext refused token=2798582073: ciphertext buffer full
[mlkem_channel] ciphertext refused token=1041608240: ciphertext buffer full
[mlkem_channel] ciphertext refused token=2696756681: ciphertext buffer full
[mlkem_channel] ciphertext refused token=2551892239: ciphertext buffer full
[mlkem_channel] ciphertext refused token=3583912564: ciphertext buffer full
[mlkem_channel] ciphertext refused token=4223322626: ciphertext buffer full
[mlkem_channel] ciphertext refused token=1511357145: ciphertext buffer full
[mlkem_channel] ciphertext refused token=3226519860: ciphertext buffer full
[mlkem_channel] ciphertext refused token=1794968097: ciphertext buffer full
[mlkem_channel] ciphertext refused token=3065847572: ciphertext buffer full
[mlkem_channel] ciphertext refused token=678063240: ciphertext buffer full
[mlkem_channel] ciphertext refused token=1603500006: ciphertext buffer full
[mlkem_channel] ciphertext refused token=1200562962: ciphertext buffer full
[mlkem_channel] ciphertext refused token=1569284270: ciphertext buffer full
[mlkem_channel] ciphertext refused token=1376756708: ciphertext buffer full
[mlkem_channel] ciphertext refused token=3159078024: ciphertext buffer full
[mlkem_channel] ciphertext refused token=2645408470: ciphertext buffer full
[mlkem_channel] ciphertext refused token=3962358100: ciphertext buffer full
[mlkem_channel] ciphertext refused token=2814792602: ciphertext buffer full
[mlkem_channel] ciphertext refused token=1537222283: ciphertext buffer full
[mlkem_channel] ciphertext refused token=1906018074: ciphertext buffer full
[mlkem_channel] ciphertext refused token=3478801351: ciphertext buffer full
[mlkem_channel] ciphertext refused token=3477985896: ciphertext buffer full
[mlkem_channel] ciphertext refused token=1724604101: ciphertext buffer full
[mlkem_channel] ciphertext refused token=2824407768: ciphertext buffer full
[mlkem_channel] ciphertext refused token=810359363: ciphertext buffer full
[mlkem_channel] ciphertext refused token=820214694: ciphertext buffer full
[mlkem_channel] ciphertext refused token=48827409: ciphertext buffer full
[mlkem_channel] ciphertext refused token=3261905777: ciphertext buffer full
[mlkem_channel] ciphertext refused token=436751530: ciphertext buffer full
[mlkem_channel] ciphertext refused token=107910527: ciphertext buffer full
[mlkem_channel] ciphertext refused token=1233720842: ciphertext buffer full
[mlkem_channel] ciphertext refused token=287500180: ciphertext buffer full
[mlkem_channel] ciphertext refused token=245678328: ciphertext buffer full
[mlkem_channel] ciphertext refused token=1770291540: ciphertext buffer full
[mlkem_channel] ciphertext refused token=376626941: ciphertext buffer full
[mlkem_channel] ciphertext refused token=3828743453: ciphertext buffer full
[mlkem_channel] ciphertext refused token=74947308: ciphertext buffer full
[mlkem_channel] ciphertext refused token=4040473132: ciphertext buffer full
[mlkem_channel] ciphertext refused token=891812897: ciphertext buffer full
[mlkem_channel] ciphertext refused token=1655104872: ciphertext buffer full
[mlkem_channel] ciphertext refused token=257945327: ciphertext buffer full
[mlkem_channel] ciphertext refused token=2779011658: ciphertext buffer full
[mlkem_channel] ciphertext refused token=773134442: ciphertext buffer full
[mlkem_channel] ciphertext refused token=802192589: ciphertext buffer full
[mlkem_channel] ciphertext refused token=1232136121: ciphertext buffer full
[mlkem_channel] ciphertext refused token=3786745388: ciphertext buffer full
[mlkem_channel] ciphertext refused token=2657134935: ciphertext buffer full
[mlkem_channel] ciphertext refused token=4138612530: ciphertext buffer full
[mlkem_channel] ciphertext refused token=3671218549: ciphertext buffer full
[mlkem_channel] ciphertext refused token=3821606033: ciphertext buffer full
[mlkem_channel] ciphertext refused token=441045115: ciphertext buffer full
[mlkem_channel] ciphertext refused token=355664516: ciphertext buffer full
[mlkem_channel] ciphertext refused token=254733078: ciphertext buffer full
[mlkem_channel] ciphertext refused token=3296386568: ciphertext buffer full
[mlkem_channel] ciphertext refused token=3111279933: ciphertext buffer full
[mlkem_channel] ciphertext refused token=990062613: ciphertext buffer full
[mlkem_channel] ciphertext refused token=531202573: ciphertext buffer full
[mlkem_channel] ciphertext refused token=2986444483: ciphertext buffer full
[mlkem_channel] ciphertext refused token=399623809: ciphertext buffer full
[mlkem_channel] ciphertext refused token=1262144508: ciphertext buffer full
[mlkem_channel] ciphertext refused token=371263594: ciphertext buffer full
[mlkem_channel] ciphertext refused token=2202881073: ciphertext buffer full
[mlkem_channel] ciphertext refused token=477446405: ciphertext buffer full
[mlkem_channel] ciphertext refused token=978281904: ciphertext buffer full
[mlkem_channel] ciphertext refused token=1224919360: ciphertext buffer full
[mlkem_channel] ciphertext refused token=3128870390: ciphertext buffer full
[mlkem_channel] ciphertext refused token=3661072745: ciphertext buffer full
[mlkem_channel] ciphertext refused token=355839632: ciphertext buffer full
[mlkem_channel] ciphertext refused token=3922265106: ciphertext buffer full
[mlkem_channel] ciphertext refused token=2382271635: ciphertext buffer full
[mlkem_channel] ciphertext refused token=1282495044: ciphertext buffer full
[mlkem_channel] ciphertext refused token=1798079276: ciphertext buffer full
[mlkem_channel] ciphertext refused token=1846533344: ciphertext buffer full
[mlkem_channel] ciphertext refused token=677345089: ciphertext buffer full
[mlkem_channel] ciphertext refused token=2099069024: ciphertext buffer full
[mlkem_channel] ciphertext refused token=1062774939: ciphertext buffer full
[mlkem_channel] ciphertext refused token=1728653618: ciphertext buffer full
[mlkem_channel] ciphertext refused token=2908780557: ciphertext buffer full
[mlkem_channel] ciphertext refused token=1573478963: ciphertext buffer full
[mlkem_channel] ciphertext refused token=903052936: ciphertext buffer full
[mlkem_channel] ciphertext refused token=3698391487: ciphertext buffer full
[mlkem_channel] ciphertext refused token=2823922977: ciphertext buffer full
[mlkem_channel] ciphertext refused token=1651634679: ciphertext buffer full
[mlkem_channel] ciphertext refused token=1358862548: ciphertext buffer full
[mlkem_channel] ciphertext refused token=3568224194: ciphertext buffer full
[mlkem_channel] ciphertext refused token=711462608: ciphertext buffer full
[mlkem_channel] ciphertext refused token=1342066390: ciphertext buffer full
[mlkem_channel] ciphertext refused token=200209032: ciphertext buffer full
[mlkem_channel] ciphertext refused token=1799046375: ciphertext buffer full
[mlkem_channel] ciphertext refused token=3349986539: ciphertext buffer full
[mlkem_channel] ciphertext refused token=4168879899: ciphertext buffer full
[mlkem_channel] ciphertext refused token=1786677195: ciphertext buffer full
[mlkem_channel] ciphertext refused token=2845615486: ciphertext buffer full
[mlkem_channel] ciphertext refused token=785478593: ciphertext buffer full
[mlkem_channel] ciphertext refused token=2376523061: ciphertext buffer full
[mlkem_channel] ciphertext refused token=928592571: ciphertext buffer full
[mlkem_channel] ciphertext refused token=1524391552: ciphertext buffer full
[mlkem_channel] ciphertext refused token=544870237: ciphertext buffer full
[mlkem_channel] ciphertext refused token=3366645474: ciphertext buffer full
[mlkem_channel] ciphertext refused token=1214531695: ciphertext buffer full
[mlkem_channel] ciphertext refused token=4180994921: ciphertext buffer full
[mlkem_channel] ciphertext refused token=547117568: ciphertext buffer full
[mlkem_channel] ciphertext refused token=2206350549: ciphertext buffer full
[mlkem_channel] ciphertext refused token=3034011110: ciphertext buffer full
[mlkem_channel] ciphertext refused token=4003178927: ciphertext buffer full
[mlkem_channel] ciphertext refused token=4050048083: ciphertext buffer full
[mlkem_channel] ciphertext refused token=124990254: ciphertext buffer full
[mlkem_channel] ciphertext refused token=2763586922: ciphertext buffer full
[mlkem_channel] ciphertext refused token=3392589542: ciphertext buffer full
[mlkem_channel] ciphertext refused token=147868132: ciphertext buffer full
[mlkem_channel] ciphertext refused token=35052198: ciphertext buffer full
[mlkem_channel] ciphertext refused token=2072202304: ciphertext buffer full
[mlkem_channel] ciphertext refused token=3444661624: ciphertext buffer full
[mlkem_channel] ciphertext refused token=2257456346: ciphertext buffer full
[mlkem_channel] ciphertext refused token=2492428945: ciphertext buffer full
[mlkem_channel] ciphertext refused token=4209511727: ciphertext buffer full
[mlkem_channel] ciphertext refused token=4270351854: ciphertext buffer full
[mlkem_channel] ciphertext refused token=528189810: ciphertext buffer full
[mlkem_channel] ciphertext refused token=1902823004: ciphertext buffer full
[mlkem_channel] ciphertext refused token=1079145140: ciphertext buffer full
[mlkem_channel] ciphertext refused token=885523829: ciphertext buffer full
[mlkem_channel] ciphertext refused token=1888979733: ciphertext buffer full
[mlkem_channel] ciphertext refused token=744314715: ciphertext buffer full
[mlkem_channel] ciphertext refused token=3789815304: ciphertext buffer full
[mlkem_channel] ciphertext refused token=2951438845: ciphertext buffer full
[mlkem_channel] ciphertext refused token=1359394589: ciphertext buffer full
[mlkem_channel] ciphertext refused token=1164557353: ciphertext buffer full
[mlkem_channel] ciphertext refused token=4102085889: ciphertext buffer full
[mlkem_channel] ciphertext refused token=917641470: ciphertext buffer full
[mlkem_channel] ciphertext refused token=4241823736: ciphertext buffer full
[mlkem_channel] ciphertext refused token=148665389: ciphertext buffer full
[mlkem_channel] ciphertext refused token=2090225921: ciphertext buffer full
[mlkem_channel] ciphertext refused token=2696791968: ciphertext buffer full
[mlkem_channel] ciphertext refused token=812890694: ciphertext buffer full
[mlkem_channel] ciphertext refused token=1363034998: ciphertext buffer full
[mlkem_channel] ciphertext refused token=3850030673: ciphertext buffer full
[mlkem_channel] ciphertext refused token=1634393053: ciphertext buffer full
[mlkem_channel] ciphertext refused token=2353730471: ciphertext buffer full
[mlkem_channel] ciphertext refused token=1839168821: ciphertext buffer full
[mlkem_channel] ciphertext refused token=2712234432: ciphertext buffer full
[mlkem_channel] ciphertext refused token=754218094: ciphertext buffer full
[mlkem_channel] ciphertext refused token=2896908424: ciphertext buffer full
[mlkem_channel] ciphertext refused token=925587136: ciphertext buffer full
[mlkem_channel] ciphertext refused token=2514380919: ciphertext buffer full
[mlkem_channel] ciphertext refused token=1800382265: ciphertext buffer full
[mlkem_channel] ciphertext refused token=3379994641: ciphertext buffer full
[mlkem_channel] ciphertext refused token=920608593: ciphertext buffer full
[mlkem_channel] ciphertext refused token=501594852: ciphertext buffer full
[mlkem_channel] ciphertext refused token=331509240: ciphertext buffer full
[mlkem_channel] ciphertext refused token=1291411580: ciphertext buffer full
[mlkem_channel] ciphertext refused token=3666248742: ciphertext buffer full
[mlkem_channel] ciphertext refused token=1608263181: ciphertext buffer full
[mlkem_channel] ciphertext refused token=1112331816: ciphertext buffer full
[mlkem_channel] ciphertext refused token=3481081987: ciphertext buffer full
[mlkem_channel] ciphertext refused token=3162501543: ciphertext buffer full
[mlkem_channel] ciphertext refused token=358927514: ciphertext buffer full
[mlkem_channel] ciphertext refused token=3709069179: ciphertext buffer full
[mlkem_channel] ciphertext refused token=1869843992: ciphertext buffer full
[mlkem_channel] ciphertext refused token=3688736540: ciphertext buffer full
[mlkem_channel] ciphertext refused token=201860982: ciphertext buffer full
[mlkem_channel] ciphertext refused token=256561770: ciphertext buffer full
[mlkem_channel] ciphertext refused token=4112540104: ciphertext buffer full
[mlkem_channel] ciphertext buffered token=1348325999 nonce_prefix=b1108eb1
[mlkem_channel] ciphertext refused token=1937076533: ciphertext buffer full
[mlkem_channel] ciphertext refused token=1238053134: ciphertext buffer full
[mlkem_channel] ciphertext refused token=2656819626: ciphertext buffer full
[mlkem_channel] ciphertext refused token=4158034847: ciphertext buffer full
[mlkem_channel] ciphertext buffered token=479304830 nonce_prefix=e4a17ed0
[mlkem_channel] ciphertext refused token=2812406126: ciphertext buffer full
[mlkem_channel] ciphertext buffered token=475172753 nonce_prefix=ce66ac05
[mlkem_channel] ciphertext refused token=613812909: ciphertext buffer full
[mlkem_channel] ciphertext buffered token=37274601 nonce_prefix=1e300249
[mlkem_channel] ciphertext refused token=2842874825: ciphertext buffer full
[mlkem_channel] ciphertext refused token=2756359821: ciphertext buffer full
[mlkem_channel] ciphertext refused token=3923883154: ciphertext buffer full
[mlkem_channel] ciphertext buffered token=1573672183 nonce_prefix=09445531
[mlkem_channel] ciphertext buffered token=697081286 nonce_prefix=11a31259
[mlkem_channel] ciphertext buffered token=3267812670 nonce_prefix=bc672178
[mlkem_channel] ciphertext buffered token=2433721077 nonce_prefix=17801ec9
[mlkem_channel] ciphertext buffered token=1845442651 nonce_prefix=af7f9cb4
[mlkem_channel] ciphertext buffered token=2433522421 nonce_prefix=05368522
[mlkem_channel] ciphertext buffered token=723203602 nonce_prefix=8d60f162
[mlkem_channel] ciphertext buffered token=757607056 nonce_prefix=8f2fcf7b
[mlkem_channel] ciphertext buffered token=149941050 nonce_prefix=f2d86802
[mlkem_channel] ciphertext buffered token=3339524248 nonce_prefix=8413b7da
[mlkem_channel] ciphertext buffered token=4099822870 nonce_prefix=f0fb835f
[mlkem_channel] ciphertext buffered token=2926670026 nonce_prefix=847b14d0
[mlkem_channel] ciphertext buffered token=2901866934 nonce_prefix=ff3a33a6
[mlkem_channel] ciphertext buffered token=3720319057 nonce_prefix=9a14b558
[mlkem_channel] ciphertext buffered token=1870707186 nonce_prefix=b6c809dd
[mlkem_channel] ciphertext buffered token=1581388079 nonce_prefix=b5ee61ef
[mlkem_channel] ciphertext buffered token=163772697 nonce_prefix=2fcce1c0
[mlkem_channel] ciphertext buffered token=364516200 nonce_prefix=75b538f5
[mlkem_channel] ciphertext buffered token=105342269 nonce_prefix=739e7d63
[mlkem_channel] ciphertext buffered token=3254949796 nonce_prefix=700fe6a9
[mlkem_channel] ciphertext buffered token=1303118853 nonce_prefix=8b7a33ab
[mlkem_channel] ciphertext buffered token=2257071227 nonce_prefix=e9154636
[mlkem_channel] ciphertext buffered token=2306498417 nonce_prefix=9e00aad4
[mlkem_channel] ciphertext buffered token=4263241149 nonce_prefix=adfa2b59
[mlkem_channel] ciphertext buffered token=2902127964 nonce_prefix=ca4f9c35
[mlkem_channel] ciphertext buffered token=2634337340 nonce_prefix=2dd499fb
[mlkem_channel] ciphertext buffered token=2135810447 nonce_prefix=78718e83
[mlkem_channel] ciphertext buffered token=4000798741 nonce_prefix=9964a338
[mlkem_channel] ciphertext buffered token=73120929 nonce_prefix=bd0122dd
[mlkem_channel] ciphertext buffered token=3105375530 nonce_prefix=e2fce7f9
[mlkem_channel] ciphertext buffered token=3261772365 nonce_prefix=3caeacee
[mlkem_channel] ciphertext buffered token=3007757256 nonce_prefix=c6a83470
[mlkem_channel] ciphertext buffered token=2506534415 nonce_prefix=20219566
[mlkem_channel] ciphertext buffered token=1191006746 nonce_prefix=48430a34
[mlkem_channel] ciphertext buffered token=3867329042 nonce_prefix=81726e3b
[mlkem_channel] ciphertext buffered token=3897597154 nonce_prefix=0c0f9d91
[mlkem_channel] ciphertext buffered token=4122041512 nonce_prefix=e32eb05f
[mlkem_channel] ciphertext buffered token=1221500992 nonce_prefix=adb6a288
[mlkem_channel] ciphertext buffered token=4189099813 nonce_prefix=68fdace9
[mlkem_channel] ciphertext buffered token=2557068572 nonce_prefix=a4964a60
[mlkem_channel] ciphertext buffered token=4041724738 nonce_prefix=dc63dacb
[mlkem_channel] ciphertext buffered token=3167798501 nonce_prefix=e198583a
[mlkem_channel] ciphertext buffered token=1007516171 nonce_prefix=8a0ede1d
[mlkem_channel] ciphertext buffered token=3357631395 nonce_prefix=a7b51904
[mlkem_channel] ciphertext buffered token=2702153334 nonce_prefix=caba0444
[mlkem_channel] ciphertext buffered token=3201190960 nonce_prefix=0bd3b983
[mlkem_channel] ciphertext buffered token=1715754017 nonce_prefix=64cf62fc
[mlkem_channel] ciphertext buffered token=3369387707 nonce_prefix=e29ff46f
[mlkem_channel] ciphertext buffered token=1286440427 nonce_prefix=f8d5df8a
[mlkem_channel] ciphertext buffered token=1800435381 nonce_prefix=55203a10
[mlkem_channel] ciphertext buffered token=409994055 nonce_prefix=e239f387
[mlkem_channel] ciphertext buffered token=114340840 nonce_prefix=437a5c46
[mlkem_channel] ciphertext buffered token=1854358984 nonce_prefix=84e4f058
[mlkem_channel] ciphertext buffered token=4253560781 nonce_prefix=555bfd83
[mlkem_channel] ciphertext buffered token=3650853968 nonce_prefix=70865c2c
[mlkem_channel] ciphertext buffered token=3515331233 nonce_prefix=02fbcf90
[mlkem_channel] ciphertext buffered token=1630083641 nonce_prefix=7fdc83e2
[mlkem_channel] ciphertext buffered token=983975788 nonce_prefix=af2cca23
[mlkem_channel] ciphertext buffered token=3848541322 nonce_prefix=932252ae
[mlkem_channel] ciphertext buffered token=388199567 nonce_prefix=b7607802
[mlkem_channel] ciphertext buffered token=1418293033 nonce_prefix=dcfa010e
[mlkem_channel] ciphertext buffered token=951308169 nonce_prefix=a6348207
[mlkem_channel] ciphertext buffered token=855175203 nonce_prefix=e1c6b781
[mlkem_channel] ciphertext buffered token=3340076999 nonce_prefix=332001b0
[mlkem_channel] ciphertext buffered token=405280211 nonce_prefix=f7cd79a9
[mlkem_channel] ciphertext buffered token=761285144 nonce_prefix=c55c6427
[mlkem_channel] ciphertext buffered token=1089873368 nonce_prefix=14c9fda2
[mlkem_channel] ciphertext buffered token=2726951439 nonce_prefix=b2d10fa6
[mlkem_channel] ciphertext buffered token=2111511744 nonce_prefix=3b047df3
[mlkem_channel] ciphertext buffered token=4240198614 nonce_prefix=413afd1a
[mlkem_channel] ciphertext buffered token=4005739363 nonce_prefix=12f04e07
[mlkem_channel] ciphertext buffered token=1120551506 nonce_prefix=5c32fde3
[mlkem_channel] ciphertext buffered token=2174148983 nonce_prefix=125f83a0
[mlkem_channel] ciphertext buffered token=1436410181 nonce_prefix=689c1370
[mlkem_channel] ciphertext buffered token=4000709454 nonce_prefix=f13964ea
[mlkem_channel] ciphertext buffered token=1099998078 nonce_prefix=52d6f65e
[mlkem_channel] ciphertext buffered token=2197063419 nonce_prefix=414210ef
[mlkem_channel] ciphertext buffered token=2559243174 nonce_prefix=fa744d4c
[mlkem_channel] ciphertext buffered token=3115720115 nonce_prefix=84a75f90
[mlkem_channel] ciphertext buffered token=216102120 nonce_prefix=44c06f68
[mlkem_channel] ciphertext buffered token=2456593591 nonce_prefix=e9c91619
[mlkem_channel] ciphertext buffered token=3790581077 nonce_prefix=b3deb1be
[mlkem_channel] ciphertext buffered token=2746072255 nonce_prefix=0a715adf
[mlkem_channel] ciphertext buffered token=2143922820 nonce_prefix=45394e33
[mlkem_channel] ciphertext buffered token=3498872993 nonce_prefix=227cb5fa
[mlkem_channel] ciphertext buffered token=3026034127 nonce_prefix=ff24ffa4
[mlkem_channel] ciphertext buffered token=2392964156 nonce_prefix=6cb253bc
[mlkem_channel] ciphertext buffered token=878597672 nonce_prefix=53236383
[mlkem_channel] ciphertext buffered token=598854745 nonce_prefix=5cf6765b
[mlkem_channel] ciphertext buffered token=2304326768 nonce_prefix=1da7d972
[mlkem_channel] ciphertext buffered token=700726105 nonce_prefix=031b2dcb
[mlkem_channel] ciphertext buffered token=2651865939 nonce_prefix=ed0d0420
[mlkem_channel] ciphertext buffered token=799265160 nonce_prefix=4634dd11
[mlkem_channel] ciphertext buffered token=1613431929 nonce_prefix=f13833b4
[mlkem_channel] ciphertext buffered token=3936039173 nonce_prefix=ba7310d4
[mlkem_channel] ciphertext buffered token=3246531619 nonce_prefix=1ce8b710
[mlkem_channel] ciphertext buffered token=2503235465 nonce_prefix=e43fde11
[mlkem_channel] ciphertext buffered token=708697429 nonce_prefix=76f58b86
[mlkem_channel] ciphertext buffered token=1040661524 nonce_prefix=0981a30f
[mlkem_channel] ciphertext buffered token=2750130625 nonce_prefix=8493b740
[mlkem_channel] ciphertext buffered token=4085742562 nonce_prefix=e35de7fe
[mlkem_channel] ciphertext buffered token=535570712 nonce_prefix=11c72a4b
[mlkem_channel] ciphertext buffered token=1176129439 nonce_prefix=c8c4ef28
[mlkem_channel] ciphertext buffered token=69936163 nonce_prefix=e30ad4d5
[mlkem_channel] ciphertext buffered token=403193591 nonce_prefix=1a76e5e0
[mlkem_channel] ciphertext buffered token=211381752 nonce_prefix=0a488158
[mlkem_channel] ciphertext buffered token=2546414409 nonce_prefix=17a69691
[mlkem_channel] ciphertext buffered token=182535474 nonce_prefix=650cfbb1
[mlkem_channel] ciphertext buffered token=4190566670 nonce_prefix=1e73560a
[mlkem_channel] ciphertext buffered token=1915319311 nonce_prefix=0e5ea65f
[mlkem_channel] ciphertext buffered token=2527107544 nonce_prefix=75cb63d0
[mlkem_channel] ciphertext buffered token=2233983380 nonce_prefix=d5762db9
[mlkem_channel] ciphertext buffered token=2761927996 nonce_prefix=ff1209f7
[mlkem_channel] ciphertext buffered token=2165388025 nonce_prefix=4bd11971
[mlkem_channel] ciphertext buffered token=2814332424 nonce_prefix=879e32c5
[mlkem_channel] ciphertext buffered token=2298182889 nonce_prefix=5afa4081
[mlkem_channel] ciphertext buffered token=3347090295 nonce_prefix=28048f13
[mlkem_channel] ciphertext buffered token=2153313582 nonce_prefix=07ae012a
[mlkem_channel] ciphertext buffered token=2805635747 nonce_prefix=2f836902
[mlkem_channel] ciphertext buffered token=425784288 nonce_prefix=e178636d
[mlkem_channel] ciphertext buffered token=2265955177 nonce_prefix=705289c5
[mlkem_channel] ciphertext buffered token=121293631 nonce_prefix=58f5019a
[mlkem_channel] ciphertext buffered token=3534626666 nonce_prefix=1871ee92
[mlkem_channel] ciphertext buffered token=4104635814 nonce_prefix=e70758d4
[mlkem_channel] ciphertext buffered token=1553905461 nonce_prefix=773d9afd
[mlkem_channel] ciphertext buffered token=638511919 nonce_prefix=ebb61585
[mlkem_channel] ciphertext buffered token=3464827662 nonce_prefix=39430968
[mlkem_channel] ciphertext buffered token=119732831 nonce_prefix=f8063d57
[mlkem_channel] ciphertext buffered token=3937363118 nonce_prefix=a9123833
[mlkem_channel] ciphertext buffered token=1205677265 nonce_prefix=14eae53d
[mlkem_channel] ciphertext buffered token=1276535213 nonce_prefix=272f983a
[mlkem_channel] ciphertext buffered token=170485603 nonce_prefix=f6a82fe6
[mlkem_channel] ciphertext buffered token=680743723 nonce_prefix=10a8dc15
[mlkem_channel] ciphertext buffered token=2732999876 nonce_prefix=c78ed163
[mlkem_channel] ciphertext buffered token=2590621964 nonce_prefix=37d05dee
[mlkem_channel] ciphertext buffered token=3377297793 nonce_prefix=f6cbb7fc
[mlkem_channel] ciphertext buffered token=829932726 nonce_prefix=cad4bdde
[mlkem_channel] ciphertext buffered token=2296305884 nonce_prefix=1bd907bc
[mlkem_channel] ciphertext buffered token=2470273205 nonce_prefix=1473fe2e
[mlkem_channel] ciphertext buffered token=118575383 nonce_prefix=f7e0ca4b
[mlkem_channel] ciphertext buffered token=2086630117 nonce_prefix=c5e9075c
[mlkem_channel] ciphertext buffered token=2153629178 nonce_prefix=9369ebfc
[mlkem_channel] ciphertext buffered token=3132306284 nonce_prefix=5580305a
[mlkem_channel] ciphertext buffered token=4183314740 nonce_prefix=812a9bb8
[mlkem_channel] ciphertext buffered token=3782839464 nonce_prefix=fabb6377
[mlkem_channel] ciphertext buffered token=40378711 nonce_prefix=d55c9b2c
[mlkem_channel] ciphertext buffered token=3328242136 nonce_prefix=3b669893
[mlkem_channel] ciphertext buffered token=2129937330 nonce_prefix=cf7e2c6f
[mlkem_channel] ciphertext buffered token=2651038786 nonce_prefix=8dac766d
[mlkem_channel] ciphertext buffered token=3507894485 nonce_prefix=7e3679dc
[mlkem_channel] ciphertext buffered token=3414010876 nonce_prefix=bb349c61
[mlkem_channel] ciphertext buffered token=262689313 nonce_prefix=e7a60075
[mlkem_channel] ciphertext buffered token=1967127518 nonce_prefix=e9f229a4
[mlkem_channel] ciphertext buffered token=3810932594 nonce_prefix=b84a284e
[mlkem_channel] ciphertext buffered token=3500414995 nonce_prefix=66f74729
[mlkem_channel] ciphertext buffered token=319457959 nonce_prefix=558efaf9
[mlkem_channel] ciphertext buffered token=593071687 nonce_prefix=8af86d73
[mlkem_channel] ciphertext buffered token=754657837 nonce_prefix=2dfe6ac7
[mlkem_channel] ciphertext buffered token=1991466982 nonce_prefix=8c1af7e7
[mlkem_channel] ciphertext buffered token=968106565 nonce_prefix=9868f4b8
[mlkem_channel] ciphertext buffered token=2901708159 nonce_prefix=93fc7937
[mlkem_channel] ciphertext buffered token=444637716 nonce_prefix=dabc3107
[mlkem_channel] ciphertext buffered token=3291451875 nonce_prefix=9d281385
[mlkem_channel] ciphertext buffered token=2933843497 nonce_prefix=710e35a9
[mlkem_channel] ciphertext buffered token=55641097 nonce_prefix=9076d21c
[mlkem_channel] ciphertext buffered token=156142388 nonce_prefix=488f3077
[mlkem_channel] ciphertext buffered token=3688860738 nonce_prefix=4e0ba454
[mlkem_channel] ciphertext buffered token=2472712156 nonce_prefix=447cddd0
[mlkem_channel] ciphertext buffered token=1903210000 nonce_prefix=5eeca55c
[mlkem_channel] ciphertext buffered token=1207388935 nonce_prefix=f9f2081c
[mlkem_channel] ciphertext buffered token=418071340 nonce_prefix=6980bac6
[mlkem_channel] ciphertext buffered token=715174297 nonce_prefix=2a3b9a3f
[mlkem_channel] ciphertext buffered token=814344681 nonce_prefix=dcd25dbe
[mlkem_channel] ciphertext buffered token=57274505 nonce_prefix=3a72a09a
[mlkem_channel] ciphertext buffered token=1663371319 nonce_prefix=32bf5f29
[mlkem_channel] ciphertext buffered token=1408093104 nonce_prefix=6686b74e
[mlkem_channel] ciphertext buffered token=3657347594 nonce_prefix=73ea6884
[mlkem_channel] ciphertext buffered token=769543863 nonce_prefix=929d8cfe
[mlkem_channel] ciphertext buffered token=3070325759 nonce_prefix=7a75f132
[mlkem_channel] ciphertext buffered token=1223917403 nonce_prefix=3ed29af4
[mlkem_channel] ciphertext buffered token=1738047626 nonce_prefix=95f3e91d
[mlkem_channel] ciphertext buffered token=3315005500 nonce_prefix=22698310
[mlkem_channel] ciphertext buffered token=2966133255 nonce_prefix=b984ec56
[mlkem_channel] ciphertext buffered token=2296062693 nonce_prefix=c7b459d7
[mlkem_channel] ciphertext buffered token=3277725282 nonce_prefix=76c3e0f5
[mlkem_channel] ciphertext buffered token=2085901496 nonce_prefix=ba7e01cc
[mlkem_channel] ciphertext buffered token=735952682 nonce_prefix=5e1b2a67
[mlkem_channel] ciphertext buffered token=428230710 nonce_prefix=59dd59b6
[mlkem_channel] ciphertext buffered token=2766645602 nonce_prefix=df33d46b
[mlkem_channel] ciphertext buffered token=2106736608 nonce_prefix=5ae2052e
[mlkem_channel] ciphertext buffered token=1982125869 nonce_prefix=2c6f0059
[mlkem_channel] ciphertext buffered token=4026870588 nonce_prefix=adbbf3c0
[mlkem_channel] ciphertext buffered token=2017295129 nonce_prefix=c55900c1
[mlkem_channel] ciphertext buffered token=3742033643 nonce_prefix=19c89182
[mlkem_channel] ciphertext buffered token=70255907 nonce_prefix=12653646
[mlkem_channel] ciphertext buffered token=3145123836 nonce_prefix=195332ba
[mlkem_channel] ciphertext buffered token=639153058 nonce_prefix=411ede2f
[mlkem_channel] ciphertext buffered token=2958563857 nonce_prefix=9dd901dd
[mlkem_channel] ciphertext buffered token=2988971901 nonce_prefix=3b27bb5b
[mlkem_channel] ciphertext buffered token=723800857 nonce_prefix=56f66ddd
[mlkem_channel] ciphertext buffered token=2265215860 nonce_prefix=61272ac7
[mlkem_channel] ciphertext buffered token=1629953845 nonce_prefix=9879691c
[mlkem_channel] ciphertext buffered token=1075418570 nonce_prefix=70e9fe61
[mlkem_channel] ciphertext buffered token=3355416748 nonce_prefix=9389137a
[mlkem_channel] ciphertext buffered token=345870859 nonce_prefix=7aa68e14
[mlkem_channel] ciphertext buffered token=1003324609 nonce_prefix=f1ab72e8
[mlkem_channel] ciphertext buffered token=542056916 nonce_prefix=828f8089
[mlkem_channel] ciphertext buffered token=318417442 nonce_prefix=754859da
[mlkem_channel] ciphertext buffered token=1071508257 nonce_prefix=9b492367
[mlkem_channel] ciphertext buffered token=2657889608 nonce_prefix=e490e61b
[mlkem_channel] ciphertext buffered token=796250880 nonce_prefix=106137d5
[mlkem_channel] ciphertext buffered token=415860694 nonce_prefix=b73c785a
[mlkem_channel] ciphertext buffered token=2423818661 nonce_prefix=5c8008b5
[mlkem_channel] ciphertext buffered token=3375345579 nonce_prefix=7249dee5
[mlkem_channel] ciphertext buffered token=1021399236 nonce_prefix=5f8f2fee
[mlkem_channel] ciphertext buffered token=175234007 nonce_prefix=36805864
[mlkem_channel] ciphertext buffered token=2465841774 nonce_prefix=39bb3a29
[mlkem_channel] ciphertext buffered token=1072687685 nonce_prefix=2a06e4df
[mlkem_channel] ciphertext buffered token=1298456642 nonce_prefix=d608031f
[mlkem_channel] ciphertext buffered token=1734145197 nonce_prefix=ccfa0647
[mlkem_channel] ciphertext buffered token=3643602064 nonce_prefix=09ccb853
[mlkem_channel] ciphertext buffered token=466886807 nonce_prefix=5f32112c
[mlkem_channel] ciphertext buffered token=2952180228 nonce_prefix=669b7e11
[mlkem_channel] ciphertext buffered token=2415339262 nonce_prefix=a43c3b87
[mlkem_channel] ciphertext buffered token=2868699985 nonce_prefix=ffd50b0b
[mlkem_channel] ciphertext buffered token=1500342352 nonce_prefix=df603843
[mlkem_channel] ciphertext buffered token=2826366375 nonce_prefix=630c3817
[mlkem_channel] ciphertext buffered token=2190672167 nonce_prefix=a7abc218
[mlkem_channel] ciphertext buffered token=4178818515 nonce_prefix=7b5aee11
[mlkem_channel] ciphertext buffered token=2767654477 nonce_prefix=15544115
[mlkem_channel] ciphertext buffered token=579295577 nonce_prefix=794904cf
[mlkem_channel] ciphertext buffered token=1804354623 nonce_prefix=22597d93
[mlkem_channel] ciphertext buffered token=3929765397 nonce_prefix=712dd1bb
[mlkem_channel] ciphertext buffered token=3776530536 nonce_prefix=c782fc39
[mlkem_channel] ciphertext buffered token=320093008 nonce_prefix=ff8ad0b0
[mlkem_channel] ciphertext buffered token=1415667023 nonce_prefix=db8e5c37
[mlkem_channel] ciphertext buffered token=264645759 nonce_prefix=a3e1507f
[mlkem_channel] ciphertext buffered token=2653007254 nonce_prefix=be147881
[mlkem_channel] ciphertext buffered token=4145134710 nonce_prefix=419f9d17
[mlkem_channel] ciphertext buffered token=3755345629 nonce_prefix=214d3583
[mlkem_channel] ciphertext buffered token=3034658040 nonce_prefix=fd3ecd76
[mlkem_channel] ciphertext buffered token=2417007924 nonce_prefix=68044d9b
[mlkem_channel] ciphertext buffered token=2263770656 nonce_prefix=e4fff4ca
[mlkem_channel] ciphertext buffered token=2155949805 nonce_prefix=f64ec137
[mlkem_channel] ciphertext buffered token=45042817 nonce_prefix=077252ed
[mlkem_channel] ciphertext buffered token=2063064383 nonce_prefix=36aa870b
[mlkem_channel] ciphertext buffered token=2059921867 nonce_prefix=92bde86a
[mlkem_channel] ciphertext buffered token=1292658526 nonce_prefix=8826bc90
[mlkem_channel] ciphertext buffered token=186718963 nonce_prefix=dae7b8f3
[mlkem_channel] ciphertext buffered token=3816159542 nonce_prefix=9702ef54
[mlkem_channel] ciphertext buffered token=2450479633 nonce_prefix=7d82caf0
[mlkem_channel] ciphertext buffered token=3198539750 nonce_prefix=344029f2
[mlkem_channel] ciphertext refused token=1453597987: ciphertext buffer full
[mlkem_channel] ciphertext refused token=3510059377: ciphertext buffer full
[mlkem_channel] ciphertext refused token=2241474089: ciphertext buffer full
[mlkem_channel] ciphertext refused token=2163536964: ciphertext buffer full
[mlkem_channel] ciphertext refused token=928601352: ciphertext buffer full
[mlkem_channel] ciphertext refused token=4279892122: ciphertext buffer full
[mlkem_channel] ciphertext refused token=2527802917: ciphertext buffer full
[mlkem_channel] ciphertext refused token=1306118683: ciphertext buffer full
[mlkem_channel] ciphertext refused token=1138930937: ciphertext buffer full
[mlkem_channel] ciphertext refused token=609381738: ciphertext buffer full
[mlkem_channel] ciphertext refused token=2413029535: ciphertext buffer full
[mlkem_channel] ciphertext refused token=715873244: ciphertext buffer full
[mlkem_channel] ciphertext refused token=3680121301: ciphertext buffer full
[mlkem_channel] ciphertext refused token=2291497741: ciphertext buffer full
[mlkem_channel] ciphertext refused token=3027425785: ciphertext buffer full
[mlkem_channel] ciphertext refused token=646958476: ciphertext buffer full
[mlkem_channel] ciphertext refused token=924462958: ciphertext buffer full
[mlkem_channel] ciphertext refused token=1027088711: ciphertext buffer full
[mlkem_channel] ciphertext refused token=2048755174: ciphertext buffer full
[mlkem_channel] ciphertext refused token=3411729968: ciphertext buffer full
[mlkem_channel] ciphertext refused token=4287465877: ciphertext buffer full
[mlkem_channel] ciphertext refused token=1176224233: ciphertext buffer full
[mlkem_channel] ciphertext refused token=3105221862: ciphertext buffer full
[mlkem_channel] ciphertext refused token=1574959328: ciphertext buffer full
[mlkem_channel] ciphertext refused token=1493882098: ciphertext buffer full
[mlkem_channel] ciphertext refused token=370519384: ciphertext buffer full
[mlkem_channel] ciphertext refused token=3896731428: ciphertext buffer full
[mlkem_channel] ciphertext refused token=539562439: ciphertext buffer full
[mlkem_channel] ciphertext refused token=209564415: ciphertext buffer full
[mlkem_channel] ciphertext refused token=1001983521: ciphertext buffer full
[mlkem_channel] ciphertext refused token=940087138: ciphertext buffer full
[mlkem_channel] ciphertext refused token=476210325: ciphertext buffer full
[mlkem_channel] ciphertext refused token=1824915781: ciphertext buffer full
[mlkem_channel] ciphertext refused token=2568557567: ciphertext buffer full
[mlkem_channel] ciphertext refused token=357075618: ciphertext buffer full
[mlkem_channel] ciphertext refused token=3223858377: ciphertext buffer full
[mlkem_channel] ciphertext refused token=152934990: ciphertext buffer full
[mlkem_channel] ciphertext refused token=894292717: ciphertext buffer full
[mlkem_channel] ciphertext refused token=4069893497: ciphertext buffer full
[mlkem_channel] ciphertext refused token=127613505: ciphertext buffer full
[mlkem_channel] ciphertext refused token=3182964922: ciphertext buffer full
[mlkem_channel] ciphertext refused token=834107693: ciphertext buffer full
[mlkem_channel] ciphertext refused token=3983065850: ciphertext buffer full
[mlkem_channel] ciphertext refused token=2004534344: ciphertext buffer full
[mlkem_channel] ciphertext refused token=2361903515: ciphertext buffer full
[mlkem_channel] ciphertext refused token=862078458: ciphertext buffer full
[mlkem_channel] ciphertext refused token=1627064353: ciphertext buffer full
[mlkem_channel] ciphertext refused token=2980928055: ciphertext buffer full
[mlkem_channel] ciphertext refused token=4028731249: ciphertext buffer full
[mlkem_channel] ciphertext refused token=2085388149: ciphertext buffer full
[mlkem_channel] ciphertext refused token=3551270066: ciphertext buffer full
[mlkem_channel] ciphertext refused token=3529860503: ciphertext buffer full
[mlkem_channel] ciphertext refused token=685782122: ciphertext buffer full
[mlkem_channel] ciphertext refused token=2118947608: ciphertext buffer full
[mlkem_channel] ciphertext refused token=2992552544: ciphertext buffer full
[mlkem_channel] ciphertext refused token=2501232229: ciphertext buffer full
[mlkem_channel] ciphertext refused token=2154797130: ciphertext buffer full
[mlkem_channel] ciphertext refused token=2062316463: ciphertext buffer full
[mlkem_channel] ciphertext refused token=1485591473: ciphertext buffer full
[mlkem_channel] ciphertext refused token=1451835483: ciphertext buffer full
[mlkem_channel] ciphertext refused token=1311357400: ciphertext buffer full
[mlkem_channel] ciphertext refused token=2006444097: ciphertext buffer full
[mlkem_channel] ciphertext refused token=1788430898: ciphertext buffer full
[mlkem_channel] ciphertext refused token=3191289716: ciphertext buffer full
[mlkem_channel] ciphertext refused token=3154972839: ciphertext buffer full
[mlkem_channel] ciphertext refused token=2396216485: ciphertext buffer full
[mlkem_channel] ciphertext refused token=1687889513: ciphertext buffer full
[mlkem_channel] ciphertext refused token=1158355181: ciphertext buffer full
[mlkem_channel] ciphertext refused token=97010193: ciphertext buffer full
[mlkem_channel] ciphertext refused token=4046273184: ciphertext buffer full
[mlkem_channel] ciphertext refused token=718674826: ciphertext buffer full
[mlkem_channel] ciphertext refused token=3322359112: ciphertext buffer full
[mlkem_channel] ciphertext refused token=4068966948: ciphertext buffer full
[mlkem_channel] ciphertext refused token=2506771525: ciphertext buffer full
[mlkem_channel] ciphertext refused token=685078133: ciphertext buffer full
[mlkem_channel] ciphertext refused token=2873644949: ciphertext buffer full
[mlkem_channel] ciphertext refused token=3753846332: ciphertext buffer full
[mlkem_channel] ciphertext refused token=209190923: ciphertext buffer full
[mlkem_channel] ciphertext refused token=1179952634: ciphertext buffer full
[mlkem_channel] ciphertext refused token=1938531087: ciphertext buffer full
[mlkem_channel] ciphertext refused token=3546238978: ciphertext buffer full
[mlkem_channel] ciphertext refused token=61767046: ciphertext buffer full
[mlkem_channel] ciphertext refused token=762683991: ciphertext buffer full
[mlkem_channel] ciphertext refused token=4062596882: ciphertext buffer full
[mlkem_channel] ciphertext refused token=374496952: ciphertext buffer full
[mlkem_channel] ciphertext refused token=4076742696: ciphertext buffer full
[mlkem_channel] ciphertext refused token=173753802: ciphertext buffer full
[mlkem_channel] ciphertext refused token=2809375070: ciphertext buffer full
[mlkem_channel] ciphertext refused token=3998521849: ciphertext buffer full
[mlkem_channel] ciphertext refused token=158245302: ciphertext buffer full
[mlkem_channel] ciphertext refused token=1338703128: ciphertext buffer full
[mlkem_channel] ciphertext refused token=1116385598: ciphertext buffer full
[mlkem_channel] ciphertext refused token=1318815122: ciphertext buffer full
[mlkem_channel] ciphertext refused token=2316712088: ciphertext buffer full
[mlkem_channel] ciphertext refused token=3145618764: ciphertext buffer full
[mlkem_channel] ciphertext refused token=940384145: ciphertext buffer full
[mlkem_channel] ciphertext refused token=102065289: ciphertext buffer full
[mlkem_channel] ciphertext refused token=3521423881: ciphertext buffer full
[mlkem_channel] ciphertext refused token=4059336886: ciphertext buffer full
[mlkem_channel] ciphertext refused token=2589118788: ciphertext buffer full
[mlkem_channel] ciphertext refused token=45180363: ciphertext buffer full
[mlkem_channel] ciphertext refused token=1021644730: ciphertext buffer full
[mlkem_channel] ciphertext refused token=3325754421: ciphertext buffer full
[mlkem_channel] ciphertext refused token=227215711: ciphertext buffer full
[mlkem_channel] ciphertext refused token=2511859008: ciphertext buffer full
[mlkem_channel] ciphertext refused token=2926474947: ciphertext buffer full
[mlkem_channel] ciphertext refused token=2666598139: ciphertext buffer full
[mlkem_channel] ciphertext refused token=2442135543: ciphertext buffer full
[mlkem_channel] ciphertext refused token=4040393607: ciphertext buffer full
[mlkem_channel] ciphertext refused token=3349626868: ciphertext buffer full
[mlkem_channel] ciphertext refused token=4281409107: ciphertext buffer full
[mlkem_channel] ciphertext refused token=2256761968: ciphertext buffer full
[mlkem_channel] ciphertext refused token=3719841753: ciphertext buffer full
[mlkem_channel] ciphertext refused token=3893905057: ciphertext buffer full
[mlkem_channel] ciphertext refused token=1225111012: ciphertext buffer full
[mlkem_channel] ciphertext refused token=1405913158: ciphertext buffer full
[mlkem_channel] ciphertext refused token=1934085105: ciphertext buffer full
[mlkem_channel] ciphertext refused token=457266021: ciphertext buffer full
[mlkem_channel] ciphertext refused token=973488731: ciphertext buffer full
[mlkem_channel] ciphertext refused token=1845141493: ciphertext buffer full
[mlkem_channel] ciphertext refused token=4266403688: ciphertext buffer full
[mlkem_channel] ciphertext refused token=3419977241: ciphertext buffer full
[mlkem_channel] ciphertext refused token=2792061451: ciphertext buffer full
[mlkem_channel] ciphertext refused token=1292153371: ciphertext buffer full
[mlkem_channel] ciphertext refused token=415575099: ciphertext buffer full
[mlkem_channel] ciphertext refused token=1016096064: ciphertext buffer full
[mlkem_channel] ciphertext refused token=3679655713: ciphertext buffer full
[mlkem_channel] ciphertext refused token=24322340: ciphertext buffer full
[mlkem_channel] ciphertext refused token=3751428718: ciphertext buffer full
[mlkem_channel] ciphertext refused token=3880177749: ciphertext buffer full
[mlkem_channel] ciphertext refused token=2504316560: ciphertext buffer full
[mlkem_channel] ciphertext refused token=1252611506: ciphertext buffer full
[mlkem_channel] ciphertext refused token=652056424: ciphertext buffer full
[mlkem_channel] ciphertext refused token=3462985446: ciphertext buffer full
[mlkem_channel] ciphertext refused token=960941870: ciphertext buffer full
[mlkem_channel] ciphertext refused token=3629638688: ciphertext buffer full
[mlkem_channel] ciphertext refused token=3561613365: ciphertext buffer full
[mlkem_channel] ciphertext refused token=1550495361: ciphertext buffer full
[mlkem_channel] ciphertext refused token=1739983651: ciphertext buffer full
[mlkem_channel] ciphertext refused token=2907308369: ciphertext buffer full
[mlkem_channel] ciphertext refused token=4165700813: ciphertext buffer full
[mlkem_channel] ciphertext refused token=3950060358: ciphertext buffer full
[mlkem_channel] ciphertext refused token=562522087: ciphertext buffer full
[mlkem_channel] ciphertext refused token=273000325: ciphertext buffer full
[mlkem_channel] ciphertext refused token=2092960897: ciphertext buffer full
[mlkem_channel] ciphertext refused token=2271844458: ciphertext buffer full
[mlkem_channel] ciphertext refused token=1209989110: ciphertext buffer full
[mlkem_channel] ciphertext refused token=1264911760: ciphertext buffer full
[mlkem_channel] ciphertext refused token=2151510188: ciphertext buffer full
[mlkem_channel] ciphertext refused token=1722768688: ciphertext buffer full
[mlkem_channel] ciphertext refused token=1456074510: ciphertext buffer full
[mlkem_channel] ciphertext refused token=3532732391: ciphertext buffer full
[mlkem_channel] ciphertext refused token=456923568: ciphertext buffer full
[mlkem_channel] ciphertext refused token=301302620: ciphertext buffer full
[mlkem_channel] ciphertext refused token=911146663: ciphertext buffer full
[mlkem_channel] ciphertext refused token=269350923: ciphertext buffer full
[mlkem_channel] ciphertext refused token=140734796: ciphertext buffer full
[mlkem_channel] ciphertext refused token=2556816880: ciphertext buffer full
[mlkem_channel] ciphertext refused token=2464651105: ciphertext buffer full
[mlkem_channel] ciphertext refused token=2168162384: ciphertext buffer full
[mlkem_channel] ciphertext refused token=1547245491: ciphertext buffer full
[mlkem_channel] ciphertext refused token=1257976236: ciphertext buffer full
[mlkem_channel] ciphertext refused token=2885326120: ciphertext buffer full
[mlkem_channel] ciphertext refused token=3599436265: ciphertext buffer full
[mlkem_channel] ciphertext refused token=1624605560: ciphertext buffer full
[mlkem_channel] ciphertext refused token=2752554908: ciphertext buffer full
[mlkem_channel] ciphertext refused token=4166940127: ciphertext buffer full
[mlkem_channel] ciphertext refused token=3014901431: ciphertext buffer full
[mlkem_channel] ciphertext refused token=2619137005: ciphertext buffer full
[mlkem_channel] ciphertext refused token=1307753473: ciphertext buffer full
[mlkem_channel] ciphertext refused token=2144141911: ciphertext buffer full
[mlkem_channel] ciphertext refused token=3042443198: ciphertext buffer full
[mlkem_channel] ciphertext refused token=2797069454: ciphertext buffer full
[mlkem_channel] ciphertext refused token=3771894570: ciphertext buffer full
[mlkem_channel] ciphertext refused token=1155892967: ciphertext buffer full
[mlkem_channel] ciphertext refused token=3532704714: ciphertext buffer full
[mlkem_channel] ciphertext refused token=1460809102: ciphertext buffer full
[mlkem_channel] ciphertext refused token=2802915421: ciphertext buffer full
[mlkem_channel] ciphertext refused token=2985064268: ciphertext buffer full
[mlkem_channel] ciphertext refused token=1649319675: ciphertext buffer full
[mlkem_channel] ciphertext refused token=1604449910: ciphertext buffer full
[mlkem_channel] ciphertext refused token=2715423869: ciphertext buffer full
[mlkem_channel] ciphertext refused token=160099314: ciphertext buffer full
[mlkem_channel] ciphertext refused token=2102623591: ciphertext buffer full
[mlkem_channel] ciphertext refused token=1158306157: ciphertext buffer full
[mlkem_channel] ciphertext refused token=3248878238: ciphertext buffer full
[mlkem_channel] ciphertext refused token=4240147320: ciphertext buffer full
[mlkem_channel] ciphertext refused token=3127889485: ciphertext buffer full
[mlkem_channel] ciphertext refused token=3621623401: ciphertext buffer full
[mlkem_channel] ciphertext refused token=3329815400: ciphertext buffer full
[mlkem_channel] ciphertext refused token=2595512407: ciphertext buffer full
[mlkem_channel] ciphertext refused token=3080005223: ciphertext buffer full
[mlkem_channel] ciphertext refused token=3256437252: ciphertext buffer full
[mlkem_channel] ciphertext refused token=2151068178: ciphertext buffer full
[mlkem_channel] ciphertext refused token=886707367: ciphertext buffer full
[mlkem_channel] ciphertext refused token=893101578: ciphertext buffer full
[mlkem_channel] ciphertext refused token=2032219876: ciphertext buffer full
[mlkem_channel] ciphertext refused token=4140348953: ciphertext buffer full
[mlkem_channel] ciphertext refused token=2895682375: ciphertext buffer full
[mlkem_channel] ciphertext refused token=1537554711: ciphertext buffer full
[mlkem_channel] ciphertext refused token=2430261492: ciphertext buffer full
[mlkem_channel] ciphertext refused token=2682403988: ciphertext buffer full
[mlkem_channel] ciphertext refused token=2901640160: ciphertext buffer full
[mlkem_channel] ciphertext refused token=1526487481: ciphertext buffer full
[mlkem_channel] ciphertext refused token=633076244: ciphertext buffer full
[mlkem_channel] ciphertext refused token=2048938096: ciphertext buffer full
[mlkem_channel] ciphertext refused token=1863903450: ciphertext buffer full
[mlkem_channel] ciphertext refused token=1730387084: ciphertext buffer full
[mlkem_channel] ciphertext refused token=3238106325: ciphertext buffer full
[mlkem_channel] ciphertext refused token=2796155116: ciphertext buffer full
[mlkem_channel] ciphertext buffered token=3563996351 nonce_prefix=f76e2ce7
[mlkem_channel] ciphertext refused token=3465556550: ciphertext buffer full
[mlkem_channel] ciphertext buffered token=1570137322 nonce_prefix=82eaf85c
[mlkem_channel] ciphertext refused token=903414384: ciphertext buffer full
[mlkem_channel] ciphertext buffered token=2839592835 nonce_prefix=97b9f767
[mlkem_channel] ciphertext buffered token=2775764806 nonce_prefix=5ed34fd7
[mlkem_channel] ciphertext refused token=3121439466: ciphertext buffer full
[mlkem_channel] ciphertext refused token=2001492273: ciphertext buffer full
[mlkem_channel] ciphertext refused token=2377042582: ciphertext buffer full
[mlkem_channel] ciphertext refused token=3532468355: ciphertext buffer full
[mlkem_channel] ciphertext buffered token=3409800373 nonce_prefix=08e2bcd0
[mlkem_channel] ciphertext refused token=1204619969: ciphertext buffer full
[mlkem_channel] ciphertext refused token=988422838: ciphertext buffer full
[mlkem_channel] ciphertext refused token=362368802: ciphertext buffer full
[mlkem_channel] ciphertext buffered token=2379668791 nonce_prefix=6a55699e
[mlkem_channel] ciphertext refused token=4091764194: ciphertext buffer full
[mlkem_channel] ciphertext refused token=2705923151: ciphertext buffer full
[mlkem_channel] ciphertext buffered token=1613431046 nonce_prefix=61d1cd8f
[mlkem_channel] ciphertext refused token=3757089061: ciphertext buffer full
[mlkem_channel] ciphertext refused token=1264549050: ciphertext buffer full
[mlkem_channel] ciphertext refused token=3000267461: ciphertext buffer full
[mlkem_channel] ciphertext refused token=2820721477: ciphertext buffer full
[mlkem_channel] ciphertext refused token=1038614870: ciphertext buffer full
[mlkem_channel] ciphertext buffered token=2046359696 nonce_prefix=f7ba6893
[mlkem_channel] ciphertext refused token=3599791005: ciphertext buffer full
[mlkem_channel] ciphertext refused token=428535480: ciphertext buffer full
[mlkem_channel] ciphertext refused token=3716506830: ciphertext buffer full
[mlkem_channel] ciphertext refused token=3379060485: ciphertext buffer full
[mlkem_channel] ciphertext refused token=2438445000: ciphertext buffer full
[mlkem_channel] ciphertext refused token=237881571: ciphertext buffer full
[mlkem_channel] ciphertext refused token=907447607: ciphertext buffer full
[mlkem_channel] ciphertext refused token=102529012: ciphertext buffer full
[mlkem_channel] ciphertext buffered token=1674136096 nonce_prefix=e21dc502
[mlkem_channel] ciphertext refused token=1256513190: ciphertext buffer full
[mlkem_channel] ciphertext refused token=3185409889: ciphertext buffer full
[mlkem_channel] ciphertext buffered token=433990737 nonce_prefix=7db5b0b9
[mlkem_channel] ciphertext refused token=112947532: ciphertext buffer full
[mlkem_channel] ciphertext refused token=3615885203: ciphertext buffer full
[mlkem_channel] ciphertext refused token=3596203730: ciphertext buffer full
[mlkem_channel] ciphertext refused token=3474555511: ciphertext buffer full
[mlkem_channel] ciphertext refused token=489445187: ciphertext buffer full
[mlkem_channel] ciphertext refused token=1283725235: ciphertext buffer full
[mlkem_channel] ciphertext refused token=2892638743: ciphertext buffer full
[mlkem_channel] ciphertext refused token=745749671: ciphertext buffer full
[mlkem_channel] ciphertext buffered token=2641273454 nonce_prefix=f68dd580
[mlkem_channel] ciphertext refused token=1310130455: ciphertext buffer full
[mlkem_channel] ciphertext refused token=1183578795: ciphertext buffer full
[mlkem_channel] ciphertext refused token=1915415566: ciphertext buffer full
[mlkem_channel] ciphertext refused token=2739744679: ciphertext buffer full
[mlkem_channel] ciphertext refused token=2803770380: ciphertext buffer full
[mlkem_channel] ciphertext buffered token=4150159584 nonce_prefix=2d4fc301
[mlkem_channel] ciphertext refused token=1678714788: ciphertext buffer full
[mlkem_channel] ciphertext refused token=2053012650: ciphertext buffer full
[mlkem_channel] ciphertext refused token=114822511: ciphertext buffer full
[mlkem_channel] ciphertext refused token=3209042142: ciphertext buffer full
[mlkem_channel] ciphertext refused token=390483465: ciphertext buffer full
[mlkem_channel] ciphertext buffered token=2998141219 nonce_prefix=178fee68
[mlkem_channel] ciphertext refused token=180240697: ciphertext buffer full
[mlkem_channel] ciphertext refused token=686550421: ciphertext buffer full
[mlkem_channel] ciphertext refused token=2517591560: ciphertext buffer full
[mlkem_channel] ciphertext buffered token=1455063120 nonce_prefix=50f206aa
[mlkem_channel] ciphertext refused token=1096551334: ciphertext buffer full
[mlkem_channel] ciphertext refused token=4167378836: ciphertext buffer full
[mlkem_channel] ciphertext refused token=1094616286: ciphertext buffer full
[mlkem_channel] ciphertext refused token=1125270680: ciphertext buffer full
[mlkem_channel] ciphertext buffered token=3764322194 nonce_prefix=54bd46c9
[mlkem_channel] ciphertext refused token=2469919934: ciphertext buffer full
[mlkem_channel] ciphertext refused token=27349309: ciphertext buffer full
[mlkem_channel] ciphertext refused token=1243109667: ciphertext buffer full
[mlkem_channel] ciphertext buffered token=1399304189 nonce_prefix=7f5e6631
[mlkem_channel] ciphertext refused token=117277276: ciphertext buffer full
[mlkem_channel] ciphertext refused token=2655446756: ciphertext buffer full
[mlkem_channel] ciphertext buffered token=4199666333 nonce_prefix=23124b98
[mlkem_channel] ciphertext refused token=3983410232: ciphertext buffer full
[mlkem_channel] ciphertext refused token=1940862422: ciphertext buffer full
[mlkem_channel] ciphertext refused token=2965257110: ciphertext buffer full
[mlkem_channel] ciphertext refused token=3572638526: ciphertext buffer full
[mlkem_channel] ciphertext buffered token=10115011 nonce_prefix=7aa30ce1
[mlkem_channel] ciphertext refused token=2117875256: ciphertext buffer full
[mlkem_channel] ciphertext buffered token=569225001 nonce_prefix=81e492a4
[mlkem_channel] ciphertext refused token=2446533963: ciphertext buffer full
[mlkem_channel] ciphertext refused token=721227351: ciphertext buffer full
[mlkem_channel] ciphertext buffered token=718418601 nonce_prefix=4d444e5e
[mlkem_channel] ciphertext refused token=3498124921: ciphertext buffer full
[mlkem_channel] ciphertext buffered token=2482101173 nonce_prefix=8dea5563
[mlkem_channel] ciphertext refused token=3374633035: ciphertext buffer full
[mlkem_channel] ciphertext buffered token=1666150328 nonce_prefix=f7f8e83f
[mlkem_channel] ciphertext refused token=2710475858: ciphertext buffer full
[mlkem_channel] ciphertext refused token=403020102: ciphertext buffer full
[mlkem_channel] ciphertext buffered token=2904801209 nonce_prefix=d8dac230
[mlkem_channel] ciphertext buffered token=112623219 nonce_prefix=62ad7386
[mlkem_channel] ciphertext buffered token=672858217 nonce_prefix=891238ab
[mlkem_channel] ciphertext refused token=1767917510: ciphertext buffer full
[mlkem_channel] ciphertext buffered token=2277967122 nonce_prefix=3b7388c1
[mlkem_channel] ciphertext buffered token=1480837683 nonce_prefix=d7c75d72
[mlkem_channel] ciphertext refused token=3699454961: ciphertext buffer full
[mlkem_channel] ciphertext refused token=4009808283: ciphertext buffer full
[mlkem_channel] ciphertext refused token=351929927: ciphertext buffer full
[mlkem_channel] ciphertext buffered token=1597116557 nonce_prefix=a92b13ba
[mlkem_channel] ciphertext refused token=2107881014: ciphertext buffer full
[mlkem_channel] ciphertext buffered token=1261183131 nonce_prefix=9ea2db1e
[mlkem_channel] ciphertext buffered token=3949612308 nonce_prefix=a2c31572
[mlkem_channel] ciphertext refused token=1957606947: ciphertext buffer full
[mlkem_channel] ciphertext refused token=3740166172: ciphertext buffer full
[mlkem_channel] ciphertext buffered token=1971635777 nonce_prefix=0a31465f
[mlkem_channel] ciphertext refused token=3239558784: ciphertext buffer full
[mlkem_channel] ciphertext refused token=43313553: ciphertext buffer full
[mlkem_channel] ciphertext buffered token=562143535 nonce_prefix=d3ab5e5e
[mlkem_channel] ciphertext refused token=1138081343: ciphertext buffer full
[mlkem_channel] ciphertext buffered token=424276645 nonce_prefix=e9c1a34b
[mlkem_channel] ciphertext refused token=2130782133: ciphertext buffer full
[mlkem_channel] ciphertext buffered token=2260543188 nonce_prefix=805ef6f0
[mlkem_channel] ciphertext buffered token=2546725589 nonce_prefix=414d91ef
[mlkem_channel] ciphertext refused token=1906165054: ciphertext buffer full
[mlkem_channel] ciphertext buffered token=2433220149 nonce_prefix=3b0eb5c3
[mlkem_channel] ciphertext refused token=1607486616: ciphertext buffer full
[mlkem_channel] ciphertext buffered token=3117016096 nonce_prefix=fcda580c
[mlkem_channel] ciphertext refused token=1391585011: ciphertext buffer full
[mlkem_channel] ciphertext buffered token=2980097168 nonce_prefix=71529622
[mlkem_channel] ciphertext refused token=583059079: ciphertext buffer full
[mlkem_channel] ciphertext buffered token=2026036309 nonce_prefix=4436ee30
[mlkem_channel] ciphertext refused token=4132069293: ciphertext buffer full
[mlkem_channel] ciphertext refused token=3351338781: ciphertext buffer full
[mlkem_channel] ciphertext refused token=1894092166: ciphertext buffer full
[mlkem_channel] ciphertext refused token=3947724906: ciphertext buffer full
[mlkem_channel] ciphertext refused token=4247124174: ciphertext buffer full
[mlkem_channel] ciphertext refused token=4012465930: ciphertext buffer full
[mlkem_channel] ciphertext refused token=3073162933: ciphertext buffer full
[mlkem_channel] ciphertext refused token=3788299454: ciphertext buffer full
[mlkem_channel] ciphertext buffered token=1316297672 nonce_prefix=122b8e32
[mlkem_channel] ciphertext refused token=1999062117: ciphertext buffer full
[mlkem_channel] ciphertext refused token=2845113080: ciphertext buffer full
[mlkem_channel] ciphertext buffered token=1810167552 nonce_prefix=a5eb14fd
[mlkem_channel] ciphertext refused token=3253361286: ciphertext buffer full
[mlkem_channel] ciphertext refused token=88374544: ciphertext buffer full
[mlkem_channel] ciphertext refused token=3166865526: ciphertext buffer full
[mlkem_channel] ciphertext buffered token=3111664305 nonce_prefix=d7732849
[mlkem_channel] ciphertext refused token=744058281: ciphertext buffer full
[mlkem_channel] ciphertext refused token=2733528822: ciphertext buffer full
[mlkem_channel] ciphertext refused token=2725305654: ciphertext buffer full
[mlkem_channel] ciphertext refused token=1372524710: ciphertext buffer full
[mlkem_channel] ciphertext refused token=1771430988: ciphertext buffer full
[mlkem_channel] ciphertext refused token=3760807395: ciphertext buffer full
[mlkem_channel] ciphertext refused token=934954850: ciphertext buffer full
[mlkem_channel] ciphertext buffered token=664458569 nonce_prefix=2f86bfc2
[mlkem_channel] ciphertext refused token=2496241547: ciphertext buffer full
[mlkem_channel] ciphertext buffered token=8160989 nonce_prefix=01030428
[mlkem_channel] ciphertext refused token=880940207: ciphertext buffer full
[mlkem_channel] ciphertext buffered token=4175585199 nonce_prefix=e5ebdae5
[mlkem_channel] ciphertext refused token=1278634183: ciphertext buffer full
[mlkem_channel] ciphertext buffered token=675775528 nonce_prefix=46b4f492
[mlkem_channel] ciphertext buffered token=4043596183 nonce_prefix=7d96db4e
[mlkem_channel] ciphertext refused token=101108133: ciphertext buffer full
[mlkem_channel] ciphertext refused token=1095125971: ciphertext buffer full
[mlkem_channel] ciphertext buffered token=1694916458 nonce_prefix=0bdc982d
[mlkem_channel] ciphertext refused token=617448614: ciphertext buffer full
[mlkem_channel] ciphertext refused token=327240938: ciphertext buffer full
[mlkem_channel] ciphertext refused token=69160165: ciphertext buffer full
[mlkem_channel] ciphertext buffered token=359180637 nonce_prefix=925e11f3
[mlkem_channel] ciphertext refused token=2975977795: ciphertext buffer full
[mlkem_channel] ciphertext refused token=3516744513: ciphertext buffer full
[mlkem_channel] ciphertext buffered token=1681172747 nonce_prefix=1585c825
[mlkem_channel] ciphertext refused token=742367254: ciphertext buffer full
[mlkem_channel] ciphertext refused token=1398331510: ciphertext buffer full
[mlkem_channel] ciphertext buffered token=4284115407 nonce_prefix=f3945b3d
[mlkem_channel] ciphertext refused token=514414237: ciphertext buffer full
[mlkem_channel] ciphertext refused token=3276615026: ciphertext buffer full
[mlkem_channel] ciphertext refused token=3593999789: ciphertext buffer full
[mlkem_channel] ciphertext buffered token=3793570619 nonce_prefix=f129de28
[mlkem_channel] ciphertext buffered token=331281200 nonce_prefix=37fe354b
[mlkem_channel] ciphertext refused token=2781746020: ciphertext buffer full
[mlkem_channel] ciphertext buffered token=2028781111 nonce_prefix=6568834c
[mlkem_channel] ciphertext buffered token=2519430836 nonce_prefix=ee14dfc6
[mlkem_channel] ciphertext refused token=2442655003: ciphertext buffer full
[mlkem_channel] ciphertext buffered token=2627806513 nonce_prefix=76944d2d
[mlkem_channel] ciphertext refused token=70583888: ciphertext buffer full
[mlkem_channel] ciphertext buffered token=2756407230 nonce_prefix=1333a036
[mlkem_channel] ciphertext refused token=2379884031: ciphertext buffer full
[mlkem_channel] ciphertext buffered token=1905268387 nonce_prefix=f689e138
[mlkem_channel] ciphertext refused token=1498934462: ciphertext buffer full
[mlkem_channel] ciphertext refused token=433269765: ciphertext buffer full
[mlkem_channel] ciphertext buffered token=435717682 nonce_prefix=d0707f87
[mlkem_channel] ciphertext refused token=1490491605: ciphertext buffer full
[mlkem_channel] ciphertext refused token=1512926248: ciphertext buffer full
[mlkem_channel] ciphertext buffered token=1344644506 nonce_prefix=aa0ffcd4
[mlkem_channel] ciphertext refused token=3417191750: ciphertext buffer full
[mlkem_channel] ciphertext buffered token=379535797 nonce_prefix=d4c85079
[mlkem_channel] ciphertext buffered token=3223518659 nonce_prefix=cf0307a3
[mlkem_channel] ciphertext buffered token=298049769 nonce_prefix=d7948a59
[mlkem_channel] ciphertext buffered token=4286623171 nonce_prefix=77ba7d06
[mlkem_channel] ciphertext buffered token=2575465516 nonce_prefix=55da241b
[mlkem_channel] ciphertext buffered token=2786280159 nonce_prefix=9a987bc5
[mlkem_channel] ciphertext buffered token=475502565 nonce_prefix=e99256fa
[mlkem_channel] ciphertext refused token=55966106: ciphertext buffer full
[mlkem_channel] ciphertext buffered token=1680396058 nonce_prefix=5d5e5f47
[mlkem_channel] ciphertext buffered token=3684794943 nonce_prefix=7f546708
[mlkem_channel] ciphertext refused token=1431075645: ciphertext buffer full
[mlkem_channel] ciphertext refused token=3411804009: ciphertext buffer full
[mlkem_channel] ciphertext buffered token=3331208529 nonce_prefix=70664258
[mlkem_channel] ciphertext buffered token=96041216 nonce_prefix=df7de51e
[mlkem_channel] ciphertext buffered token=3601790725 nonce_prefix=e8633038
[mlkem_channel] ciphertext buffered token=938119596 nonce_prefix=37dee0f8
[mlkem_channel] ciphertext buffered token=31735445 nonce_prefix=181a8070
[mlkem_channel] ciphertext buffered token=2188667727 nonce_prefix=dc91f457
[mlkem_channel] ciphertext buffered token=3119593188 nonce_prefix=e030a35a
[mlkem_channel] ciphertext buffered token=3934368291 nonce_prefix=76fd1822
[mlkem_channel] ciphertext buffered token=2202527664 nonce_prefix=f4fdc176
[mlkem_channel] ciphertext buffered token=3795512885 nonce_prefix=10e7c1da
[mlkem_channel] ciphertext buffered token=583389233 nonce_prefix=319f600e
[mlkem_channel] ciphertext buffered token=152667322 nonce_prefix=f42f53d7
[mlkem_channel] ciphertext buffered token=1244176718 nonce_prefix=019718ad
[mlkem_channel] ciphertext buffered token=3219471752 nonce_prefix=f800dd5a
[mlkem_channel] ciphertext refused token=1924240574: ciphertext buffer full
[mlkem_channel] ciphertext buffered token=1316827010 nonce_prefix=2fc858d2
[mlkem_channel] ciphertext buffered token=1874380618 nonce_prefix=a7bbdddc
[mlkem_channel] ciphertext buffered token=1200793394 nonce_prefix=bba569c6
[mlkem_channel] ciphertext buffered token=3095385355 nonce_prefix=c01f9b1f
[mlkem_channel] ciphertext buffered token=2057020496 nonce_prefix=1dc4679d
[mlkem_channel] ciphertext buffered token=2627194351 nonce_prefix=4e0da4b7
[mlkem_channel] ciphertext buffered token=2122098294 nonce_prefix=0b0c094d
[mlkem_channel] ciphertext buffered token=1016457195 nonce_prefix=a55a247f
[mlkem_channel] ciphertext buffered token=241455427 nonce_prefix=145f4809
[mlkem_channel] ciphertext buffered token=4242699841 nonce_prefix=a62a1022
[mlkem_channel] ciphertext buffered token=1535508943 nonce_prefix=e3f63b76
[mlkem_channel] ciphertext buffered token=4132495365 nonce_prefix=7fb07359
[mlkem_channel] ciphertext buffered token=331154514 nonce_prefix=059e23f1
[mlkem_channel] ciphertext buffered token=2116515141 nonce_prefix=4ec33af2
[mlkem_channel] ciphertext buffered token=3729904166 nonce_prefix=20d7d9f9
[mlkem_channel] ciphertext buffered token=332679284 nonce_prefix=e8e6bf84
[mlkem_channel] ciphertext buffered token=423121207 nonce_prefix=da5cafa8
[mlkem_channel] ciphertext buffered token=1698079446 nonce_prefix=dbb65cb6
[mlkem_channel] ciphertext buffered token=3414454661 nonce_prefix=c613eed2
[mlkem_channel] ciphertext buffered token=2784595176 nonce_prefix=4ec7565b
[mlkem_channel] ciphertext buffered token=39558998 nonce_prefix=78c2c689
[mlkem_channel] ciphertext buffered token=1858859535 nonce_prefix=6254324c
[mlkem_channel] ciphertext buffered token=1196611385 nonce_prefix=29ee63ca
[mlkem_channel] ciphertext buffered token=1685436021 nonce_prefix=eb0dbeb1
[mlkem_channel] ciphertext buffered token=1840807018 nonce_prefix=12eea102
[mlkem_channel] ciphertext buffered token=1508047365 nonce_prefix=0d7f2821
[mlkem_channel] ciphertext buffered token=2728366538 nonce_prefix=f207cd02
[mlkem_channel] ciphertext buffered token=1753239691 nonce_prefix=476f89e8
[mlkem_channel] ciphertext buffered token=292791206 nonce_prefix=63add722
[mlkem_channel] ciphertext buffered token=895675486 nonce_prefix=ab476de0
[mlkem_channel] ciphertext buffered token=897910063 nonce_prefix=14819ff6
[mlkem_channel] ciphertext buffered token=1933860181 nonce_prefix=3674d77e
[mlkem_channel] ciphertext buffered token=926535445 nonce_prefix=3e2fd223
[mlkem_channel] ciphertext buffered token=2635831137 nonce_prefix=86c058b3
[mlkem_channel] ciphertext buffered token=1029602507 nonce_prefix=5ab5ec47
[mlkem_channel] ciphertext buffered token=16852910 nonce_prefix=7a5d210d
[mlkem_channel] ciphertext buffered token=1361032971 nonce_prefix=a65f121a
[mlkem_channel] ciphertext buffered token=1720146251 nonce_prefix=63d27282
[mlkem_channel] ciphertext buffered token=3440506394 nonce_prefix=9148b89f
[mlkem_channel] ciphertext buffered token=3190084010 nonce_prefix=384e7538
[mlkem_channel] ciphertext buffered token=3972307873 nonce_prefix=19ad942a
[mlkem_channel] ciphertext buffered token=3834174245 nonce_prefix=35ee8aac
[mlkem_channel] ciphertext refused token=3309384090: ciphertext buffer full
[mlkem_channel] ciphertext refused token=4177652308: ciphertext buffer full
[mlkem_channel] ciphertext buffered token=3573321863 nonce_prefix=cc53c076
[mlkem_channel] ciphertext buffered token=720411082 nonce_prefix=8699804e
[mlkem_channel] ciphertext refused token=3685340166: ciphertext buffer full
[mlkem_channel] ciphertext refused token=4178082357: ciphertext buffer full
[mlkem_channel] ciphertext buffered token=2421691678 nonce_prefix=a718a34b
[mlkem_channel] ciphertext refused token=838297071: ciphertext buffer full
[mlkem_channel] ciphertext buffered token=3620949844 nonce_prefix=7bd2578a
[mlkem_channel] ciphertext buffered token=159785147 nonce_prefix=a1c1a93c
[mlkem_channel] ciphertext refused token=2016238512: ciphertext buffer full
[mlkem_channel] ciphertext buffered token=4193229867 nonce_prefix=29bbefda
[mlkem_channel] ciphertext buffered token=2083946283 nonce_prefix=210eec9b
[mlkem_channel] ciphertext refused token=2222183027: ciphertext buffer full
[mlkem_channel] ciphertext refused token=1506133270: ciphertext buffer full
[mlkem_channel] ciphertext buffered token=501512097 nonce_prefix=3650576f
[mlkem_channel] ciphertext buffered token=2367615178 nonce_prefix=b095dfd8
[mlkem_channel] ciphertext refused token=2958610819: ciphertext buffer full
[mlkem_channel] ciphertext buffered token=2795995473 nonce_prefix=1c4e86e2
[mlkem_channel] ciphertext refused token=51219652: ciphertext buffer full
[mlkem_channel] ciphertext buffered token=3308889581 nonce_prefix=995fbb61
[mlkem_channel] ciphertext buffered token=115029407 nonce_prefix=058e1be4
[mlkem_channel] ciphertext refused token=4193643862: ciphertext buffer full
[mlkem_channel] ciphertext refused token=2668058426: ciphertext buffer full
[mlkem_channel] ciphertext buffered token=1748744361 nonce_prefix=56d040dc
[mlkem_channel] ciphertext buffered token=1048584171 nonce_prefix=b46aaf84
[mlkem_channel] ciphertext refused token=3302898675: ciphertext buffer full
[mlkem_channel] ciphertext refused token=3127298427: ciphertext buffer full
[mlkem_channel] ciphertext buffered token=445654763 nonce_prefix=7aea38bc
[mlkem_channel] ciphertext refused token=2765176518: ciphertext buffer full
[mlkem_channel] ciphertext buffered token=2690329643 nonce_prefix=d2cec849
[mlkem_channel] ciphertext buffered token=3941289885 nonce_prefix=a9742623
[mlkem_channel] ciphertext buffered token=3542560882 nonce_prefix=e583c579
[mlkem_channel] ciphertext refused token=3332974110: ciphertext buffer full
[mlkem_channel] ciphertext refused token=3488022947: ciphertext buffer full
[mlkem_channel] ciphertext buffered token=3565057641 nonce_prefix=edee322d
[mlkem_channel] ciphertext refused token=2920370005: ciphertext buffer full
[mlkem_channel] ciphertext buffered token=4277443792 nonce_prefix=a7da92cb
[mlkem_channel] ciphertext buffered token=1887623632 nonce_prefix=3f06c64b
[mlkem_channel] ciphertext buffered token=1408536436 nonce_prefix=7c09dc58
[mlkem_channel] ciphertext buffered token=1428728957 nonce_prefix=a8bd6017
[mlkem_channel] ciphertext buffered token=1733909298 nonce_prefix=d2524459
[mlkem_channel] ciphertext refused token=392130205: ciphertext buffer full
[mlkem_channel] ciphertext buffered token=3667179770 nonce_prefix=9c98b91f
[mlkem_channel] ciphertext refused token=4144323816: ciphertext buffer full
[mlkem_channel] ciphertext buffered token=421135316 nonce_prefix=3f78374e
[mlkem_channel] ciphertext buffered token=179690462 nonce_prefix=e236d150
[mlkem_channel] ciphertext refused token=3446783401: ciphertext buffer full
[mlkem_channel] ciphertext refused token=2212941663: ciphertext buffer full
[mlkem_channel] ciphertext buffered token=2038763890 nonce_prefix=fc9a1d62
[mlkem_channel] ciphertext refused token=3810335127: ciphertext buffer full
[mlkem_channel] ciphertext refused token=4192209004: ciphertext buffer full
[mlkem_channel] ciphertext buffered token=867932690 nonce_prefix=c0af578d
[mlkem_channel] ciphertext buffered token=406499325 nonce_prefix=4f040462
[mlkem_channel] ciphertext buffered token=1803398883 nonce_prefix=c451a597
[mlkem_channel] ciphertext buffered token=1231746811 nonce_prefix=748f7804
[mlkem_channel] ciphertext buffered token=53446134 nonce_prefix=e91590bb
[mlkem_channel] ciphertext buffered token=2739329533 nonce_prefix=846b8d60
[mlkem_channel] ciphertext buffered token=210578479 nonce_prefix=0e6695f1
[mlkem_channel] ciphertext buffered token=3941293539 nonce_prefix=519938ac
[mlkem_channel] ciphertext buffered token=995550025 nonce_prefix=f4a469b8
[mlkem_channel] ciphertext refused token=1594077855: ciphertext buffer full
[mlkem_channel] ciphertext buffered token=183311280 nonce_prefix=85382b33
[mlkem_channel] ciphertext refused token=3011036364: ciphertext buffer full
[mlkem_channel] ciphertext buffered token=1816145363 nonce_prefix=42883e01
[mlkem_channel] ciphertext buffered token=1200420578 nonce_prefix=18b7bd80
[mlkem_channel] ciphertext buffered token=247974011 nonce_prefix=c643aea0
[mlkem_channel] ciphertext buffered token=1368583164 nonce_prefix=980af13c
[mlkem_channel] ciphertext buffered token=2055848745 nonce_prefix=9134753e
[mlkem_channel] ciphertext buffered token=2047065551 nonce_prefix=cbe70a89
[mlkem_channel] ciphertext refused token=2444462915: ciphertext buffer full
[mlkem_channel] ciphertext buffered token=314444511 nonce_prefix=054318ec
[mlkem_channel] ciphertext refused token=1180886946: ciphertext buffer full
[mlkem_channel] ciphertext buffered token=804595537 nonce_prefix=f76879cd
[mlkem_channel] ciphertext buffered token=819852923 nonce_prefix=f3f18cd0
[mlkem_channel] ciphertext buffered token=159114425 nonce_prefix=e36acc24
[mlkem_channel] ciphertext buffered token=109147085 nonce_prefix=fb7c05f7
[mlkem_channel] ciphertext buffered token=131326742 nonce_prefix=92e30842
[mlkem_channel] ciphertext buffered token=3424966680 nonce_prefix=3aec1e27
[mlkem_channel] ciphertext buffered token=2431113123 nonce_prefix=e75d39c2
[mlkem_channel] ciphertext buffered token=3252049573 nonce_prefix=74fa0123
[mlkem_channel] ciphertext buffered token=2949500915 nonce_prefix=b193ede0
[mlkem_channel] ciphertext buffered token=3430631201 nonce_prefix=1da96e7f
[mlkem_channel] ciphertext buffered token=1497872940 nonce_prefix=208c6c1f
[mlkem_channel] ciphertext buffered token=1563609627 nonce_prefix=a256599a
[mlkem_channel] ciphertext buffered token=3632186796 nonce_prefix=d5b8b031
[mlkem_channel] ciphertext buffered token=2472486334 nonce_prefix=674008de
[mlkem_channel] ciphertext buffered token=3702726904 nonce_prefix=539284a9
[mlkem_channel] ciphertext buffered token=783910984 nonce_prefix=de9de875
[mlkem_channel] ciphertext buffered token=1038792559 nonce_prefix=89436767
[mlkem_channel] ciphertext buffered token=2196391203 nonce_prefix=ada240fa
[mlkem_channel] ciphertext buffered token=2862201962 nonce_prefix=019d6696
[mlkem_channel] ciphertext buffered token=3885368806 nonce_prefix=ee5dd05c
[mlkem_channel] ciphertext buffered token=1484627155 nonce_prefix=e64754aa
[mlkem_channel] ciphertext buffered token=1348144835 nonce_prefix=8dbceef0
[mlkem_channel] ciphertext buffered token=34650664 nonce_prefix=bc551526
[mlkem_channel] ciphertext buffered token=3314997724 nonce_prefix=d951be90
[mlkem_channel] ciphertext buffered token=1700307201 nonce_prefix=ee7fa1ac
[mlkem_channel] ciphertext buffered token=762968910 nonce_prefix=e34d7eb0
[mlkem_channel] ciphertext buffered token=3122359549 nonce_prefix=82372ce4
[mlkem_channel] ciphertext buffered token=3863622153 nonce_prefix=64373d8d
[mlkem_channel] ciphertext buffered token=3538080175 nonce_prefix=c9e05aaa
[mlkem_channel] ciphertext buffered token=1944740714 nonce_prefix=33560cc5
[mlkem_channel] ciphertext buffered token=3894449151 nonce_prefix=9f3849b3
[mlkem_channel] ciphertext buffered token=3485695772 nonce_prefix=f146474e
[mlkem_channel] ciphertext buffered token=2865937808 nonce_prefix=a22ede7f
[mlkem_channel] ciphertext buffered token=1852630569 nonce_prefix=8566ad60
[mlkem_channel] ciphertext buffered token=1187561754 nonce_prefix=7c122877
[mlkem_channel] ciphertext buffered token=445784727 nonce_prefix=82378f20
[mlkem_channel] ciphertext buffered token=75825560 nonce_prefix=2e9c58d7
[mlkem_channel] ciphertext buffered token=239658337 nonce_prefix=4d805bae
[mlkem_channel] ciphertext buffered token=1097972486 nonce_prefix=5414adb7
[mlkem_channel] ciphertext buffered token=1626098945 nonce_prefix=7d9889b7
[mlkem_channel] ciphertext buffered token=2770132415 nonce_prefix=0d2011de
[mlkem_channel] ciphertext buffered token=3002556225 nonce_prefix=1375bd8d
[mlkem_channel] ciphertext buffered token=3936060273 nonce_prefix=1778669d
[mlkem_channel] ciphertext buffered token=1755910754 nonce_prefix=b71d9708
[mlkem_channel] ciphertext buffered token=1544872434 nonce_prefix=f6e2ec8f
[mlkem_channel] ciphertext buffered token=634416116 nonce_prefix=43eca364
[mlkem_channel] ciphertext buffered token=1875132463 nonce_prefix=977c7e77
[mlkem_channel] ciphertext buffered token=2677449401 nonce_prefix=5c1be61d
[mlkem_channel] ciphertext buffered token=4098193009 nonce_prefix=7f89aca3
[mlkem_channel] ciphertext buffered token=2065288768 nonce_prefix=a2c81a17
[mlkem_channel] ciphertext buffered token=166969222 nonce_prefix=88325e94
[mlkem_channel] ciphertext buffered token=1713414521 nonce_prefix=76858d9d
[mlkem_channel] ciphertext buffered token=3308088312 nonce_prefix=337968a7
[mlkem_channel] ciphertext buffered token=3683927370 nonce_prefix=78fc7bbe
[mlkem_channel] ciphertext buffered token=2616111376 nonce_prefix=e5b77830
[mlkem_channel] ciphertext buffered token=2917405718 nonce_prefix=305e3987
[mlkem_channel] ciphertext buffered token=562156598 nonce_prefix=d069d07e
[mlkem_channel] ciphertext buffered token=2759885762 nonce_prefix=f064f280
[mlkem_channel] ciphertext buffered token=3025722193 nonce_prefix=2fe8e422
[mlkem_channel] ciphertext buffered token=4234012920 nonce_prefix=f1370715
[mlkem_channel] ciphertext buffered token=1878463829 nonce_prefix=518a06e4
[mlkem_channel] ciphertext buffered token=2375027831 nonce_prefix=32bc7384
[mlkem_channel] ciphertext buffered token=2215110831 nonce_prefix=f0ec7e7d
[mlkem_channel] ciphertext buffered token=3462748597 nonce_prefix=91ff12ca
[mlkem_channel] ciphertext buffered token=4029454171 nonce_prefix=59108bee
[mlkem_channel] ciphertext buffered token=154517010 nonce_prefix=aef30e71
[mlkem_channel] ciphertext buffered token=2045463690 nonce_prefix=f71bdaca
[mlkem_channel] ciphertext buffered token=441826608 nonce_prefix=aecc2180
[mlkem_channel] ciphertext buffered token=1402417923 nonce_prefix=e1e25b96
[mlkem_channel] ciphertext buffered token=355700870 nonce_prefix=86806044
[mlkem_channel] ciphertext buffered token=2569919151 nonce_prefix=8f1a422a
[mlkem_channel] ciphertext buffered token=2810391691 nonce_prefix=f6f02036
[mlkem_channel] ciphertext buffered token=2671780448 nonce_prefix=033f45be
[mlkem_channel] ciphertext buffered token=887494555 nonce_prefix=6d47bf38
[mlkem_channel] ciphertext buffered token=3057518879 nonce_prefix=737157b8
[mlkem_channel] ciphertext buffered token=78306065 nonce_prefix=c152e1bf
[mlkem_channel] ciphertext buffered token=4266385347 nonce_prefix=c639ba90
[mlkem_channel] ciphertext buffered token=566155342 nonce_prefix=b0239394
[mlkem_channel] ciphertext buffered token=3015901653 nonce_prefix=2453f54d
[mlkem_channel] ciphertext buffered token=3691011241 nonce_prefix=3f2f01d3
[mlkem_channel] ciphertext buffered token=3051161752 nonce_prefix=d892d9e2
[mlkem_channel] ciphertext buffered token=1850969309 nonce_prefix=799d6290
[mlkem_channel] ciphertext buffered token=4118504059 nonce_prefix=c7afc527
[mlkem_channel] ciphertext buffered token=4249161728 nonce_prefix=39e14d3d
[mlkem_channel] ciphertext buffered token=131929416 nonce_prefix=d8862e5d
[mlkem_channel] ciphertext buffered token=1226043257 nonce_prefix=672e0cf8
[mlkem_channel] ciphertext refused token=177219240: ciphertext buffer full
[mlkem_channel] ciphertext refused token=3734417877: ciphertext buffer full
[mlkem_channel] ciphertext refused token=2034595204: ciphertext buffer full
[mlkem_channel] ciphertext refused token=2049053734: ciphertext buffer full
[mlkem_channel] ciphertext refused token=2129551950: ciphertext buffer full
[mlkem_channel] ciphertext refused token=3325357529: ciphertext buffer full
[mlkem_channel] ciphertext refused token=2920758354: ciphertext buffer full
[mlkem_channel] ciphertext refused token=1767547420: ciphertext buffer full
[mlkem_channel] ciphertext refused token=2671591714: ciphertext buffer full
[mlkem_channel] ciphertext refused token=1398713552: ciphertext buffer full
[mlkem_channel] ciphertext refused token=442318996: ciphertext buffer full
[mlkem_channel] ciphertext refused token=2704738061: ciphertext buffer full
[mlkem_channel] ciphertext refused token=4169544075: ciphertext buffer full
[mlkem_channel] ciphertext refused token=3999608295: ciphertext buffer full
[mlkem_channel] ciphertext refused token=1440908236: ciphertext buffer full
[mlkem_channel] ciphertext refused token=658804051: ciphertext buffer full
[mlkem_channel] ciphertext refused token=4130851197: ciphertext buffer full
[mlkem_channel] ciphertext refused token=1101558925: ciphertext buffer full
[mlkem_channel] ciphertext refused token=2715311096: ciphertext buffer full
[mlkem_channel] ciphertext refused token=2517588111: ciphertext buffer full
[mlkem_channel] ciphertext refused token=3488334369: ciphertext buffer full
[mlkem_channel] ciphertext refused token=1802223472: ciphertext buffer full
[mlkem_channel] ciphertext refused token=266404458: ciphertext buffer full
[mlkem_channel] ciphertext refused token=320119946: ciphertext buffer full
[mlkem_channel] ciphertext refused token=2035113376: ciphertext buffer full
[mlkem_channel] ciphertext refused token=2113621398: ciphertext buffer full
[mlkem_channel] ciphertext refused token=1056483815: ciphertext buffer full
[mlkem_channel] ciphertext refused token=1277401935: ciphertext buffer full
[mlkem_channel] ciphertext refused token=2198189144: ciphertext buffer full
[mlkem_channel] ciphertext refused token=369450535: ciphertext buffer full
[mlkem_channel] ciphertext refused token=1136099782: ciphertext buffer full
[mlkem_channel] ciphertext refused token=1370199516: ciphertext buffer full
[mlkem_channel] ciphertext refused token=2547032634: ciphertext buffer full
[mlkem_channel] ciphertext refused token=1638266799: ciphertext buffer full
[mlkem_channel] ciphertext refused token=1311783144: ciphertext buffer full
[mlkem_channel] ciphertext refused token=587172843: ciphertext buffer full
[mlkem_channel] ciphertext refused token=2757705150: ciphertext buffer full
[mlkem_channel] ciphertext refused token=2321927417: ciphertext buffer full
[mlkem_channel] ciphertext refused token=1812683759: ciphertext buffer full
[mlkem_channel] ciphertext refused token=298945768: ciphertext buffer full
[mlkem_channel] ciphertext refused token=1142871475: ciphertext buffer full
[mlkem_channel] ciphertext refused token=266989462: ciphertext buffer full
[mlkem_channel] ciphertext refused token=507480001: ciphertext buffer full
[mlkem_channel] ciphertext refused token=2932110733: ciphertext buffer full
[mlkem_channel] ciphertext refused token=1394421894: ciphertext buffer full
[mlkem_channel] ciphertext refused token=1313801489: ciphertext buffer full
[mlkem_channel] ciphertext refused token=84244326: ciphertext buffer full
[mlkem_channel] ciphertext refused token=3718901270: ciphertext buffer full
[mlkem_channel] ciphertext refused token=2992571451: ciphertext buffer full
[mlkem_channel] ciphertext refused token=104165025: ciphertext buffer full
[mlkem_channel] ciphertext refused token=1613868346: ciphertext buffer full
[mlkem_channel] ciphertext refused token=1566579822: ciphertext buffer full
[mlkem_channel] ciphertext refused token=616020560: ciphertext buffer full
[mlkem_channel] ciphertext refused token=2766036202: ciphertext buffer full
[mlkem_channel] ciphertext refused token=909940231: ciphertext buffer full
[mlkem_channel] ciphertext refused token=1657440325: ciphertext buffer full
[mlkem_channel] ciphertext refused token=2832659517: ciphertext buffer full
[mlkem_channel] ciphertext refused token=3614344418: ciphertext buffer full
[mlkem_channel] ciphertext refused token=1872046021: ciphertext buffer full
[mlkem_channel] ciphertext refused token=4218795703: ciphertext buffer full
[mlkem_channel] ciphertext refused token=1876176939: ciphertext buffer full
[mlkem_channel] ciphertext refused token=3137649938: ciphertext buffer full
[mlkem_channel] ciphertext refused token=2935000463: ciphertext buffer full
[mlkem_channel] ciphertext refused token=172865643: ciphertext buffer full
[mlkem_channel] ciphertext refused token=1255277656: ciphertext buffer full
[mlkem_channel] ciphertext refused token=1436604141: ciphertext buffer full
[mlkem_channel] ciphertext refused token=4159535334: ciphertext buffer full
[mlkem_channel] ciphertext refused token=3851902705: ciphertext buffer full
[mlkem_channel] ciphertext refused token=1928611486: ciphertext buffer full
[mlkem_channel] ciphertext refused token=2776025884: ciphertext buffer full
[mlkem_channel] ciphertext refused token=2288312937: ciphertext buffer full
[mlkem_channel] ciphertext refused token=347400511: ciphertext buffer full
[mlkem_channel] ciphertext refused token=2030930405: ciphertext buffer full
[mlkem_channel] ciphertext refused token=4107489864: ciphertext buffer full
[mlkem_channel] ciphertext refused token=4126977307: ciphertext buffer full
[mlkem_channel] ciphertext refused token=2847823832: ciphertext buffer full
[mlkem_channel] ciphertext refused token=1142784687: ciphertext buffer full
[mlkem_channel] ciphertext refused token=1619586077: ciphertext buffer full
[mlkem_channel] ciphertext refused token=4073222659: ciphertext buffer full
[mlkem_channel] ciphertext refused token=3314887485: ciphertext buffer full
[mlkem_channel] ciphertext refused token=1606134707: ciphertext buffer full
[mlkem_channel] ciphertext refused token=56561580: ciphertext buffer full
[mlkem_channel] ciphertext refused token=3046826635: ciphertext buffer full
[mlkem_channel] ciphertext refused token=659476726: ciphertext buffer full
[mlkem_channel] ciphertext refused token=2425805080: ciphertext buffer full
[mlkem_channel] ciphertext refused token=2739573033: ciphertext buffer full
[mlkem_channel] ciphertext refused token=4226129973: ciphertext buffer full
[mlkem_channel] ciphertext refused token=3622286223: ciphertext buffer full
[mlkem_channel] ciphertext refused token=2116392299: ciphertext buffer full
[mlkem_channel] ciphertext refused token=4061484533: ciphertext buffer full
[mlkem_channel] ciphertext refused token=3556698556: ciphertext buffer full
[mlkem_channel] ciphertext refused token=353387933: ciphertext buffer full
[mlkem_channel] ciphertext refused token=2937138692: ciphertext buffer full
[mlkem_channel] ciphertext refused token=718250776: ciphertext buffer full
[mlkem_channel] ciphertext refused token=3152701102: ciphertext buffer full
[mlkem_channel] ciphertext refused token=741461990: ciphertext buffer full
[mlkem_channel] ciphertext refused token=1875466491: ciphertext buffer full
[mlkem_channel] ciphertext refused token=2254762435: ciphertext buffer full
[mlkem_channel] ciphertext refused token=3045373004: ciphertext buffer full
[mlkem_channel] ciphertext refused token=3628508682: ciphertext buffer full
[mlkem_channel] ciphertext refused token=421728335: ciphertext buffer full
[mlkem_channel] ciphertext refused token=2505438943: ciphertext buffer full
[mlkem_channel] ciphertext refused token=835883332: ciphertext buffer full
[mlkem_channel] ciphertext refused token=257011971: ciphertext buffer full
[mlkem_channel] ciphertext refused token=791981439: ciphertext buffer full
[mlkem_channel] ciphertext refused token=3965822052: ciphertext buffer full
[mlkem_channel] ciphertext refused token=553874452: ciphertext buffer full
[mlkem_channel] ciphertext refused token=883897267: ciphertext buffer full
[mlkem_channel] ciphertext refused token=3251451143: ciphertext buffer full
[mlkem_channel] ciphertext refused token=4043626933: ciphertext buffer full
[mlkem_channel] ciphertext refused token=3577469412: ciphertext buffer full
[mlkem_channel] ciphertext refused token=2011429659: ciphertext buffer full
[mlkem_channel] ciphertext refused token=2573287447: ciphertext buffer full
[mlkem_channel] ciphertext refused token=336879059: ciphertext buffer full
[mlkem_channel] ciphertext refused token=842996817: ciphertext buffer full
[mlkem_channel] ciphertext refused token=1959384154: ciphertext buffer full
[mlkem_channel] ciphertext refused token=676077875: ciphertext buffer full
[mlkem_channel] ciphertext refused token=1702130436: ciphertext buffer full
[mlkem_channel] ciphertext refused token=3992628127: ciphertext buffer full
[mlkem_channel] ciphertext refused token=1658694339: ciphertext buffer full
[mlkem_channel] ciphertext refused token=1759512211: ciphertext buffer full
[mlkem_channel] ciphertext refused token=1974838857: ciphertext buffer full
[mlkem_channel] ciphertext refused token=623195446: ciphertext buffer full
[mlkem_channel] ciphertext refused token=809573494: ciphertext buffer full
[mlkem_channel] ciphertext refused token=2686741002: ciphertext buffer full
[mlkem_channel] ciphertext refused token=807844807: ciphertext buffer full
[mlkem_channel] ciphertext refused token=3770533296: ciphertext buffer full
[mlkem_channel] ciphertext refused token=1096011301: ciphertext buffer full
[mlkem_channel] ciphertext refused token=802144753: ciphertext buffer full
[mlkem_channel] ciphertext refused token=3407604378: ciphertext buffer full
[mlkem_channel] ciphertext refused token=4176774513: ciphertext buffer full
[mlkem_channel] ciphertext refused token=846358378: ciphertext buffer full
[mlkem_channel] ciphertext refused token=262945830: ciphertext buffer full
[mlkem_channel] ciphertext refused token=2224473860: ciphertext buffer full
[mlkem_channel] ciphertext refused token=1463864497: ciphertext buffer full
[mlkem_channel] ciphertext refused token=660214616: ciphertext buffer full
[mlkem_channel] ciphertext refused token=1759187706: ciphertext buffer full
[mlkem_channel] ciphertext refused token=868355459: ciphertext buffer full
[mlkem_channel] ciphertext refused token=3776385076: ciphertext buffer full
[mlkem_channel] ciphertext refused token=2832018387: ciphertext buffer full
[mlkem_channel] ciphertext refused token=2193924814: ciphertext buffer full
[mlkem_channel] ciphertext refused token=4075871844: ciphertext buffer full
[mlkem_channel] ciphertext refused token=884552182: ciphertext buffer full
[mlkem_channel] ciphertext refused token=901053411: ciphertext buffer full
[mlkem_channel] ciphertext refused token=3839600464: ciphertext buffer full
[mlkem_channel] ciphertext refused token=1809139622: ciphertext buffer full
[mlkem_channel] ciphertext refused token=1351231752: ciphertext buffer full
[mlkem_channel] ciphertext refused token=719926369: ciphertext buffer full
[mlkem_channel] ciphertext refused token=2004632128: ciphertext buffer full
[mlkem_channel] ciphertext refused token=1536580071: ciphertext buffer full
[mlkem_channel] ciphertext refused token=1475764274: ciphertext buffer full
[mlkem_channel] ciphertext refused token=3982420078: ciphertext buffer full
[mlkem_channel] ciphertext refused token=3565754815: ciphertext buffer full
[mlkem_channel] ciphertext refused token=3623421264: ciphertext buffer full
[mlkem_channel] ciphertext refused token=812451292: ciphertext buffer full
[mlkem_channel] ciphertext refused token=1817963390: ciphertext buffer full
[mlkem_channel] ciphertext refused token=933628384: ciphertext buffer full
[mlkem_channel] ciphertext refused token=1358857238: ciphertext buffer full
[mlkem_channel] ciphertext refused token=1646301347: ciphertext buffer full
[mlkem_channel] ciphertext refused token=741725353: ciphertext buffer full
[mlkem_channel] ciphertext refused token=3757090421: ciphertext buffer full
[mlkem_channel] ciphertext refused token=3129576220: ciphertext buffer full
[mlkem_channel] ciphertext refused token=2979682301: ciphertext buffer full
[mlkem_channel] ciphertext refused token=3044173775: ciphertext buffer full
[mlkem_channel] ciphertext refused token=329969948: ciphertext buffer full
[mlkem_channel] ciphertext refused token=2639946576: ciphertext buffer full
[mlkem_channel] ciphertext refused token=941834776: ciphertext buffer full
[mlkem_channel] ciphertext refused token=2889506991: ciphertext buffer full
[mlkem_channel] ciphertext refused token=2994356006: ciphertext buffer full
[mlkem_channel] ciphertext refused token=416240645: ciphertext buffer full
[mlkem_channel] ciphertext refused token=2102406868: ciphertext buffer full
[mlkem_channel] ciphertext refused token=3972217181: ciphertext buffer full
[mlkem_channel] ciphertext refused token=3605695591: ciphertext buffer full
[mlkem_channel] ciphertext refused token=3001779875: ciphertext buffer full
[mlkem_channel] ciphertext refused token=2202718821: ciphertext buffer full
[mlkem_channel] ciphertext refused token=1938384290: ciphertext buffer full
[mlkem_channel] ciphertext refused token=661874873: ciphertext buffer full
[mlkem_channel] ciphertext refused token=515583114: ciphertext buffer full
[mlkem_channel] ciphertext refused token=4292459256: ciphertext buffer full
[mlkem_channel] ciphertext refused token=154366533: ciphertext buffer full
[mlkem_channel] ciphertext refused token=2088494080: ciphertext buffer full
[mlkem_channel] ciphertext refused token=3744988431: ciphertext buffer full
[mlkem_channel] ciphertext refused token=494829577: ciphertext buffer full
[mlkem_channel] ciphertext refused token=4117665405: ciphertext buffer full
[mlkem_channel] ciphertext refused token=990639963: ciphertext buffer full
[mlkem_channel] ciphertext refused token=1847837179: ciphertext buffer full
[mlkem_channel] ciphertext refused token=2668677941: ciphertext buffer full
[mlkem_channel] ciphertext refused token=2103452173: ciphertext buffer full
[mlkem_channel] ciphertext refused token=2693338882: ciphertext buffer full
[mlkem_channel] ciphertext refused token=3948883353: ciphertext buffer full
[mlkem_channel] ciphertext refused token=2173481945: ciphertext buffer full
[mlkem_channel] ciphertext refused token=954848071: ciphertext buffer full
[mlkem_channel] ciphertext refused token=1968899363: ciphertext buffer full
[mlkem_channel] ciphertext refused token=2420637148: ciphertext buffer full
[mlkem_channel] ciphertext refused token=117870375: ciphertext buffer full
[mlkem_channel] ciphertext refused token=1107510304: ciphertext buffer full
[mlkem_channel] ciphertext refused token=1493732638: ciphertext buffer full
[mlkem_channel] ciphertext refused token=2844207625: ciphertext buffer full
[mlkem_channel] ciphertext refused token=3655147588: ciphertext buffer full
[mlkem_channel] ciphertext refused token=29283001: ciphertext buffer full
[mlkem_channel] ciphertext refused token=1406766484: ciphertext buffer full
[mlkem_channel] ciphertext refused token=2881343103: ciphertext buffer full
[mlkem_channel] ciphertext refused token=4207343663: ciphertext buffer full
[mlkem_channel] ciphertext refused token=1660297656: ciphertext buffer full
[mlkem_channel] ciphertext refused token=2503042987: ciphertext buffer full
[mlkem_channel] ciphertext refused token=863754990: ciphertext buffer full
[mlkem_channel] ciphertext refused token=2602150533: ciphertext buffer full
[mlkem_channel] ciphertext refused token=3111272663: ciphertext buffer full
[mlkem_channel] ciphertext refused token=1135083341: ciphertext buffer full
[mlkem_channel] ciphertext refused token=2474938795: ciphertext buffer full
[mlkem_channel] ciphertext refused token=1544367287: ciphertext buffer full
[mlkem_channel] ciphertext refused token=3393974732: ciphertext buffer full
[mlkem_channel] ciphertext refused token=3099352231: ciphertext buffer full
[mlkem_channel] ciphertext refused token=1399601183: ciphertext buffer full
[mlkem_channel] ciphertext refused token=2772610991: ciphertext buffer full
[mlkem_channel] ciphertext refused token=2467504224: ciphertext buffer full
[mlkem_channel] ciphertext refused token=1781847173: ciphertext buffer full
[mlkem_channel] ciphertext refused token=4254421251: ciphertext buffer full
[mlkem_channel] ciphertext refused token=2906350859: ciphertext buffer full
[mlkem_channel] ciphertext refused token=45904061: ciphertext buffer full
[mlkem_channel] ciphertext refused token=3056496592: ciphertext buffer full
[mlkem_channel] ciphertext refused token=3569739148: ciphertext buffer full
[mlkem_channel] ciphertext refused token=3051035958: ciphertext buffer full
[mlkem_channel] ciphertext refused token=1549496053: ciphertext buffer full
[mlkem_channel] ciphertext refused token=3297730938: ciphertext buffer full
[mlkem_channel] ciphertext refused token=902224932: ciphertext buffer full
[mlkem_channel] ciphertext refused token=3758549343: ciphertext buffer full
[mlkem_channel] ciphertext refused token=2972461112: ciphertext buffer full
[mlkem_channel] ciphertext refused token=1135262048: ciphertext buffer full
[mlkem_channel] ciphertext refused token=1703618868: ciphertext buffer full
[mlkem_channel] ciphertext refused token=4010272278: ciphertext buffer full
[mlkem_channel] ciphertext refused token=1069348963: ciphertext buffer full
[mlkem_channel] ciphertext refused token=1736667000: ciphertext buffer full
[mlkem_channel] ciphertext refused token=949796477: ciphertext buffer full
[mlkem_channel] ciphertext refused token=2779531287: ciphertext buffer full
[mlkem_channel] ciphertext refused token=541978152: ciphertext buffer full
[mlkem_channel] ciphertext refused token=3810191005: ciphertext buffer full
[mlkem_channel] ciphertext refused token=3138310176: ciphertext buffer full
[mlkem_channel] ciphertext refused token=2559226870: ciphertext buffer full
[mlkem_channel] ciphertext refused token=4145816719: ciphertext buffer full
[mlkem_channel] ciphertext refused token=17311473: ciphertext buffer full
[mlkem_channel] ciphertext refused token=4066543702: ciphertext buffer full
[mlkem_channel] ciphertext refused token=1174010796: ciphertext buffer full
[mlkem_channel] ciphertext refused token=3400181061: ciphertext buffer full
[mlkem_channel] ciphertext refused token=3632355685: ciphertext buffer full
[mlkem_channel] ciphertext refused token=84222626: ciphertext buffer full
[mlkem_channel] ciphertext refused token=4240274717: ciphertext buffer full
[mlkem_channel] ciphertext refused token=2526277161: ciphertext buffer full
[mlkem_channel] ciphertext refused token=3652758604: ciphertext buffer full
[mlkem_channel] ciphertext refused token=488792704: ciphertext buffer full
[mlkem_channel] ciphertext refused token=1138815976: ciphertext buffer full
[mlkem_channel] ciphertext refused token=2202612773: ciphertext buffer full
[mlkem_channel] ciphertext refused token=2499337885: ciphertext buffer full
[mlkem_channel] ciphertext refused token=4111734712: ciphertext buffer full
[mlkem_channel] ciphertext refused token=2577144091: ciphertext buffer full
[mlkem_channel] ciphertext refused token=909121878: ciphertext buffer full
[mlkem_channel] ciphertext refused token=334664291: ciphertext buffer full
[mlkem_channel] ciphertext refused token=3999664076: ciphertext buffer full
[mlkem_channel] ciphertext refused token=945752497: ciphertext buffer full
[mlkem_channel] ciphertext refused token=355875464: ciphertext buffer full
[mlkem_channel] ciphertext refused token=3068964487: ciphertext buffer full
[mlkem_channel] ciphertext refused token=296068396: ciphertext buffer full
[mlkem_channel] ciphertext refused token=1210694452: ciphertext buffer full
[mlkem_channel] ciphertext refused token=2256286242: ciphertext buffer full
[mlkem_channel] ciphertext refused token=452979525: ciphertext buffer full
[mlkem_channel] ciphertext refused token=2897888793: ciphertext buffer full
[mlkem_channel] ciphertext refused token=2099070784: ciphertext buffer full
[mlkem_channel] ciphertext refused token=3898380996: ciphertext buffer full
[mlkem_channel] ciphertext refused token=3085061245: ciphertext buffer full
[mlkem_channel] ciphertext refused token=3976277911: ciphertext buffer full
[mlkem_channel] ciphertext refused token=3305642818: ciphertext buffer full
[mlkem_channel] ciphertext refused token=2735552298: ciphertext buffer full
[mlkem_channel] ciphertext refused token=2483810568: ciphertext buffer full
[mlkem_channel] ciphertext refused token=24057469: ciphertext buffer full
[mlkem_channel] ciphertext refused token=1224502517: ciphertext buffer full
[mlkem_channel] ciphertext refused token=3592957553: ciphertext buffer full
[mlkem_channel] ciphertext refused token=620867254: ciphertext buffer full
[mlkem_channel] ciphertext refused token=4071983910: ciphertext buffer full
[mlkem_channel] ciphertext refused token=3220833757: ciphertext buffer full
[mlkem_channel] ciphertext refused token=1575982200: ciphertext buffer full
[mlkem_channel] ciphertext refused token=2423338193: ciphertext buffer full
[mlkem_channel] ciphertext refused token=3158260512: ciphertext buffer full
[mlkem_channel] ciphertext refused token=3004338938: ciphertext buffer full
[mlkem_channel] ciphertext refused token=1204046707: ciphertext buffer full
[mlkem_channel] ciphertext refused token=3813545023: ciphertext buffer full
[mlkem_channel] ciphertext refused token=3639304404: ciphertext buffer full
[mlkem_channel] ciphertext refused token=1016512059: ciphertext buffer full
[mlkem_channel] ciphertext refused token=1654237202: ciphertext buffer full
[mlkem_channel] ciphertext refused token=962075636: ciphertext buffer full
[mlkem_channel] ciphertext refused token=3308455815: ciphertext buffer full
[mlkem_channel] ciphertext refused token=2546715999: ciphertext buffer full
[mlkem_channel] ciphertext refused token=3882321693: ciphertext buffer full
[mlkem_channel] ciphertext refused token=1893598034: ciphertext buffer full
[mlkem_channel] ciphertext refused token=619659381: ciphertext buffer full
[mlkem_channel] ciphertext refused token=4238837829: ciphertext buffer full
[mlkem_channel] ciphertext refused token=245476485: ciphertext buffer full
[mlkem_channel] ciphertext refused token=1036994766: ciphertext buffer full
[mlkem_channel] ciphertext refused token=891842384: ciphertext buffer full
[mlkem_channel] ciphertext refused token=3125407701: ciphertext buffer full
[mlkem_channel] ciphertext refused token=3968940373: ciphertext buffer full
[mlkem_channel] ciphertext refused token=897630828: ciphertext buffer full
[mlkem_channel] ciphertext refused token=3028330722: ciphertext buffer full
[mlkem_channel] ciphertext refused token=4019266001: ciphertext buffer full
[mlkem_channel] ciphertext refused token=959812134: ciphertext buffer full
[mlkem_channel] ciphertext refused token=1318571253: ciphertext buffer full
[mlkem_channel] ciphertext refused token=412611930: ciphertext buffer full
[mlkem_channel] ciphertext refused token=4264413485: ciphertext buffer full
[mlkem_channel] ciphertext refused token=1875917285: ciphertext buffer full
[mlkem_channel] ciphertext refused token=550911256: ciphertext buffer full
[mlkem_channel] ciphertext refused token=991310370: ciphertext buffer full
[mlkem_channel] ciphertext refused token=752343849: ciphertext buffer full
[mlkem_channel] ciphertext refused token=487043833: ciphertext buffer full
[mlkem_channel] ciphertext refused token=1463204748: ciphertext buffer full
[mlkem_channel] ciphertext refused token=2976817174: ciphertext buffer full
[mlkem_channel] ciphertext refused token=3382946088: ciphertext buffer full
[mlkem_channel] ciphertext refused token=1778157337: ciphertext buffer full
[mlkem_channel] ciphertext refused token=3518521114: ciphertext buffer full
[mlkem_channel] ciphertext refused token=1757976038: ciphertext buffer full
[mlkem_channel] ciphertext refused token=3234960857: ciphertext buffer full
[mlkem_channel] ciphertext refused token=3802169401: ciphertext buffer full
[mlkem_channel] ciphertext refused token=434251672: ciphertext buffer full
[mlkem_channel] ciphertext refused token=393855822: ciphertext buffer full
[mlkem_channel] ciphertext buffered token=1291553433 nonce_prefix=7bab7fb6
[mlkem_channel] ciphertext refused token=4140295365: ciphertext buffer full
[mlkem_channel] ciphertext refused token=2069621325: ciphertext buffer full
[mlkem_channel] ciphertext refused token=678697289: ciphertext buffer full
[mlkem_channel] ciphertext buffered token=2606300347 nonce_prefix=01092de4
[mlkem_channel] ciphertext refused token=1278389684: ciphertext buffer full
[mlkem_channel] ciphertext refused token=1407445858: ciphertext buffer full
[mlkem_channel] ciphertext buffered token=2424917452 nonce_prefix=da407f6b
[mlkem_channel] ciphertext buffered token=511914019 nonce_prefix=70cafbce
[mlkem_channel] ciphertext refused token=4259797289: ciphertext buffer full
[mlkem_channel] ciphertext refused token=3436945870: ciphertext buffer full
[mlkem_channel] ciphertext refused token=4223868815: ciphertext buffer full
[mlkem_channel] ciphertext buffered token=1984351341 nonce_prefix=c8d6c178
[mlkem_channel] ciphertext refused token=135954897: ciphertext buffer full
[mlkem_channel] ciphertext refused token=2666631233: ciphertext buffer full
[mlkem_channel] ciphertext refused token=2714778771: ciphertext buffer full
[mlkem_channel] ciphertext refused token=2911613363: ciphertext buffer full
[mlkem_channel] ciphertext refused token=4061958329: ciphertext buffer full
[mlkem_channel] ciphertext buffered token=1441869785 nonce_prefix=f3fafae7
[mlkem_channel] ciphertext refused token=2316856899: ciphertext buffer full
[mlkem_channel] ciphertext buffered token=2571766286 nonce_prefix=d167536e
[mlkem_channel] ciphertext refused token=3248277765: ciphertext buffer full
[mlkem_channel] ciphertext refused token=2032655532: ciphertext buffer full
[mlkem_channel] ciphertext refused token=1632912331: ciphertext buffer full
[mlkem_channel] ciphertext buffered token=2411386701 nonce_prefix=b31970b4
[mlkem_channel] ciphertext refused token=3217213114: ciphertext buffer full
[mlkem_channel] ciphertext refused token=4075940107: ciphertext buffer full
[mlkem_channel] ciphertext refused token=3312235758: ciphertext buffer full
[mlkem_channel] ciphertext refused token=4255441351: ciphertext buffer full
[mlkem_channel] ciphertext refused token=2735333426: ciphertext buffer full
[mlkem_channel] ciphertext refused token=2408882535: ciphertext buffer full
[mlkem_channel] ciphertext refused token=216969143: ciphertext buffer full
[mlkem_channel] ciphertext refused token=2568969068: ciphertext buffer full
[mlkem_channel] ciphertext buffered token=95697302 nonce_prefix=fda5e291
[mlkem_channel] ciphertext refused token=3854711113: ciphertext buffer full
[mlkem_channel] ciphertext buffered token=2566909504 nonce_prefix=413d6d92
[mlkem_channel] ciphertext refused token=1861230250: ciphertext buffer full
[mlkem_channel] ciphertext refused token=3127397997: ciphertext buffer full
[mlkem_channel] ciphertext refused token=1041592859: ciphertext buffer full
[mlkem_channel] ciphertext refused token=3123362435: ciphertext buffer full
[mlkem_channel] ciphertext refused token=1490669933: ciphertext buffer full
[mlkem_channel] ciphertext refused token=1285682070: ciphertext buffer full
[mlkem_channel] ciphertext buffered token=2777167388 nonce_prefix=2a3d79c6
[mlkem_channel] ciphertext refused token=144655100: ciphertext buffer full
[mlkem_channel] ciphertext refused token=3121763272: ciphertext buffer full
[mlkem_channel] ciphertext refused token=4141769465: ciphertext buffer full
[mlkem_channel] ciphertext refused token=1223385254: ciphertext buffer full
[mlkem_channel] ciphertext refused token=3415621394: ciphertext buffer full
[mlkem_channel] ciphertext refused token=4037919857: ciphertext buffer full
[mlkem_channel] ciphertext buffered token=3668413563 nonce_prefix=761be746
[mlkem_channel] ciphertext refused token=2435580295: ciphertext buffer full
[mlkem_channel] ciphertext refused token=944412303: ciphertext buffer full
[mlkem_channel] ciphertext refused token=2562850668: ciphertext buffer full
[mlkem_channel] ciphertext refused token=1537517472: ciphertext buffer full
[mlkem_channel] ciphertext refused token=1097240686: ciphertext buffer full
[mlkem_channel] ciphertext buffered token=887748539 nonce_prefix=15d47213
[mlkem_channel] ciphertext refused token=2262761159: ciphertext buffer full
[mlkem_channel] ciphertext refused token=3365490797: ciphertext buffer full
[mlkem_channel] ciphertext refused token=439782698: ciphertext buffer full
[mlkem_channel] ciphertext refused token=1635332590: ciphertext buffer full
[mlkem_channel] ciphertext buffered token=4182917429 nonce_prefix=9fcdca24
[mlkem_channel] ciphertext refused token=4143394191: ciphertext buffer full
[mlkem_channel] ciphertext refused token=1956714573: ciphertext buffer full
[mlkem_channel] ciphertext refused token=1593428786: ciphertext buffer full
[mlkem_channel] ciphertext refused token=1186680026: ciphertext buffer full
[mlkem_channel] ciphertext refused token=1065793702: ciphertext buffer full
[mlkem_channel] ciphertext buffered token=684059074 nonce_prefix=6f9c8a99
[mlkem_channel] ciphertext refused token=283789232: ciphertext buffer full
[mlkem_channel] ciphertext refused token=4098804941: ciphertext buffer full
[mlkem_channel] ciphertext refused token=3536292497: ciphertext buffer full
[mlkem_channel] ciphertext refused token=656962287: ciphertext buffer full
[mlkem_channel] ciphertext refused token=2838787480: ciphertext buffer full
[mlkem_channel] ciphertext buffered token=1985983375 nonce_prefix=d7921a8f
[mlkem_channel] ciphertext refused token=2060498532: ciphertext buffer full
[mlkem_channel] ciphertext refused token=2231504869: ciphertext buffer full
[mlkem_channel] ciphertext refused token=594952878: ciphertext buffer full
[mlkem_channel] ciphertext refused token=1049782061: ciphertext buffer full
[mlkem_channel] ciphertext buffered token=3336655641 nonce_prefix=43a1991d
[mlkem_channel] ciphertext refused token=1674068546: ciphertext buffer full
[mlkem_channel] ciphertext refused token=1601721611: ciphertext buffer full
[mlkem_channel] ciphertext refused token=2455122367: ciphertext buffer full
[mlkem_channel] ciphertext refused token=3645496759: ciphertext buffer full
[mlkem_channel] ciphertext refused token=1855888200: ciphertext buffer full
[mlkem_channel] ciphertext refused token=3249258745: ciphertext buffer full
[mlkem_channel] ciphertext buffered token=1308579516 nonce_prefix=84739826
[mlkem_channel] ciphertext refused token=2193088441: ciphertext buffer full
[mlkem_channel] ciphertext refused token=985132765: ciphertext buffer full
[mlkem_channel] ciphertext refused token=1973967810: ciphertext buffer full
[mlkem_channel] ciphertext refused token=1891833599: ciphertext buffer full
[mlkem_channel] ciphertext refused token=918986375: ciphertext buffer full
[mlkem_channel] ciphertext refused token=1356604648: ciphertext buffer full
[mlkem_channel] ciphertext refused token=1551267338: ciphertext buffer full
[mlkem_channel] ciphertext refused token=1486305636: ciphertext buffer full
[mlkem_channel] ciphertext buffered token=2592324833 nonce_prefix=538e185b
[mlkem_channel] ciphertext refused token=4252954214: ciphertext buffer full
[mlkem_channel] ciphertext refused token=2365122323: ciphertext buffer full
[mlkem_channel] ciphertext refused token=3468217427: ciphertext buffer full
[mlkem_channel] ciphertext refused token=1657221319: ciphertext buffer full
[mlkem_channel] ciphertext buffered token=853875002 nonce_prefix=a5a026ad
[mlkem_channel] ciphertext refused token=3692956253: ciphertext buffer full
[mlkem_channel] ciphertext buffered token=1973284038 nonce_prefix=60532a6a
[mlkem_channel] ciphertext refused token=1619665610: ciphertext buffer full
[mlkem_channel] ciphertext buffered token=841095022 nonce_prefix=6569b0b6
[mlkem_channel] ciphertext refused token=3333800437: ciphertext buffer full
[mlkem_channel] ciphertext buffered token=3625551652 nonce_prefix=da3e316a
[mlkem_channel] ciphertext buffered token=3877973116 nonce_prefix=7d968550
[mlkem_channel] ciphertext buffered token=3317183736 nonce_prefix=d20ba79e
[mlkem_channel] ciphertext refused token=4031187433: ciphertext buffer full
[mlkem_channel] ciphertext buffered token=173655820 nonce_prefix=4026cd3a
[mlkem_channel] ciphertext buffered token=1065732852 nonce_prefix=b92e4488
[mlkem_channel] ciphertext refused token=1281074279: ciphertext buffer full
[mlkem_channel] ciphertext buffered token=4221492661 nonce_prefix=4ed889d9
[mlkem_channel] ciphertext refused token=3532623955: ciphertext buffer full
[mlkem_channel] ciphertext buffered token=3336130218 nonce_prefix=3aa962bf
[mlkem_channel] ciphertext buffered token=1838205504 nonce_prefix=97480e62
[mlkem_channel] ciphertext buffered token=1612491267 nonce_prefix=ba9696e7
[mlkem_channel] ciphertext buffered token=2585063770 nonce_prefix=ce0e28a2
[mlkem_channel] ciphertext buffered token=708247643 nonce_prefix=09ccdcee
[mlkem_channel] ciphertext refused token=123946011: ciphertext buffer full
[mlkem_channel] ciphertext refused token=808297692: ciphertext buffer full
[mlkem_channel] ciphertext refused token=1510489855: ciphertext buffer full
[mlkem_channel] ciphertext refused token=4036087392: ciphertext buffer full
[mlkem_channel] ciphertext buffered token=3600060208 nonce_prefix=01e84f2f
[mlkem_channel] ciphertext buffered token=3324719738 nonce_prefix=070cd316
[mlkem_channel] ciphertext refused token=2230954766: ciphertext buffer full
[mlkem_channel] ciphertext buffered token=1055963352 nonce_prefix=405a2d0e
[mlkem_channel] ciphertext refused token=3994496815: ciphertext buffer full
[mlkem_channel] ciphertext refused token=44756837: ciphertext buffer full
[mlkem_channel] ciphertext buffered token=1869861085 nonce_prefix=44bc7297
[mlkem_channel] ciphertext refused token=2146290229: ciphertext buffer full
[mlkem_channel] ciphertext refused token=3389118566: ciphertext buffer full
[mlkem_channel] ciphertext refused token=748837580: ciphertext buffer full
[mlkem_channel] ciphertext buffered token=705446235 nonce_prefix=a677ba56
[mlkem_channel] ciphertext refused token=2550612850: ciphertext buffer full
[mlkem_channel] ciphertext buffered token=1891722310 nonce_prefix=ccf140d8
[mlkem_channel] ciphertext refused token=228832842: ciphertext buffer full
[mlkem_channel] ciphertext refused token=2631066573: ciphertext buffer full
[mlkem_channel] ciphertext refused token=2613675607: ciphertext buffer full
[mlkem_channel] ciphertext refused token=2217802733: ciphertext buffer full
[mlkem_channel] ciphertext refused token=3589065086: ciphertext buffer full
[mlkem_channel] ciphertext refused token=1200986026: ciphertext buffer full
[mlkem_channel] ciphertext refused token=2548707623: ciphertext buffer full
[mlkem_channel] ciphertext refused token=194564335: ciphertext buffer full
[mlkem_channel] ciphertext refused token=2125273666: ciphertext buffer full
[mlkem_channel] ciphertext buffered token=2379320974 nonce_prefix=3c6639c8
[mlkem_channel] ciphertext refused token=1441408753: ciphertext buffer full
[mlkem_channel] ciphertext refused token=4218671711: ciphertext buffer full
[mlkem_channel] ciphertext refused token=1503834824: ciphertext buffer full
[mlkem_channel] ciphertext refused token=1514199124: ciphertext buffer full
[mlkem_channel] ciphertext refused token=2202021925: ciphertext buffer full
[mlkem_channel] ciphertext refused token=1069139450: ciphertext buffer full
[mlkem_channel] ciphertext refused token=459098044: ciphertext buffer full
[mlkem_channel] ciphertext buffered token=1461205986 nonce_prefix=ff6b6f5d
[mlkem_channel] ciphertext refused token=55672143: ciphertext buffer full
[mlkem_channel] ciphertext refused token=4255799169: ciphertext buffer full
[mlkem_channel] ciphertext refused token=960894271: ciphertext buffer full
[mlkem_channel] ciphertext refused token=1181205191: ciphertext buffer full
[mlkem_channel] ciphertext buffered token=1906258013 nonce_prefix=9b13bd07
[mlkem_channel] ciphertext refused token=346062358: ciphertext buffer full
[mlkem_channel] ciphertext refused token=1335957470: ciphertext buffer full
[mlkem_channel] ciphertext refused token=2383120005: ciphertext buffer full
[mlkem_channel] ciphertext refused token=637501999: ciphertext buffer full
[mlkem_channel] ciphertext refused token=2861510631: ciphertext buffer full
[mlkem_channel] ciphertext refused token=3700239607: ciphertext buffer full
[mlkem_channel] ciphertext refused token=1316190035: ciphertext buffer full
[mlkem_channel] ciphertext refused token=3725212321: ciphertext buffer full
[mlkem_channel] ciphertext refused token=723914398: ciphertext buffer full
[mlkem_channel] ciphertext refused token=4182605125: ciphertext buffer full
[mlkem_channel] ciphertext buffered token=4060401788 nonce_prefix=3e10d274
[mlkem_channel] ciphertext refused token=417436547: ciphertext buffer full
[mlkem_channel] ciphertext buffered token=118828714 nonce_prefix=5e6c2ae6
[mlkem_channel] ciphertext buffered token=3217955370 nonce_prefix=11620479
[mlkem_channel] ciphertext refused token=2583724993: ciphertext buffer full
[mlkem_channel] ciphertext refused token=1583592804: ciphertext buffer full
[mlkem_channel] ciphertext buffered token=3716344027 nonce_prefix=937e29b3
[mlkem_channel] ciphertext buffered token=3781279579 nonce_prefix=90ee84a2
[mlkem_channel] ciphertext refused token=3982846169: ciphertext buffer full
[mlkem_channel] ciphertext refused token=2939259031: ciphertext buffer full
[mlkem_channel] ciphertext refused token=3298848511: ciphertext buffer full
[mlkem_channel] ciphertext refused token=3958696640: ciphertext buffer full
[mlkem_channel] ciphertext buffered token=2262034437 nonce_prefix=5d97b804
[mlkem_channel] ciphertext refused token=3874331381: ciphertext buffer full
[mlkem_channel] ciphertext refused token=1381856885: ciphertext buffer full
[mlkem_channel] ciphertext refused token=2429089596: ciphertext buffer full
[mlkem_channel] ciphertext refused token=1034743987: ciphertext buffer full
[mlkem_channel] ciphertext buffered token=2302692098 nonce_prefix=6693629b
[mlkem_channel] ciphertext buffered token=688352803 nonce_prefix=fc5ad70d
[mlkem_channel] ciphertext refused token=232161518: ciphertext buffer full
[mlkem_channel] ciphertext refused token=3965736249: ciphertext buffer full
[mlkem_channel] ciphertext buffered token=920527028 nonce_prefix=480f687b
[mlkem_channel] ciphertext refused token=1407051675: ciphertext buffer full
[mlkem_channel] ciphertext buffered token=2256259839 nonce_prefix=ba232d57
[mlkem_channel] ciphertext buffered token=3081972554 nonce_prefix=fbb168cf
[mlkem_channel] ciphertext refused token=3752264061: ciphertext buffer full
[mlkem_channel] ciphertext buffered token=1736429524 nonce_prefix=6657e3ef
[mlkem_channel] ciphertext refused token=1723310323: ciphertext buffer full
[mlkem_channel] ciphertext buffered token=752818133 nonce_prefix=2faeb2a6
[mlkem_channel] ciphertext buffered token=3613011276 nonce_prefix=2fe62623
[mlkem_channel] ciphertext buffered token=3030084615 nonce_prefix=b8f66f48
[mlkem_channel] ciphertext buffered token=2204894789 nonce_prefix=b71e42e1
[mlkem_channel] ciphertext refused token=2371585744: ciphertext buffer full
[mlkem_channel] ciphertext buffered token=1718215505 nonce_prefix=7d420b39
[mlkem_channel] ciphertext refused token=2030092970: ciphertext buffer full
[mlkem_channel] ciphertext refused token=3598816182: ciphertext buffer full
[mlkem_channel] ciphertext buffered token=941176666 nonce_prefix=82646012
[mlkem_channel] ciphertext refused token=158142972: ciphertext buffer full
[mlkem_channel] ciphertext refused token=2424910792: ciphertext buffer full
[mlkem_channel] ciphertext refused token=1783096286: ciphertext buffer full
[mlkem_channel] ciphertext refused token=1640696058: ciphertext buffer full
[mlkem_channel] ciphertext buffered token=1697964927 nonce_prefix=5346f8f2
[mlkem_channel] ciphertext buffered token=770723937 nonce_prefix=876253ae
[mlkem_channel] ciphertext buffered token=303665683 nonce_prefix=9be02745
[mlkem_channel] ciphertext refused token=3068915905: ciphertext buffer full
[mlkem_channel] ciphertext buffered token=2926716463 nonce_prefix=2ed64b7a
[mlkem_channel] ciphertext buffered token=3743087394 nonce_prefix=0ff91f0c
[mlkem_channel] ciphertext buffered token=217622755 nonce_prefix=a5130742
[mlkem_channel] ciphertext buffered token=4164028067 nonce_prefix=5cae7597
[mlkem_channel] ciphertext refused token=2885338314: ciphertext buffer full
[mlkem_channel] ciphertext buffered token=1703273986 nonce_prefix=40f062d4
[mlkem_channel] ciphertext refused token=1856296785: ciphertext buffer full
[mlkem_channel] ciphertext buffered token=3199045010 nonce_prefix=92d9b911
[mlkem_channel] ciphertext refused token=3413005459: ciphertext buffer full
[mlkem_channel] ciphertext refused token=1277962230: ciphertext buffer full
[mlkem_channel] ciphertext buffered token=437847425 nonce_prefix=f872ac39
[mlkem_channel] ciphertext refused token=990034943: ciphertext buffer full
[mlkem_channel] ciphertext buffered token=3886936628 nonce_prefix=1a40bc73
[mlkem_channel] ciphertext buffered token=2519277092 nonce_prefix=e708ab22
[mlkem_channel] ciphertext refused token=110760513: ciphertext buffer full
[mlkem_channel] ciphertext buffered token=3337697106 nonce_prefix=7fedb64b
[mlkem_channel] ciphertext refused token=1683937971: ciphertext buffer full
[mlkem_channel] ciphertext buffered token=2179133516 nonce_prefix=49734fa6
[mlkem_channel] ciphertext buffered token=640158023 nonce_prefix=cc132859
[mlkem_channel] ciphertext buffered token=1725902342 nonce_prefix=3946c735
[mlkem_channel] ciphertext buffered token=255576338 nonce_prefix=feb114f0
[mlkem_channel] ciphertext buffered token=3661153278 nonce_prefix=a14ebf55
[mlkem_channel] ciphertext buffered token=740089058 nonce_prefix=e0f756a1
[mlkem_channel] ciphertext buffered token=1158676094 nonce_prefix=ce3c0b13
[mlkem_channel] ciphertext buffered token=3648321956 nonce_prefix=94a75277
[mlkem_channel] ciphertext buffered token=59108309 nonce_prefix=3058dea3
[mlkem_channel] ciphertext buffered token=1768429430 nonce_prefix=deff29a3
[mlkem_channel] ciphertext buffered token=957333459 nonce_prefix=f5283c48
[mlkem_channel] ciphertext buffered token=1459420893 nonce_prefix=41ddffdf
[mlkem_channel] ciphertext buffered token=3066190683 nonce_prefix=9777484f
[mlkem_channel] ciphertext refused token=1717301084: ciphertext buffer full
[mlkem_channel] ciphertext buffered token=1224169434 nonce_prefix=f04fa48e
[mlkem_channel] ciphertext refused token=389704134: ciphertext buffer full
[mlkem_channel] ciphertext buffered token=3501681866 nonce_prefix=be7daf0b
[mlkem_channel] ciphertext buffered token=1896392741 nonce_prefix=e5bb6e69
[mlkem_channel] ciphertext buffered token=2890795973 nonce_prefix=a62dde60
[mlkem_channel] ciphertext buffered token=1900978329 nonce_prefix=53d08a73
[mlkem_channel] ciphertext buffered token=3813996477 nonce_prefix=cba36419
[mlkem_channel] ciphertext refused token=952127782: ciphertext buffer full
[mlkem_channel] ciphertext buffered token=2676280281 nonce_prefix=d36e5ef8
[mlkem_channel] ciphertext refused token=2215432755: ciphertext buffer full
[mlkem_channel] ciphertext buffered token=2179003219 nonce_prefix=39c1c329
[mlkem_channel] ciphertext buffered token=1430545637 nonce_prefix=88203256
[mlkem_channel] ciphertext buffered token=2459969222 nonce_prefix=df307a6c
[mlkem_channel] ciphertext buffered token=2901514627 nonce_prefix=cadaa6ff
[mlkem_channel] ciphertext buffered token=3609500409 nonce_prefix=0d840e39
[mlkem_channel] ciphertext buffered token=2763668231 nonce_prefix=49a450d7
[mlkem_channel] ciphertext buffered token=990594961 nonce_prefix=30b85b0b
[mlkem_channel] ciphertext buffered token=590045332 nonce_prefix=f0eb32f2
[mlkem_channel] ciphertext buffered token=2162885543 nonce_prefix=f4db56bb
[mlkem_channel] ciphertext buffered token=1131565523 nonce_prefix=16c28ec0
[mlkem_channel] ciphertext buffered token=2000929825 nonce_prefix=86fecbb6
[mlkem_channel] ciphertext buffered token=1223818327 nonce_prefix=5c506b2a
[mlkem_channel] ciphertext buffered token=3134080519 nonce_prefix=1af82642
[mlkem_channel] ciphertext refused token=3996914688: ciphertext buffer full
[mlkem_channel] ciphertext buffered token=301064678 nonce_prefix=aea9667a
[mlkem_channel] ciphertext buffered token=1234123025 nonce_prefix=7d5a1f46
[mlkem_channel] ciphertext refused token=3134220309: ciphertext buffer full
[mlkem_channel] ciphertext buffered token=1202692090 nonce_prefix=bf19dcbd
[mlkem_channel] ciphertext buffered token=3003767905 nonce_prefix=ae8d1a00
[mlkem_channel] ciphertext buffered token=1217699262 nonce_prefix=dc497abc
[mlkem_channel] ciphertext buffered token=4081784211 nonce_prefix=17fbd120
[mlkem_channel] ciphertext buffered token=3491958026 nonce_prefix=8629e191
[mlkem_channel] ciphertext buffered token=4001579202 nonce_prefix=467c81b0
[mlkem_channel] ciphertext buffered token=2587952569 nonce_prefix=ab1d594a
[mlkem_channel] ciphertext buffered token=3369809369 nonce_prefix=322627ee
[mlkem_channel] ciphertext buffered token=813614781 nonce_prefix=2d5eb01a
[mlkem_channel] ciphertext buffered token=805259397 nonce_prefix=4ad09204
[mlkem_channel] ciphertext buffered token=3593187098 nonce_prefix=33e22f83
[mlkem_channel] ciphertext buffered token=2901097426 nonce_prefix=9f81c889
[mlkem_channel] ciphertext buffered token=2264237208 nonce_prefix=003932e0
[mlkem_channel] ciphertext buffered token=217919448 nonce_prefix=be231fdc
[mlkem_channel] ciphertext buffered token=776614936 nonce_prefix=8e3ed434
[mlkem_channel] ciphertext buffered token=1523622556 nonce_prefix=a655d456
[mlkem_channel] ciphertext buffered token=1144272785 nonce_prefix=ebf3cba7
[mlkem_channel] ciphertext buffered token=3957558176 nonce_prefix=7da2f5d5
[mlkem_channel] ciphertext buffered token=4192574905 nonce_prefix=a99ba961
[mlkem_channel] ciphertext buffered token=3509509572 nonce_prefix=9cf07dd6
[mlkem_channel] ciphertext buffered token=2812728642 nonce_prefix=73d00a43
[mlkem_channel] ciphertext buffered token=2559095377 nonce_prefix=d02c097a
[mlkem_channel] ciphertext buffered token=3287757503 nonce_prefix=08597627
[mlkem_channel] ciphertext buffered token=3722816183 nonce_prefix=1649fe42
[mlkem_channel] ciphertext buffered token=2234338575 nonce_prefix=a9e3eb6a
[mlkem_channel] ciphertext buffered token=965987101 nonce_prefix=45b71365
[mlkem_channel] ciphertext buffered token=218279329 nonce_prefix=00a029d9
[mlkem_channel] ciphertext buffered token=542748733 nonce_prefix=0bcad86c
[mlkem_channel] ciphertext buffered token=1711162840 nonce_prefix=16c0282b
[mlkem_channel] ciphertext refused token=2899125601: ciphertext buffer full
[mlkem_channel] ciphertext buffered token=2621283399 nonce_prefix=3b7aeb37
[mlkem_channel] ciphertext buffered token=592422448 nonce_prefix=94294a93
[mlkem_channel] ciphertext refused token=3806780616: ciphertext buffer full
[mlkem_channel] ciphertext buffered token=1090117761 nonce_prefix=9a731b80
[mlkem_channel] ciphertext refused token=1228729560: ciphertext buffer full
[mlkem_channel] ciphertext buffered token=642242025 nonce_prefix=8e0f4923
[mlkem_channel] ciphertext buffered token=4053903160 nonce_prefix=65d98b54
[mlkem_channel] ciphertext buffered token=206582712 nonce_prefix=484b92e2
[mlkem_channel] ciphertext buffered token=1535926791 nonce_prefix=844d8bd9
[mlkem_channel] ciphertext refused token=3210854126: ciphertext buffer full
[mlkem_channel] ciphertext buffered token=33293043 nonce_prefix=2ec8fd4a
[mlkem_channel] ciphertext buffered token=193347058 nonce_prefix=0bc6301d
[mlkem_channel] ciphertext buffered token=4097466546 nonce_prefix=ea605f37
[mlkem_channel] ciphertext buffered token=1799208996 nonce_prefix=8fcbd42d
[mlkem_channel] ciphertext buffered token=1560322997 nonce_prefix=01dad58b
[mlkem_channel] ciphertext buffered token=2358565993 nonce_prefix=d428a129
[mlkem_channel] ciphertext buffered token=994719598 nonce_prefix=d83b3db9
[mlkem_channel] ciphertext buffered token=2436954660 nonce_prefix=879af383
[mlkem_channel] ciphertext buffered token=1462762597 nonce_prefix=157d1111
[mlkem_channel] ciphertext buffered token=1070567029 nonce_prefix=8cb57760
[mlkem_channel] ciphertext buffered token=4207166932 nonce_prefix=56ef68ea
[mlkem_channel] ciphertext buffered token=40239792 nonce_prefix=583b9e68
[mlkem_channel] ciphertext buffered token=1958874353 nonce_prefix=a01f2eaf
[mlkem_channel] ciphertext buffered token=937912731 nonce_prefix=cf3e576c
[mlkem_channel] ciphertext buffered token=930049474 nonce_prefix=35f056c8
[mlkem_channel] ciphertext buffered token=651361783 nonce_prefix=ff2d1dd7
[mlkem_channel] ciphertext buffered token=118367093 nonce_prefix=4b493f2e
[mlkem_channel] ciphertext buffered token=220411273 nonce_prefix=95dd6991
[mlkem_channel] ciphertext buffered token=2164503790 nonce_prefix=824e134a
[mlkem_channel] ciphertext buffered token=4042599372 nonce_prefix=3419a133
[mlkem_channel] ciphertext buffered token=1466875973 nonce_prefix=cce081cc
[mlkem_channel] ciphertext buffered token=783383555 nonce_prefix=389c6056
[mlkem_channel] ciphertext buffered token=2924775395 nonce_prefix=5a01e710
[mlkem_channel] ciphertext buffered token=243250237 nonce_prefix=017bcda9
[mlkem_channel] ciphertext buffered token=298518486 nonce_prefix=44de7a8d
[mlkem_channel] ciphertext buffered token=404574794 nonce_prefix=096f8c5b
[mlkem_channel] ciphertext buffered token=1508858162 nonce_prefix=7327c9ae
[mlkem_channel] ciphertext buffered token=81538423 nonce_prefix=101b564a
[mlkem_channel] ciphertext buffered token=2767884720 nonce_prefix=f19020a4
[mlkem_channel] ciphertext buffered token=3901229725 nonce_prefix=02fc637d
[mlkem_channel] ciphertext buffered token=3249290911 nonce_prefix=39d813eb
[mlkem_channel] ciphertext buffered token=63765467 nonce_prefix=4811cfbe
[mlkem_channel] ciphertext buffered token=416020619 nonce_prefix=faab80ae
[mlkem_channel] ciphertext buffered token=1780002635 nonce_prefix=85ed80a6
[mlkem_channel] ciphertext buffered token=1536006392 nonce_prefix=e62ba9a7
[mlkem_channel] ciphertext buffered token=1599039729 nonce_prefix=e2bc6dcf
[mlkem_channel] ciphertext buffered token=4239184740 nonce_prefix=58ba5d26
[mlkem_channel] ciphertext buffered token=1405815046 nonce_prefix=9ae10a4a
[mlkem_channel] ciphertext buffered token=3268283605 nonce_prefix=c43cc9d4
[mlkem_channel] ciphertext buffered token=924299531 nonce_prefix=d676c520
[mlkem_channel] ciphertext buffered token=2280563784 nonce_prefix=378c077a
[mlkem_channel] ciphertext buffered token=2637204991 nonce_prefix=ce5f91c7
[mlkem_channel] ciphertext buffered token=1138271825 nonce_prefix=be5a4ef8
[mlkem_channel] ciphertext buffered token=1954079725 nonce_prefix=c8d0a041
[mlkem_channel] ciphertext buffered token=1421041739 nonce_prefix=82117e3e
[mlkem_channel] ciphertext buffered token=1705217443 nonce_prefix=c260b571
[mlkem_channel] ciphertext buffered token=1085716764 nonce_prefix=1a194a20
[mlkem_channel] ciphertext buffered token=2602174 nonce_prefix=7077f4b4
[mlkem_channel] ciphertext buffered token=1584766040 nonce_prefix=c3fa1806
[mlkem_channel] ciphertext buffered token=2401780792 nonce_prefix=7ac7c601
[mlkem_channel] ciphertext buffered token=3312924535 nonce_prefix=6515c252
[mlkem_channel] ciphertext buffered token=3643489232 nonce_prefix=6a246f8f
[mlkem_channel] ciphertext buffered token=3727356043 nonce_prefix=4bb9438b
[mlkem_channel] ciphertext buffered token=753794965 nonce_prefix=1c3b734b
[mlkem_channel] ciphertext buffered token=4124321872 nonce_prefix=2d8bbe67
[mlkem_channel] ciphertext buffered token=4213686172 nonce_prefix=4dd40726
[mlkem_channel] ciphertext buffered token=2548141560 nonce_prefix=351efa35
[mlkem_channel] ciphertext buffered token=4151810578 nonce_prefix=0184bfa5
[mlkem_channel] ciphertext buffered token=3059870750 nonce_prefix=92f1ec10
[mlkem_channel] ciphertext buffered token=2507610300 nonce_prefix=5a7cc5ee
[mlkem_channel] ciphertext buffered token=3288818943 nonce_prefix=d46b3f82
[mlkem_channel] ciphertext buffered token=3879384749 nonce_prefix=07efe53c
[mlkem_channel] ciphertext buffered token=3914320957 nonce_prefix=f0d741c3
[mlkem_channel] ciphertext buffered token=3301695380 nonce_prefix=105da650
[mlkem_channel] ciphertext buffered token=3929290273 nonce_prefix=79129eae
[mlkem_channel] ciphertext buffered token=1606117980 nonce_prefix=c0eebb41
[mlkem_channel] ciphertext buffered token=1744113154 nonce_prefix=a2a04d54
[mlkem_channel] ciphertext buffered token=3658696064 nonce_prefix=0cdf6c5a
[mlkem_channel] ciphertext buffered token=3583806573 nonce_prefix=a1a91c5b
[mlkem_channel] ciphertext buffered token=745398260 nonce_prefix=cd1b332d
[mlkem_channel] ciphertext buffered token=3092562559 nonce_prefix=82d065ac
[mlkem_channel] ciphertext buffered token=1480625443 nonce_prefix=962ffde8
[mlkem_channel] ciphertext buffered token=2518351337 nonce_prefix=0b40a980
[mlkem_channel] ciphertext buffered token=907447064 nonce_prefix=d36ea308
[mlkem_channel] ciphertext buffered token=2408196711 nonce_prefix=ba5feb2e
[mlkem_channel] ciphertext buffered token=200153152 nonce_prefix=b3d3cbf4
[mlkem_channel] ciphertext buffered token=3967457594 nonce_prefix=6e4f7813
[mlkem_channel] ciphertext buffered token=1116518880 nonce_prefix=3a49de40
[mlkem_channel] ciphertext buffered token=1954418992 nonce_prefix=50bc53b9
[mlkem_channel] ciphertext buffered token=118570734 nonce_prefix=59abcaef
[mlkem_channel] ciphertext buffered token=2399660869 nonce_prefix=fc6819bc
[mlkem_channel] ciphertext buffered token=286767055 nonce_prefix=272efb7c
[mlkem_channel] ciphertext buffered token=2495735435 nonce_prefix=c5ce7f5d
[mlkem_channel] ciphertext buffered token=1329123295 nonce_prefix=80a583a9
[mlkem_channel] ciphertext buffered token=2608979437 nonce_prefix=b878883c
[mlkem_channel] ciphertext buffered token=3486697425 nonce_prefix=db1ec826
[mlkem_channel] ciphertext buffered token=941301074 nonce_prefix=f0a0f788
[mlkem_channel] ciphertext buffered token=2248469705 nonce_prefix=f3b5fa26
[mlkem_channel] ciphertext buffered token=3328274212 nonce_prefix=f28316ad
[mlkem_channel] ciphertext buffered token=343664466 nonce_prefix=f7e24079
[mlkem_channel] ciphertext buffered token=2495764460 nonce_prefix=6575550b
[mlkem_channel] ciphertext buffered token=3001825352 nonce_prefix=32252c39
[mlkem_channel] ciphertext buffered token=694143874 nonce_prefix=69067f3c
[mlkem_channel] ciphertext buffered token=3545038429 nonce_prefix=dd6822e0
[mlkem_channel] ciphertext buffered token=3035684891 nonce_prefix=baa54032
[mlkem_channel] ciphertext buffered token=2074587831 nonce_prefix=55b17e17
[mlkem_channel] ciphertext buffered token=474185342 nonce_prefix=8cafd0b1
[mlkem_channel] ciphertext buffered token=725782076 nonce_prefix=78feca1c
[mlkem_channel] ciphertext buffered token=2022259190 nonce_prefix=98f8d242
[mlkem_channel] ciphertext buffered token=4094491803 nonce_prefix=a55d21ae
[mlkem_channel] ciphertext refused token=3674069404: ciphertext buffer full
[mlkem_channel] ciphertext buffered token=2596053301 nonce_prefix=5c1cfa4b
[mlkem_channel] ciphertext buffered token=1967918300 nonce_prefix=2f4603c0
[mlkem_channel] ciphertext buffered token=584718430 nonce_prefix=5b3af572
[mlkem_channel] ciphertext buffered token=261758419 nonce_prefix=b80da997
[mlkem_channel] ciphertext buffered token=1304226949 nonce_prefix=3064d29a
[mlkem_channel] ciphertext buffered token=2320784192 nonce_prefix=0a0d8d1c
[mlkem_channel] ciphertext buffered token=3213965838 nonce_prefix=7e546a5e
[mlkem_channel] ciphertext buffered token=4195101911 nonce_prefix=6579e794
[mlkem_channel] ciphertext buffered token=264306543 nonce_prefix=af9045b5
[mlkem_channel] ciphertext buffered token=3260763876 nonce_prefix=340c4b0f
[mlkem_channel] ciphertext buffered token=1175011333 nonce_prefix=7fb0bca8
[mlkem_channel] ciphertext buffered token=2667497282 nonce_prefix=0dd7e049
[mlkem_channel] ciphertext refused token=3117592214: ciphertext buffer full
[mlkem_channel] ciphertext refused token=2789406909: ciphertext buffer full
[mlkem_channel] ciphertext refused token=733951193: ciphertext buffer full
[mlkem_channel] ciphertext refused token=1459414317: ciphertext buffer full
[mlkem_channel] ciphertext refused token=2357059989: ciphertext buffer full
[mlkem_channel] ciphertext refused token=4082535978: ciphertext buffer full
[mlkem_channel] ciphertext refused token=4138663688: ciphertext buffer full
[mlkem_channel] ciphertext refused token=4199029642: ciphertext buffer full
[mlkem_channel] ciphertext refused token=1314717153: ciphertext buffer full
[mlkem_channel] ciphertext refused token=1719245223: ciphertext buffer full
[mlkem_channel] ciphertext refused token=1470236960: ciphertext buffer full
[mlkem_channel] ciphertext refused token=342665511: ciphertext buffer full
[mlkem_channel] ciphertext refused token=3941297063: ciphertext buffer full
[mlkem_channel] ciphertext refused token=3541174549: ciphertext buffer full
[mlkem_channel] ciphertext refused token=768630352: ciphertext buffer full
[mlkem_channel] ciphertext refused token=1363586716: ciphertext buffer full
[mlkem_channel] ciphertext refused token=111656231: ciphertext buffer full
[mlkem_channel] ciphertext refused token=819069323: ciphertext buffer full
[mlkem_channel] ciphertext refused token=1574627934: ciphertext buffer full
[mlkem_channel] ciphertext refused token=704185722: ciphertext buffer full
[mlkem_channel] ciphertext refused token=4006781826: ciphertext buffer full
[mlkem_channel] ciphertext refused token=3275722322: ciphertext buffer full
[mlkem_channel] ciphertext refused token=3463439886: ciphertext buffer full
[mlkem_channel] ciphertext refused token=1068038929: ciphertext buffer full
[mlkem_channel] ciphertext refused token=78148608: ciphertext buffer full
[mlkem_channel] ciphertext refused token=2251232154: ciphertext buffer full
[mlkem_channel] ciphertext refused token=3345404597: ciphertext buffer full
[mlkem_channel] ciphertext refused token=562429727: ciphertext buffer full
[mlkem_channel] ciphertext refused token=891626916: ciphertext buffer full
[mlkem_channel] ciphertext refused token=3155417271: ciphertext buffer full
[mlkem_channel] ciphertext refused token=1152027395: ciphertext buffer full
[mlkem_channel] ciphertext refused token=1578712179: ciphertext buffer full
[mlkem_channel] ciphertext refused token=3232862651: ciphertext buffer full
[mlkem_channel] ciphertext refused token=1857477495: ciphertext buffer full
[mlkem_channel] ciphertext refused token=2852788671: ciphertext buffer full
[mlkem_channel] ciphertext refused token=145421376: ciphertext buffer full
[mlkem_channel] ciphertext refused token=489685786: ciphertext buffer full
[mlkem_channel] ciphertext refused token=2916953648: ciphertext buffer full
[mlkem_channel] ciphertext refused token=4043058710: ciphertext buffer full
[mlkem_channel] ciphertext refused token=487327791: ciphertext buffer full
[mlkem_channel] ciphertext refused token=2150974382: ciphertext buffer full
[mlkem_channel] ciphertext refused token=1899929612: ciphertext buffer full
[mlkem_channel] ciphertext refused token=3830237001: ciphertext buffer full
[mlkem_channel] ciphertext refused token=1788317895: ciphertext buffer full
[mlkem_channel] ciphertext refused token=1229259570: ciphertext buffer full
[mlkem_channel] ciphertext refused token=3158614975: ciphertext buffer full
[mlkem_channel] ciphertext refused token=783344285: ciphertext buffer full
[mlkem_channel] ciphertext refused token=3555191686: ciphertext buffer full
[mlkem_channel] ciphertext refused token=430135338: ciphertext buffer full
[mlkem_channel] ciphertext refused token=2490881841: ciphertext buffer full
[mlkem_channel] ciphertext refused token=2619441157: ciphertext buffer full
[mlkem_channel] ciphertext refused token=103978334: ciphertext buffer full
[mlkem_channel] ciphertext refused token=3834199970: ciphertext buffer full
[mlkem_channel] ciphertext refused token=4150316800: ciphertext buffer full
[mlkem_channel] ciphertext refused token=864449190: ciphertext buffer full
[mlkem_channel] ciphertext refused token=3612389590: ciphertext buffer full
[mlkem_channel] ciphertext refused token=1525622772: ciphertext buffer full
[mlkem_channel] ciphertext refused token=2816077910: ciphertext buffer full
[mlkem_channel] ciphertext refused token=2115729532: ciphertext buffer full
[mlkem_channel] ciphertext refused token=2330371421: ciphertext buffer full
[mlkem_channel] ciphertext refused token=712099095: ciphertext buffer full
[mlkem_channel] ciphertext refused token=3385692238: ciphertext buffer full
[mlkem_channel] ciphertext refused token=1925480327: ciphertext buffer full
[mlkem_channel] ciphertext refused token=2057242303: ciphertext buffer full
[mlkem_channel] ciphertext refused token=2252252866: ciphertext buffer full
[mlkem_channel] ciphertext refused token=2609987177: ciphertext buffer full
[mlkem_channel] ciphertext refused token=1469039253: ciphertext buffer full
[mlkem_channel] ciphertext refused token=2389794669: ciphertext buffer full
[mlkem_channel] ciphertext refused token=1291703505: ciphertext buffer full
[mlkem_channel] ciphertext refused token=4095688570: ciphertext buffer full
[mlkem_channel] ciphertext refused token=2522319924: ciphertext buffer full
[mlkem_channel] ciphertext refused token=3108923569: ciphertext buffer full
[mlkem_channel] ciphertext refused token=1322591909: ciphertext buffer full
[mlkem_channel] ciphertext refused token=651040665: ciphertext buffer full
[mlkem_channel] ciphertext refused token=1624033184: ciphertext buffer full
[mlkem_channel] ciphertext refused token=2033132295: ciphertext buffer full
[mlkem_channel] ciphertext refused token=1607550212: ciphertext buffer full
[mlkem_channel] ciphertext refused token=1183496108: ciphertext buffer full
[mlkem_channel] ciphertext refused token=3331105106: ciphertext buffer full
[mlkem_channel] ciphertext refused token=4202875964: ciphertext buffer full
[mlkem_channel] ciphertext refused token=69609817: ciphertext buffer full
[mlkem_channel] ciphertext refused token=2960968551: ciphertext buffer full
[mlkem_channel] ciphertext refused token=3486154187: ciphertext buffer full
[mlkem_channel] ciphertext refused token=1584897994: ciphertext buffer full
[mlkem_channel] ciphertext refused token=3548551423: ciphertext buffer full
[mlkem_channel] ciphertext refused token=3972206887: ciphertext buffer full
[mlkem_channel] ciphertext refused token=4090634227: ciphertext buffer full
[mlkem_channel] ciphertext refused token=418822205: ciphertext buffer full
[mlkem_channel] ciphertext refused token=3053168462: ciphertext buffer full
[mlkem_channel] ciphertext refused token=1039727237: ciphertext buffer full
[mlkem_channel] ciphertext refused token=2241955957: ciphertext buffer full
[mlkem_channel] ciphertext refused token=820521115: ciphertext buffer full
[mlkem_channel] ciphertext refused token=1812098843: ciphertext buffer full
[mlkem_channel] ciphertext refused token=253860835: ciphertext buffer full
[mlkem_channel] ciphertext refused token=1849430560: ciphertext buffer full
[mlkem_channel] ciphertext refused token=2407395510: ciphertext buffer full
[mlkem_channel] ciphertext refused token=1883141391: ciphertext buffer full
[mlkem_channel] ciphertext refused token=1181640555: ciphertext buffer full
[mlkem_channel] ciphertext refused token=898102877: ciphertext buffer full
[mlkem_channel] ciphertext refused token=2967895127: ciphertext buffer full
[mlkem_channel] ciphertext refused token=1539943005: ciphertext buffer full
[mlkem_channel] ciphertext refused token=792937101: ciphertext buffer full
[mlkem_channel] ciphertext refused token=2365608498: ciphertext buffer full
[mlkem_channel] ciphertext refused token=1956121245: ciphertext buffer full
[mlkem_channel] ciphertext refused token=2209146030: ciphertext buffer full
[mlkem_channel] ciphertext refused token=3203017417: ciphertext buffer full
[mlkem_channel] ciphertext refused token=3312909754: ciphertext buffer full
[mlkem_channel] ciphertext refused token=590201107: ciphertext buffer full
[mlkem_channel] ciphertext refused token=2119025832: ciphertext buffer full
[mlkem_channel] ciphertext refused token=1514344101: ciphertext buffer full
[mlkem_channel] ciphertext refused token=3212332583: ciphertext buffer full
[mlkem_channel] ciphertext refused token=463778685: ciphertext buffer full
[mlkem_channel] ciphertext refused token=2580745330: ciphertext buffer full
[mlkem_channel] ciphertext refused token=2526084442: ciphertext buffer full
[mlkem_channel] ciphertext refused token=1607885114: ciphertext buffer full
[mlkem_channel] ciphertext refused token=3496801882: ciphertext buffer full
[mlkem_channel] ciphertext refused token=3457151563: ciphertext buffer full
[mlkem_channel] ciphertext refused token=321645613: ciphertext buffer full
[mlkem_channel] ciphertext refused token=1156923395: ciphertext buffer full
[mlkem_channel] ciphertext refused token=3231536262: ciphertext buffer full
[mlkem_channel] ciphertext refused token=1556946562: ciphertext buffer full
[mlkem_channel] ciphertext refused token=4085386692: ciphertext buffer full
[mlkem_channel] ciphertext refused token=2087212042: ciphertext buffer full
[mlkem_channel] ciphertext refused token=4110545575: ciphertext buffer full
[mlkem_channel] ciphertext refused token=4251807942: ciphertext buffer full
[mlkem_channel] ciphertext refused token=4209018067: ciphertext buffer full
[mlkem_channel] ciphertext refused token=1976642118: ciphertext buffer full
[mlkem_channel] ciphertext refused token=3115129837: ciphertext buffer full
[mlkem_channel] ciphertext refused token=3388667018: ciphertext buffer full
[mlkem_channel] ciphertext refused token=2826319190: ciphertext buffer full
[mlkem_channel] ciphertext refused token=2284438491: ciphertext buffer full
[mlkem_channel] ciphertext refused token=4245882624: ciphertext buffer full
[mlkem_channel] ciphertext refused token=1104858509: ciphertext buffer full
[mlkem_channel] ciphertext refused token=2241799056: ciphertext buffer full
[mlkem_channel] ciphertext refused token=201381806: ciphertext buffer full
[mlkem_channel] ciphertext refused token=3727405695: ciphertext buffer full
[mlkem_channel] ciphertext refused token=1432515605: ciphertext buffer full
[mlkem_channel] ciphertext refused token=566938462: ciphertext buffer full
[mlkem_channel] ciphertext refused token=229649654: ciphertext buffer full
[mlkem_channel] ciphertext refused token=3690086601: ciphertext buffer full
[mlkem_channel] ciphertext refused token=397149733: ciphertext buffer full
[mlkem_channel] ciphertext refused token=456804628: ciphertext buffer full
[mlkem_channel] ciphertext refused token=198974235: ciphertext buffer full
[mlkem_channel] ciphertext refused token=3982955020: ciphertext buffer full
[mlkem_channel] ciphertext refused token=1092299194: ciphertext buffer full
[mlkem_channel] ciphertext refused token=937512265: ciphertext buffer full
[mlkem_channel] ciphertext refused token=2172917689: ciphertext buffer full
[mlkem_channel] ciphertext refused token=446118774: ciphertext buffer full
[mlkem_channel] ciphertext refused token=2820052230: ciphertext buffer full
[mlkem_channel] ciphertext refused token=843299288: ciphertext buffer full
[mlkem_channel] ciphertext refused token=947575949: ciphertext buffer full
[mlkem_channel] ciphertext refused token=1133612729: ciphertext buffer full
[mlkem_channel] ciphertext refused token=809306467: ciphertext buffer full
[mlkem_channel] ciphertext refused token=3625842048: ciphertext buffer full
[mlkem_channel] ciphertext refused token=1271645226: ciphertext buffer full
[mlkem_channel] ciphertext refused token=2050287634: ciphertext buffer full
[mlkem_channel] ciphertext refused token=2166844752: ciphertext buffer full
[mlkem_channel] ciphertext refused token=1580025809: ciphertext buffer full
[mlkem_channel] ciphertext refused token=4027722007: ciphertext buffer full
[mlkem_channel] ciphertext refused token=3664278889: ciphertext buffer full
[mlkem_channel] ciphertext refused token=3341735744: ciphertext buffer full
[mlkem_channel] ciphertext refused token=874659041: ciphertext buffer full
[mlkem_channel] ciphertext refused token=756614806: ciphertext buffer full
[mlkem_channel] ciphertext refused token=2517187036: ciphertext buffer full
[mlkem_channel] ciphertext refused token=4214318272: ciphertext buffer full
[mlkem_channel] ciphertext refused token=2161269963: ciphertext buffer full
[mlkem_channel] ciphertext refused token=220205921: ciphertext buffer full
[mlkem_channel] ciphertext refused token=3962050561: ciphertext buffer full
[mlkem_channel] ciphertext refused token=2571213066: ciphertext buffer full
[mlkem_channel] ciphertext refused token=2927471463: ciphertext buffer full
[mlkem_channel] ciphertext refused token=3977785492: ciphertext buffer full
[mlkem_channel] ciphertext refused token=4222923482: ciphertext buffer full
[mlkem_channel] ciphertext refused token=478884079: ciphertext buffer full
[mlkem_channel] ciphertext refused token=1497732152: ciphertext buffer full
[mlkem_channel] ciphertext refused token=729610198: ciphertext buffer full
[mlkem_channel] ciphertext refused token=2139041541: ciphertext buffer full
[mlkem_channel] ciphertext refused token=2557322507: ciphertext buffer full
[mlkem_channel] ciphertext refused token=2672533246: ciphertext buffer full
[mlkem_channel] ciphertext refused token=340202294: ciphertext buffer full
[mlkem_channel] ciphertext refused token=1360292280: ciphertext buffer full
[mlkem_channel] ciphertext refused token=2799220498: ciphertext buffer full
[mlkem_channel] ciphertext refused token=2564452980: ciphertext buffer full
[mlkem_channel] ciphertext refused token=865790622: ciphertext buffer full
[mlkem_channel] ciphertext refused token=500495678: ciphertext buffer full
[mlkem_channel] ciphertext refused token=597286783: ciphertext buffer full
[mlkem_channel] ciphertext refused token=2205647648: ciphertext buffer full
[mlkem_channel] ciphertext refused token=2629484797: ciphertext buffer full
[mlkem_channel] ciphertext refused token=3389451359: ciphertext buffer full
[mlkem_channel] ciphertext refused token=552935438: ciphertext buffer full
[mlkem_channel] ciphertext refused token=3271203001: ciphertext buffer full
[mlkem_channel] ciphertext refused token=2754682179: ciphertext buffer full
[mlkem_channel] ciphertext refused token=2366907262: ciphertext buffer full
[mlkem_channel] ciphertext refused token=194933302: ciphertext buffer full
[mlkem_channel] ciphertext refused token=806576983: ciphertext buffer full
[mlkem_channel] ciphertext refused token=327175786: ciphertext buffer full
[mlkem_channel] ciphertext refused token=704585318: ciphertext buffer full
[mlkem_channel] ciphertext refused token=2259961462: ciphertext buffer full
[mlkem_channel] ciphertext refused token=886699867: ciphertext buffer full
[mlkem_channel] ciphertext refused token=942996710: ciphertext buffer full
[mlkem_channel] ciphertext refused token=2909776602: ciphertext buffer full
[mlkem_channel] ciphertext refused token=1111908462: ciphertext buffer full
[mlkem_channel] ciphertext refused token=1260525127: ciphertext buffer full
[mlkem_channel] ciphertext refused token=3181693376: ciphertext buffer full
[mlkem_channel] ciphertext refused token=304013089: ciphertext buffer full
[mlkem_channel] ciphertext refused token=3405895759: ciphertext buffer full
[mlkem_channel] ciphertext refused token=1768974769: ciphertext buffer full
[mlkem_channel] ciphertext refused token=3434775016: ciphertext buffer full
[mlkem_channel] ciphertext refused token=797573676: ciphertext buffer full
[mlkem_channel] ciphertext refused token=68751953: ciphertext buffer full
[mlkem_channel] ciphertext refused token=3576500404: ciphertext buffer full
[mlkem_channel] ciphertext refused token=3906690762: ciphertext buffer full
[mlkem_channel] ciphertext refused token=3782578722: ciphertext buffer full
[mlkem_channel] ciphertext refused token=142792874: ciphertext buffer full
[mlkem_channel] ciphertext refused token=2053606487: ciphertext buffer full
[mlkem_channel] ciphertext refused token=1230373166: ciphertext buffer full
[mlkem_channel] ciphertext refused token=2650079101: ciphertext buffer full
[mlkem_channel] ciphertext refused token=4255129369: ciphertext buffer full
[mlkem_channel] ciphertext refused token=1844911: ciphertext buffer full
[mlkem_channel] ciphertext refused token=2573434290: ciphertext buffer full
[mlkem_channel] ciphertext refused token=588989179: ciphertext buffer full
[mlkem_channel] ciphertext refused token=2721167624: ciphertext buffer full
[mlkem_channel] ciphertext refused token=3319617018: ciphertext buffer full
[mlkem_channel] ciphertext refused token=4218107083: ciphertext buffer full
[mlkem_channel] ciphertext refused token=3719224311: ciphertext buffer full
[mlkem_channel] ciphertext refused token=3257503909: ciphertext buffer full
[mlkem_channel] ciphertext refused token=108648730: ciphertext buffer full
[mlkem_channel] ciphertext refused token=3027071016: ciphertext buffer full
[mlkem_channel] ciphertext refused token=1104155092: ciphertext buffer full
[mlkem_channel] ciphertext refused token=841171436: ciphertext buffer full
[mlkem_channel] ciphertext refused token=563433493: ciphertext buffer full
[mlkem_channel] ciphertext refused token=477004280: ciphertext buffer full
[mlkem_channel] ciphertext refused token=4058530145: ciphertext buffer full
[mlkem_channel] ciphertext refused token=3912148282: ciphertext buffer full
[mlkem_channel] ciphertext refused token=3440172689: ciphertext buffer full
[mlkem_channel] ciphertext refused token=2354217762: ciphertext buffer full
[mlkem_channel] ciphertext buffered token=3184510232 nonce_prefix=b881314a
[mlkem_channel] ciphertext refused token=2285625070: ciphertext buffer full
[mlkem_channel] ciphertext refused token=3653188467: ciphertext buffer full
[mlkem_channel] ciphertext refused token=765121649: ciphertext buffer full
[mlkem_channel] ciphertext refused token=2739427432: ciphertext buffer full
[mlkem_channel] ciphertext refused token=478829527: ciphertext buffer full
[mlkem_channel] ciphertext refused token=715199143: ciphertext buffer full
[mlkem_channel] ciphertext buffered token=466582500 nonce_prefix=0c3a9a8c
[mlkem_channel] ciphertext refused token=2596023172: ciphertext buffer full
[mlkem_channel] ciphertext buffered token=2306451612 nonce_prefix=58114345
[mlkem_channel] ciphertext refused token=2783039044: ciphertext buffer full
[mlkem_channel] ciphertext refused token=526199902: ciphertext buffer full
[mlkem_channel] ciphertext buffered token=1232513661 nonce_prefix=6a678e09
[mlkem_channel] ciphertext refused token=1864902996: ciphertext buffer full
[mlkem_channel] ciphertext refused token=1727320179: ciphertext buffer full
[mlkem_channel] ciphertext refused token=1668222124: ciphertext buffer full
[mlkem_channel] ciphertext refused token=1181006525: ciphertext buffer full
[mlkem_channel] ciphertext buffered token=1599504861 nonce_prefix=18f26ce0
[mlkem_channel] ciphertext refused token=690482612: ciphertext buffer full
[mlkem_channel] ciphertext refused token=779017767: ciphertext buffer full
[mlkem_channel] ciphertext refused token=2714754449: ciphertext buffer full
[mlkem_channel] ciphertext refused token=3510002662: ciphertext buffer full
[mlkem_channel] ciphertext refused token=1389412529: ciphertext buffer full
[mlkem_channel] ciphertext refused token=3936796419: ciphertext buffer full
[mlkem_channel] ciphertext refused token=967713977: ciphertext buffer full
[mlkem_channel] ciphertext buffered token=587400324 nonce_prefix=727de061
[mlkem_channel] ciphertext refused token=3119462614: ciphertext buffer full
[mlkem_channel] ciphertext refused token=567638499: ciphertext buffer full
[mlkem_channel] ciphertext buffered token=1541144266 nonce_prefix=8a72f95c
[mlkem_channel] ciphertext refused token=4087048878: ciphertext buffer full
[mlkem_channel] ciphertext refused token=1436809869: ciphertext buffer full
[mlkem_channel] ciphertext refused token=1147547305: ciphertext buffer full
[mlkem_channel] ciphertext buffered token=1224489755 nonce_prefix=3ce719eb
[mlkem_channel] ciphertext refused token=1046752845: ciphertext buffer full
[mlkem_channel] ciphertext refused token=3076931613: ciphertext buffer full
[mlkem_channel] ciphertext refused token=1635148255: ciphertext buffer full
[mlkem_channel] ciphertext refused token=3980302295: ciphertext buffer full
[mlkem_channel] ciphertext buffered token=2019394472 nonce_prefix=c10e3fa5
[mlkem_channel] ciphertext buffered token=1255336112 nonce_prefix=5b09b5a0
[mlkem_channel] ciphertext refused token=3475327421: ciphertext buffer full
[mlkem_channel] ciphertext refused token=621558991: ciphertext buffer full
[mlkem_channel] ciphertext refused token=3255664181: ciphertext buffer full
[mlkem_channel] ciphertext buffered token=773944485 nonce_prefix=5deb326d
[mlkem_channel] ciphertext buffered token=1849635542 nonce_prefix=02c417f8
[mlkem_channel] ciphertext refused token=2192172936: ciphertext buffer full
[mlkem_channel] ciphertext buffered token=4064189334 nonce_prefix=40a3959e
[mlkem_channel] ciphertext buffered token=1137566540 nonce_prefix=7c96abea
[mlkem_channel] ciphertext refused token=3470780492: ciphertext buffer full
[mlkem_channel] ciphertext buffered token=4271629063 nonce_prefix=58a066d6
[mlkem_channel] ciphertext refused token=20278763: ciphertext buffer full
[mlkem_channel] ciphertext buffered token=1190315162 nonce_prefix=08f47844
[mlkem_channel] ciphertext refused token=919026815: ciphertext buffer full
[mlkem_channel] ciphertext refused token=254677293: ciphertext buffer full
[mlkem_channel] ciphertext buffered token=1657047955 nonce_prefix=1eaa1c07
[mlkem_channel] ciphertext refused token=7324976: ciphertext buffer full
[mlkem_channel] ciphertext refused token=3714023202: ciphertext buffer full
[mlkem_channel] ciphertext refused token=4018841090: ciphertext buffer full
[mlkem_channel] ciphertext refused token=3754517748: ciphertext buffer full
[mlkem_channel] ciphertext refused token=1197729029: ciphertext buffer full
[mlkem_channel] ciphertext refused token=1108693654: ciphertext buffer full
[mlkem_channel] ciphertext buffered token=92804643 nonce_prefix=be937974
[mlkem_channel] ciphertext refused token=510112827: ciphertext buffer full
[mlkem_channel] ciphertext refused token=3129166074: ciphertext buffer full
[mlkem_channel] ciphertext refused token=2897559921: ciphertext buffer full
[mlkem_channel] ciphertext refused token=1648682573: ciphertext buffer full
[mlkem_channel] ciphertext buffered token=223337264 nonce_prefix=ec629e20
[mlkem_channel] ciphertext refused token=4086731648: ciphertext buffer full
[mlkem_channel] ciphertext refused token=3986170316: ciphertext buffer full
[mlkem_channel] ciphertext buffered token=2531282062 nonce_prefix=9061c0e7
[mlkem_channel] ciphertext buffered token=1950810611 nonce_prefix=2b72a0fe
[mlkem_channel] ciphertext buffered token=1170987127 nonce_prefix=3c12cfc0
[mlkem_channel] ciphertext buffered token=3633287219 nonce_prefix=006a77a0
[mlkem_channel] ciphertext refused token=906429209: ciphertext buffer full
[mlkem_channel] ciphertext buffered token=4029704289 nonce_prefix=f87209c4
[mlkem_channel] ciphertext buffered token=3194233411 nonce_prefix=6f25380c
[mlkem_channel] ciphertext refused token=1146826151: ciphertext buffer full
[mlkem_channel] ciphertext buffered token=702823010 nonce_prefix=2c847dd9
[mlkem_channel] ciphertext refused token=1803720747: ciphertext buffer full
[mlkem_channel] ciphertext buffered token=3999963399 nonce_prefix=5ca6e887
[mlkem_channel] ciphertext refused token=2750859670: ciphertext buffer full
[mlkem_channel] ciphertext refused token=3185201529: ciphertext buffer full
[mlkem_channel] ciphertext refused token=1220612957: ciphertext buffer full
[mlkem_channel] ciphertext buffered token=1444483868 nonce_prefix=0322425b
[mlkem_channel] ciphertext refused token=3416918650: ciphertext buffer full
[mlkem_channel] ciphertext refused token=2706377579: ciphertext buffer full
[mlkem_channel] ciphertext refused token=1934399369: ciphertext buffer full
[mlkem_channel] ciphertext refused token=131722530: ciphertext buffer full
[mlkem_channel] ciphertext refused token=3172126041: ciphertext buffer full
[mlkem_channel] ciphertext refused token=1555052552: ciphertext buffer full
[mlkem_channel] ciphertext buffered token=1277324086 nonce_prefix=cc8e8567
[mlkem_channel] ciphertext buffered token=402338548 nonce_prefix=4b63eb9f
[mlkem_channel] ciphertext buffered token=2983675896 nonce_prefix=07ab52a9
[mlkem_channel] ciphertext buffered token=3218893693 nonce_prefix=ebe9024b
[mlkem_channel] ciphertext refused token=3257120459: ciphertext buffer full
[mlkem_channel] ciphertext refused token=2959535535: ciphertext buffer full
[mlkem_channel] ciphertext buffered token=1005851914 nonce_prefix=37e862cc
[mlkem_channel] ciphertext refused token=3298817726: ciphertext buffer full
[mlkem_channel] ciphertext refused token=1991423984: ciphertext buffer full
[mlkem_channel] ciphertext refused token=779247397: ciphertext buffer full
[mlkem_channel] ciphertext refused token=4200466206: ciphertext buffer full
[mlkem_channel] ciphertext refused token=2920155914: ciphertext buffer full
[mlkem_channel] ciphertext refused token=3000722681: ciphertext buffer full
[mlkem_channel] ciphertext buffered token=1017663582 nonce_prefix=ce00d3d8
[mlkem_channel] ciphertext refused token=2304690800: ciphertext buffer full
[mlkem_channel] ciphertext buffered token=2679869046 nonce_prefix=82bca414
[mlkem_channel] ciphertext refused token=2619795457: ciphertext buffer full
[mlkem_channel] ciphertext refused token=2344389851: ciphertext buffer full
[mlkem_channel] ciphertext buffered token=2508153662 nonce_prefix=3eb1db51
[mlkem_channel] ciphertext refused token=2045829717: ciphertext buffer full
[mlkem_channel] ciphertext refused token=1504322575: ciphertext buffer full
[mlkem_channel] ciphertext buffered token=3575160846 nonce_prefix=714af0e5
[mlkem_channel] ciphertext refused token=459036725: ciphertext buffer full
[mlkem_channel] ciphertext refused token=4081395315: ciphertext buffer full
[mlkem_channel] ciphertext refused token=607795168: ciphertext buffer full
[mlkem_channel] ciphertext buffered token=185074972 nonce_prefix=c9e3b344
[mlkem_channel] ciphertext refused token=1145492590: ciphertext buffer full
[mlkem_channel] ciphertext refused token=1190844231: ciphertext buffer full
[mlkem_channel] ciphertext buffered token=690311620 nonce_prefix=4f3c15ea
[mlkem_channel] ciphertext refused token=1797557025: ciphertext buffer full
[mlkem_channel] ciphertext refused token=450110793: ciphertext buffer full
[mlkem_channel] ciphertext refused token=173519778: ciphertext buffer full
[mlkem_channel] ciphertext refused token=1596635841: ciphertext buffer full
[mlkem_channel] ciphertext refused token=3749245363: ciphertext buffer full
[mlkem_channel] ciphertext refused token=3782202843: ciphertext buffer full
[mlkem_channel] ciphertext refused token=1871627990: ciphertext buffer full
[mlkem_channel] ciphertext refused token=2106881312: ciphertext buffer full
[mlkem_channel] ciphertext refused token=4081823837: ciphertext buffer full
[mlkem_channel] ciphertext refused token=582909661: ciphertext buffer full
[mlkem_channel] ciphertext refused token=2065922806: ciphertext buffer full
[mlkem_channel] ciphertext refused token=3736965087: ciphertext buffer full
[mlkem_channel] ciphertext refused token=1774474266: ciphertext buffer full
[mlkem_channel] ciphertext refused token=239540932: ciphertext buffer full
[mlkem_channel] ciphertext refused token=3767477774: ciphertext buffer full
[mlkem_channel] ciphertext refused token=3843714404: ciphertext buffer full
[mlkem_channel] ciphertext buffered token=3118660618 nonce_prefix=a186eaf2
[mlkem_channel] ciphertext refused token=67733067: ciphertext buffer full
[mlkem_channel] ciphertext refused token=3882673140: ciphertext buffer full
[mlkem_channel] ciphertext refused token=3027121736: ciphertext buffer full
[mlkem_channel] ciphertext refused token=939693823: ciphertext buffer full
[mlkem_channel] ciphertext refused token=2661697432: ciphertext buffer full
[mlkem_channel] ciphertext refused token=1448161644: ciphertext buffer full
[mlkem_channel] ciphertext refused token=3302473587: ciphertext buffer full
[mlkem_channel] ciphertext buffered token=3499239800 nonce_prefix=e75d8f26
[mlkem_channel] ciphertext refused token=2175043868: ciphertext buffer full
[mlkem_channel] ciphertext refused token=618577875: ciphertext buffer full
[mlkem_channel] ciphertext refused token=657780778: ciphertext buffer full
[mlkem_channel] ciphertext refused token=2072548104: ciphertext buffer full
[mlkem_channel] ciphertext refused token=1884781450: ciphertext buffer full
[mlkem_channel] ciphertext refused token=1825958713: ciphertext buffer full
[mlkem_channel] ciphertext refused token=3597393975: ciphertext buffer full
[mlkem_channel] ciphertext refused token=1998602470: ciphertext buffer full
[mlkem_channel] ciphertext refused token=2451943739: ciphertext buffer full
[mlkem_channel] ciphertext refused token=1369875296: ciphertext buffer full
[mlkem_channel] ciphertext refused token=3028582698: ciphertext buffer full
[mlkem_channel] ciphertext buffered token=1865844331 nonce_prefix=fd6be702
[mlkem_channel] ciphertext refused token=521805266: ciphertext buffer full
[mlkem_channel] ciphertext refused token=1366427391: ciphertext buffer full
[mlkem_channel] ciphertext refused token=2684904973: ciphertext buffer full
[mlkem_channel] ciphertext refused token=884544554: ciphertext buffer full
[mlkem_channel] ciphertext refused token=4039251653: ciphertext buffer full
[mlkem_channel] ciphertext refused token=3284332953: ciphertext buffer full
[mlkem_channel] ciphertext refused token=2538188521: ciphertext buffer full
[mlkem_channel] ciphertext refused token=3399096293: ciphertext buffer full
[mlkem_channel] ciphertext refused token=2356092090: ciphertext buffer full
[mlkem_channel] ciphertext buffered token=2712402365 nonce_prefix=389f9431
[mlkem_channel] ciphertext buffered token=884972677 nonce_prefix=77243524
[mlkem_channel] ciphertext refused token=2989017482: ciphertext buffer full
[mlkem_channel] ciphertext buffered token=267962061 nonce_prefix=b0f2e9ca
[mlkem_channel] ciphertext refused token=460185692: ciphertext buffer full
[mlkem_channel] ciphertext refused token=2373360928: ciphertext buffer full
[mlkem_channel] ciphertext buffered token=1887209708 nonce_prefix=d3c60769
[mlkem_channel] ciphertext buffered token=145402268 nonce_prefix=5cc87fd0
[mlkem_channel] ciphertext refused token=2652748766: ciphertext buffer full
[mlkem_channel] ciphertext refused token=3795187859: ciphertext buffer full
[mlkem_channel] ciphertext refused token=2102898343: ciphertext buffer full
[mlkem_channel] ciphertext refused token=2049317586: ciphertext buffer full
[mlkem_channel] ciphertext refused token=3008950860: ciphertext buffer full
[mlkem_channel] ciphertext buffered token=1744753114 nonce_prefix=6c94867a
[mlkem_channel] ciphertext refused token=2267783873: ciphertext buffer full
[mlkem_channel] ciphertext refused token=1027952969: ciphertext buffer full
[mlkem_channel] ciphertext refused token=2944792932: ciphertext buffer full
[mlkem_channel] ciphertext refused token=2275305623: ciphertext buffer full
[mlkem_channel] ciphertext refused token=930721239: ciphertext buffer full
[mlkem_channel] ciphertext buffered token=213232289 nonce_prefix=21928290
[mlkem_channel] ciphertext refused token=4085012480: ciphertext buffer full
[mlkem_channel] ciphertext refused token=3522037133: ciphertext buffer full
[mlkem_channel] ciphertext refused token=1026273404: ciphertext buffer full
[mlkem_channel] ciphertext refused token=3413623855: ciphertext buffer full
[mlkem_channel] ciphertext buffered token=1685646847 nonce_prefix=d8f4c3bd
[mlkem_channel] ciphertext refused token=1876279929: ciphertext buffer full
[mlkem_channel] ciphertext refused token=3009668110: ciphertext buffer full
[mlkem_channel] ciphertext refused token=3832137968: ciphertext buffer full
[mlkem_channel] ciphertext refused token=1544983486: ciphertext buffer full
[mlkem_channel] ciphertext refused token=2218275688: ciphertext buffer full
[mlkem_channel] ciphertext refused token=2316953696: ciphertext buffer full
[mlkem_channel] ciphertext buffered token=527912418 nonce_prefix=fcfa314e
[mlkem_channel] ciphertext refused token=2805177386: ciphertext buffer full
[mlkem_channel] ciphertext refused token=3853110048: ciphertext buffer full
[mlkem_channel] ciphertext refused token=258976143: ciphertext buffer full
[mlkem_channel] ciphertext refused token=825251117: ciphertext buffer full
[mlkem_channel] ciphertext refused token=2580226109: ciphertext buffer full
[mlkem_channel] ciphertext refused token=3511815995: ciphertext buffer full
[mlkem_channel] ciphertext buffered token=2638554062 nonce_prefix=8471945f
[mlkem_channel] ciphertext buffered token=1818590129 nonce_prefix=1f59eb5f
[mlkem_channel] ciphertext refused token=710332052: ciphertext buffer full
[mlkem_channel] ciphertext refused token=3248128682: ciphertext buffer full
[mlkem_channel] ciphertext refused token=2438721878: ciphertext buffer full
[mlkem_channel] ciphertext buffered token=116374779 nonce_prefix=7f2e00c9
[mlkem_channel] ciphertext refused token=580729252: ciphertext buffer full
[mlkem_channel] ciphertext refused token=506761192: ciphertext buffer full
[mlkem_channel] ciphertext refused token=2870625774: ciphertext buffer full
[mlkem_channel] ciphertext refused token=3864670853: ciphertext buffer full
[mlkem_channel] ciphertext refused token=695457317: ciphertext buffer full
[mlkem_channel] ciphertext refused token=3569610080: ciphertext buffer full
[mlkem_channel] ciphertext refused token=1388789007: ciphertext buffer full
[mlkem_channel] ciphertext buffered token=1696336769 nonce_prefix=9cc117ca
[mlkem_channel] ciphertext refused token=592007574: ciphertext buffer full
[mlkem_channel] ciphertext buffered token=2557019539 nonce_prefix=a9fb55f9
[mlkem_channel] ciphertext buffered token=2396432208 nonce_prefix=2144a6a4
[mlkem_channel] ciphertext refused token=3969634174: ciphertext buffer full
[mlkem_channel] ciphertext buffered token=1984187230 nonce_prefix=4dc37e99
[mlkem_channel] ciphertext refused token=333183376: ciphertext buffer full
[mlkem_channel] ciphertext refused token=2194468139: ciphertext buffer full
[mlkem_channel] ciphertext refused token=634022553: ciphertext buffer full
[mlkem_channel] ciphertext buffered token=1549005467 nonce_prefix=92b47121
[mlkem_channel] ciphertext refused token=860337943: ciphertext buffer full
[mlkem_channel] ciphertext refused token=3165287489: ciphertext buffer full
[mlkem_channel] ciphertext buffered token=1208419648 nonce_prefix=562d308b
[mlkem_channel] ciphertext refused token=487479206: ciphertext buffer full
[mlkem_channel] ciphertext refused token=1586857603: ciphertext buffer full
[mlkem_channel] ciphertext refused token=3270829491: ciphertext buffer full
[mlkem_channel] ciphertext refused token=1189943351: ciphertext buffer full
[mlkem_channel] ciphertext refused token=1169190055: ciphertext buffer full
[mlkem_channel] ciphertext buffered token=3524717199 nonce_prefix=0669e08e
[mlkem_channel] ciphertext buffered token=1185276924 nonce_prefix=94167f0f
[mlkem_channel] ciphertext buffered token=2014494830 nonce_prefix=2ffcda3d
[mlkem_channel] ciphertext buffered token=2855539561 nonce_prefix=cd00163d
[mlkem_channel] ciphertext buffered token=1284013670 nonce_prefix=280ca2d2
[mlkem_channel] ciphertext buffered token=4138942650 nonce_prefix=2215ac48
[mlkem_channel] ciphertext buffered token=2739783053 nonce_prefix=fb076b25
[mlkem_channel] ciphertext buffered token=43683107 nonce_prefix=c05177d1
[mlkem_channel] ciphertext buffered token=103802369 nonce_prefix=5d68b6a4
[mlkem_channel] ciphertext buffered token=619459410 nonce_prefix=b5c8b34c
[mlkem_channel] ciphertext buffered token=714470803 nonce_prefix=5e48bdab
[mlkem_channel] ciphertext buffered token=3174444953 nonce_prefix=a522af13
[mlkem_channel] ciphertext buffered token=2975617430 nonce_prefix=6bfb925d
[mlkem_channel] ciphertext buffered token=816004719 nonce_prefix=4f7d613f
[mlkem_channel] ciphertext buffered token=3889467164 nonce_prefix=bebe2cdf
[mlkem_channel] ciphertext buffered token=2547323429 nonce_prefix=46c78afa
[mlkem_channel] ciphertext buffered token=3039099911 nonce_prefix=10e0952d
[mlkem_channel] ciphertext buffered token=1262383820 nonce_prefix=e80ddf33
[mlkem_channel] ciphertext refused token=2986467808: ciphertext buffer full
[mlkem_channel] ciphertext buffered token=3847701174 nonce_prefix=8c8452d5
[mlkem_channel] ciphertext buffered token=3238833167 nonce_prefix=4d96d1f5
[mlkem_channel] ciphertext buffered token=2515628248 nonce_prefix=41ef3ee6
[mlkem_channel] ciphertext refused token=3843972000: ciphertext buffer full
[mlkem_channel] ciphertext buffered token=1562629502 nonce_prefix=1a79cc85
[mlkem_channel] ciphertext buffered token=2666168404 nonce_prefix=8c007a62
[mlkem_channel] ciphertext buffered token=4190859097 nonce_prefix=c6ca6c27
[mlkem_channel] ciphertext buffered token=324081869 nonce_prefix=69a3e0f5
[mlkem_channel] ciphertext buffered token=2273773576 nonce_prefix=b11e36c2
[mlkem_channel] ciphertext buffered token=1006616610 nonce_prefix=12b2974c
[mlkem_channel] ciphertext buffered token=421146319 nonce_prefix=19f741c3
[mlkem_channel] ciphertext buffered token=1049205861 nonce_prefix=c0649df2
[mlkem_channel] ciphertext buffered token=1110825077 nonce_prefix=3cfbc302
[mlkem_channel] ciphertext buffered token=2437952619 nonce_prefix=b9787b85
[mlkem_channel] ciphertext buffered token=4245227513 nonce_prefix=5d9291b3
[mlkem_channel] ciphertext buffered token=407621370 nonce_prefix=a994b567
[mlkem_channel] ciphertext buffered token=3608045287 nonce_prefix=a1ff9dc7
[mlkem_channel] ciphertext buffered token=589873239 nonce_prefix=7592cc2c
[mlkem_channel] ciphertext buffered token=2156807889 nonce_prefix=5c97326e
[mlkem_channel] ciphertext buffered token=1250403887 nonce_prefix=c0588b2b
[mlkem_channel] ciphertext buffered token=328829914 nonce_prefix=4c68f79b
[mlkem_channel] ciphertext buffered token=2369532929 nonce_prefix=eaee5545
[mlkem_channel] ciphertext buffered token=1575279338 nonce_prefix=e6af6191
[mlkem_channel] ciphertext buffered token=2124660128 nonce_prefix=924697ac
[mlkem_channel] ciphertext buffered token=82191017 nonce_prefix=a1d65715
[mlkem_channel] ciphertext buffered token=193245707 nonce_prefix=b070cb9f
[mlkem_channel] ciphertext buffered token=2765084653 nonce_prefix=382b0f5c
[mlkem_channel] ciphertext buffered token=3227364525 nonce_prefix=fb66d0e0
[mlkem_channel] ciphertext buffered token=2210119577 nonce_prefix=ea1710a8
[mlkem_channel] ciphertext buffered token=28490805 nonce_prefix=446dc42e
[mlkem_channel] ciphertext buffered token=151708621 nonce_prefix=5f0aa49b
[mlkem_channel] ciphertext buffered token=2446681123 nonce_prefix=373f7660
[mlkem_channel] ciphertext buffered token=2089689091 nonce_prefix=967e5cdc
[mlkem_channel] ciphertext buffered token=3479165627 nonce_prefix=a21f92e0
[mlkem_channel] ciphertext buffered token=2536961592 nonce_prefix=3aaa4f8e
[mlkem_channel] ciphertext buffered token=2498373297 nonce_prefix=3add1d42
[mlkem_channel] ciphertext buffered token=3873482923 nonce_prefix=40457333
[mlkem_channel] ciphertext buffered token=3483689281 nonce_prefix=d7cc4327
[mlkem_channel] ciphertext buffered token=2118878269 nonce_prefix=50992d1b
[mlkem_channel] ciphertext buffered token=1546095403 nonce_prefix=af7c1fd5
[mlkem_channel] ciphertext buffered token=471667887 nonce_prefix=6dea4cf8
[mlkem_channel] ciphertext buffered token=3279015992 nonce_prefix=d91347ea
[mlkem_channel] ciphertext buffered token=1763828716 nonce_prefix=11e3f23b
[mlkem_channel] ciphertext buffered token=3432367709 nonce_prefix=4c4d64d4
[mlkem_channel] ciphertext buffered token=209143165 nonce_prefix=c75163bc
[mlkem_channel] ciphertext buffered token=1492404658 nonce_prefix=5a6abaa5
[mlkem_channel] ciphertext buffered token=2836994449 nonce_prefix=dc774ca6
[mlkem_channel] ciphertext buffered token=3560094721 nonce_prefix=885bec98
[mlkem_channel] ciphertext buffered token=409934002 nonce_prefix=eae84e46
[mlkem_channel] ciphertext buffered token=2815647274 nonce_prefix=ce825166
[mlkem_channel] ciphertext buffered token=357035406 nonce_prefix=dfd3483c
[mlkem_channel] ciphertext buffered token=4037603982 nonce_prefix=2a15fae5
[mlkem_channel] ciphertext buffered token=4143755619 nonce_prefix=5a9810ef
[mlkem_channel] ciphertext buffered token=742684464 nonce_prefix=32fd3b82
[mlkem_channel] ciphertext buffered token=3759256930 nonce_prefix=cd5fb640
[mlkem_channel] ciphertext buffered token=1340197349 nonce_prefix=5e581339
[mlkem_channel] ciphertext buffered token=1929155297 nonce_prefix=645aa497
[mlkem_channel] ciphertext buffered token=939392680 nonce_prefix=d6b966a4
[mlkem_channel] ciphertext buffered token=3996376406 nonce_prefix=efd4b202
[mlkem_channel] ciphertext buffered token=727335822 nonce_prefix=6750431b
[mlkem_channel] ciphertext buffered token=375720276 nonce_prefix=9a316ac1
[mlkem_channel] ciphertext buffered token=785321774 nonce_prefix=6c94f304
[mlkem_channel] ciphertext buffered token=1185476577 nonce_prefix=547c55f8
[mlkem_channel] ciphertext buffered token=2589673467 nonce_prefix=aa1f2c82
[mlkem_channel] ciphertext buffered token=3707880509 nonce_prefix=5d079ab2
[mlkem_channel] ciphertext buffered token=1815157731 nonce_prefix=3f0e280c
[mlkem_channel] ciphertext buffered token=3584569449 nonce_prefix=0a563237
[mlkem_channel] ciphertext buffered token=3415984348 nonce_prefix=f5566b51
[mlkem_channel] ciphertext buffered token=749063523 nonce_prefix=fe80e8fa
[mlkem_channel] ciphertext buffered token=3684316627 nonce_prefix=c0e76ce7
[mlkem_channel] ciphertext refused token=1535589918: ciphertext buffer full
[mlkem_channel] ciphertext refused token=3827826682: ciphertext buffer full
[mlkem_channel] ciphertext refused token=2619358986: ciphertext buffer full
[mlkem_channel] ciphertext refused token=3183431269: ciphertext buffer full
[mlkem_channel] ciphertext refused token=1333155158: ciphertext buffer full
[mlkem_channel] ciphertext refused token=3353586328: ciphertext buffer full
[mlkem_channel] ciphertext buffered token=3820189764 nonce_prefix=cd8639a3
[mlkem_channel] ciphertext refused token=2187678756: ciphertext buffer full
[mlkem_channel] ciphertext buffered token=1731584927 nonce_prefix=e6e79c4b
[mlkem_channel] ciphertext refused token=3598729966: ciphertext buffer full
[mlkem_channel] ciphertext buffered token=668615153 nonce_prefix=55d70c6e
[mlkem_channel] ciphertext buffered token=3563691602 nonce_prefix=9c2bf67f
[mlkem_channel] ciphertext refused token=3891748996: ciphertext buffer full
[mlkem_channel] ciphertext buffered token=286653233 nonce_prefix=aea79759
[mlkem_channel] ciphertext refused token=1246337817: ciphertext buffer full
[mlkem_channel] ciphertext buffered token=4049291049 nonce_prefix=9125d144
[mlkem_channel] ciphertext refused token=2778058597: ciphertext buffer full
[mlkem_channel] ciphertext buffered token=2725239206 nonce_prefix=14d29e07
[mlkem_channel] ciphertext buffered token=2921689542 nonce_prefix=e58f76d1
[mlkem_channel] ciphertext refused token=1946923036: ciphertext buffer full
[mlkem_channel] ciphertext buffered token=1205659600 nonce_prefix=681fc8b6
[mlkem_channel] ciphertext buffered token=2040614821 nonce_prefix=1936e4e6
[mlkem_channel] ciphertext refused token=1840272329: ciphertext buffer full
[mlkem_channel] ciphertext buffered token=2594447315 nonce_prefix=ea55b94f
[mlkem_channel] ciphertext buffered token=3375921855 nonce_prefix=0fcfa3d3
[mlkem_channel] ciphertext buffered token=2208147459 nonce_prefix=4b8003d7
[mlkem_channel] ciphertext buffered token=684367513 nonce_prefix=ddaa85db
[mlkem_channel] ciphertext buffered token=2206213309 nonce_prefix=9ee4fa3e
[mlkem_channel] ciphertext buffered token=2232562064 nonce_prefix=dcfae958
[mlkem_channel] ciphertext buffered token=3830722319 nonce_prefix=da647c1c
[mlkem_channel] ciphertext buffered token=3700131025 nonce_prefix=2c60ba79
[mlkem_channel] ciphertext buffered token=572919623 nonce_prefix=990da7e8
[mlkem_channel] ciphertext buffered token=1551691859 nonce_prefix=ee571414
[mlkem_channel] ciphertext buffered token=4224600027 nonce_prefix=7942238e
[mlkem_channel] ciphertext buffered token=127631854 nonce_prefix=1db54964
[mlkem_channel] ciphertext buffered token=3620292624 nonce_prefix=4aa8f5c9
[mlkem_channel] ciphertext buffered token=216895714 nonce_prefix=dbca1229
[mlkem_channel] ciphertext buffered token=3599667186 nonce_prefix=69a22e05
[mlkem_channel] ciphertext buffered token=2409534433 nonce_prefix=64cd473c
[mlkem_channel] ciphertext refused token=3326137076: ciphertext buffer full
[mlkem_channel] ciphertext buffered token=18461711 nonce_prefix=e19d6414
[mlkem_channel] ciphertext buffered token=3207107410 nonce_prefix=c175fb0a
[mlkem_channel] ciphertext buffered token=4098180765 nonce_prefix=2cc31acf
[mlkem_channel] ciphertext buffered token=2170355794 nonce_prefix=a4b0a98a
[mlkem_channel] ciphertext buffered token=3835134681 nonce_prefix=82a67eaf
[mlkem_channel] ciphertext buffered token=948463209 nonce_prefix=26883d1f
[mlkem_channel] ciphertext buffered token=2766724799 nonce_prefix=620e83f2
[mlkem_channel] ciphertext buffered token=77704535 nonce_prefix=b5a7b17c
[mlkem_channel] ciphertext buffered token=996323967 nonce_prefix=ee671988
[mlkem_channel] ciphertext buffered token=2387580352 nonce_prefix=a1b45cfb
[mlkem_channel] ciphertext buffered token=2996223092 nonce_prefix=3a7c9f23
[mlkem_channel] ciphertext buffered token=3968835465 nonce_prefix=745b4651
[mlkem_channel] ciphertext buffered token=89132679 nonce_prefix=ed7c0ca4
[mlkem_channel] ciphertext buffered token=1499072125 nonce_prefix=c216b136
[mlkem_channel] ciphertext buffered token=1646713067 nonce_prefix=f09fb1ee
[mlkem_channel] ciphertext buffered token=947141061 nonce_prefix=d7e4e346
[mlkem_channel] ciphertext buffered token=355991818 nonce_prefix=632cd42c
[mlkem_channel] ciphertext buffered token=3513778079 nonce_prefix=6efff7f3
[mlkem_channel] ciphertext buffered token=2323987428 nonce_prefix=549c2813
[mlkem_channel] ciphertext buffered token=586545629 nonce_prefix=54cda3a3
[mlkem_channel] ciphertext buffered token=3261687384 nonce_prefix=313fe397
[mlkem_channel] ciphertext buffered token=2544972697 nonce_prefix=9a9645ed
[mlkem_channel] ciphertext buffered token=721173611 nonce_prefix=4c51167d
[mlkem_channel] ciphertext buffered token=2947262602 nonce_prefix=c428b004
[mlkem_channel] ciphertext buffered token=2507564565 nonce_prefix=118d6da1
[mlkem_channel] ciphertext buffered token=671219395 nonce_prefix=8689abe0
[mlkem_channel] ciphertext buffered token=1561074341 nonce_prefix=a3f6a670
[mlkem_channel] ciphertext buffered token=1677220322 nonce_prefix=453c6673
[mlkem_channel] ciphertext buffered token=2577202025 nonce_prefix=7f43d88e
[mlkem_channel] ciphertext buffered token=837442093 nonce_prefix=30b4971a
[mlkem_channel] ciphertext buffered token=1854640330 nonce_prefix=b3dcf4fe
[mlkem_channel] ciphertext buffered token=1635670726 nonce_prefix=bd194927
[mlkem_channel] ciphertext buffered token=2246281877 nonce_prefix=ee720992
[mlkem_channel] ciphertext buffered token=2130791034 nonce_prefix=89a75f05
[mlkem_channel] ciphertext buffered token=290323042 nonce_prefix=e9ece580
[mlkem_channel] ciphertext buffered token=739967534 nonce_prefix=ecafce24
[mlkem_channel] ciphertext buffered token=3875704087 nonce_prefix=3c004584
[mlkem_channel] ciphertext buffered token=3539474015 nonce_prefix=81c4dfe2
[mlkem_channel] ciphertext buffered token=1127763785 nonce_prefix=bee8259d
[mlkem_channel] ciphertext buffered token=578499086 nonce_prefix=d4d15d9c
[mlkem_channel] ciphertext buffered token=2237300255 nonce_prefix=2d6a7a1b
[mlkem_channel] ciphertext buffered token=1515751277 nonce_prefix=7dc0f9a4
[mlkem_channel] ciphertext buffered token=1491993662 nonce_prefix=f29cba45
[mlkem_channel] ciphertext buffered token=500365047 nonce_prefix=e118c9e9
[mlkem_channel] ciphertext buffered token=681556902 nonce_prefix=f6ab29a3
[mlkem_channel] ciphertext buffered token=2139125295 nonce_prefix=8fe3e3cc
[mlkem_channel] ciphertext buffered token=2212099652 nonce_prefix=7025bacd
[mlkem_channel] ciphertext buffered token=4017896150 nonce_prefix=2ef97a23
[mlkem_channel] ciphertext buffered token=2234067165 nonce_prefix=fe809b85
[mlkem_channel] ciphertext buffered token=4084034510 nonce_prefix=7b313569
[mlkem_channel] ciphertext buffered token=1029776303 nonce_prefix=6a190a40
[mlkem_channel] ciphertext buffered token=3499383536 nonce_prefix=37a44fbe
[mlkem_channel] ciphertext buffered token=4256825756 nonce_prefix=741b2829
[mlkem_channel] ciphertext buffered token=858236776 nonce_prefix=5cdef606
[mlkem_channel] ciphertext buffered token=3212995850 nonce_prefix=21c5694d
[mlkem_channel] ciphertext buffered token=1701166794 nonce_prefix=a5e7efd9
[mlkem_channel] ciphertext buffered token=1018585502 nonce_prefix=a2a68c48
[mlkem_channel] ciphertext buffered token=3015048586 nonce_prefix=f30478a4
[mlkem_channel] ciphertext buffered token=522671781 nonce_prefix=148ff20c
[mlkem_channel] ciphertext buffered token=879710702 nonce_prefix=41a6a781
[mlkem_channel] ciphertext buffered token=3606245488 nonce_prefix=f6c355bb
[mlkem_channel] ciphertext buffered token=2816729727 nonce_prefix=3801d9f9
[mlkem_channel] ciphertext buffered token=2101860633 nonce_prefix=9a6a2487
[mlkem_channel] ciphertext buffered token=1850100425 nonce_prefix=73fcee36
[mlkem_channel] ciphertext buffered token=149917772 nonce_prefix=4ba82ba6
[mlkem_channel] ciphertext buffered token=2969254292 nonce_prefix=316f4d58
[mlkem_channel] ciphertext buffered token=4020384658 nonce_prefix=65c12532
[mlkem_channel] ciphertext buffered token=1007757723 nonce_prefix=1f887295
[mlkem_channel] ciphertext buffered token=1580429323 nonce_prefix=7f216c2f
[mlkem_channel] ciphertext buffered token=2858048228 nonce_prefix=d8ef4b4f
[mlkem_channel] ciphertext buffered token=850286924 nonce_prefix=cc97de05
[mlkem_channel] ciphertext buffered token=1173208356 nonce_prefix=c4b932f6
[mlkem_channel] ciphertext buffered token=996004746 nonce_prefix=3874ac53
[mlkem_channel] ciphertext buffered token=1628278512 nonce_prefix=500083dc
[mlkem_channel] ciphertext buffered token=1987866198 nonce_prefix=e598ff1a
[mlkem_channel] ciphertext buffered token=188393656 nonce_prefix=5487c8e0
[mlkem_channel] ciphertext buffered token=2662214992 nonce_prefix=ac29f19b
[mlkem_channel] ciphertext buffered token=2625843469 nonce_prefix=b3090bce
[mlkem_channel] ciphertext buffered token=3215206987 nonce_prefix=296713a3
[mlkem_channel] ciphertext buffered token=3011782968 nonce_prefix=380bdead
[mlkem_channel] ciphertext buffered token=4054617972 nonce_prefix=dd9a2a81
[mlkem_channel] ciphertext buffered token=4196574315 nonce_prefix=f56802af
[mlkem_channel] ciphertext buffered token=1831953753 nonce_prefix=a2d29a1d
[mlkem_channel] ciphertext refused token=4082996784: ciphertext buffer full
[mlkem_channel] ciphertext refused token=1550342058: ciphertext buffer full
[mlkem_channel] ciphertext refused token=1726359336: ciphertext buffer full
[mlkem_channel] ciphertext refused token=2473318104: ciphertext buffer full
[mlkem_channel] ciphertext refused token=2439095290: ciphertext buffer full
[mlkem_channel] ciphertext refused token=3328188466: ciphertext buffer full
[mlkem_channel] ciphertext refused token=758422831: ciphertext buffer full
[mlkem_channel] ciphertext refused token=3753079646: ciphertext buffer full
[mlkem_channel] ciphertext refused token=1581441297: ciphertext buffer full
[mlkem_channel] ciphertext refused token=845195814: ciphertext buffer full
[mlkem_channel] ciphertext refused token=3575334947: ciphertext buffer full
[mlkem_channel] ciphertext refused token=3960947987: ciphertext buffer full
[mlkem_channel] ciphertext refused token=2715962271: ciphertext buffer full
[mlkem_channel] ciphertext refused token=1904709039: ciphertext buffer full
[mlkem_channel] ciphertext refused token=1325906622: ciphertext buffer full
[mlkem_channel] ciphertext refused token=2681455703: ciphertext buffer full
[mlkem_channel] ciphertext refused token=2561832674: ciphertext buffer full
[mlkem_channel] ciphertext refused token=1444940094: ciphertext buffer full
[mlkem_channel] ciphertext refused token=3270198676: ciphertext buffer full
[mlkem_channel] ciphertext refused token=1555999667: ciphertext buffer full
[mlkem_channel] ciphertext refused token=2107436838: ciphertext buffer full
[mlkem_channel] ciphertext refused token=1286875878: ciphertext buffer full
[mlkem_channel] ciphertext refused token=4082623551: ciphertext buffer full
[mlkem_channel] ciphertext refused token=1912715142: ciphertext buffer full
[mlkem_channel] ciphertext refused token=96063190: ciphertext buffer full
[mlkem_channel] ciphertext refused token=1375991797: ciphertext buffer full
[mlkem_channel] ciphertext refused token=1150549533: ciphertext buffer full
[mlkem_channel] ciphertext refused token=1970879508: ciphertext buffer full
[mlkem_channel] ciphertext refused token=468723676: ciphertext buffer full
[mlkem_channel] ciphertext refused token=3917009394: ciphertext buffer full
[mlkem_channel] ciphertext refused token=2988861324: ciphertext buffer full
[mlkem_channel] ciphertext refused token=102391396: ciphertext buffer full
[mlkem_channel] ciphertext refused token=153869027: ciphertext buffer full
[mlkem_channel] ciphertext refused token=1360765940: ciphertext buffer full
[mlkem_channel] ciphertext refused token=778686937: ciphertext buffer full
[mlkem_channel] ciphertext refused token=163173891: ciphertext buffer full
[mlkem_channel] ciphertext refused token=2694978163: ciphertext buffer full
[mlkem_channel] ciphertext refused token=4282953295: ciphertext buffer full
[mlkem_channel] ciphertext refused token=3353304878: ciphertext buffer full
[mlkem_channel] ciphertext refused token=1024991726: ciphertext buffer full
[mlkem_channel] ciphertext refused token=220093105: ciphertext buffer full
[mlkem_channel] ciphertext refused token=117879378: ciphertext buffer full
[mlkem_channel] ciphertext refused token=1209336679: ciphertext buffer full
[mlkem_channel] ciphertext refused token=695331563: ciphertext buffer full
[mlkem_channel] ciphertext refused token=4232333189: ciphertext buffer full
[mlkem_channel] ciphertext refused token=2987139253: ciphertext buffer full
[mlkem_channel] ciphertext refused token=1423099265: ciphertext buffer full
[mlkem_channel] ciphertext refused token=512972534: ciphertext buffer full
[mlkem_channel] ciphertext refused token=406487813: ciphertext buffer full
[mlkem_channel] ciphertext refused token=761839336: ciphertext buffer full
[mlkem_channel] ciphertext refused token=1970210565: ciphertext buffer full
[mlkem_channel] ciphertext refused token=4004860855: ciphertext buffer full
[mlkem_channel] ciphertext refused token=2704037804: ciphertext buffer full
[mlkem_channel] ciphertext refused token=2082091827: ciphertext buffer full
[mlkem_channel] ciphertext refused token=3811629908: ciphertext buffer full
[mlkem_channel] ciphertext refused token=234594862: ciphertext buffer full
[mlkem_channel] ciphertext refused token=2056504231: ciphertext buffer full
[mlkem_channel] ciphertext refused token=1730040218: ciphertext buffer full
[mlkem_channel] ciphertext refused token=3448620041: ciphertext buffer full
[mlkem_channel] ciphertext refused token=4199317730: ciphertext buffer full
[mlkem_channel] ciphertext refused token=727050668: ciphertext buffer full
[mlkem_channel] ciphertext refused token=3309201604: ciphertext buffer full
[mlkem_channel] ciphertext refused token=2424399546: ciphertext buffer full
[mlkem_channel] ciphertext refused token=833844699: ciphertext buffer full
[mlkem_channel] ciphertext refused token=1450174006: ciphertext buffer full
[mlkem_channel] ciphertext refused token=2697941674: ciphertext buffer full
[mlkem_channel] ciphertext refused token=3338954897: ciphertext buffer full
[mlkem_channel] ciphertext refused token=684256455: ciphertext buffer full
[mlkem_channel] ciphertext refused token=1042289088: ciphertext buffer full
[mlkem_channel] ciphertext refused token=64624916: ciphertext buffer full
[mlkem_channel] ciphertext refused token=2935877410: ciphertext buffer full
[mlkem_channel] ciphertext refused token=349081934: ciphertext buffer full
[mlkem_channel] ciphertext refused token=2525789292: ciphertext buffer full
[mlkem_channel] ciphertext refused token=2965745288: ciphertext buffer full
[mlkem_channel] ciphertext refused token=3525316237: ciphertext buffer full
[mlkem_channel] ciphertext refused token=3131159191: ciphertext buffer full
[mlkem_channel] ciphertext refused token=1858526354: ciphertext buffer full
[mlkem_channel] ciphertext refused token=1786511035: ciphertext buffer full
[mlkem_channel] ciphertext refused token=3926362887: ciphertext buffer full
[mlkem_channel] ciphertext refused token=2872931718: ciphertext buffer full
[mlkem_channel] ciphertext refused token=1617292158: ciphertext buffer full
[mlkem_channel] ciphertext refused token=1282576924: ciphertext buffer full
[mlkem_channel] ciphertext refused token=3948400826: ciphertext buffer full
[mlkem_channel] ciphertext refused token=325360000: ciphertext buffer full
[mlkem_channel] ciphertext refused token=1279763661: ciphertext buffer full
[mlkem_channel] ciphertext refused token=807450254: ciphertext buffer full
[mlkem_channel] ciphertext refused token=3219178760: ciphertext buffer full
[mlkem_channel] ciphertext refused token=3024363071: ciphertext buffer full
[mlkem_channel] ciphertext refused token=2330154225: ciphertext buffer full
[mlkem_channel] ciphertext refused token=829369233: ciphertext buffer full
[mlkem_channel] ciphertext refused token=1701151639: ciphertext buffer full
[mlkem_channel] ciphertext refused token=2280102784: ciphertext buffer full
[mlkem_channel] ciphertext refused token=1179749237: ciphertext buffer full
[mlkem_channel] ciphertext refused token=1194422522: ciphertext buffer full
[mlkem_channel] ciphertext refused token=1556249919: ciphertext buffer full
[mlkem_channel] ciphertext refused token=4132136456: ciphertext buffer full
[mlkem_channel] ciphertext refused token=1092658161: ciphertext buffer full
[mlkem_channel] ciphertext refused token=1520777363: ciphertext buffer full
[mlkem_channel] ciphertext refused token=2767130899: ciphertext buffer full
[mlkem_channel] ciphertext refused token=3434451442: ciphertext buffer full
[mlkem_channel] ciphertext refused token=3394042041: ciphertext buffer full
[mlkem_channel] ciphertext refused token=2450887929: ciphertext buffer full
[mlkem_channel] ciphertext refused token=2555894175: ciphertext buffer full
[mlkem_channel] ciphertext refused token=27269802: ciphertext buffer full
[mlkem_channel] ciphertext refused token=206862466: ciphertext buffer full
[mlkem_channel] ciphertext refused token=1791666690: ciphertext buffer full
[mlkem_channel] ciphertext refused token=2526258530: ciphertext buffer full
[mlkem_channel] ciphertext refused token=3902163190: ciphertext buffer full
[mlkem_channel] ciphertext refused token=1708498776: ciphertext buffer full
[mlkem_channel] ciphertext refused token=3615996251: ciphertext buffer full
[mlkem_channel] ciphertext refused token=3981276568: ciphertext buffer full
[mlkem_channel] ciphertext refused token=1877178737: ciphertext buffer full
[mlkem_channel] ciphertext refused token=1773358439: ciphertext buffer full
[mlkem_channel] ciphertext refused token=940643822: ciphertext buffer full
[mlkem_channel] ciphertext refused token=1113635719: ciphertext buffer full
[mlkem_channel] ciphertext refused token=3310363520: ciphertext buffer full
[mlkem_channel] ciphertext refused token=3470000172: ciphertext buffer full
[mlkem_channel] ciphertext refused token=427422570: ciphertext buffer full
[mlkem_channel] ciphertext refused token=2680708199: ciphertext buffer full
[mlkem_channel] ciphertext refused token=4000332314: ciphertext buffer full
[mlkem_channel] ciphertext refused token=1787518434: ciphertext buffer full
[mlkem_channel] ciphertext refused token=616254610: ciphertext buffer full
[mlkem_channel] ciphertext refused token=154940308: ciphertext buffer full
[mlkem_channel] ciphertext refused token=581873628: ciphertext buffer full
[mlkem_channel] ciphertext refused token=3304478399: ciphertext buffer full
[mlkem_channel] ciphertext refused token=1235074378: ciphertext buffer full
[mlkem_channel] ciphertext refused token=1947225070: ciphertext buffer full
[mlkem_channel] ciphertext refused token=1119122815: ciphertext buffer full
[mlkem_channel] ciphertext refused token=2186497440: ciphertext buffer full
[mlkem_channel] ciphertext refused token=1853733458: ciphertext buffer full
[mlkem_channel] ciphertext refused token=2988859564: ciphertext buffer full
[mlkem_channel] ciphertext refused token=168138181: ciphertext buffer full
[mlkem_channel] ciphertext refused token=1933213328: ciphertext buffer full
[mlkem_channel] ciphertext refused token=1603422: ciphertext buffer full
[mlkem_channel] ciphertext refused token=290267018: ciphertext buffer full
[mlkem_channel] ciphertext refused token=1219465782: ciphertext buffer full
[mlkem_channel] ciphertext refused token=3083175151: ciphertext buffer full
[mlkem_channel] ciphertext refused token=3797695218: ciphertext buffer full
[mlkem_channel] ciphertext refused token=1334253870: ciphertext buffer full
[mlkem_channel] ciphertext refused token=3075465680: ciphertext buffer full
[mlkem_channel] ciphertext refused token=803701197: ciphertext buffer full
[mlkem_channel] ciphertext refused token=2352929073: ciphertext buffer full
[mlkem_channel] ciphertext refused token=216355224: ciphertext buffer full
[mlkem_channel] ciphertext refused token=422776574: ciphertext buffer full
[mlkem_channel] ciphertext refused token=2965182947: ciphertext buffer full
[mlkem_channel] ciphertext refused token=1098459047: ciphertext buffer full
[mlkem_channel] ciphertext refused token=1530079327: ciphertext buffer full
[mlkem_channel] ciphertext refused token=409603418: ciphertext buffer full
[mlkem_channel] ciphertext refused token=1418453879: ciphertext buffer full
[mlkem_channel] ciphertext refused token=2655663898: ciphertext buffer full
[mlkem_channel] ciphertext refused token=3142016484: ciphertext buffer full
[mlkem_channel] ciphertext refused token=2710731097: ciphertext buffer full
[mlkem_channel] ciphertext refused token=2613061993: ciphertext buffer full
[mlkem_channel] ciphertext refused token=2431939980: ciphertext buffer full
[mlkem_channel] ciphertext refused token=2079441470: ciphertext buffer full
[mlkem_channel] ciphertext refused token=2161880208: ciphertext buffer full
[mlkem_channel] ciphertext refused token=761586466: ciphertext buffer full
[mlkem_channel] ciphertext refused token=317600777: ciphertext buffer full
[mlkem_channel] ciphertext refused token=1594258016: ciphertext buffer full
[mlkem_channel] ciphertext refused token=1966626021: ciphertext buffer full
[mlkem_channel] ciphertext refused token=1231434812: ciphertext buffer full
[mlkem_channel] ciphertext refused token=1231037562: ciphertext buffer full
[mlkem_channel] ciphertext refused token=1127530300: ciphertext buffer full
[mlkem_channel] ciphertext refused token=3122409205: ciphertext buffer full
[mlkem_channel] ciphertext refused token=412135121: ciphertext buffer full
[mlkem_channel] ciphertext refused token=4272003375: ciphertext buffer full
[mlkem_channel] ciphertext refused token=38630641: ciphertext buffer full
[mlkem_channel] ciphertext refused token=4268566196: ciphertext buffer full
[mlkem_channel] ciphertext refused token=1564498163: ciphertext buffer full
[mlkem_channel] ciphertext refused token=2075264976: ciphertext buffer full
[mlkem_channel] ciphertext refused token=2299842527: ciphertext buffer full
[mlkem_channel] ciphertext refused token=3853231017: ciphertext buffer full
[mlkem_channel] ciphertext refused token=951199052: ciphertext buffer full
[mlkem_channel] ciphertext refused token=2985239704: ciphertext buffer full
[mlkem_channel] ciphertext refused token=2463407432: ciphertext buffer full
[mlkem_channel] ciphertext refused token=490149396: ciphertext buffer full
[mlkem_channel] ciphertext refused token=1082140571: ciphertext buffer full
[mlkem_channel] ciphertext refused token=239825779: ciphertext buffer full
[mlkem_channel] ciphertext refused token=3302427295: ciphertext buffer full
[mlkem_channel] ciphertext refused token=1291982380: ciphertext buffer full
[mlkem_channel] ciphertext refused token=400550077: ciphertext buffer full
[mlkem_channel] ciphertext refused token=814585760: ciphertext buffer full
[mlkem_channel] ciphertext refused token=1376498189: ciphertext buffer full
[mlkem_channel] ciphertext refused token=2129495424: ciphertext buffer full
[mlkem_channel] ciphertext refused token=3249623596: ciphertext buffer full
[mlkem_channel] ciphertext refused token=1823685322: ciphertext buffer full
[mlkem_channel] ciphertext refused token=2056105929: ciphertext buffer full
[mlkem_channel] ciphertext refused token=2172266425: ciphertext buffer full
[mlkem_channel] ciphertext refused token=898481139: ciphertext buffer full
[mlkem_channel] ciphertext refused token=1185329641: ciphertext buffer full
[mlkem_channel] ciphertext refused token=212638009: ciphertext buffer full
[mlkem_channel] ciphertext refused token=170252625: ciphertext buffer full
[mlkem_channel] ciphertext refused token=3838838871: ciphertext buffer full
[mlkem_channel] ciphertext refused token=3761293259: ciphertext buffer full
[mlkem_channel] ciphertext refused token=2713190531: ciphertext buffer full
[mlkem_channel] ciphertext refused token=3977671154: ciphertext buffer full
[mlkem_channel] ciphertext refused token=103922008: ciphertext buffer full
[mlkem_channel] ciphertext refused token=3352450477: ciphertext buffer full
[mlkem_channel] ciphertext refused token=2556617181: ciphertext buffer full
[mlkem_channel] ciphertext refused token=2671945129: ciphertext buffer full
[mlkem_channel] ciphertext refused token=410929549: ciphertext buffer full
[mlkem_channel] ciphertext refused token=598084032: ciphertext buffer full
[mlkem_channel] ciphertext refused token=2506998083: ciphertext buffer full
[mlkem_channel] ciphertext refused token=5013560: ciphertext buffer full
[mlkem_channel] ciphertext refused token=3919934597: ciphertext buffer full
[mlkem_channel] ciphertext refused token=2105402076: ciphertext buffer full
[mlkem_channel] ciphertext refused token=435260404: ciphertext buffer full
[mlkem_channel] ciphertext refused token=2457332379: ciphertext buffer full
[mlkem_channel] ciphertext refused token=168894250: ciphertext buffer full
[mlkem_channel] ciphertext refused token=2905748643: ciphertext buffer full
[mlkem_channel] ciphertext refused token=2652867208: ciphertext buffer full
[mlkem_channel] ciphertext refused token=10387228: ciphertext buffer full
[mlkem_channel] ciphertext refused token=3095214840: ciphertext buffer full
[mlkem_channel] ciphertext refused token=4255853624: ciphertext buffer full
[mlkem_channel] ciphertext refused token=3381228802: ciphertext buffer full
[mlkem_channel] ciphertext refused token=3300646661: ciphertext buffer full
[mlkem_channel] ciphertext refused token=164283490: ciphertext buffer full
[mlkem_channel] ciphertext refused token=96292021: ciphertext buffer full
[mlkem_channel] ciphertext refused token=3021343102: ciphertext buffer full
[mlkem_channel] ciphertext refused token=623676033: ciphertext buffer full
[mlkem_channel] ciphertext refused token=1997874457: ciphertext buffer full
[mlkem_channel] ciphertext refused token=517526854: ciphertext buffer full
[mlkem_channel] ciphertext refused token=1531286384: ciphertext buffer full
[mlkem_channel] ciphertext refused token=3465730664: ciphertext buffer full
[mlkem_channel] ciphertext refused token=2766590776: ciphertext buffer full
[mlkem_channel] ciphertext refused token=2125758224: ciphertext buffer full
[mlkem_channel] ciphertext refused token=2128379584: ciphertext buffer full
[mlkem_channel] ciphertext refused token=393758605: ciphertext buffer full
[mlkem_channel] ciphertext refused token=437759417: ciphertext buffer full
[mlkem_channel] ciphertext refused token=3147111270: ciphertext buffer full
[mlkem_channel] ciphertext refused token=1816528162: ciphertext buffer full
[mlkem_channel] ciphertext refused token=2215030071: ciphertext buffer full
[mlkem_channel] ciphertext refused token=4112341879: ciphertext buffer full
[mlkem_channel] ciphertext refused token=2303463730: ciphertext buffer full
[mlkem_channel] ciphertext refused token=1401707712: ciphertext buffer full
[mlkem_channel] ciphertext refused token=466223871: ciphertext buffer full
[mlkem_channel] ciphertext refused token=585883274: ciphertext buffer full
[mlkem_channel] ciphertext refused token=4105957237: ciphertext buffer full
[mlkem_channel] ciphertext refused token=2773503768: ciphertext buffer full
[mlkem_channel] ciphertext refused token=243321398: ciphertext buffer full
[mlkem_channel] ciphertext refused token=3394159602: ciphertext buffer full
[mlkem_channel] ciphertext refused token=2452120768: ciphertext buffer full
[mlkem_channel] ciphertext refused token=695679374: ciphertext buffer full
[mlkem_channel] ciphertext refused token=4004384962: ciphertext buffer full
[mlkem_channel] ciphertext refused token=1146573865: ciphertext buffer full
[mlkem_channel] ciphertext refused token=2918945700: ciphertext buffer full
[mlkem_channel] ciphertext refused token=2945462880: ciphertext buffer full
[mlkem_channel] ciphertext refused token=3480964137: ciphertext buffer full
[mlkem_channel] ciphertext buffered token=1396763772 nonce_prefix=9d6262f1
[mlkem_channel] ciphertext refused token=3705156140: ciphertext buffer full
[mlkem_channel] ciphertext refused token=691148612: ciphertext buffer full
[mlkem_channel] ciphertext refused token=2478658875: ciphertext buffer full
[mlkem_channel] ciphertext refused token=3419327917: ciphertext buffer full
[mlkem_channel] ciphertext refused token=3576919549: ciphertext buffer full
[mlkem_channel] ciphertext buffered token=3930595578 nonce_prefix=33f1de3f
[mlkem_channel] ciphertext buffered token=4264131120 nonce_prefix=4a2a1c0f
[mlkem_channel] ciphertext refused token=1492232757: ciphertext buffer full
[mlkem_channel] ciphertext buffered token=3209439637 nonce_prefix=cc88bfa4
[mlkem_channel] ciphertext refused token=4074053020: ciphertext buffer full
[mlkem_channel] ciphertext buffered token=4033604978 nonce_prefix=9782a708
[mlkem_channel] ciphertext refused token=1419521302: ciphertext buffer full
[mlkem_channel] ciphertext buffered token=2512862934 nonce_prefix=f14cbb44
[mlkem_channel] ciphertext refused token=1625122207: ciphertext buffer full
[mlkem_channel] ciphertext refused token=1422386476: ciphertext buffer full
[mlkem_channel] ciphertext buffered token=2458470429 nonce_prefix=56919d1e
[mlkem_channel] ciphertext refused token=234994085: ciphertext buffer full
[mlkem_channel] ciphertext refused token=4289509809: ciphertext buffer full
[mlkem_channel] ciphertext refused token=3731302004: ciphertext buffer full
[mlkem_channel] ciphertext buffered token=613533112 nonce_prefix=d29fc0c5
[mlkem_channel] ciphertext refused token=896556894: ciphertext buffer full
[mlkem_channel] ciphertext refused token=2427156577: ciphertext buffer full
[mlkem_channel] ciphertext refused token=968651915: ciphertext buffer full
[mlkem_channel] ciphertext refused token=3901755170: ciphertext buffer full
[mlkem_channel] ciphertext refused token=11877708: ciphertext buffer full
[mlkem_channel] ciphertext refused token=977721844: ciphertext buffer full
[mlkem_channel] ciphertext buffered token=3923449369 nonce_prefix=b4ee3e67
[mlkem_channel] ciphertext refused token=106810840: ciphertext buffer full
[mlkem_channel] ciphertext refused token=4035068917: ciphertext buffer full
[mlkem_channel] ciphertext buffered token=3165347175 nonce_prefix=381f5c74
[mlkem_channel] ciphertext refused token=2546187639: ciphertext buffer full
[mlkem_channel] ciphertext refused token=1635007478: ciphertext buffer full
[mlkem_channel] ciphertext refused token=137371734: ciphertext buffer full
[mlkem_channel] ciphertext refused token=2155453113: ciphertext buffer full
[mlkem_channel] ciphertext refused token=1802973301: ciphertext buffer full
[mlkem_channel] ciphertext refused token=949634545: ciphertext buffer full
[mlkem_channel] ciphertext buffered token=4205926101 nonce_prefix=29f9b7e4
[mlkem_channel] ciphertext refused token=761794058: ciphertext buffer full
[mlkem_channel] ciphertext refused token=1628042703: ciphertext buffer full
[mlkem_channel] ciphertext refused token=3289276318: ciphertext buffer full
[mlkem_channel] ciphertext refused token=3382396670: ciphertext buffer full
[mlkem_channel] ciphertext refused token=1561097101: ciphertext buffer full
[mlkem_channel] ciphertext refused token=3264457759: ciphertext buffer full
[mlkem_channel] ciphertext buffered token=669055689 nonce_prefix=7ced34fd
[mlkem_channel] ciphertext refused token=118239364: ciphertext buffer full
[mlkem_channel] ciphertext refused token=2929995970: ciphertext buffer full
[mlkem_channel] ciphertext refused token=1528387091: ciphertext buffer full
[mlkem_channel] ciphertext refused token=3059901774: ciphertext buffer full
[mlkem_channel] ciphertext refused token=879894189: ciphertext buffer full
[mlkem_channel] ciphertext refused token=70922428: ciphertext buffer full
[mlkem_channel] ciphertext refused token=1208192821: ciphertext buffer full
[mlkem_channel] ciphertext buffered token=2456403032 nonce_prefix=ad0fc75a
[mlkem_channel] ciphertext refused token=3589960348: ciphertext buffer full
[mlkem_channel] ciphertext refused token=2629176561: ciphertext buffer full
[mlkem_channel] ciphertext buffered token=1595919222 nonce_prefix=bd952fe9
[mlkem_channel] ciphertext refused token=1039578727: ciphertext buffer full
[mlkem_channel] ciphertext refused token=2829721805: ciphertext buffer full
[mlkem_channel] ciphertext refused token=1428983463: ciphertext buffer full
[mlkem_channel] ciphertext refused token=3236576569: ciphertext buffer full
[mlkem_channel] ciphertext buffered token=1567757150 nonce_prefix=41b316ca
[mlkem_channel] ciphertext refused token=2478988520: ciphertext buffer full
[mlkem_channel] ciphertext refused token=2338998929: ciphertext buffer full
[mlkem_channel] ciphertext refused token=472370509: ciphertext buffer full
[mlkem_channel] ciphertext buffered token=1933679342 nonce_prefix=f491f2c0
[mlkem_channel] ciphertext refused token=346999735: ciphertext buffer full
[mlkem_channel] ciphertext refused token=3820610633: ciphertext buffer full
[mlkem_channel] ciphertext refused token=401545270: ciphertext buffer full
[mlkem_channel] ciphertext refused token=2093347176: ciphertext buffer full
[mlkem_channel] ciphertext refused token=3349431302: ciphertext buffer full
[mlkem_channel] ciphertext buffered token=4280271838 nonce_prefix=6ebf76eb
[mlkem_channel] ciphertext refused token=1855053850: ciphertext buffer full
[mlkem_channel] ciphertext refused token=856463599: ciphertext buffer full
[mlkem_channel] ciphertext refused token=2300589810: ciphertext buffer full
[mlkem_channel] ciphertext refused token=212745655: ciphertext buffer full
[mlkem_channel] ciphertext refused token=3531593636: ciphertext buffer full
[mlkem_channel] ciphertext refused token=2499800415: ciphertext buffer full
[mlkem_channel] ciphertext buffered token=2969921773 nonce_prefix=43038996
[mlkem_channel] ciphertext refused token=3878221220: ciphertext buffer full
[mlkem_channel] ciphertext refused token=3629390908: ciphertext buffer full
[mlkem_channel] ciphertext refused token=303012639: ciphertext buffer full
[mlkem_channel] ciphertext refused token=1088066638: ciphertext buffer full
[mlkem_channel] ciphertext refused token=3518352267: ciphertext buffer full
[mlkem_channel] ciphertext buffered token=3271288272 nonce_prefix=3675dcbc
[mlkem_channel] ciphertext refused token=4212526294: ciphertext buffer full
[mlkem_channel] ciphertext refused token=2112502230: ciphertext buffer full
[mlkem_channel] ciphertext refused token=428047594: ciphertext buffer full
[mlkem_channel] ciphertext buffered token=1305734679 nonce_prefix=d436403f
[mlkem_channel] ciphertext buffered token=848547762 nonce_prefix=d6687ae3
[mlkem_channel] ciphertext buffered token=2714420386 nonce_prefix=9e03c927
[mlkem_channel] ciphertext refused token=3623010934: ciphertext buffer full
[mlkem_channel] ciphertext buffered token=1739014606 nonce_prefix=1bbae78d
[mlkem_channel] ciphertext buffered token=3706998106 nonce_prefix=e6cf72fe
[mlkem_channel] ciphertext refused token=407512394: ciphertext buffer full
[mlkem_channel] ciphertext buffered token=1053521644 nonce_prefix=a686a8f7
[mlkem_channel] ciphertext buffered token=1602517859 nonce_prefix=4e5bb19c
[mlkem_channel] ciphertext refused token=1936626967: ciphertext buffer full
[mlkem_channel] ciphertext buffered token=1221415729 nonce_prefix=b2b7ca99
[mlkem_channel] ciphertext buffered token=19239052 nonce_prefix=a041ab45
[mlkem_channel] ciphertext refused token=4204020743: ciphertext buffer full
[mlkem_channel] ciphertext refused token=843501757: ciphertext buffer full
[mlkem_channel] ciphertext buffered token=4205723652 nonce_prefix=868b6d24
[mlkem_channel] ciphertext buffered token=1477372675 nonce_prefix=a4791f58
[mlkem_channel] ciphertext refused token=3517544101: ciphertext buffer full
[mlkem_channel] ciphertext buffered token=1189805526 nonce_prefix=20f22d45
[mlkem_channel] ciphertext buffered token=1694104297 nonce_prefix=30b74a63
[mlkem_channel] ciphertext buffered token=4141372457 nonce_prefix=1c48de7c
[mlkem_channel] ciphertext refused token=2743314295: ciphertext buffer full
[mlkem_channel] ciphertext refused token=1610766746: ciphertext buffer full
[mlkem_channel] ciphertext refused token=1155249366: ciphertext buffer full
[mlkem_channel] ciphertext buffered token=1732873805 nonce_prefix=3d45b3b7
[mlkem_channel] ciphertext buffered token=1786182155 nonce_prefix=f5d1d954
[mlkem_channel] ciphertext refused token=3303038789: ciphertext buffer full
[mlkem_channel] ciphertext refused token=2168395932: ciphertext buffer full
[mlkem_channel] ciphertext buffered token=978703950 nonce_prefix=ce152299
[mlkem_channel] ciphertext refused token=3057925703: ciphertext buffer full
[mlkem_channel] ciphertext buffered token=2157810852 nonce_prefix=809eefc1
[mlkem_channel] ciphertext refused token=1052793463: ciphertext buffer full
[mlkem_channel] ciphertext refused token=3656796352: ciphertext buffer full
[mlkem_channel] ciphertext refused token=3840940914: ciphertext buffer full
[mlkem_channel] ciphertext buffered token=4197051911 nonce_prefix=537ed6fb
[mlkem_channel] ciphertext buffered token=732805374 nonce_prefix=4921411a
[mlkem_channel] ciphertext refused token=4164096698: ciphertext buffer full
[mlkem_channel] ciphertext refused token=3527395872: ciphertext buffer full
[mlkem_channel] ciphertext refused token=1774663301: ciphertext buffer full
[mlkem_channel] ciphertext refused token=332245806: ciphertext buffer full
[mlkem_channel] ciphertext refused token=3387495197: ciphertext buffer full
[mlkem_channel] ciphertext refused token=477605247: ciphertext buffer full
[mlkem_channel] ciphertext refused token=3420188224: ciphertext buffer full
[mlkem_channel] ciphertext refused token=899498701: ciphertext buffer full
[mlkem_channel] ciphertext buffered token=3175226122 nonce_prefix=3fb366c0
[mlkem_channel] ciphertext refused token=4016911742: ciphertext buffer full
[mlkem_channel] ciphertext refused token=2870601858: ciphertext buffer full
[mlkem_channel] ciphertext refused token=2642067739: ciphertext buffer full
[mlkem_channel] ciphertext refused token=3543783087: ciphertext buffer full
[mlkem_channel] ciphertext refused token=3975928669: ciphertext buffer full
[mlkem_channel] ciphertext refused token=2829570070: ciphertext buffer full
[mlkem_channel] ciphertext buffered token=4192730574 nonce_prefix=cde87d4e
[mlkem_channel] ciphertext refused token=1658240339: ciphertext buffer full
[mlkem_channel] ciphertext refused token=1844909027: ciphertext buffer full
[mlkem_channel] ciphertext refused token=2805897111: ciphertext buffer full
[mlkem_channel] ciphertext refused token=2915039256: ciphertext buffer full
[mlkem_channel] ciphertext refused token=1366763703: ciphertext buffer full
[mlkem_channel] ciphertext buffered token=2697201512 nonce_prefix=f8f603bc
[mlkem_channel] ciphertext refused token=4075601596: ciphertext buffer full
[mlkem_channel] ciphertext refused token=2430532478: ciphertext buffer full
[mlkem_channel] ciphertext refused token=1110419742: ciphertext buffer full
[mlkem_channel] ciphertext refused token=2213086317: ciphertext buffer full
[mlkem_channel] ciphertext refused token=1732260625: ciphertext buffer full
[mlkem_channel] ciphertext refused token=2854524722: ciphertext buffer full
[mlkem_channel] ciphertext refused token=2102646025: ciphertext buffer full
[mlkem_channel] ciphertext refused token=1947608579: ciphertext buffer full
[mlkem_channel] ciphertext refused token=3513722766: ciphertext buffer full
[mlkem_channel] ciphertext refused token=316272726: ciphertext buffer full
[mlkem_channel] ciphertext buffered token=980484805 nonce_prefix=733c8d72
[mlkem_channel] ciphertext refused token=3279652011: ciphertext buffer full
[mlkem_channel] ciphertext refused token=3538009539: ciphertext buffer full
[mlkem_channel] ciphertext buffered token=3179023074 nonce_prefix=e77e2409
[mlkem_channel] ciphertext buffered token=3875356937 nonce_prefix=38908d77
[mlkem_channel] ciphertext buffered token=2113799155 nonce_prefix=fe5519a3
[mlkem_channel] ciphertext buffered token=47688570 nonce_prefix=3ce386cb
[mlkem_channel] ciphertext refused token=3956374185: ciphertext buffer full
[mlkem_channel] ciphertext buffered token=1385987678 nonce_prefix=c74a793a
[mlkem_channel] ciphertext buffered token=1867104935 nonce_prefix=ee334aef
[mlkem_channel] ciphertext buffered token=656668494 nonce_prefix=71e0b845
[mlkem_channel] ciphertext buffered token=1641760352 nonce_prefix=bb09b15d
[mlkem_channel] ciphertext refused token=1862782113: ciphertext buffer full
[mlkem_channel] ciphertext buffered token=20172523 nonce_prefix=d98f3ab4
[mlkem_channel] ciphertext buffered token=2840458125 nonce_prefix=d70d7c4f
[mlkem_channel] ciphertext buffered token=4293148521 nonce_prefix=d6f974d2
[mlkem_channel] ciphertext refused token=2786897606: ciphertext buffer full
[mlkem_channel] ciphertext buffered token=591400179 nonce_prefix=bab78000
[mlkem_channel] ciphertext buffered token=414432730 nonce_prefix=9dd5dcf0
[mlkem_channel] ciphertext buffered token=1297232281 nonce_prefix=5c232221
[mlkem_channel] ciphertext buffered token=3401353155 nonce_prefix=99c8bb65
[mlkem_channel] ciphertext refused token=2818206017: ciphertext buffer full
[mlkem_channel] ciphertext buffered token=1625944574 nonce_prefix=26e1ff4d
[mlkem_channel] ciphertext refused token=3567181802: ciphertext buffer full
[mlkem_channel] ciphertext buffered token=1045113161 nonce_prefix=990075f1
[mlkem_channel] ciphertext refused token=1349687647: ciphertext buffer full
[mlkem_channel] ciphertext refused token=3122431402: ciphertext buffer full
[mlkem_channel] ciphertext buffered token=3073563461 nonce_prefix=cd752807
[mlkem_channel] ciphertext buffered token=3126938403 nonce_prefix=81dec16b
[mlkem_channel] ciphertext refused token=713934550: ciphertext buffer full
[mlkem_channel] ciphertext buffered token=687338923 nonce_prefix=2a4247a1
[mlkem_channel] ciphertext buffered token=1545834988 nonce_prefix=b01db59b
[mlkem_channel] ciphertext buffered token=4104717138 nonce_prefix=3ea0263b
[mlkem_channel] ciphertext buffered token=1286080991 nonce_prefix=3514fd39
[mlkem_channel] ciphertext buffered token=1346196557 nonce_prefix=41f76ee7
[mlkem_channel] ciphertext buffered token=4099571482 nonce_prefix=f5b2bca6
[mlkem_channel] ciphertext buffered token=3246277504 nonce_prefix=cbbc3824
[mlkem_channel] ciphertext buffered token=2838814898 nonce_prefix=7963e754
[mlkem_channel] ciphertext refused token=1190162224: ciphertext buffer full
[mlkem_channel] ciphertext buffered token=387325731 nonce_prefix=2782a038
[mlkem_channel] ciphertext buffered token=610393619 nonce_prefix=b1edeacd
[mlkem_channel] ciphertext buffered token=3206107800 nonce_prefix=970fdc08
[mlkem_channel] ciphertext buffered token=2393299610 nonce_prefix=8df258fe
[mlkem_channel] ciphertext buffered token=129625649 nonce_prefix=bce25adc
[mlkem_channel] ciphertext buffered token=3893342997 nonce_prefix=bb755339
[mlkem_channel] ciphertext buffered token=3455850793 nonce_prefix=1a38b948
[mlkem_channel] ciphertext buffered token=3075722678 nonce_prefix=314efd3a
[mlkem_channel] ciphertext buffered token=2899273990 nonce_prefix=b2d5a7f2
[mlkem_channel] ciphertext buffered token=2745213764 nonce_prefix=d0e4c3da
[mlkem_channel] ciphertext buffered token=3819294493 nonce_prefix=2ffe0602
[mlkem_channel] ciphertext buffered token=2253695949 nonce_prefix=249a395f
[mlkem_channel] ciphertext buffered token=2176549144 nonce_prefix=155c0770
[mlkem_channel] ciphertext buffered token=3703343760 nonce_prefix=48ba3622
[mlkem_channel] ciphertext buffered token=2897637157 nonce_prefix=dca7377d
[mlkem_channel] ciphertext buffered token=2019605708 nonce_prefix=462d46da
[mlkem_channel] ciphertext buffered token=2206167289 nonce_prefix=4b6c071c
[mlkem_channel] ciphertext buffered token=2985030954 nonce_prefix=751eabe0
[mlkem_channel] ciphertext buffered token=1088378926 nonce_prefix=990125e9
[mlkem_channel] ciphertext buffered token=2514688705 nonce_prefix=3fa43ef9
[mlkem_channel] ciphertext buffered token=18389388 nonce_prefix=d65851e1
[mlkem_channel] ciphertext buffered token=4199590529 nonce_prefix=6db1230e
[mlkem_channel] ciphertext buffered token=3943512384 nonce_prefix=38d11aac
[mlkem_channel] ciphertext buffered token=2034144761 nonce_prefix=3af7b943
[mlkem_channel] ciphertext buffered token=3399535874 nonce_prefix=aeb15ef7
[mlkem_channel] ciphertext buffered token=1627216074 nonce_prefix=10be2c2a
[mlkem_channel] ciphertext buffered token=927024737 nonce_prefix=b89f1536
[mlkem_channel] ciphertext buffered token=2383037259 nonce_prefix=64b7e65a
[mlkem_channel] ciphertext buffered token=3304736069 nonce_prefix=f461be52
[mlkem_channel] ciphertext buffered token=2537704151 nonce_prefix=0793f212
[mlkem_channel] ciphertext buffered token=2970050630 nonce_prefix=a37c49e4
[mlkem_channel] ciphertext buffered token=2067566395 nonce_prefix=7943dd0b
[mlkem_channel] ciphertext buffered token=2010224023 nonce_prefix=64755fa4
[mlkem_channel] ciphertext buffered token=497348058 nonce_prefix=f1714eb2
[mlkem_channel] ciphertext buffered token=3483981437 nonce_prefix=0f7f4990
[mlkem_channel] ciphertext buffered token=510996440 nonce_prefix=0e6efbd5
[mlkem_channel] ciphertext buffered token=3471417848 nonce_prefix=7945c8e5
[mlkem_channel] ciphertext buffered token=765657492 nonce_prefix=a106d998
[mlkem_channel] ciphertext buffered token=2230707083 nonce_prefix=ffa14a7d
[mlkem_channel] ciphertext buffered token=1324260171 nonce_prefix=28f16423
[mlkem_channel] ciphertext buffered token=949548822 nonce_prefix=956e8db7
[mlkem_channel] ciphertext buffered token=3297342309 nonce_prefix=9e841b8f
[mlkem_channel] ciphertext refused token=2887097790: ciphertext buffer full
[mlkem_channel] ciphertext refused token=3473421862: ciphertext buffer full
[mlkem_channel] ciphertext buffered token=254481855 nonce_prefix=01326092
[mlkem_channel] ciphertext refused token=1867050317: ciphertext buffer full
[mlkem_channel] ciphertext refused token=4009643452: ciphertext buffer full
[mlkem_channel] ciphertext buffered token=3070219624 nonce_prefix=4896b349
[mlkem_channel] ciphertext buffered token=2493626949 nonce_prefix=be15f5b7
[mlkem_channel] ciphertext refused token=2557118109: ciphertext buffer full
[mlkem_channel] ciphertext refused token=3962106611: ciphertext buffer full
[mlkem_channel] ciphertext buffered token=1688621542 nonce_prefix=48a7251c
[mlkem_channel] ciphertext buffered token=2760327689 nonce_prefix=0f2baf00
[mlkem_channel] ciphertext buffered token=1018709594 nonce_prefix=7fb0a852
[mlkem_channel] ciphertext buffered token=1156559514 nonce_prefix=15e5466e
[mlkem_channel] ciphertext buffered token=506682442 nonce_prefix=fb140efd
[mlkem_channel] ciphertext buffered token=2291395319 nonce_prefix=e75b9fa4
[mlkem_channel] ciphertext buffered token=2973176569 nonce_prefix=a34b9492
[mlkem_channel] ciphertext buffered token=3064138306 nonce_prefix=22492801
[mlkem_channel] ciphertext buffered token=2323978956 nonce_prefix=e2df72ff
[mlkem_channel] ciphertext buffered token=308636211 nonce_prefix=4c8b9c3d
[mlkem_channel] ciphertext buffered token=2606980447 nonce_prefix=002db092
[mlkem_channel] ciphertext buffered token=3297087199 nonce_prefix=c11fbee3
[mlkem_channel] ciphertext buffered token=21462557 nonce_prefix=b25a3d60
[mlkem_channel] ciphertext buffered token=2235879135 nonce_prefix=b557f323
[mlkem_channel] ciphertext buffered token=86820696 nonce_prefix=8e3c7394
[mlkem_channel] ciphertext buffered token=2192917085 nonce_prefix=5345026c
[mlkem_channel] ciphertext buffered token=2307893220 nonce_prefix=db4e5c90
[mlkem_channel] ciphertext buffered token=4194683788 nonce_prefix=553e3633
[mlkem_channel] ciphertext buffered token=963862799 nonce_prefix=a6ad0d33
[mlkem_channel] ciphertext buffered token=1845228223 nonce_prefix=a7bdb6ad
[mlkem_channel] ciphertext buffered token=1919734796 nonce_prefix=2e973528
[mlkem_channel] ciphertext buffered token=1234617517 nonce_prefix=33e6c419
[mlkem_channel] ciphertext buffered token=3144267996 nonce_prefix=0ab9aa35
[mlkem_channel] ciphertext buffered token=3669232333 nonce_prefix=f1fe8400
[mlkem_channel] ciphertext buffered token=3963598567 nonce_prefix=62c76348
[mlkem_channel] ciphertext buffered token=3377989641 nonce_prefix=f2c769a0
[mlkem_channel] ciphertext buffered token=2895107927 nonce_prefix=5f1bba83
[mlkem_channel] ciphertext buffered token=1486050255 nonce_prefix=8994a215
[mlkem_channel] ciphertext buffered token=2438090658 nonce_prefix=29cfad32
[mlkem_channel] ciphertext buffered token=1016670230 nonce_prefix=d1263f2d
[mlkem_channel] ciphertext buffered token=864703284 nonce_prefix=634b5346
[mlkem_channel] ciphertext buffered token=673437957 nonce_prefix=183078cb
[mlkem_channel] ciphertext buffered token=849528853 nonce_prefix=01a78fa5
[mlkem_channel] ciphertext buffered token=1694093632 nonce_prefix=f6d8bb9a
[mlkem_channel] ciphertext buffered token=2259130362 nonce_prefix=2c6eb4ea
[mlkem_channel] ciphertext buffered token=509851781 nonce_prefix=6da1fa0f
[mlkem_channel] ciphertext buffered token=159243358 nonce_prefix=406d0ea7
[mlkem_channel] ciphertext buffered token=624939529 nonce_prefix=0b22d9f8
[mlkem_channel] ciphertext buffered token=2678299783 nonce_prefix=473ae6d2
[mlkem_channel] ciphertext buffered token=3756370374 nonce_prefix=344958b5
[mlkem_channel] ciphertext buffered token=1793385605 nonce_prefix=c4219d49
[mlkem_channel] ciphertext buffered token=2927909607 nonce_prefix=1b2e9578
[mlkem_channel] ciphertext buffered token=289475617 nonce_prefix=ac44151f
[mlkem_channel] ciphertext buffered token=153814804 nonce_prefix=5b0aeeba
[mlkem_channel] ciphertext buffered token=3455988742 nonce_prefix=3a77d592
[mlkem_channel] ciphertext buffered token=3420790199 nonce_prefix=7a4ea07a
[mlkem_channel] ciphertext buffered token=4029822020 nonce_prefix=367d76ab
[mlkem_channel] ciphertext buffered token=3624194646 nonce_prefix=3de3fac9
[mlkem_channel] ciphertext buffered token=2017899929 nonce_prefix=f0c29200
[mlkem_channel] ciphertext buffered token=416425947 nonce_prefix=feef7cc3
[mlkem_channel] ciphertext buffered token=267624089 nonce_prefix=fea013a9
[mlkem_channel] ciphertext buffered token=1350815493 nonce_prefix=09681e40
[mlkem_channel] ciphertext buffered token=3665209403 nonce_prefix=9bf21bde
[mlkem_channel] ciphertext buffered token=900262336 nonce_prefix=af9e751d
[mlkem_channel] ciphertext buffered token=2121537424 nonce_prefix=92be9aa0
[mlkem_channel] ciphertext buffered token=1637879108 nonce_prefix=59dcf0fa
[mlkem_channel] ciphertext buffered token=3731612566 nonce_prefix=d52a47dc
[mlkem_channel] ciphertext buffered token=3877009336 nonce_prefix=46a8410f
[mlkem_channel] ciphertext buffered token=3811882987 nonce_prefix=78422697
[mlkem_channel] ciphertext buffered token=1510916770 nonce_prefix=bb0df6cd
[mlkem_channel] ciphertext buffered token=1860705927 nonce_prefix=dc863b61
[mlkem_channel] ciphertext buffered token=960778227 nonce_prefix=8ba20acc
[mlkem_channel] ciphertext buffered token=340704353 nonce_prefix=537df872
[mlkem_channel] ciphertext buffered token=98917944 nonce_prefix=47f569e0
[mlkem_channel] ciphertext buffered token=1281847224 nonce_prefix=c1072200
[mlkem_channel] ciphertext buffered token=3269322894 nonce_prefix=3b5ebf24
[mlkem_channel] ciphertext buffered token=2850913735 nonce_prefix=d003c987
[mlkem_channel] ciphertext buffered token=1485765277 nonce_prefix=164e8b08
[mlkem_channel] ciphertext buffered token=552491356 nonce_prefix=1ccaa4b1
[mlkem_channel] ciphertext buffered token=2227668786 nonce_prefix=7df2e3e3
[mlkem_channel] ciphertext buffered token=3041960695 nonce_prefix=2a227a1b
[mlkem_channel] ciphertext buffered token=2572659351 nonce_prefix=3001f140
[mlkem_channel] ciphertext buffered token=2778799492 nonce_prefix=d8316b48
[mlkem_channel] ciphertext buffered token=304046873 nonce_prefix=da12be87
[mlkem_channel] ciphertext buffered token=2349044960 nonce_prefix=bc0193cb
[mlkem_channel] ciphertext buffered token=2563393310 nonce_prefix=cef2f032
[mlkem_channel] ciphertext buffered token=3019292560 nonce_prefix=81f39ea7
[mlkem_channel] ciphertext buffered token=1144950079 nonce_prefix=ea30f4d5
[mlkem_channel] ciphertext buffered token=2006645491 nonce_prefix=f44178d3
[mlkem_channel] ciphertext buffered token=1774028487 nonce_prefix=2c5148f1
[mlkem_channel] ciphertext buffered token=2475786906 nonce_prefix=4337f529
[mlkem_channel] ciphertext buffered token=1197973207 nonce_prefix=499660d8
[mlkem_channel] ciphertext buffered token=805595000 nonce_prefix=fb5b29a0
[mlkem_channel] ciphertext buffered token=3258088781 nonce_prefix=5d641bd0
[mlkem_channel] ciphertext buffered token=1751220783 nonce_prefix=f7b51da4
[mlkem_channel] ciphertext buffered token=91989285 nonce_prefix=09275c61
[mlkem_channel] ciphertext buffered token=3587029860 nonce_prefix=f6fb1179
[mlkem_channel] ciphertext buffered token=1132557953 nonce_prefix=278cce3d
[mlkem_channel] ciphertext buffered token=3701281342 nonce_prefix=37b2ef1a
[mlkem_channel] ciphertext buffered token=2623172912 nonce_prefix=e611ebc5
[mlkem_channel] ciphertext buffered token=4053773341 nonce_prefix=b8fd3990
[mlkem_channel] ciphertext buffered token=852080602 nonce_prefix=fed55d9f
[mlkem_channel] ciphertext buffered token=4013238720 nonce_prefix=1733e27c
[mlkem_channel] ciphertext buffered token=3500411048 nonce_prefix=f4c037de
[mlkem_channel] ciphertext buffered token=2909694264 nonce_prefix=670c69fa
[mlkem_channel] ciphertext buffered token=747890817 nonce_prefix=527cb139
[mlkem_channel] ciphertext buffered token=2820375173 nonce_prefix=141d2a84
[mlkem_channel] ciphertext refused token=1725775543: ciphertext buffer full
[mlkem_channel] ciphertext refused token=1359066673: ciphertext buffer full
[mlkem_channel] ciphertext buffered token=2065532434 nonce_prefix=9270ef9f
[mlkem_channel] ciphertext buffered token=1300568882 nonce_prefix=032bc8ca
[mlkem_channel] ciphertext refused token=2182120931: ciphertext buffer full
[mlkem_channel] ciphertext buffered token=3979407374 nonce_prefix=6219511f
[mlkem_channel] ciphertext refused token=2534466364: ciphertext buffer full
[mlkem_channel] ciphertext buffered token=702346311 nonce_prefix=dab92c00
[mlkem_channel] ciphertext buffered token=2365102795 nonce_prefix=2d4a73de
[mlkem_channel] ciphertext buffered token=1594469299 nonce_prefix=44dd665e
[mlkem_channel] ciphertext buffered token=79993960 nonce_prefix=5bce4039
[mlkem_channel] ciphertext buffered token=4050076111 nonce_prefix=fb95c796
[mlkem_channel] ciphertext buffered token=3256853127 nonce_prefix=29a19431
[mlkem_channel] ciphertext buffered token=2741923364 nonce_prefix=d1bbd5da
[mlkem_channel] ciphertext buffered token=1790373838 nonce_prefix=83d53e41
[mlkem_channel] ciphertext buffered token=920716352 nonce_prefix=e4df0a30
[mlkem_channel] ciphertext buffered token=4205178571 nonce_prefix=01dd6d6a
[mlkem_channel] ciphertext buffered token=2206677367 nonce_prefix=30c5f2bc
[mlkem_channel] ciphertext buffered token=221343018 nonce_prefix=60e8b668
[mlkem_channel] ciphertext buffered token=1216759765 nonce_prefix=dcd62df3
[mlkem_channel] ciphertext buffered token=3530509106 nonce_prefix=21db8b52
[mlkem_channel] ciphertext buffered token=2086140355 nonce_prefix=399f3917
[mlkem_channel] ciphertext buffered token=500551686 nonce_prefix=aa192abb
[mlkem_channel] ciphertext buffered token=3377206400 nonce_prefix=4cc5f479
[mlkem_channel] ciphertext buffered token=324603611 nonce_prefix=765636c7
[mlkem_channel] ciphertext buffered token=3943329369 nonce_prefix=8f0e6f49
[mlkem_channel] ciphertext buffered token=3903249677 nonce_prefix=876c13e1
[mlkem_channel] ciphertext buffered token=4019399977 nonce_prefix=11d813f2
[mlkem_channel] ciphertext buffered token=1929611272 nonce_prefix=a09425be
[mlkem_channel] ciphertext buffered token=1899958547 nonce_prefix=6fc0d15d
[mlkem_channel] ciphertext buffered token=2280707068 nonce_prefix=d891883e
[mlkem_channel] ciphertext buffered token=3820971427 nonce_prefix=811bebc4
[mlkem_channel] ciphertext buffered token=608662739 nonce_prefix=9ee4f21e
[mlkem_channel] ciphertext buffered token=2214813868 nonce_prefix=bfceb84e
[mlkem_channel] ciphertext buffered token=3524409551 nonce_prefix=a04f84d6
[mlkem_channel] ciphertext buffered token=3421677986 nonce_prefix=32eba38a
[mlkem_channel] ciphertext buffered token=374688305 nonce_prefix=014e6fea
[mlkem_channel] ciphertext buffered token=2727327915 nonce_prefix=44daa89a
[mlkem_channel] ciphertext buffered token=269134235 nonce_prefix=ce722670
[mlkem_channel] ciphertext buffered token=1431597791 nonce_prefix=877da64c
[mlkem_channel] ciphertext buffered token=2662142040 nonce_prefix=11825650
[mlkem_channel] ciphertext buffered token=411284480 nonce_prefix=5d19019c
[mlkem_channel] ciphertext buffered token=456006547 nonce_prefix=52243598
[mlkem_channel] ciphertext buffered token=3839723551 nonce_prefix=1a696cd6
[mlkem_channel] ciphertext buffered token=3523652289 nonce_prefix=f77d7754
[mlkem_channel] ciphertext buffered token=22451285 nonce_prefix=40154d64
[mlkem_channel] ciphertext buffered token=3171097826 nonce_prefix=4c737a5e
[mlkem_channel] ciphertext buffered token=2417732220 nonce_prefix=d8dc5158
[mlkem_channel] ciphertext refused token=3117345565: ciphertext buffer full
[mlkem_channel] ciphertext refused token=696092067: ciphertext buffer full
[mlkem_channel] ciphertext refused token=1251479376: ciphertext buffer full
[mlkem_channel] ciphertext refused token=2124990988: ciphertext buffer full
[mlkem_channel] ciphertext refused token=852607467: ciphertext buffer full
[mlkem_channel] ciphertext refused token=4150472898: ciphertext buffer full
[mlkem_channel] ciphertext refused token=3537683187: ciphertext buffer full
[mlkem_channel] ciphertext refused token=1127213585: ciphertext buffer full
[mlkem_channel] ciphertext refused token=2666686511: ciphertext buffer full
[mlkem_channel] ciphertext refused token=2073765249: ciphertext buffer full
[mlkem_channel] ciphertext refused token=3704950159: ciphertext buffer full
[mlkem_channel] ciphertext refused token=2080871462: ciphertext buffer full
[mlkem_channel] ciphertext refused token=1838683676: ciphertext buffer full
[mlkem_channel] ciphertext refused token=1686569713: ciphertext buffer full
[mlkem_channel] ciphertext refused token=2994213006: ciphertext buffer full
[mlkem_channel] ciphertext refused token=1381346311: ciphertext buffer full
[mlkem_channel] ciphertext refused token=4289235535: ciphertext buffer full
[mlkem_channel] ciphertext refused token=3453793757: ciphertext buffer full
[mlkem_channel] ciphertext refused token=3166442017: ciphertext buffer full
[mlkem_channel] ciphertext refused token=2638038165: ciphertext buffer full
[mlkem_channel] ciphertext refused token=48819860: ciphertext buffer full
[mlkem_channel] ciphertext refused token=3053141809: ciphertext buffer full
[mlkem_channel] ciphertext refused token=1762985369: ciphertext buffer full
[mlkem_channel] ciphertext refused token=3090971221: ciphertext buffer full
[mlkem_channel] ciphertext refused token=462027928: ciphertext buffer full
[mlkem_channel] ciphertext refused token=339288020: ciphertext buffer full
[mlkem_channel] ciphertext refused token=3064777374: ciphertext buffer full
[mlkem_channel] ciphertext refused token=3285027224: ciphertext buffer full
[mlkem_channel] ciphertext refused token=3345772147: ciphertext buffer full
[mlkem_channel] ciphertext refused token=2667004192: ciphertext buffer full
[mlkem_channel] ciphertext refused token=4023458571: ciphertext buffer full
[mlkem_channel] ciphertext refused token=288551264: ciphertext buffer full
[mlkem_channel] ciphertext refused token=3655230503: ciphertext buffer full
[mlkem_channel] ciphertext refused token=859907387: ciphertext buffer full
[mlkem_channel] ciphertext refused token=3015647953: ciphertext buffer full
[mlkem_channel] ciphertext refused token=2808243923: ciphertext buffer full
[mlkem_channel] ciphertext refused token=2639946914: ciphertext buffer full
[mlkem_channel] ciphertext refused token=2476511454: ciphertext buffer full
[mlkem_channel] ciphertext refused token=3026475451: ciphertext buffer full
[mlkem_channel] ciphertext refused token=2848897449: ciphertext buffer full
[mlkem_channel] ciphertext refused token=1496198506: ciphertext buffer full
[mlkem_channel] ciphertext refused token=3234241591: ciphertext buffer full
[mlkem_channel] ciphertext refused token=2016303286: ciphertext buffer full
[mlkem_channel] ciphertext refused token=3638767219: ciphertext buffer full
[mlkem_channel] ciphertext refused token=3213576244: ciphertext buffer full
[mlkem_channel] ciphertext refused token=132676302: ciphertext buffer full
[mlkem_channel] ciphertext refused token=1474629179: ciphertext buffer full
[mlkem_channel] ciphertext refused token=1527071209: ciphertext buffer full
[mlkem_channel] ciphertext refused token=1395359343: ciphertext buffer full
[mlkem_channel] ciphertext refused token=900922683: ciphertext buffer full
[mlkem_channel] ciphertext refused token=341291740: ciphertext buffer full
[mlkem_channel] ciphertext refused token=3688274485: ciphertext buffer full
[mlkem_channel] ciphertext refused token=3692180310: ciphertext buffer full
[mlkem_channel] ciphertext refused token=96716566: ciphertext buffer full
[mlkem_channel] ciphertext refused token=349277925: ciphertext buffer full
[mlkem_channel] ciphertext refused token=2914036269: ciphertext buffer full
[mlkem_channel] ciphertext refused token=1686616156: ciphertext buffer full
[mlkem_channel] ciphertext refused token=1864020007: ciphertext buffer full
[mlkem_channel] ciphertext refused token=2372430214: ciphertext buffer full
[mlkem_channel] ciphertext refused token=2451075664: ciphertext buffer full
[mlkem_channel] ciphertext refused token=121930479: ciphertext buffer full
[mlkem_channel] ciphertext refused token=4007590850: ciphertext buffer full
[mlkem_channel] ciphertext refused token=1782222667: ciphertext buffer full
[mlkem_channel] ciphertext refused token=1029178483: ciphertext buffer full
[mlkem_channel] ciphertext refused token=2111022613: ciphertext buffer full
[mlkem_channel] ciphertext refused token=466963396: ciphertext buffer full
[mlkem_channel] ciphertext refused token=2012549074: ciphertext buffer full
[mlkem_channel] ciphertext refused token=377397225: ciphertext buffer full
[mlkem_channel] ciphertext refused token=344756776: ciphertext buffer full
[mlkem_channel] ciphertext refused token=2743682890: ciphertext buffer full
[mlkem_channel] ciphertext refused token=1286037520: ciphertext buffer full
[mlkem_channel] ciphertext refused token=778592934: ciphertext buffer full
[mlkem_channel] ciphertext refused token=1227587155: ciphertext buffer full
[mlkem_channel] ciphertext refused token=2187328872: ciphertext buffer full
[mlkem_channel] ciphertext refused token=1635811043: ciphertext buffer full
[mlkem_channel] ciphertext refused token=2148663797: ciphertext buffer full
[mlkem_channel] ciphertext refused token=4294508066: ciphertext buffer full
[mlkem_channel] ciphertext refused token=3334949609: ciphertext buffer full
[mlkem_channel] ciphertext refused token=1414117956: ciphertext buffer full
[mlkem_channel] ciphertext refused token=1578942989: ciphertext buffer full
[mlkem_channel] ciphertext refused token=273652670: ciphertext buffer full
[mlkem_channel] ciphertext refused token=2741770609: ciphertext buffer full
[mlkem_channel] ciphertext refused token=3440128347: ciphertext buffer full
[mlkem_channel] ciphertext refused token=2598088109: ciphertext buffer full
[mlkem_channel] ciphertext refused token=4136518106: ciphertext buffer full
[mlkem_channel] ciphertext refused token=1094749508: ciphertext buffer full
[mlkem_channel] ciphertext refused token=983618992: ciphertext buffer full
[mlkem_channel] ciphertext refused token=3949739350: ciphertext buffer full
[mlkem_channel] ciphertext refused token=1133917534: ciphertext buffer full
[mlkem_channel] ciphertext refused token=614618967: ciphertext buffer full
[mlkem_channel] ciphertext refused token=618122213: ciphertext buffer full
[mlkem_channel] ciphertext refused token=370807318: ciphertext buffer full
[mlkem_channel] ciphertext refused token=2452506239: ciphertext buffer full
[mlkem_channel] ciphertext refused token=918505343: ciphertext buffer full
[mlkem_channel] ciphertext refused token=4197841483: ciphertext buffer full
[mlkem_channel] ciphertext refused token=4272576698: ciphertext buffer full
[mlkem_channel] ciphertext refused token=1281534908: ciphertext buffer full
[mlkem_channel] ciphertext refused token=319089657: ciphertext buffer full
[mlkem_channel] ciphertext refused token=3577761539: ciphertext buffer full
[mlkem_channel] ciphertext refused token=944354749: ciphertext buffer full
[mlkem_channel] ciphertext refused token=37606360: ciphertext buffer full
[mlkem_channel] ciphertext refused token=849715200: ciphertext buffer full
[mlkem_channel] ciphertext refused token=3482399776: ciphertext buffer full
[mlkem_channel] ciphertext refused token=785802320: ciphertext buffer full
[mlkem_channel] ciphertext refused token=3177577400: ciphertext buffer full
[mlkem_channel] ciphertext refused token=3096476520: ciphertext buffer full
[mlkem_channel] ciphertext refused token=2704795408: ciphertext buffer full
[mlkem_channel] ciphertext refused token=3424639419: ciphertext buffer full
[mlkem_channel] ciphertext refused token=2222974686: ciphertext buffer full
[mlkem_channel] ciphertext refused token=3687985828: ciphertext buffer full
[mlkem_channel] ciphertext refused token=676067382: ciphertext buffer full
[mlkem_channel] ciphertext refused token=1629963991: ciphertext buffer full
[mlkem_channel] ciphertext refused token=3641191996: ciphertext buffer full
[mlkem_channel] ciphertext refused token=2145626878: ciphertext buffer full
[mlkem_channel] ciphertext refused token=3204888118: ciphertext buffer full
[mlkem_channel] ciphertext refused token=4133113303: ciphertext buffer full
[mlkem_channel] ciphertext refused token=2102305090: ciphertext buffer full
[mlkem_channel] ciphertext refused token=2947523912: ciphertext buffer full
[mlkem_channel] ciphertext refused token=598888932: ciphertext buffer full
[mlkem_channel] ciphertext refused token=4007622078: ciphertext buffer full
[mlkem_channel] ciphertext refused token=3549554753: ciphertext buffer full
[mlkem_channel] ciphertext refused token=1057784153: ciphertext buffer full
[mlkem_channel] ciphertext refused token=836806157: ciphertext buffer full
[mlkem_channel] ciphertext refused token=2594693876: ciphertext buffer full
[mlkem_channel] ciphertext refused token=2440206281: ciphertext buffer full
[mlkem_channel] ciphertext refused token=2904457030: ciphertext buffer full
[mlkem_channel] ciphertext refused token=2322098498: ciphertext buffer full
[mlkem_channel] ciphertext refused token=2752524578: ciphertext buffer full
[mlkem_channel] ciphertext refused token=4011802313: ciphertext buffer full
[mlkem_channel] ciphertext refused token=1986252906: ciphertext buffer full
[mlkem_channel] ciphertext refused token=1845921336: ciphertext buffer full
[mlkem_channel] ciphertext refused token=3861377294: ciphertext buffer full
[mlkem_channel] ciphertext refused token=565138039: ciphertext buffer full
[mlkem_channel] ciphertext refused token=2805809749: ciphertext buffer full
[mlkem_channel] ciphertext refused token=1740308892: ciphertext buffer full
[mlkem_channel] ciphertext refused token=3634409041: ciphertext buffer full
[mlkem_channel] ciphertext refused token=3332977363: ciphertext buffer full
[mlkem_channel] ciphertext refused token=1220849434: ciphertext buffer full
[mlkem_channel] ciphertext refused token=754913076: ciphertext buffer full
[mlkem_channel] ciphertext refused token=2702712369: ciphertext buffer full
[mlkem_channel] ciphertext refused token=1874245477: ciphertext buffer full
[mlkem_channel] ciphertext refused token=3555045140: ciphertext buffer full
[mlkem_channel] ciphertext refused token=2162340640: ciphertext buffer full
[mlkem_channel] ciphertext refused token=2275517885: ciphertext buffer full
[mlkem_channel] ciphertext refused token=3373208826: ciphertext buffer full
[mlkem_channel] ciphertext refused token=968675494: ciphertext buffer full
[mlkem_channel] ciphertext refused token=117664595: ciphertext buffer full
[mlkem_channel] ciphertext refused token=1044553482: ciphertext buffer full
[mlkem_channel] ciphertext refused token=1292470945: ciphertext buffer full
[mlkem_channel] ciphertext refused token=715416857: ciphertext buffer full
[mlkem_channel] ciphertext refused token=1656582677: ciphertext buffer full
[mlkem_channel] ciphertext refused token=3882805534: ciphertext buffer full
[mlkem_channel] ciphertext refused token=4012031366: ciphertext buffer full
[mlkem_channel] ciphertext refused token=1111312444: ciphertext buffer full
[mlkem_channel] ciphertext refused token=4162273160: ciphertext buffer full
[mlkem_channel] ciphertext refused token=2113894563: ciphertext buffer full
[mlkem_channel] ciphertext refused token=402587025: ciphertext buffer full
[mlkem_channel] ciphertext refused token=2603505281: ciphertext buffer full
[mlkem_channel] ciphertext refused token=3601015250: ciphertext buffer full
[mlkem_channel] ciphertext refused token=1839506767: ciphertext buffer full
[mlkem_channel] ciphertext refused token=1780999912: ciphertext buffer full
[mlkem_channel] ciphertext refused token=4057785608: ciphertext buffer full
[mlkem_channel] ciphertext refused token=2350531154: ciphertext buffer full
[mlkem_channel] ciphertext refused token=1880183646: ciphertext buffer full
[mlkem_channel] ciphertext refused token=2559329136: ciphertext buffer full
[mlkem_channel] ciphertext refused token=1878709250: ciphertext buffer full
[mlkem_channel] ciphertext refused token=2688705396: ciphertext buffer full
[mlkem_channel] ciphertext refused token=3545431144: ciphertext buffer full
[mlkem_channel] ciphertext refused token=1427973798: ciphertext buffer full
[mlkem_channel] ciphertext refused token=611498355: ciphertext buffer full
[mlkem_channel] ciphertext refused token=3529878825: ciphertext buffer full
[mlkem_channel] ciphertext refused token=2348506263: ciphertext buffer full
[mlkem_channel] ciphertext refused token=4101574935: ciphertext buffer full
[mlkem_channel] ciphertext refused token=2104129450: ciphertext buffer full
[mlkem_channel] ciphertext refused token=4063869576: ciphertext buffer full
[mlkem_channel] ciphertext refused token=4200381482: ciphertext buffer full
[mlkem_channel] ciphertext refused token=3282630848: ciphertext buffer full
[mlkem_channel] ciphertext refused token=1087217728: ciphertext buffer full
[mlkem_channel] ciphertext refused token=3375990204: ciphertext buffer full
[mlkem_channel] ciphertext refused token=1267826767: ciphertext buffer full
[mlkem_channel] ciphertext refused token=2864944794: ciphertext buffer full
[mlkem_channel] ciphertext refused token=2429708540: ciphertext buffer full
[mlkem_channel] ciphertext refused token=1982945619: ciphertext buffer full
[mlkem_channel] ciphertext refused token=2133364588: ciphertext buffer full
[mlkem_channel] ciphertext refused token=4125831009: ciphertext buffer full
[mlkem_channel] ciphertext refused token=4205253573: ciphertext buffer full
[mlkem_channel] ciphertext refused token=3657798123: ciphertext buffer full
[mlkem_channel] ciphertext refused token=1661134436: ciphertext buffer full
[mlkem_channel] ciphertext refused token=1179750637: ciphertext buffer full
[mlkem_channel] ciphertext refused token=3351094904: ciphertext buffer full
[mlkem_channel] ciphertext refused token=1445452005: ciphertext buffer full
[mlkem_channel] ciphertext refused token=3176710870: ciphertext buffer full
[mlkem_channel] ciphertext refused token=1623601695: ciphertext buffer full
[mlkem_channel] ciphertext refused token=4263726592: ciphertext buffer full
[mlkem_channel] ciphertext refused token=2502053513: ciphertext buffer full
[mlkem_channel] ciphertext refused token=3445648612: ciphertext buffer full
[mlkem_channel] ciphertext refused token=2598996772: ciphertext buffer full
[mlkem_channel] ciphertext refused token=3211262465: ciphertext buffer full
[mlkem_channel] ciphertext refused token=767356859: ciphertext buffer full
[mlkem_channel] ciphertext refused token=2545101349: ciphertext buffer full
[mlkem_channel] ciphertext refused token=524879992: ciphertext buffer full
[mlkem_channel] ciphertext refused token=2639059419: ciphertext buffer full
[mlkem_channel] ciphertext refused token=4125213711: ciphertext buffer full
[mlkem_channel] ciphertext refused token=3574845048: ciphertext buffer full
[mlkem_channel] ciphertext buffered token=4150575079 nonce_prefix=eb4988e2
[mlkem_channel] ciphertext refused token=3910135792: ciphertext buffer full
[mlkem_channel] ciphertext refused token=2749320558: ciphertext buffer full
[mlkem_channel] ciphertext refused token=3062766346: ciphertext buffer full
[mlkem_channel] ciphertext refused token=377818454: ciphertext buffer full
[mlkem_channel] ciphertext buffered token=395346389 nonce_prefix=226c1bd5
[mlkem_channel] ciphertext buffered token=1732570301 nonce_prefix=3f9890fc
[mlkem_channel] ciphertext buffered token=2297642168 nonce_prefix=648b0903
[mlkem_channel] ciphertext refused token=4237971690: ciphertext buffer full
[mlkem_channel] ciphertext refused token=2241826631: ciphertext buffer full
[mlkem_channel] ciphertext buffered token=4062820957 nonce_prefix=b17a87af
[mlkem_channel] ciphertext buffered token=556469515 nonce_prefix=84d23215
[mlkem_channel] ciphertext buffered token=916173082 nonce_prefix=19e4a551
[mlkem_channel] ciphertext refused token=939791682: ciphertext buffer full
[mlkem_channel] ciphertext buffered token=1471362150 nonce_prefix=7cb9ccb7
[mlkem_channel] ciphertext refused token=3194547993: ciphertext buffer full
[mlkem_channel] ciphertext refused token=1803185424: ciphertext buffer full
[mlkem_channel] ciphertext refused token=921439300: ciphertext buffer full
[mlkem_channel] ciphertext refused token=1926738600: ciphertext buffer full
[mlkem_channel] ciphertext refused token=10013094: ciphertext buffer full
[mlkem_channel] ciphertext refused token=1958101788: ciphertext buffer full
[mlkem_channel] ciphertext buffered token=1745170839 nonce_prefix=bb7552fc
[mlkem_channel] ciphertext refused token=1754604371: ciphertext buffer full
[mlkem_channel] ciphertext buffered token=2529917488 nonce_prefix=75eb6e90
[mlkem_channel] ciphertext refused token=1981209397: ciphertext buffer full
[mlkem_channel] ciphertext refused token=2571945520: ciphertext buffer full
[mlkem_channel] ciphertext refused token=3412530029: ciphertext buffer full
[mlkem_channel] ciphertext buffered token=1242826857 nonce_prefix=d4ba987e
[mlkem_channel] ciphertext refused token=3994181983: ciphertext buffer full
[mlkem_channel] ciphertext refused token=1162504726: ciphertext buffer full
[mlkem_channel] ciphertext refused token=231548487: ciphertext buffer full
[mlkem_channel] ciphertext refused token=1704370863: ciphertext buffer full
[mlkem_channel] ciphertext refused token=2507597584: ciphertext buffer full
[mlkem_channel] ciphertext buffered token=3341758239 nonce_prefix=adb6583f
[mlkem_channel] ciphertext refused token=894220438: ciphertext buffer full
[mlkem_channel] ciphertext refused token=1104422306: ciphertext buffer full
[mlkem_channel] ciphertext refused token=3350773168: ciphertext buffer full
[mlkem_channel] ciphertext refused token=2153627136: ciphertext buffer full
[mlkem_channel] ciphertext refused token=3375511616: ciphertext buffer full
[mlkem_channel] ciphertext refused token=1801919293: ciphertext buffer full
[mlkem_channel] ciphertext buffered token=109249982 nonce_prefix=6c75bafa
[mlkem_channel] ciphertext refused token=3502983164: ciphertext buffer full
[mlkem_channel] ciphertext buffered token=155966622 nonce_prefix=f50bbd5d
[mlkem_channel] ciphertext refused token=1826923143: ciphertext buffer full
[mlkem_channel] ciphertext refused token=1149395048: ciphertext buffer full
[mlkem_channel] ciphertext refused token=4009466907: ciphertext buffer full
[mlkem_channel] ciphertext refused token=3719147482: ciphertext buffer full
[mlkem_channel] ciphertext buffered token=1567090887 nonce_prefix=2f4d10a9
[mlkem_channel] ciphertext refused token=3385725896: ciphertext buffer full
[mlkem_channel] ciphertext refused token=3727851121: ciphertext buffer full
[mlkem_channel] ciphertext refused token=3192814930: ciphertext buffer full
[mlkem_channel] ciphertext buffered token=874958920 nonce_prefix=d48e8a8e
[mlkem_channel] ciphertext refused token=3158161834: ciphertext buffer full
[mlkem_channel] ciphertext refused token=1652546265: ciphertext buffer full
[mlkem_channel] ciphertext refused token=4017599612: ciphertext buffer full
[mlkem_channel] ciphertext refused token=139858280: ciphertext buffer full
[mlkem_channel] ciphertext buffered token=2903705179 nonce_prefix=6d9e28dc
[mlkem_channel] ciphertext refused token=2316153778: ciphertext buffer full
[mlkem_channel] ciphertext refused token=3096739474: ciphertext buffer full
[mlkem_channel] ciphertext refused token=3783183355: ciphertext buffer full
[mlkem_channel] ciphertext refused token=1694559245: ciphertext buffer full
[mlkem_channel] ciphertext refused token=3177742512: ciphertext buffer full
[mlkem_channel] ciphertext buffered token=65619292 nonce_prefix=fd96645b
[mlkem_channel] ciphertext refused token=4138538218: ciphertext buffer full
[mlkem_channel] ciphertext refused token=2157979481: ciphertext buffer full
[mlkem_channel] ciphertext refused token=2981139911: ciphertext buffer full
[mlkem_channel] ciphertext refused token=227356697: ciphertext buffer full
[mlkem_channel] ciphertext refused token=106554017: ciphertext buffer full
[mlkem_channel] ciphertext refused token=2189245943: ciphertext buffer full
[mlkem_channel] ciphertext refused token=976304540: ciphertext buffer full
[mlkem_channel] ciphertext refused token=1666486560: ciphertext buffer full
[mlkem_channel] ciphertext buffered token=4204709204 nonce_prefix=d14028f9
[mlkem_channel] ciphertext refused token=2002684905: ciphertext buffer full
[mlkem_channel] ciphertext refused token=1895911977: ciphertext buffer full
[mlkem_channel] ciphertext refused token=2121277233: ciphertext buffer full
[mlkem_channel] ciphertext refused token=1458781364: ciphertext buffer full
[mlkem_channel] ciphertext refused token=2514347996: ciphertext buffer full
[mlkem_channel] ciphertext refused token=114953097: ciphertext buffer full
[mlkem_channel] ciphertext refused token=4208444287: ciphertext buffer full
[mlkem_channel] ciphertext refused token=4186459549: ciphertext buffer full
[mlkem_channel] ciphertext refused token=2705720662: ciphertext buffer full
[mlkem_channel] ciphertext buffered token=389227511 nonce_prefix=900ff3f1
[mlkem_channel] ciphertext buffered token=199374233 nonce_prefix=fac80d61
[mlkem_channel] ciphertext buffered token=1361196494 nonce_prefix=e3def210
[mlkem_channel] ciphertext refused token=3112658887: ciphertext buffer full
[mlkem_channel] ciphertext refused token=4261796978: ciphertext buffer full
[mlkem_channel] ciphertext buffered token=2254499988 nonce_prefix=4e8f870e
[mlkem_channel] ciphertext buffered token=3976719854 nonce_prefix=ab866a85
[mlkem_channel] ciphertext buffered token=2600951464 nonce_prefix=d6cb8b38
[mlkem_channel] ciphertext buffered token=4120014846 nonce_prefix=3d0cf021
[mlkem_channel] ciphertext buffered token=548281136 nonce_prefix=d2e76237
[mlkem_channel] ciphertext buffered token=458519981 nonce_prefix=ec447fb5
[mlkem_channel] ciphertext buffered token=2021212743 nonce_prefix=b0de66f5
[mlkem_channel] ciphertext buffered token=3431676144 nonce_prefix=ed79a9dd
[mlkem_channel] ciphertext buffered token=4261506325 nonce_prefix=8bb88f38
[mlkem_channel] ciphertext buffered token=3946170286 nonce_prefix=5bcf73c9
[mlkem_channel] ciphertext buffered token=3865773327 nonce_prefix=99d55a28
[mlkem_channel] ciphertext buffered token=867438075 nonce_prefix=c70e7d66
[mlkem_channel] ciphertext buffered token=472541392 nonce_prefix=a13f5753
[mlkem_channel] ciphertext buffered token=3424006902 nonce_prefix=6501a6b0
[mlkem_channel] ciphertext buffered token=3799905620 nonce_prefix=a69d9de9
[mlkem_channel] ciphertext buffered token=2091626383 nonce_prefix=7e9911dd
[mlkem_channel] ciphertext buffered token=2533198848 nonce_prefix=026237e1
[mlkem_channel] ciphertext buffered token=3266080024 nonce_prefix=e12a89a5
[mlkem_channel] ciphertext buffered token=3932310012 nonce_prefix=60187c6b
[mlkem_channel] ciphertext refused token=3698145588: ciphertext buffer full
[mlkem_channel] ciphertext refused token=585759759: ciphertext buffer full
[mlkem_channel] ciphertext buffered token=4294366334 nonce_prefix=c036e205
[mlkem_channel] ciphertext refused token=3242683504: ciphertext buffer full
[mlkem_channel] ciphertext refused token=2592643893: ciphertext buffer full
[mlkem_channel] ciphertext refused token=2321104914: ciphertext buffer full
[mlkem_channel] ciphertext refused token=316765678: ciphertext buffer full
[mlkem_channel] ciphertext buffered token=3029873797 nonce_prefix=35c90165
[mlkem_channel] ciphertext refused token=3182665705: ciphertext buffer full
[mlkem_channel] ciphertext buffered token=244728652 nonce_prefix=99dc60ec
[mlkem_channel] ciphertext refused token=657844709: ciphertext buffer full
[mlkem_channel] ciphertext refused token=491324679: ciphertext buffer full
[mlkem_channel] ciphertext refused token=45521616: ciphertext buffer full
[mlkem_channel] ciphertext buffered token=4032502846 nonce_prefix=743438d1
[mlkem_channel] ciphertext refused token=3075733908: ciphertext buffer full
[mlkem_channel] ciphertext refused token=3294634261: ciphertext buffer full
[mlkem_channel] ciphertext buffered token=4249338508 nonce_prefix=fe333023
[mlkem_channel] ciphertext refused token=4293862291: ciphertext buffer full
[mlkem_channel] ciphertext buffered token=1669517884 nonce_prefix=dcdb85d9
[mlkem_channel] ciphertext buffered token=4232207908 nonce_prefix=90ec74f3
[mlkem_channel] ciphertext refused token=3832751515: ciphertext buffer full
[mlkem_channel] ciphertext refused token=2969357592: ciphertext buffer full
[mlkem_channel] ciphertext refused token=1292845503: ciphertext buffer full
[mlkem_channel] ciphertext buffered token=2257507318 nonce_prefix=8f9ceea3
[mlkem_channel] ciphertext buffered token=2519182623 nonce_prefix=ac2b0625
[mlkem_channel] ciphertext refused token=3055870034: ciphertext buffer full
[mlkem_channel] ciphertext buffered token=25048571 nonce_prefix=c7948cf3
[mlkem_channel] ciphertext buffered token=1529960805 nonce_prefix=8caddeb7
[mlkem_channel] ciphertext buffered token=3540409503 nonce_prefix=6953e7ba
[mlkem_channel] ciphertext buffered token=4132384555 nonce_prefix=3a45ade6
[mlkem_channel] ciphertext buffered token=2171099996 nonce_prefix=71f69444
[mlkem_channel] ciphertext buffered token=1776923223 nonce_prefix=626d3462
[mlkem_channel] ciphertext buffered token=478722399 nonce_prefix=b2c89449
[mlkem_channel] ciphertext buffered token=3271152439 nonce_prefix=17902d4a
[mlkem_channel] ciphertext buffered token=2762745715 nonce_prefix=e9fe447d
[mlkem_channel] ciphertext buffered token=887401751 nonce_prefix=86d36870
[mlkem_channel] ciphertext buffered token=2560651882 nonce_prefix=39019454
[mlkem_channel] ciphertext buffered token=2229006912 nonce_prefix=ec5bfbb9
[mlkem_channel] ciphertext buffered token=2798196384 nonce_prefix=00f093d8
[mlkem_channel] ciphertext buffered token=2043442081 nonce_prefix=67b7f984
[mlkem_channel] ciphertext buffered token=1635645044 nonce_prefix=ccec6a3b
[mlkem_channel] ciphertext buffered token=3508003397 nonce_prefix=a459df68
[mlkem_channel] ciphertext buffered token=513697676 nonce_prefix=41046d09
[mlkem_channel] ciphertext buffered token=3290546345 nonce_prefix=e119d3ff
[mlkem_channel] ciphertext buffered token=2151261807 nonce_prefix=84d5fc1e
[mlkem_channel] ciphertext buffered token=3889655731 nonce_prefix=f2a17f0c
[mlkem_channel] ciphertext buffered token=513954836 nonce_prefix=b737d4eb
[mlkem_channel] ciphertext buffered token=713338022 nonce_prefix=64d90b76
[mlkem_channel] ciphertext buffered token=1819209196 nonce_prefix=c059c453
[mlkem_channel] ciphertext buffered token=3991921343 nonce_prefix=62908283
[mlkem_channel] ciphertext buffered token=402174986 nonce_prefix=ab0d712c
[mlkem_channel] ciphertext buffered token=175294461 nonce_prefix=bbede5b4
[mlkem_channel] ciphertext buffered token=964075496 nonce_prefix=192ea13a
[mlkem_channel] ciphertext buffered token=3951640041 nonce_prefix=2e3740ea
[mlkem_channel] ciphertext buffered token=1317443786 nonce_prefix=d48f4d27
[mlkem_channel] ciphertext buffered token=836742137 nonce_prefix=64904451
[mlkem_channel] ciphertext buffered token=3824004406 nonce_prefix=c2accdd3
[mlkem_channel] ciphertext buffered token=2220151029 nonce_prefix=c5b6a8b3
[mlkem_channel] ciphertext buffered token=608457371 nonce_prefix=7f862f0e
[mlkem_channel] ciphertext buffered token=2487324470 nonce_prefix=573a2e1b
[mlkem_channel] ciphertext buffered token=328394971 nonce_prefix=02d0219e
[mlkem_channel] ciphertext buffered token=1638091344 nonce_prefix=9b37f6e3
[mlkem_channel] ciphertext buffered token=1349344669 nonce_prefix=27d3d277
[mlkem_channel] ciphertext buffered token=248676121 nonce_prefix=5739c24a
[mlkem_channel] ciphertext buffered token=98662768 nonce_prefix=36eb8976
[mlkem_channel] ciphertext buffered token=2241767834 nonce_prefix=b8ad5905
[mlkem_channel] ciphertext buffered token=3512713229 nonce_prefix=29579a9b
[mlkem_channel] ciphertext buffered token=219464965 nonce_prefix=5ae88e2a
[mlkem_channel] ciphertext buffered token=1578961534 nonce_prefix=1844c3d0
[mlkem_channel] ciphertext buffered token=1022764680 nonce_prefix=ac4ff604
[mlkem_channel] ciphertext buffered token=367802613 nonce_prefix=b7188153
[mlkem_channel] ciphertext buffered token=1710079801 nonce_prefix=bf5c956c
[mlkem_channel] ciphertext buffered token=1931805066 nonce_prefix=d7623800
[mlkem_channel] ciphertext buffered token=2565597952 nonce_prefix=461ec035
[mlkem_channel] ciphertext buffered token=729747796 nonce_prefix=d33a7652
[mlkem_channel] ciphertext buffered token=2966487067 nonce_prefix=75b4e503
[mlkem_channel] ciphertext buffered token=598950218 nonce_prefix=25e2e126
[mlkem_channel] ciphertext buffered token=2797860685 nonce_prefix=91bbc518
[mlkem_channel] ciphertext buffered token=324976934 nonce_prefix=b5601593
[mlkem_channel] ciphertext buffered token=795502023 nonce_prefix=e1542389
[mlkem_channel] ciphertext buffered token=4286437998 nonce_prefix=b0953b21
[mlkem_channel] ciphertext buffered token=520825048 nonce_prefix=dcacc78b
[mlkem_channel] ciphertext buffered token=4189771579 nonce_prefix=ed065976
[mlkem_channel] ciphertext buffered token=981525644 nonce_prefix=6bbb374c
[mlkem_channel] ciphertext buffered token=562939970 nonce_prefix=b4c9c4c6
[mlkem_channel] ciphertext buffered token=1230067747 nonce_prefix=24451186
[mlkem_channel] ciphertext buffered token=3972212161 nonce_prefix=861bcbe5
[mlkem_channel] ciphertext buffered token=472826588 nonce_prefix=4094719f
[mlkem_channel] ciphertext buffered token=3261116137 nonce_prefix=09c07563
[mlkem_channel] ciphertext buffered token=1064343963 nonce_prefix=de05926f
[mlkem_channel] ciphertext buffered token=677076633 nonce_prefix=66e866ce
[mlkem_channel] ciphertext buffered token=2665641521 nonce_prefix=101ed036
[mlkem_channel] ciphertext buffered token=3763862331 nonce_prefix=aa69e250
[mlkem_channel] ciphertext buffered token=1683691075 nonce_prefix=c37a043c
[mlkem_channel] ciphertext buffered token=1738506871 nonce_prefix=9658f0e9
[mlkem_channel] ciphertext buffered token=2861059539 nonce_prefix=8b2b1971
[mlkem_channel] ciphertext buffered token=1729906792 nonce_prefix=f2fd894b
[mlkem_channel] ciphertext buffered token=2947878254 nonce_prefix=e89b82ef
[mlkem_channel] ciphertext buffered token=572332362 nonce_prefix=3f91e4ac
[mlkem_channel] ciphertext buffered token=2712684991 nonce_prefix=5e3e9939
[mlkem_channel] ciphertext buffered token=3236631089 nonce_prefix=2ee724ae
[mlkem_channel] ciphertext buffered token=3123832939 nonce_prefix=26bacec7
[mlkem_channel] ciphertext buffered token=728014259 nonce_prefix=8747ca7e
[mlkem_channel] ciphertext buffered token=3818674958 nonce_prefix=92fe7798
[mlkem_channel] ciphertext buffered token=4155874277 nonce_prefix=74cb2157
[mlkem_channel] ciphertext buffered token=4259701561 nonce_prefix=6993c972
[mlkem_channel] ciphertext buffered token=3918217219 nonce_prefix=02534ab4
[mlkem_channel] ciphertext buffered token=3426765828 nonce_prefix=d0b09bca
[mlkem_channel] ciphertext buffered token=1654220030 nonce_prefix=45ac3d22
[mlkem_channel] ciphertext buffered token=3977882417 nonce_prefix=b0040e58
[mlkem_channel] ciphertext buffered token=2274911215 nonce_prefix=a1c2df8a
[mlkem_channel] ciphertext buffered token=2687994972 nonce_prefix=5b1e685c
[mlkem_channel] ciphertext buffered token=995291619 nonce_prefix=dd463f6a
[mlkem_channel] ciphertext buffered token=2838770142 nonce_prefix=77150bc6
[mlkem_channel] ciphertext buffered token=3275970328 nonce_prefix=378e2e2c
[mlkem_channel] ciphertext buffered token=3663327571 nonce_prefix=73d8c303
[mlkem_channel] ciphertext buffered token=1845051527 nonce_prefix=178ed27c
[mlkem_channel] ciphertext buffered token=2631714257 nonce_prefix=0e2e19b0
[mlkem_channel] ciphertext buffered token=3350060710 nonce_prefix=3d36d931
[mlkem_channel] ciphertext buffered token=3103304765 nonce_prefix=f2996eef
[mlkem_channel] ciphertext buffered token=2547387908 nonce_prefix=bda5b98b
[mlkem_channel] ciphertext buffered token=2474793639 nonce_prefix=59189298
[mlkem_channel] ciphertext buffered token=3461857705 nonce_prefix=93944fbf
[mlkem_channel] ciphertext buffered token=3064068735 nonce_prefix=13e8c05e
[mlkem_channel] ciphertext buffered token=2470371643 nonce_prefix=ad8f6f63
[mlkem_channel] ciphertext buffered token=155412200 nonce_prefix=d8b14bbf
[mlkem_channel] ciphertext buffered token=346290406 nonce_prefix=f91576d9
[mlkem_channel] ciphertext buffered token=1949526553 nonce_prefix=b4283fb7
[mlkem_channel] ciphertext buffered token=1294357467 nonce_prefix=c897e3c3
[mlkem_channel] ciphertext buffered token=3514452006 nonce_prefix=8c4b3389
[mlkem_channel] ciphertext buffered token=283646627 nonce_prefix=759b6380
[mlkem_channel] ciphertext buffered token=548926610 nonce_prefix=e7d0e59d
[mlkem_channel] ciphertext buffered token=990828885 nonce_prefix=44190c17
[mlkem_channel] ciphertext buffered token=5734612 nonce_prefix=99e150ea
[mlkem_channel] ciphertext buffered token=927705596 nonce_prefix=5bbb35e8
[mlkem_channel] ciphertext buffered token=3227573591 nonce_prefix=86315fba
[mlkem_channel] ciphertext buffered token=243203336 nonce_prefix=656a84b5
[mlkem_channel] ciphertext buffered token=1283501813 nonce_prefix=475e3228
[mlkem_channel] ciphertext buffered token=194422909 nonce_prefix=042c7d7c
[mlkem_channel] ciphertext buffered token=1523424535 nonce_prefix=bb001ec0
[mlkem_channel] ciphertext buffered token=3349299611 nonce_prefix=495a90d4
[mlkem_channel] ciphertext buffered token=1362827662 nonce_prefix=cfc00d81
[mlkem_channel] ciphertext buffered token=3811000513 nonce_prefix=2c7c65a3
[mlkem_channel] ciphertext buffered token=19700778 nonce_prefix=b13ae2b0
[mlkem_channel] ciphertext buffered token=3063701862 nonce_prefix=17f9cb5f
[mlkem_channel] ciphertext buffered token=564331714 nonce_prefix=1c2f722b
[mlkem_channel] ciphertext buffered token=944007092 nonce_prefix=a5698ee5
[mlkem_channel] ciphertext buffered token=975286023 nonce_prefix=bdaf78a6
[mlkem_channel] ciphertext buffered token=3430286193 nonce_prefix=ce21fa3d
[mlkem_channel] ciphertext buffered token=745727438 nonce_prefix=3aacf14e
[mlkem_channel] ciphertext buffered token=2107343616 nonce_prefix=1d546a94
[mlkem_channel] ciphertext buffered token=355589983 nonce_prefix=95151096
[mlkem_channel] ciphertext buffered token=377765112 nonce_prefix=1c573a4c
[mlkem_channel] ciphertext buffered token=3490770099 nonce_prefix=931dea21
[mlkem_channel] ciphertext buffered token=2150165051 nonce_prefix=d7ee2778
[mlkem_channel] ciphertext buffered token=2877993258 nonce_prefix=6fe2b11d
[mlkem_channel] ciphertext buffered token=2833645754 nonce_prefix=d85523ff
[mlkem_channel] ciphertext buffered token=3602063182 nonce_prefix=b7b732d8
[mlkem_channel] ciphertext buffered token=80526861 nonce_prefix=f685e767
[mlkem_channel] ciphertext buffered token=875268084 nonce_prefix=bd03fdd7
[mlkem_channel] ciphertext buffered token=3689067890 nonce_prefix=a2b22e29
[mlkem_channel] ciphertext buffered token=4111362217 nonce_prefix=2f98b4d0
[mlkem_channel] ciphertext buffered token=463740955 nonce_prefix=5fa6e650
[mlkem_channel] ciphertext buffered token=279319729 nonce_prefix=8b7be819
[mlkem_channel] ciphertext buffered token=461077701 nonce_prefix=7efc167b
[mlkem_channel] ciphertext buffered token=792854278 nonce_prefix=b9efbafb
[mlkem_channel] ciphertext buffered token=1800428625 nonce_prefix=35a7b747
[mlkem_channel] ciphertext buffered token=2432900668 nonce_prefix=29dfc0a4
[mlkem_channel] ciphertext buffered token=456020078 nonce_prefix=1058c7b5
[mlkem_channel] ciphertext buffered token=871291989 nonce_prefix=6f507570
[mlkem_channel] ciphertext buffered token=78983605 nonce_prefix=74f055e0
[mlkem_channel] ciphertext buffered token=300212854 nonce_prefix=2fa741f2
[mlkem_channel] ciphertext buffered token=4063384336 nonce_prefix=2407393e
[mlkem_channel] ciphertext buffered token=309313955 nonce_prefix=a6a4e2bc
[mlkem_channel] ciphertext buffered token=1147990449 nonce_prefix=35e2a3e6
[mlkem_channel] ciphertext buffered token=2191258892 nonce_prefix=93bf75b8
[mlkem_channel] ciphertext buffered token=3117789980 nonce_prefix=8366cf71
[mlkem_channel] ciphertext buffered token=2949256618 nonce_prefix=4ca0d619
[mlkem_channel] ciphertext buffered token=1457191114 nonce_prefix=1462ce30
[mlkem_channel] ciphertext buffered token=1343608223 nonce_prefix=ad9d16d1
[mlkem_channel] ciphertext buffered token=3123045132 nonce_prefix=8825040b
[mlkem_channel] ciphertext buffered token=3279806604 nonce_prefix=9fb2e0de
[mlkem_channel] ciphertext buffered token=3574021809 nonce_prefix=dba29fa9
[mlkem_channel] ciphertext buffered token=2501995794 nonce_prefix=d6cafb8b
[mlkem_channel] ciphertext buffered token=109579422 nonce_prefix=9de2a0b6
[mlkem_channel] ciphertext buffered token=377180973 nonce_prefix=06be3d12
[mlkem_channel] ciphertext buffered token=1223005304 nonce_prefix=240da29f
[mlkem_channel] ciphertext buffered token=4212412818 nonce_prefix=0be42dde
[mlkem_channel] ciphertext buffered token=190560849 nonce_prefix=318d90a9
[mlkem_channel] ciphertext buffered token=3494083154 nonce_prefix=f7197c2c
[mlkem_channel] ciphertext buffered token=947770266 nonce_prefix=55e26813
[mlkem_channel] ciphertext buffered token=959177843 nonce_prefix=0e2ae076
[mlkem_channel] ciphertext buffered token=243951785 nonce_prefix=c48eff59
[mlkem_channel] ciphertext buffered token=3675316672 nonce_prefix=3702459c
[mlkem_channel] ciphertext buffered token=2496898459 nonce_prefix=3860df33
[mlkem_channel] ciphertext buffered token=2916095339 nonce_prefix=2cf7b85c
[mlkem_channel] ciphertext buffered token=3850124887 nonce_prefix=a1144a72
[mlkem_channel] ciphertext buffered token=1614016303 nonce_prefix=4fb7e00e
[mlkem_channel] ciphertext buffered token=386648256 nonce_prefix=e82c05d5
[mlkem_channel] ciphertext buffered token=3911313600 nonce_prefix=4a97cef9
[mlkem_channel] ciphertext buffered token=4214966963 nonce_prefix=950f758b
[mlkem_channel] ciphertext buffered token=916962567 nonce_prefix=bb96710b
[mlkem_channel] ciphertext buffered token=1585479287 nonce_prefix=e8d28c49
[mlkem_channel] ciphertext buffered token=1314645639 nonce_prefix=55f848a7
[mlkem_channel] ciphertext buffered token=2111866050 nonce_prefix=06546c6f
[mlkem_channel] ciphertext buffered token=3891888265 nonce_prefix=40d635ce
[mlkem_channel] ciphertext buffered token=1355114009 nonce_prefix=3488dec0
[mlkem_channel] ciphertext buffered token=4052458083 nonce_prefix=9c996b2e
[mlkem_channel] ciphertext buffered token=1651815126 nonce_prefix=3828954e
[mlkem_channel] ciphertext buffered token=611589287 nonce_prefix=1559d3c5
[mlkem_channel] ciphertext buffered token=119745738 nonce_prefix=32d68530
[mlkem_channel] ciphertext buffered token=2722814863 nonce_prefix=aa22376d
[mlkem_channel] ciphertext buffered token=1631100716 nonce_prefix=866b31fb
[mlkem_channel] ciphertext buffered token=1287293013 nonce_prefix=c3444547
[mlkem_channel] ciphertext buffered token=3863779643 nonce_prefix=cf60090d
[mlkem_channel] ciphertext buffered token=2846022195 nonce_prefix=a4010180
[mlkem_channel] ciphertext buffered token=2257022904 nonce_prefix=7f538b99
[mlkem_channel] ciphertext buffered token=3470960697 nonce_prefix=105f6180
[mlkem_channel] ciphertext buffered token=803293529 nonce_prefix=4df562ad
[mlkem_channel] ciphertext buffered token=1769939726 nonce_prefix=7a3b1af3
[mlkem_channel] ciphertext buffered token=2790861186 nonce_prefix=e7096830
[mlkem_channel] ciphertext buffered token=1045974215 nonce_prefix=15da7a9f
[mlkem_channel] ciphertext buffered token=1748399221 nonce_prefix=42a4c53b
[mlkem_channel] ciphertext buffered token=977319606 nonce_prefix=71f914ae
[mlkem_channel] ciphertext buffered token=678072648 nonce_prefix=4f61de1c
[mlkem_channel] ciphertext buffered token=2206875778 nonce_prefix=59558ee3
[mlkem_channel] ciphertext buffered token=2723821077 nonce_prefix=67809a81
[mlkem_channel] ciphertext buffered token=1187022148 nonce_prefix=0ba45e57
[mlkem_channel] ciphertext buffered token=4033015052 nonce_prefix=8a19e13c
[mlkem_channel] ciphertext buffered token=3873571762 nonce_prefix=1eb8c3d6
[mlkem_channel] ciphertext buffered token=40882594 nonce_prefix=aa706259
[mlkem_channel] ciphertext buffered token=130974784 nonce_prefix=cb5e65c7
[mlkem_channel] ciphertext refused token=1891288336: ciphertext buffer full
[mlkem_channel] ciphertext refused token=1411537460: ciphertext buffer full
[mlkem_channel] ciphertext refused token=1543749525: ciphertext buffer full
[mlkem_channel] ciphertext refused token=1208189050: ciphertext buffer full
[mlkem_channel] ciphertext refused token=1418156858: ciphertext buffer full
[mlkem_channel] ciphertext refused token=1444985858: ciphertext buffer full
[mlkem_channel] ciphertext refused token=3386136945: ciphertext buffer full
[mlkem_channel] ciphertext refused token=679251667: ciphertext buffer full
[mlkem_channel] ciphertext refused token=3204998717: ciphertext buffer full
[mlkem_channel] ciphertext refused token=3769123955: ciphertext buffer full
[mlkem_channel] ciphertext refused token=2646432419: ciphertext buffer full
[mlkem_channel] ciphertext refused token=441750685: ciphertext buffer full
[mlkem_channel] ciphertext refused token=3480092555: ciphertext buffer full
[mlkem_channel] ciphertext refused token=902003814: ciphertext buffer full
[mlkem_channel] ciphertext refused token=4213102312: ciphertext buffer full
[mlkem_channel] ciphertext refused token=3871940715: ciphertext buffer full
[mlkem_channel] ciphertext refused token=1244785647: ciphertext buffer full
[mlkem_channel] ciphertext refused token=3618085130: ciphertext buffer full
[mlkem_channel] ciphertext refused token=3660083834: ciphertext buffer full
[mlkem_channel] ciphertext refused token=505395845: ciphertext buffer full
[mlkem_channel] ciphertext refused token=1281079613: ciphertext buffer full
[mlkem_channel] ciphertext refused token=1029668324: ciphertext buffer full
[mlkem_channel] ciphertext refused token=3696858257: ciphertext buffer full
[mlkem_channel] ciphertext refused token=1773932355: ciphertext buffer full
[mlkem_channel] ciphertext refused token=683191316: ciphertext buffer full
[mlkem_channel] ciphertext refused token=923283029: ciphertext buffer full
[mlkem_channel] ciphertext refused token=3011186839: ciphertext buffer full
[mlkem_channel] ciphertext refused token=1030125181: ciphertext buffer full
[mlkem_channel] ciphertext refused token=4280838468: ciphertext buffer full
[mlkem_channel] ciphertext refused token=824521563: ciphertext buffer full
[mlkem_channel] ciphertext refused token=2796215795: ciphertext buffer full
[mlkem_channel] ciphertext refused token=3841777983: ciphertext buffer full
[mlkem_channel] ciphertext refused token=3156420889: ciphertext buffer full
[mlkem_channel] ciphertext refused token=3050181876: ciphertext buffer full
[mlkem_channel] ciphertext refused token=659094328: ciphertext buffer full
[mlkem_channel] ciphertext refused token=1114623321: ciphertext buffer full
[mlkem_channel] ciphertext refused token=3558612981: ciphertext buffer full
[mlkem_channel] ciphertext refused token=3325156652: ciphertext buffer full
[mlkem_channel] ciphertext refused token=2102154356: ciphertext buffer full
[mlkem_channel] ciphertext refused token=714626909: ciphertext buffer full
[mlkem_channel] ciphertext refused token=2902294520: ciphertext buffer full
[mlkem_channel] ciphertext refused token=733867208: ciphertext buffer full
[mlkem_channel] ciphertext refused token=4276237294: ciphertext buffer full
[mlkem_channel] ciphertext refused token=3210432235: ciphertext buffer full
[mlkem_channel] ciphertext refused token=1529875132: ciphertext buffer full
[mlkem_channel] ciphertext refused token=3189120949: ciphertext buffer full
[mlkem_channel] ciphertext refused token=2797218556: ciphertext buffer full
[mlkem_channel] ciphertext refused token=784430989: ciphertext buffer full
[mlkem_channel] ciphertext refused token=1525928193: ciphertext buffer full
[mlkem_channel] ciphertext refused token=622774722: ciphertext buffer full
[mlkem_channel] ciphertext refused token=2818071138: ciphertext buffer full
[mlkem_channel] ciphertext refused token=411676066: ciphertext buffer full
[mlkem_channel] ciphertext refused token=3843752519: ciphertext buffer full
[mlkem_channel] ciphertext refused token=2875351012: ciphertext buffer full
[mlkem_channel] ciphertext refused token=2032293569: ciphertext buffer full
[mlkem_channel] ciphertext refused token=3829635452: ciphertext buffer full
[mlkem_channel] ciphertext refused token=3525353433: ciphertext buffer full
[mlkem_channel] ciphertext refused token=3421562726: ciphertext buffer full
[mlkem_channel] ciphertext refused token=3918927040: ciphertext buffer full
[mlkem_channel] ciphertext refused token=2503818392: ciphertext buffer full
[mlkem_channel] ciphertext refused token=2177260380: ciphertext buffer full
[mlkem_channel] ciphertext refused token=2122476718: ciphertext buffer full
[mlkem_channel] ciphertext refused token=2129184486: ciphertext buffer full
[mlkem_channel] ciphertext refused token=2443045772: ciphertext buffer full
[mlkem_channel] ciphertext refused token=2515351571: ciphertext buffer full
[mlkem_channel] ciphertext refused token=2993142746: ciphertext buffer full
[mlkem_channel] ciphertext refused token=3977633045: ciphertext buffer full
[mlkem_channel] ciphertext refused token=2601492371: ciphertext buffer full
[mlkem_channel] ciphertext refused token=1064549806: ciphertext buffer full
[mlkem_channel] ciphertext refused token=3139966017: ciphertext buffer full
[mlkem_channel] ciphertext refused token=3833199424: ciphertext buffer full
[mlkem_channel] ciphertext refused token=2735936867: ciphertext buffer full
[mlkem_channel] ciphertext refused token=308718360: ciphertext buffer full
[mlkem_channel] ciphertext refused token=2055491760: ciphertext buffer full
[mlkem_channel] ciphertext refused token=879070950: ciphertext buffer full
[mlkem_channel] ciphertext refused token=3690043290: ciphertext buffer full
[mlkem_channel] ciphertext refused token=1333870265: ciphertext buffer full
[mlkem_channel] ciphertext refused token=3315860929: ciphertext buffer full
[mlkem_channel] ciphertext refused token=678707258: ciphertext buffer full
[mlkem_channel] ciphertext refused token=3980456111: ciphertext buffer full
[mlkem_channel] ciphertext refused token=3344011109: ciphertext buffer full
[mlkem_channel] ciphertext refused token=2564702300: ciphertext buffer full
[mlkem_channel] ciphertext refused token=1959563058: ciphertext buffer full
[mlkem_channel] ciphertext refused token=1680276149: ciphertext buffer full
[mlkem_channel] ciphertext refused token=1362224633: ciphertext buffer full
[mlkem_channel] ciphertext refused token=785687404: ciphertext buffer full
[mlkem_channel] ciphertext refused token=3901876477: ciphertext buffer full
[mlkem_channel] ciphertext refused token=4158744282: ciphertext buffer full
[mlkem_channel] ciphertext refused token=2677333158: ciphertext buffer full
[mlkem_channel] ciphertext refused token=1434665055: ciphertext buffer full
[mlkem_channel] ciphertext refused token=1089571087: ciphertext buffer full
[mlkem_channel] ciphertext refused token=3267450412: ciphertext buffer full
[mlkem_channel] ciphertext refused token=3911034279: ciphertext buffer full
[mlkem_channel] ciphertext refused token=2834741198: ciphertext buffer full
[mlkem_channel] ciphertext refused token=2254452282: ciphertext buffer full
[mlkem_channel] ciphertext refused token=217655032: ciphertext buffer full
[mlkem_channel] ciphertext refused token=1960304168: ciphertext buffer full
[mlkem_channel] ciphertext refused token=3624065064: ciphertext buffer full
[mlkem_channel] ciphertext refused token=2841829328: ciphertext buffer full
[mlkem_channel] ciphertext refused token=1627333935: ciphertext buffer full
[mlkem_channel] ciphertext refused token=2869330946: ciphertext buffer full
[mlkem_channel] ciphertext refused token=489738553: ciphertext buffer full
[mlkem_channel] ciphertext refused token=4131256624: ciphertext buffer full
[mlkem_channel] ciphertext refused token=845945903: ciphertext buffer full
[mlkem_channel] ciphertext refused token=2442562123: ciphertext buffer full
[mlkem_channel] ciphertext refused token=1192402018: ciphertext buffer full
[mlkem_channel] ciphertext refused token=3413773935: ciphertext buffer full
[mlkem_channel] ciphertext refused token=4110388389: ciphertext buffer full
[mlkem_channel] ciphertext refused token=1562498366: ciphertext buffer full
[mlkem_channel] ciphertext refused token=2336442899: ciphertext buffer full
[mlkem_channel] ciphertext refused token=1841577793: ciphertext buffer full
[mlkem_channel] ciphertext refused token=908072351: ciphertext buffer full
[mlkem_channel] ciphertext refused token=693556659: ciphertext buffer full
[mlkem_channel] ciphertext refused token=3414779834: ciphertext buffer full
[mlkem_channel] ciphertext refused token=2854356084: ciphertext buffer full
[mlkem_channel] ciphertext refused token=1157658331: ciphertext buffer full
[mlkem_channel] ciphertext refused token=1625449345: ciphertext buffer full
[mlkem_channel] ciphertext refused token=938948456: ciphertext buffer full
[mlkem_channel] ciphertext refused token=3448183955: ciphertext buffer full
[mlkem_channel] ciphertext refused token=2164658555: ciphertext buffer full
[mlkem_channel] ciphertext refused token=1175354365: ciphertext buffer full
[mlkem_channel] ciphertext refused token=4135482454: ciphertext buffer full
[mlkem_channel] ciphertext refused token=2888785018: ciphertext buffer full
[mlkem_channel] ciphertext refused token=3784044475: ciphertext buffer full
[mlkem_channel] ciphertext refused token=3250982385: ciphertext buffer full
[mlkem_channel] ciphertext refused token=824872093: ciphertext buffer full
[mlkem_channel] ciphertext refused token=189135852: ciphertext buffer full
[mlkem_channel] ciphertext refused token=3324248567: ciphertext buffer full
[mlkem_channel] ciphertext refused token=1501293708: ciphertext buffer full
[mlkem_channel] ciphertext refused token=470499524: ciphertext buffer full
[mlkem_channel] ciphertext refused token=4085046713: ciphertext buffer full
[mlkem_channel] ciphertext refused token=1350013573: ciphertext buffer full
[mlkem_channel] ciphertext refused token=2352729821: ciphertext buffer full
[mlkem_channel] ciphertext refused token=2823068492: ciphertext buffer full
[mlkem_channel] ciphertext refused token=3880165768: ciphertext buffer full
[mlkem_channel] ciphertext refused token=2885011691: ciphertext buffer full
[mlkem_channel] ciphertext refused token=668366075: ciphertext buffer full
[mlkem_channel] ciphertext refused token=2658509575: ciphertext buffer full
[mlkem_channel] ciphertext refused token=2897779416: ciphertext buffer full
[mlkem_channel] ciphertext refused token=1872599771: ciphertext buffer full
[mlkem_channel] ciphertext refused token=1750868890: ciphertext buffer full
[mlkem_channel] ciphertext refused token=3261028158: ciphertext buffer full
[mlkem_channel] ciphertext refused token=22298990: ciphertext buffer full
[mlkem_channel] ciphertext refused token=1729788074: ciphertext buffer full
[mlkem_channel] ciphertext refused token=3001020209: ciphertext buffer full
[mlkem_channel] ciphertext refused token=3290445480: ciphertext buffer full
[mlkem_channel] ciphertext refused token=4245092491: ciphertext buffer full
[mlkem_channel] ciphertext refused token=2744076582: ciphertext buffer full
[mlkem_channel] ciphertext refused token=1435079802: ciphertext buffer full
[mlkem_channel] ciphertext refused token=2764252064: ciphertext buffer full
[mlkem_channel] ciphertext buffered token=300904602 nonce_prefix=3eed7662
[mlkem_channel] ciphertext refused token=395364693: ciphertext buffer full
[mlkem_channel] ciphertext refused token=50491765: ciphertext buffer full
[mlkem_channel] ciphertext buffered token=4033566640 nonce_prefix=c25b6656
[mlkem_channel] ciphertext buffered token=1976232476 nonce_prefix=c5d1ba1c
[mlkem_channel] ciphertext buffered token=2544488196 nonce_prefix=144290cb
[mlkem_channel] ciphertext buffered token=746531729 nonce_prefix=c9a33e52
[mlkem_channel] ciphertext buffered token=500849552 nonce_prefix=02c511aa
[mlkem_channel] ciphertext buffered token=783638203 nonce_prefix=8828c3ff
[mlkem_channel] ciphertext buffered token=522828571 nonce_prefix=69ac01ad
[mlkem_channel] ciphertext refused token=4124894042: ciphertext buffer full
[mlkem_channel] ciphertext buffered token=886596985 nonce_prefix=26c73c00
[mlkem_channel] ciphertext refused token=3325992846: ciphertext buffer full
[mlkem_channel] ciphertext refused token=3056263445: ciphertext buffer full
[mlkem_channel] ciphertext buffered token=784191859 nonce_prefix=3469c40b
[mlkem_channel] ciphertext refused token=3618328668: ciphertext buffer full
[mlkem_channel] ciphertext refused token=3613207442: ciphertext buffer full
[mlkem_channel] ciphertext buffered token=3871416284 nonce_prefix=f5b46769
[mlkem_channel] ciphertext refused token=3977281433: ciphertext buffer full
[mlkem_channel] ciphertext refused token=3349244576: ciphertext buffer full
[mlkem_channel] ciphertext refused token=3128747682: ciphertext buffer full
[mlkem_channel] ciphertext buffered token=2359399427 nonce_prefix=7c272806
[mlkem_channel] ciphertext refused token=1187614448: ciphertext buffer full
[mlkem_channel] ciphertext refused token=4253279437: ciphertext buffer full
[mlkem_channel] ciphertext refused token=4226567377: ciphertext buffer full
[mlkem_channel] ciphertext refused token=277414590: ciphertext buffer full
[mlkem_channel] ciphertext refused token=738270628: ciphertext buffer full
[mlkem_channel] ciphertext refused token=1431126369: ciphertext buffer full
[mlkem_channel] ciphertext refused token=3967485643: ciphertext buffer full
[mlkem_channel] ciphertext buffered token=473714873 nonce_prefix=b7c4434e
[mlkem_channel] ciphertext buffered token=2929218760 nonce_prefix=9a4ea25b
[mlkem_channel] ciphertext refused token=930495900: ciphertext buffer full
[mlkem_channel] ciphertext refused token=1503064225: ciphertext buffer full
[mlkem_channel] ciphertext buffered token=1254474753 nonce_prefix=e4d0fc53
[mlkem_channel] ciphertext buffered token=569819856 nonce_prefix=1158e363
[mlkem_channel] ciphertext buffered token=2221665460 nonce_prefix=1ad3057b
[mlkem_channel] ciphertext refused token=384155943: ciphertext buffer full
[mlkem_channel] ciphertext refused token=2380391817: ciphertext buffer full
[mlkem_channel] ciphertext buffered token=899461293 nonce_prefix=62208dba
[mlkem_channel] ciphertext refused token=3473000470: ciphertext buffer full
[mlkem_channel] ciphertext buffered token=26004766 nonce_prefix=7b58eff1
[mlkem_channel] ciphertext refused token=2335830977: ciphertext buffer full
[mlkem_channel] ciphertext refused token=2881179615: ciphertext buffer full
[mlkem_channel] ciphertext refused token=3798136709: ciphertext buffer full
[mlkem_channel] ciphertext buffered token=4288185728 nonce_prefix=76c7c6e8
[mlkem_channel] ciphertext buffered token=456419967 nonce_prefix=8443be09
[mlkem_channel] ciphertext buffered token=1223157836 nonce_prefix=7d8cd4d8
[mlkem_channel] ciphertext refused token=3577959693: ciphertext buffer full
[mlkem_channel] ciphertext refused token=1091732003: ciphertext buffer full
[mlkem_channel] ciphertext refused token=2648749312: ciphertext buffer full
[mlkem_channel] ciphertext buffered token=3016239969 nonce_prefix=45c712cd
[mlkem_channel] ciphertext refused token=3143820330: ciphertext buffer full
[mlkem_channel] ciphertext refused token=4209559449: ciphertext buffer full
[mlkem_channel] ciphertext buffered token=387057542 nonce_prefix=31306f66
[mlkem_channel] ciphertext refused token=3404557787: ciphertext buffer full
[mlkem_channel] ciphertext buffered token=1202346841 nonce_prefix=cd491b8b
[mlkem_channel] ciphertext refused token=2793758032: ciphertext buffer full
[mlkem_channel] ciphertext refused token=3957403693: ciphertext buffer full
[mlkem_channel] ciphertext buffered token=2262502369 nonce_prefix=14ab1cc7
[mlkem_channel] ciphertext refused token=603124475: ciphertext buffer full
[mlkem_channel] ciphertext refused token=2287032828: ciphertext buffer full
[mlkem_channel] ciphertext refused token=1825439769: ciphertext buffer full
[mlkem_channel] ciphertext refused token=1063174910: ciphertext buffer full
[mlkem_channel] ciphertext buffered token=872822249 nonce_prefix=8a254e33
[mlkem_channel] ciphertext refused token=231295576: ciphertext buffer full
[mlkem_channel] ciphertext refused token=1019861054: ciphertext buffer full
[mlkem_channel] ciphertext refused token=3540018238: ciphertext buffer full
[mlkem_channel] ciphertext buffered token=714675945 nonce_prefix=0a7e485e
[mlkem_channel] ciphertext buffered token=1851616562 nonce_prefix=5e0a8bd3
[mlkem_channel] ciphertext buffered token=3893638789 nonce_prefix=71b6aca1
[mlkem_channel] ciphertext buffered token=4143296367 nonce_prefix=759c6c56
[mlkem_channel] ciphertext buffered token=3770792626 nonce_prefix=cb83955d
[mlkem_channel] ciphertext buffered token=4194879412 nonce_prefix=73ad9145
[mlkem_channel] ciphertext buffered token=2618920313 nonce_prefix=35bae35f
[mlkem_channel] ciphertext buffered token=1557353524 nonce_prefix=a6cc2875
[mlkem_channel] ciphertext buffered token=2783275680 nonce_prefix=72ac6627
[mlkem_channel] ciphertext buffered token=1445244162 nonce_prefix=7252fb07
[mlkem_channel] ciphertext buffered token=4022072032 nonce_prefix=c18b2bbe
[mlkem_channel] ciphertext buffered token=3586783047 nonce_prefix=ea72c714
[mlkem_channel] ciphertext refused token=3732218633: ciphertext buffer full
[mlkem_channel] ciphertext buffered token=1257711264 nonce_prefix=145e6215
[mlkem_channel] ciphertext refused token=157587239: ciphertext buffer full
[mlkem_channel] ciphertext buffered token=1083065729 nonce_prefix=5d73a56a
[mlkem_channel] ciphertext refused token=4254383995: ciphertext buffer full
[mlkem_channel] ciphertext refused token=823046204: ciphertext buffer full
[mlkem_channel] ciphertext refused token=3970870368: ciphertext buffer full
[mlkem_channel] ciphertext refused token=2347576980: ciphertext buffer full
[mlkem_channel] ciphertext refused token=3305646378: ciphertext buffer full
[mlkem_channel] ciphertext refused token=20450495: ciphertext buffer full
[mlkem_channel] ciphertext refused token=831683392: ciphertext buffer full
[mlkem_channel] ciphertext refused token=2926581270: ciphertext buffer full
[mlkem_channel] ciphertext refused token=2204224934: ciphertext buffer full
[mlkem_channel] ciphertext buffered token=1734834063 nonce_prefix=d9ad1a31
[mlkem_channel] ciphertext refused token=1230306008: ciphertext buffer full
[mlkem_channel] ciphertext refused token=1546172894: ciphertext buffer full
[mlkem_channel] ciphertext refused token=3640190071: ciphertext buffer full
[mlkem_channel] ciphertext refused token=2773058903: ciphertext buffer full
[mlkem_channel] ciphertext refused token=1419530632: ciphertext buffer full
[mlkem_channel] ciphertext refused token=3919420149: ciphertext buffer full
[mlkem_channel] ciphertext refused token=3790966797: ciphertext buffer full
[mlkem_channel] ciphertext refused token=2498218423: ciphertext buffer full
[mlkem_channel] ciphertext refused token=278921442: ciphertext buffer full
[mlkem_channel] ciphertext refused token=657855437: ciphertext buffer full
[mlkem_channel] ciphertext refused token=477781951: ciphertext buffer full
[mlkem_channel] ciphertext refused token=133879653: ciphertext buffer full
[mlkem_channel] ciphertext refused token=124096481: ciphertext buffer full
[mlkem_channel] ciphertext refused token=3265275037: ciphertext buffer full
[mlkem_channel] ciphertext buffered token=4200616145 nonce_prefix=2a0de339
[mlkem_channel] ciphertext buffered token=1202268258 nonce_prefix=a55bc092
[mlkem_channel] ciphertext refused token=2376598303: ciphertext buffer full
[mlkem_channel] ciphertext refused token=982678617: ciphertext buffer full
[mlkem_channel] ciphertext buffered token=342718574 nonce_prefix=16b86bbf
[mlkem_channel] ciphertext refused token=3026451705: ciphertext buffer full
[mlkem_channel] ciphertext refused token=4117175217: ciphertext buffer full
[mlkem_channel] ciphertext refused token=458571834: ciphertext buffer full
[mlkem_channel] ciphertext refused token=2103304428: ciphertext buffer full
[mlkem_channel] ciphertext buffered token=295882365 nonce_prefix=d220988f
[mlkem_channel] ciphertext refused token=1793378134: ciphertext buffer full
[mlkem_channel] ciphertext refused token=1917743509: ciphertext buffer full
[mlkem_channel] ciphertext buffered token=4191953850 nonce_prefix=7bcdd26d
[mlkem_channel] ciphertext refused token=3087816125: ciphertext buffer full
[mlkem_channel] ciphertext buffered token=883599415 nonce_prefix=bc2db0d2
[mlkem_channel] ciphertext refused token=1504162887: ciphertext buffer full
[mlkem_channel] ciphertext refused token=1136121152: ciphertext buffer full
[mlkem_channel] ciphertext buffered token=2987768745 nonce_prefix=3509346c
[mlkem_channel] ciphertext buffered token=3575527799 nonce_prefix=e34c57ec
[mlkem_channel] ciphertext refused token=481536289: ciphertext buffer full
[mlkem_channel] ciphertext refused token=490149452: ciphertext buffer full
[mlkem_channel] ciphertext refused token=2619460245: ciphertext buffer full
[mlkem_channel] ciphertext refused token=4107036836: ciphertext buffer full
[mlkem_channel] ciphertext buffered token=3366081410 nonce_prefix=c66284a8
[mlkem_channel] ciphertext refused token=2998031324: ciphertext buffer full
[mlkem_channel] ciphertext refused token=2804951975: ciphertext buffer full
[mlkem_channel] ciphertext refused token=4050673122: ciphertext buffer full
[mlkem_channel] ciphertext refused token=3347974405: ciphertext buffer full
[mlkem_channel] ciphertext buffered token=209273400 nonce_prefix=8f1babee
[mlkem_channel] ciphertext refused token=2407396378: ciphertext buffer full
[mlkem_channel] ciphertext refused token=864156969: ciphertext buffer full
[mlkem_channel] ciphertext buffered token=3054091973 nonce_prefix=c6ba4299
[mlkem_channel] ciphertext refused token=1621996200: ciphertext buffer full
[mlkem_channel] ciphertext buffered token=2346904332 nonce_prefix=ca269741
[mlkem_channel] ciphertext refused token=740610726: ciphertext buffer full
[mlkem_channel] ciphertext buffered token=790687070 nonce_prefix=8f42718c
[mlkem_channel] ciphertext buffered token=697828769 nonce_prefix=2b953519
[mlkem_channel] ciphertext buffered token=3598555806 nonce_prefix=fa1c830d
[mlkem_channel] ciphertext refused token=3168350744: ciphertext buffer full
[mlkem_channel] ciphertext refused token=795751973: ciphertext buffer full
[mlkem_channel] ciphertext buffered token=967827460 nonce_prefix=1a0e406a
[mlkem_channel] ciphertext refused token=2301972608: ciphertext buffer full
[mlkem_channel] ciphertext refused token=3015572540: ciphertext buffer full
[mlkem_channel] ciphertext refused token=3646528661: ciphertext buffer full
[mlkem_channel] ciphertext buffered token=3675976039 nonce_prefix=f40e2518
[mlkem_channel] ciphertext refused token=3806719768: ciphertext buffer full
[mlkem_channel] ciphertext refused token=2712317605: ciphertext buffer full
[mlkem_channel] ciphertext buffered token=3038813085 nonce_prefix=727c0d7e
[mlkem_channel] ciphertext refused token=4158410569: ciphertext buffer full
[mlkem_channel] ciphertext refused token=381568882: ciphertext buffer full
[mlkem_channel] ciphertext refused token=3480579992: ciphertext buffer full
[mlkem_channel] ciphertext refused token=368933591: ciphertext buffer full
[mlkem_channel] ciphertext refused token=769089067: ciphertext buffer full
[mlkem_channel] ciphertext buffered token=513983273 nonce_prefix=b2da29f5
[mlkem_channel] ciphertext refused token=1452579415: ciphertext buffer full
[mlkem_channel] ciphertext refused token=2178101047: ciphertext buffer full
[mlkem_channel] ciphertext refused token=2212382841: ciphertext buffer full
[mlkem_channel] ciphertext refused token=483884782: ciphertext buffer full
[mlkem_channel] ciphertext refused token=2176024215: ciphertext buffer full
[mlkem_channel] ciphertext buffered token=2747866615 nonce_prefix=06e5fd94
[mlkem_channel] ciphertext refused token=2079938481: ciphertext buffer full
[mlkem_channel] ciphertext refused token=3044403159: ciphertext buffer full
[mlkem_channel] ciphertext refused token=4247402093: ciphertext buffer full
[mlkem_channel] ciphertext refused token=2735299698: ciphertext buffer full
[mlkem_channel] ciphertext buffered token=3703890923 nonce_prefix=819b06ef
[mlkem_channel] ciphertext refused token=4143809851: ciphertext buffer full
[mlkem_channel] ciphertext refused token=464825939: ciphertext buffer full
[mlkem_channel] ciphertext refused token=1692745612: ciphertext buffer full
[mlkem_channel] ciphertext refused token=480418038: ciphertext buffer full
[mlkem_channel] ciphertext buffered token=3882075071 nonce_prefix=3cd8f759
[mlkem_channel] ciphertext refused token=4174146687: ciphertext buffer full
[mlkem_channel] ciphertext refused token=3880496912: ciphertext buffer full
[mlkem_channel] ciphertext refused token=3071223333: ciphertext buffer full
[mlkem_channel] ciphertext buffered token=476702894 nonce_prefix=f2d0d931
[mlkem_channel] ciphertext refused token=885300203: ciphertext buffer full
[mlkem_channel] ciphertext refused token=1553301667: ciphertext buffer full
[mlkem_channel] ciphertext refused token=2372988655: ciphertext buffer full
[mlkem_channel] ciphertext refused token=359481579: ciphertext buffer full
[mlkem_channel] ciphertext refused token=3260171039: ciphertext buffer full
[mlkem_channel] ciphertext buffered token=1030890894 nonce_prefix=64ac63c9
[mlkem_channel] ciphertext refused token=719735864: ciphertext buffer full
[mlkem_channel] ciphertext refused token=528772206: ciphertext buffer full
[mlkem_channel] ciphertext refused token=1900447281: ciphertext buffer full
[mlkem_channel] ciphertext refused token=681528711: ciphertext buffer full
[mlkem_channel] ciphertext refused token=248639017: ciphertext buffer full
[mlkem_channel] ciphertext refused token=3759874943: ciphertext buffer full
[mlkem_channel] ciphertext refused token=3164752383: ciphertext buffer full
[mlkem_channel] ciphertext buffered token=2446631088 nonce_prefix=3367ee07
[mlkem_channel] ciphertext refused token=1521238208: ciphertext buffer full
[mlkem_channel] ciphertext refused token=1158288296: ciphertext buffer full
[mlkem_channel] ciphertext refused token=1699431378: ciphertext buffer full
[mlkem_channel] ciphertext refused token=1634412713: ciphertext buffer full
[mlkem_channel] ciphertext refused token=2940007932: ciphertext buffer full
[mlkem_channel] ciphertext buffered token=3597032762 nonce_prefix=e9beb8c8
[mlkem_channel] ciphertext refused token=1460928537: ciphertext buffer full
[mlkem_channel] ciphertext refused token=499112047: ciphertext buffer full
[mlkem_channel] ciphertext refused token=812902554: ciphertext buffer full
[mlkem_channel] ciphertext buffered token=4049280581 nonce_prefix=0c5f25ea
[mlkem_channel] ciphertext refused token=2991311614: ciphertext buffer full
[mlkem_channel] ciphertext refused token=45350789: ciphertext buffer full
[mlkem_channel] ciphertext refused token=991812601: ciphertext buffer full
[mlkem_channel] ciphertext refused token=3318287608: ciphertext buffer full
[mlkem_channel] ciphertext refused token=3281865973: ciphertext buffer full
[mlkem_channel] ciphertext refused token=3629170246: ciphertext buffer full
[mlkem_channel] ciphertext refused token=524616750: ciphertext buffer full
[mlkem_channel] ciphertext refused token=3144251626: ciphertext buffer full
[mlkem_channel] ciphertext buffered token=3568168360 nonce_prefix=23afe4c0
[mlkem_channel] ciphertext refused token=4255716263: ciphertext buffer full
[mlkem_channel] ciphertext refused token=523677143: ciphertext buffer full
[mlkem_channel] ciphertext refused token=1091218931: ciphertext buffer full
[mlkem_channel] ciphertext refused token=123728705: ciphertext buffer full
[mlkem_channel] ciphertext refused token=2198009611: ciphertext buffer full
[mlkem_channel] ciphertext buffered token=2546283251 nonce_prefix=31242fca
[mlkem_channel] ciphertext refused token=1551669294: ciphertext buffer full
[mlkem_channel] ciphertext refused token=746106954: ciphertext buffer full
[mlkem_channel] ciphertext buffered token=2503803324 nonce_prefix=90c3f8db
[mlkem_channel] ciphertext refused token=3640086616: ciphertext buffer full
[mlkem_channel] ciphertext buffered token=130840138 nonce_prefix=ac4645c2
[mlkem_channel] ciphertext refused token=3215688456: ciphertext buffer full
[mlkem_channel] ciphertext buffered token=3439171894 nonce_prefix=264a5f6d
[mlkem_channel] ciphertext refused token=1994839836: ciphertext buffer full
[mlkem_channel] ciphertext buffered token=900878688 nonce_prefix=8f68fb20
[mlkem_channel] ciphertext refused token=387909972: ciphertext buffer full
[mlkem_channel] ciphertext refused token=3685398701: ciphertext buffer full
[mlkem_channel] ciphertext buffered token=4071277438 nonce_prefix=9ec153d4
[mlkem_channel] ciphertext refused token=3041430734: ciphertext buffer full
[mlkem_channel] ciphertext buffered token=1758137324 nonce_prefix=e195ad18
[mlkem_channel] ciphertext refused token=3706969302: ciphertext buffer full
[mlkem_channel] ciphertext buffered token=3545840179 nonce_prefix=e3ba3f42
[mlkem_channel] ciphertext refused token=2758523929: ciphertext buffer full
[mlkem_channel] ciphertext refused token=440160760: ciphertext buffer full
[mlkem_channel] ciphertext buffered token=3589291496 nonce_prefix=fd013d1d
[mlkem_channel] ciphertext refused token=617786714: ciphertext buffer full
[mlkem_channel] ciphertext refused token=2412532629: ciphertext buffer full
[mlkem_channel] ciphertext refused token=1263616704: ciphertext buffer full
[mlkem_channel] ciphertext refused token=3297442278: ciphertext buffer full
[mlkem_channel] ciphertext refused token=2138629942: ciphertext buffer full
[mlkem_channel] ciphertext refused token=1691520207: ciphertext buffer full
[mlkem_channel] ciphertext refused token=2730495807: ciphertext buffer full
[mlkem_channel] ciphertext refused token=2958291064: ciphertext buffer full
[mlkem_channel] ciphertext buffered token=3854026739 nonce_prefix=be9986e0
[mlkem_channel] ciphertext refused token=3648835809: ciphertext buffer full
[mlkem_channel] ciphertext refused token=3037751890: ciphertext buffer full
[mlkem_channel] ciphertext refused token=149407756: ciphertext buffer full
[mlkem_channel] ciphertext refused token=2405316754: ciphertext buffer full
[mlkem_channel] ciphertext refused token=4053312882: ciphertext buffer full
[mlkem_channel] ciphertext buffered token=3588086616 nonce_prefix=018b949d
[mlkem_channel] ciphertext refused token=559318176: ciphertext buffer full
[mlkem_channel] ciphertext refused token=1384919361: ciphertext buffer full
[mlkem_channel] ciphertext buffered token=2143008645 nonce_prefix=a05e8fc4
[mlkem_channel] ciphertext refused token=4212554588: ciphertext buffer full
[mlkem_channel] ciphertext refused token=816598570: ciphertext buffer full
[mlkem_channel] ciphertext refused token=790226326: ciphertext buffer full
[mlkem_channel] ciphertext buffered token=1323831751 nonce_prefix=6be6dbac
[mlkem_channel] ciphertext refused token=1581673071: ciphertext buffer full
[mlkem_channel] ciphertext refused token=238980174: ciphertext buffer full
[mlkem_channel] ciphertext refused token=421702257: ciphertext buffer full
[mlkem_channel] ciphertext refused token=2183980957: ciphertext buffer full
[mlkem_channel] ciphertext buffered token=1600511506 nonce_prefix=9c5bb1e9
[mlkem_channel] ciphertext refused token=2584760473: ciphertext buffer full
[mlkem_channel] ciphertext refused token=4099658756: ciphertext buffer full
[mlkem_channel] ciphertext buffered token=614444176 nonce_prefix=52d86a2c
[mlkem_channel] ciphertext refused token=3397131929: ciphertext buffer full
[mlkem_channel] ciphertext refused token=3090621981: ciphertext buffer full
[mlkem_channel] ciphertext refused token=3024439798: ciphertext buffer full
[mlkem_channel] ciphertext buffered token=3814954710 nonce_prefix=b31044b5
[mlkem_channel] ciphertext refused token=1380177119: ciphertext buffer full
[mlkem_channel] ciphertext refused token=2754157320: ciphertext buffer full
[mlkem_channel] ciphertext buffered token=2512838145 nonce_prefix=2302fca8
[mlkem_channel] ciphertext refused token=1154415403: ciphertext buffer full
[mlkem_channel] ciphertext buffered token=3858253435 nonce_prefix=85050b54
[mlkem_channel] ciphertext refused token=3268807962: ciphertext buffer full
[mlkem_channel] ciphertext refused token=1928556677: ciphertext buffer full
[mlkem_channel] ciphertext buffered token=2203424324 nonce_prefix=826a17f6
[mlkem_channel] ciphertext buffered token=2380503035 nonce_prefix=85bdeaf5
[mlkem_channel] ciphertext refused token=1970616089: ciphertext buffer full
[mlkem_channel] ciphertext refused token=3116253553: ciphertext buffer full
[mlkem_channel] ciphertext buffered token=1296650276 nonce_prefix=2be344ae
[mlkem_channel] ciphertext refused token=9922665: ciphertext buffer full
[mlkem_channel] ciphertext buffered token=1510806858 nonce_prefix=65ed9808
[mlkem_channel] ciphertext buffered token=1495487766 nonce_prefix=538dd900
[mlkem_channel] ciphertext buffered token=276934166 nonce_prefix=6bf95658
[mlkem_channel] ciphertext buffered token=241052642 nonce_prefix=c898215f
[mlkem_channel] ciphertext buffered token=1268794725 nonce_prefix=3b3d69ce
[mlkem_channel] ciphertext buffered token=3022641136 nonce_prefix=8f2c9452
[mlkem_channel] ciphertext buffered token=2043193260 nonce_prefix=dbc2d66d
[mlkem_channel] ciphertext buffered token=1728813031 nonce_prefix=1dc46bf6
[mlkem_channel] ciphertext buffered token=1690996828 nonce_prefix=c02c7dc7
[mlkem_channel] ciphertext buffered token=123281512 nonce_prefix=3b811b14
[mlkem_channel] ciphertext buffered token=2233105211 nonce_prefix=37729e17
[mlkem_channel] ciphertext buffered token=1220690274 nonce_prefix=cc9976e9
[mlkem_channel] ciphertext buffered token=3629150942 nonce_prefix=e17682d0
[mlkem_channel] ciphertext buffered token=4191605546 nonce_prefix=7bf6a8c7
[mlkem_channel] ciphertext buffered token=3006240029 nonce_prefix=f82ad0a3
[mlkem_channel] ciphertext buffered token=891190419 nonce_prefix=f8bc64a0
[mlkem_channel] ciphertext buffered token=3616036721 nonce_prefix=917571b2
[mlkem_channel] ciphertext buffered token=2825515974 nonce_prefix=ea784534
[mlkem_channel] ciphertext buffered token=3254996984 nonce_prefix=f90221ef
[mlkem_channel] ciphertext buffered token=2310561322 nonce_prefix=34baa37d
[mlkem_channel] ciphertext buffered token=2389570048 nonce_prefix=2c23d7d1
[mlkem_channel] ciphertext buffered token=1184548596 nonce_prefix=cbc3cc72
[mlkem_channel] ciphertext buffered token=1068709428 nonce_prefix=48a42d88
[mlkem_channel] ciphertext refused token=3164171572: ciphertext buffer full
[mlkem_channel] ciphertext buffered token=1246573023 nonce_prefix=a9f26c6a
[mlkem_channel] ciphertext refused token=2342708083: ciphertext buffer full
[mlkem_channel] ciphertext refused token=3371663676: ciphertext buffer full
[mlkem_channel] ciphertext buffered token=3217898107 nonce_prefix=3a9d7983
[mlkem_channel] ciphertext refused token=1422682266: ciphertext buffer full
[mlkem_channel] ciphertext refused token=2055066187: ciphertext buffer full
[mlkem_channel] ciphertext buffered token=2841679088 nonce_prefix=6ede775e
[mlkem_channel] ciphertext refused token=2820140852: ciphertext buffer full
[mlkem_channel] ciphertext buffered token=4146350714 nonce_prefix=a932820d
[mlkem_channel] ciphertext refused token=2665952281: ciphertext buffer full
[mlkem_channel] ciphertext buffered token=2667108177 nonce_prefix=4ec6b6c2
[mlkem_channel] ciphertext buffered token=3349442957 nonce_prefix=2e87ff4a
[mlkem_channel] ciphertext refused token=2502836215: ciphertext buffer full
[mlkem_channel] ciphertext refused token=903296350: ciphertext buffer full
[mlkem_channel] ciphertext buffered token=2874756184 nonce_prefix=660e5841
[mlkem_channel] ciphertext buffered token=3255841505 nonce_prefix=55b7645c
[mlkem_channel] ciphertext refused token=3604391836: ciphertext buffer full
[mlkem_channel] ciphertext buffered token=331040778 nonce_prefix=0a47f306
[mlkem_channel] ciphertext refused token=2728242612: ciphertext buffer full
[mlkem_channel] ciphertext refused token=2863003517: ciphertext buffer full
[mlkem_channel] ciphertext refused token=2572536683: ciphertext buffer full
[mlkem_channel] ciphertext buffered token=503101682 nonce_prefix=e8bb9609
[mlkem_channel] ciphertext buffered token=2202327336 nonce_prefix=2640c9b4
[mlkem_channel] ciphertext refused token=1361128651: ciphertext buffer full
[mlkem_channel] ciphertext buffered token=3666346477 nonce_prefix=9adfd314
[mlkem_channel] ciphertext buffered token=942041179 nonce_prefix=3bcfb555
[mlkem_channel] ciphertext refused token=348206930: ciphertext buffer full
[mlkem_channel] ciphertext refused token=2221249400: ciphertext buffer full
[mlkem_channel] ciphertext buffered token=3565525902 nonce_prefix=98f54d9f
[mlkem_channel] ciphertext refused token=3776683391: ciphertext buffer full
[mlkem_channel] ciphertext buffered token=2933596156 nonce_prefix=7b403cca
[mlkem_channel] ciphertext refused token=4137226562: ciphertext buffer full
[mlkem_channel] ciphertext refused token=4211022596: ciphertext buffer full
[mlkem_channel] ciphertext buffered token=2244373119 nonce_prefix=8a8c267d
[mlkem_channel] ciphertext refused token=3147848957: ciphertext buffer full
[mlkem_channel] ciphertext refused token=4007841472: ciphertext buffer full
[mlkem_channel] ciphertext refused token=567026360: ciphertext buffer full
[mlkem_channel] ciphertext buffered token=2617441304 nonce_prefix=4091baaf
[mlkem_channel] ciphertext refused token=2838231101: ciphertext buffer full
[mlkem_channel] ciphertext buffered token=1964439117 nonce_prefix=99061132
[mlkem_channel] ciphertext refused token=240181454: ciphertext buffer full
[mlkem_channel] ciphertext buffered token=3759857941 nonce_prefix=aceb8fc0
[mlkem_channel] ciphertext refused token=1063721038: ciphertext buffer full
[mlkem_channel] ciphertext buffered token=861579659 nonce_prefix=10eab1fe
[mlkem_channel] ciphertext buffered token=2774226399 nonce_prefix=3ba20105
[mlkem_channel] ciphertext buffered token=3688251151 nonce_prefix=0f74dc2d
[mlkem_channel] ciphertext refused token=3563794405: ciphertext buffer full
[mlkem_channel] ciphertext refused token=1963878471: ciphertext buffer full
[mlkem_channel] ciphertext buffered token=2147155322 nonce_prefix=5b945b6a
[mlkem_channel] ciphertext refused token=1363646028: ciphertext buffer full
[mlkem_channel] ciphertext refused token=1673063897: ciphertext buffer full
[mlkem_channel] ciphertext refused token=1581577743: ciphertext buffer full
[mlkem_channel] ciphertext refused token=3222381798: ciphertext buffer full
[mlkem_channel] ciphertext buffered token=2496871767 nonce_prefix=7d8d7485
[mlkem_channel] ciphertext refused token=523944654: ciphertext buffer full
[mlkem_channel] ciphertext refused token=17531398: ciphertext buffer full
[mlkem_channel] ciphertext buffered token=3985117192 nonce_prefix=46ff1bbf
[mlkem_channel] ciphertext buffered token=276264729 nonce_prefix=c8a1bbc1
[mlkem_channel] ciphertext refused token=2119925731: ciphertext buffer full
[mlkem_channel] ciphertext refused token=4121150333: ciphertext buffer full
[mlkem_channel] ciphertext refused token=470886317: ciphertext buffer full
[mlkem_channel] ciphertext refused token=1908909685: ciphertext buffer full
[mlkem_channel] ciphertext buffered token=2478140370 nonce_prefix=3058ee4c
[mlkem_channel] ciphertext buffered token=1544894955 nonce_prefix=0300872e
[mlkem_channel] ciphertext buffered token=3714451527 nonce_prefix=ba9542ec
[mlkem_channel] ciphertext buffered token=1871982132 nonce_prefix=d2a2bffd
[mlkem_channel] ciphertext refused token=1411875950: ciphertext buffer full
[mlkem_channel] ciphertext refused token=855550258: ciphertext buffer full
[mlkem_channel] ciphertext buffered token=1364988619 nonce_prefix=c4363bae
[mlkem_channel] ciphertext buffered token=3170265431 nonce_prefix=cacb5d6e
[mlkem_channel] ciphertext buffered token=3504151953 nonce_prefix=85ef872a
[mlkem_channel] ciphertext refused token=2753070807: ciphertext buffer full
[mlkem_channel] ciphertext refused token=2598258598: ciphertext buffer full
[mlkem_channel] ciphertext refused token=3881387765: ciphertext buffer full
[mlkem_channel] ciphertext buffered token=2501896303 nonce_prefix=a174e3b4
[mlkem_channel] ciphertext refused token=4049123035: ciphertext buffer full
[mlkem_channel] ciphertext refused token=1658274458: ciphertext buffer full
[mlkem_channel] ciphertext refused token=269534681: ciphertext buffer full
[mlkem_channel] ciphertext refused token=4199597885: ciphertext buffer full
[mlkem_channel] ciphertext buffered token=3398234310 nonce_prefix=73185eb9
[mlkem_channel] ciphertext refused token=178679925: ciphertext buffer full
[mlkem_channel] ciphertext buffered token=3923602310 nonce_prefix=33200ca5
[mlkem_channel] ciphertext refused token=1141409162: ciphertext buffer full
[mlkem_channel] ciphertext buffered token=2967229315 nonce_prefix=38777580
[mlkem_channel] ciphertext refused token=1437704637: ciphertext buffer full
[mlkem_channel] ciphertext buffered token=595045542 nonce_prefix=014f71ac
[mlkem_channel] ciphertext refused token=34106770: ciphertext buffer full
[mlkem_channel] ciphertext buffered token=3090300827 nonce_prefix=848a3860
[mlkem_channel] ciphertext buffered token=4259936380 nonce_prefix=1f89669a
[mlkem_channel] ciphertext buffered token=3370430412 nonce_prefix=4166664b
[mlkem_channel] ciphertext buffered token=1719656852 nonce_prefix=f58e3cfc
[mlkem_channel] ciphertext buffered token=1112103840 nonce_prefix=f9db8fee
[mlkem_channel] ciphertext buffered token=3503179026 nonce_prefix=07349875
[mlkem_channel] ciphertext buffered token=2202608457 nonce_prefix=9762515d
[mlkem_channel] ciphertext buffered token=2952208766 nonce_prefix=920e6a0d
[mlkem_channel] ciphertext buffered token=2254247584 nonce_prefix=14f10d91
[mlkem_channel] ciphertext buffered token=2063250141 nonce_prefix=86713e1e
[mlkem_channel] ciphertext buffered token=1663764926 nonce_prefix=938e9189
[mlkem_channel] ciphertext buffered token=1582567278 nonce_prefix=b36c285c
[mlkem_channel] ciphertext buffered token=2196947803 nonce_prefix=4b493cc0
[mlkem_channel] ciphertext buffered token=4248110917 nonce_prefix=82d0d5ab
[mlkem_channel] ciphertext buffered token=3065187706 nonce_prefix=62d79269
[mlkem_channel] ciphertext buffered token=2087073925 nonce_prefix=33eeeb34
[mlkem_channel] ciphertext buffered token=4123130681 nonce_prefix=4b7b9ff3
[mlkem_channel] ciphertext buffered token=2040038922 nonce_prefix=3718f92e
[mlkem_channel] ciphertext buffered token=4029848770 nonce_prefix=5c8e4056
[mlkem_channel] ciphertext buffered token=623193764 nonce_prefix=1850f50a
[mlkem_channel] ciphertext buffered token=951564269 nonce_prefix=a44f1a0d
[mlkem_channel] ciphertext buffered token=3999732635 nonce_prefix=822d31c3
[mlkem_channel] ciphertext buffered token=2959131013 nonce_prefix=abb92abe
[mlkem_channel] ciphertext buffered token=2500612227 nonce_prefix=78ef63f4
[mlkem_channel] ciphertext buffered token=2171074290 nonce_prefix=723ff6ce
[mlkem_channel] ciphertext buffered token=1107442320 nonce_prefix=f0855e89
[mlkem_channel] ciphertext buffered token=1817245371 nonce_prefix=9f40a0b3
[mlkem_channel] ciphertext refused token=1372993479: ciphertext buffer full
[mlkem_channel] ciphertext buffered token=1163949258 nonce_prefix=6025ca0b
[mlkem_channel] ciphertext buffered token=243169489 nonce_prefix=58a3bde8
[mlkem_channel] ciphertext buffered token=860035259 nonce_prefix=65c4c8c3
[mlkem_channel] ciphertext buffered token=2494470489 nonce_prefix=7abff8a2
[mlkem_channel] ciphertext buffered token=3697259927 nonce_prefix=4252c747
[mlkem_channel] ciphertext refused token=2020712348: ciphertext buffer full
[mlkem_channel] ciphertext buffered token=4226539209 nonce_prefix=06dbf8ec
[mlkem_channel] ciphertext buffered token=3005708435 nonce_prefix=9c74e93b
[mlkem_channel] ciphertext buffered token=488275933 nonce_prefix=3dab1796
[mlkem_channel] ciphertext refused token=2305874535: ciphertext buffer full
[mlkem_channel] ciphertext refused token=2536968393: ciphertext buffer full
[mlkem_channel] ciphertext buffered token=1340084025 nonce_prefix=e5b70f3b
[mlkem_channel] ciphertext refused token=2263290271: ciphertext buffer full
[mlkem_channel] ciphertext buffered token=293472125 nonce_prefix=9baf9255
[mlkem_channel] ciphertext refused token=646568016: ciphertext buffer full
[mlkem_channel] ciphertext buffered token=1915214607 nonce_prefix=4e049b33
[mlkem_channel] ciphertext refused token=2306200463: ciphertext buffer full
[mlkem_channel] ciphertext buffered token=1251682241 nonce_prefix=1ca291e6
[mlkem_channel] ciphertext buffered token=3402989820 nonce_prefix=48960532
[mlkem_channel] ciphertext buffered token=3215966703 nonce_prefix=75476a36
[mlkem_channel] ciphertext buffered token=2250954161 nonce_prefix=3748a610
[mlkem_channel] ciphertext buffered token=1255713376 nonce_prefix=01eb254e
[mlkem_channel] ciphertext buffered token=1644070990 nonce_prefix=39a91639
[mlkem_channel] ciphertext buffered token=1422898993 nonce_prefix=00295645
[mlkem_channel] ciphertext refused token=2006951778: ciphertext buffer full
[mlkem_channel] ciphertext buffered token=3067218260 nonce_prefix=85a6f2ad
[mlkem_channel] ciphertext buffered token=155196626 nonce_prefix=4cace611
[mlkem_channel] ciphertext buffered token=3914477262 nonce_prefix=2055a306
[mlkem_channel] ciphertext buffered token=1211311805 nonce_prefix=e73e9226
[mlkem_channel] ciphertext buffered token=4079376772 nonce_prefix=86e1b541
[mlkem_channel] ciphertext buffered token=34113283 nonce_prefix=82ed65b1
[mlkem_channel] ciphertext buffered token=975817175 nonce_prefix=8fa0ccc2
[mlkem_channel] ciphertext refused token=3253149595: ciphertext buffer full
[mlkem_channel] ciphertext refused token=1451024639: ciphertext buffer full
[mlkem_channel] ciphertext buffered token=2367118638 nonce_prefix=55f7c0e6
[mlkem_channel] ciphertext buffered token=468358998 nonce_prefix=746fa18e
[mlkem_channel] ciphertext refused token=1473896906: ciphertext buffer full
[mlkem_channel] ciphertext buffered token=3657154551 nonce_prefix=41c6f6a5
[mlkem_channel] ciphertext refused token=2087175243: ciphertext buffer full
[mlkem_channel] ciphertext buffered token=2623949201 nonce_prefix=0e2ed861
[mlkem_channel] ciphertext refused token=3358587829: ciphertext buffer full
[mlkem_channel] ciphertext buffered token=2806308864 nonce_prefix=e9226748
[mlkem_channel] ciphertext refused token=215467303: ciphertext buffer full
[mlkem_channel] ciphertext buffered token=607958505 nonce_prefix=93349088
[mlkem_channel] ciphertext buffered token=4262408655 nonce_prefix=b71d65d4
[mlkem_channel] ciphertext refused token=3081214437: ciphertext buffer full
[mlkem_channel] ciphertext buffered token=1683027927 nonce_prefix=91b6b01d
[mlkem_channel] ciphertext buffered token=1370894567 nonce_prefix=e6eb125b
[mlkem_channel] ciphertext refused token=638110265: ciphertext buffer full
[mlkem_channel] ciphertext buffered token=105993435 nonce_prefix=f75ec595
[mlkem_channel] ciphertext buffered token=2379842377 nonce_prefix=31934c4c
[mlkem_channel] ciphertext buffered token=2015335758 nonce_prefix=5bd2b37a
[mlkem_channel] ciphertext buffered token=1228919281 nonce_prefix=95c04fbf
[mlkem_channel] ciphertext refused token=4224804483: ciphertext buffer full
[mlkem_channel] ciphertext refused token=1438412218: ciphertext buffer full
[mlkem_channel] ciphertext buffered token=2303652938 nonce_prefix=1b2c8e13
[mlkem_channel] ciphertext refused token=1412019642: ciphertext buffer full
[mlkem_channel] ciphertext refused token=1256956294: ciphertext buffer full
[mlkem_channel] ciphertext buffered token=3922821574 nonce_prefix=ef8ea231
[mlkem_channel] ciphertext refused token=1077090905: ciphertext buffer full
[mlkem_channel] ciphertext buffered token=613890528 nonce_prefix=91d08212
[mlkem_channel] ciphertext buffered token=150956867 nonce_prefix=88e6659b
[mlkem_channel] ciphertext refused token=128063561: ciphertext buffer full
[mlkem_channel] ciphertext buffered token=2824777887 nonce_prefix=93f53e44
[mlkem_channel] ciphertext refused token=1495974258: ciphertext buffer full
[mlkem_channel] ciphertext buffered token=273398989 nonce_prefix=20addcc8
[mlkem_channel] ciphertext buffered token=1485730323 nonce_prefix=4abca5e3
[mlkem_channel] ciphertext buffered token=3076095965 nonce_prefix=28d4ba48
[mlkem_channel] ciphertext refused token=266583428: ciphertext buffer full
[mlkem_channel] ciphertext buffered token=2704142682 nonce_prefix=420cb693
[mlkem_channel] ciphertext refused token=277824089: ciphertext buffer full
[mlkem_channel] ciphertext buffered token=3749356947 nonce_prefix=0e74067f
[mlkem_channel] ciphertext buffered token=3590646389 nonce_prefix=a652a274
[mlkem_channel] ciphertext refused token=533755105: ciphertext buffer full
[mlkem_channel] ciphertext buffered token=3429965628 nonce_prefix=457f7f21
[mlkem_channel] ciphertext refused token=2811894743: ciphertext buffer full
[mlkem_channel] ciphertext buffered token=3075570965 nonce_prefix=0791f8c9
[mlkem_channel] ciphertext refused token=1592762321: ciphertext buffer full
[mlkem_channel] ciphertext refused token=3543521996: ciphertext buffer full
[mlkem_channel] ciphertext buffered token=3603614088 nonce_prefix=2c95bf94
[mlkem_channel] ciphertext refused token=2980324275: ciphertext buffer full
[mlkem_channel] ciphertext buffered token=323733474 nonce_prefix=2a975107
[mlkem_channel] ciphertext refused token=1122325183: ciphertext buffer full
[mlkem_channel] ciphertext buffered token=1757211044 nonce_prefix=66410476
[mlkem_channel] ciphertext refused token=3060076850: ciphertext buffer full
[mlkem_channel] ciphertext buffered token=4112850793 nonce_prefix=91075298
[mlkem_channel] ciphertext refused token=1774271281: ciphertext buffer full
[mlkem_channel] ciphertext refused token=601877505: ciphertext buffer full
[mlkem_channel] ciphertext buffered token=2647637813 nonce_prefix=62ed9d07
[mlkem_channel] ciphertext refused token=4210178074: ciphertext buffer full
[mlkem_channel] ciphertext buffered token=2714675503 nonce_prefix=8761fbd0
[mlkem_channel] ciphertext refused token=200223251: ciphertext buffer full
[mlkem_channel] ciphertext buffered token=969879926 nonce_prefix=0a242622
[mlkem_channel] ciphertext refused token=3130909225: ciphertext buffer full
[mlkem_channel] ciphertext refused token=1646377873: ciphertext buffer full
[mlkem_channel] ciphertext refused token=409242978: ciphertext buffer full
[mlkem_channel] ciphertext buffered token=1697707979 nonce_prefix=6ce69714
[mlkem_channel] ciphertext refused token=917945628: ciphertext buffer full
[mlkem_channel] ciphertext refused token=3799429509: ciphertext buffer full
[mlkem_channel] ciphertext refused token=2738821760: ciphertext buffer full
[mlkem_channel] ciphertext refused token=855288299: ciphertext buffer full
[mlkem_channel] ciphertext refused token=948581539: ciphertext buffer full
[mlkem_channel] ciphertext refused token=302734048: ciphertext buffer full
[mlkem_channel] ciphertext buffered token=1134212964 nonce_prefix=b1a07887
[mlkem_channel] ciphertext refused token=2695220411: ciphertext buffer full
[mlkem_channel] ciphertext refused token=1030042002: ciphertext buffer full
[mlkem_channel] ciphertext refused token=221851313: ciphertext buffer full
[mlkem_channel] ciphertext refused token=622056171: ciphertext buffer full
[mlkem_channel] ciphertext buffered token=1091430081 nonce_prefix=3b5b784e
[mlkem_channel] ciphertext refused token=3743504001: ciphertext buffer full
[mlkem_channel] ciphertext refused token=1879859163: ciphertext buffer full
[mlkem_channel] ciphertext refused token=1628237979: ciphertext buffer full
[mlkem_channel] ciphertext buffered token=4232628945 nonce_prefix=4b31fc20
[mlkem_channel] ciphertext buffered token=2764086675 nonce_prefix=4d6dbdbb
[mlkem_channel] ciphertext buffered token=4019308167 nonce_prefix=1f86b68c
[mlkem_channel] ciphertext buffered token=1526898738 nonce_prefix=a36045a2
[mlkem_channel] ciphertext buffered token=2572887884 nonce_prefix=282f3c54
[mlkem_channel] ciphertext buffered token=3499196717 nonce_prefix=70b48437
[mlkem_channel] ciphertext buffered token=3980793861 nonce_prefix=05084ded
[mlkem_channel] ciphertext buffered token=3519083329 nonce_prefix=369fb24c
[mlkem_channel] ciphertext buffered token=860454538 nonce_prefix=6792059c
[mlkem_channel] ciphertext buffered token=1737424892 nonce_prefix=645d6263
[mlkem_channel] ciphertext buffered token=2929473189 nonce_prefix=9cab8d19
[mlkem_channel] ciphertext buffered token=2726123859 nonce_prefix=3383bef2
[mlkem_channel] ciphertext buffered token=1994045161 nonce_prefix=e166fcf2
[mlkem_channel] ciphertext buffered token=2115848120 nonce_prefix=a43a9c6c
[mlkem_channel] ciphertext refused token=2454353654: ciphertext buffer full
[mlkem_channel] ciphertext refused token=985065834: ciphertext buffer full
[mlkem_channel] ciphertext buffered token=2430191836 nonce_prefix=571b05ca
[mlkem_channel] ciphertext buffered token=388382544 nonce_prefix=76855dee
[mlkem_channel] ciphertext refused token=1097982588: ciphertext buffer full
[mlkem_channel] ciphertext refused token=3609232663: ciphertext buffer full
[mlkem_channel] ciphertext refused token=939474974: ciphertext buffer full
[mlkem_channel] ciphertext refused token=2325260604: ciphertext buffer full
[mlkem_channel] ciphertext refused token=2525492933: ciphertext buffer full
[mlkem_channel] ciphertext refused token=2853291023: ciphertext buffer full
[mlkem_channel] ciphertext refused token=939281079: ciphertext buffer full
[mlkem_channel] ciphertext refused token=1595218460: ciphertext buffer full
[mlkem_channel] ciphertext refused token=579347463: ciphertext buffer full
[mlkem_channel] ciphertext refused token=89892234: ciphertext buffer full
[mlkem_channel] ciphertext refused token=1866164369: ciphertext buffer full
[mlkem_channel] ciphertext refused token=3170196415: ciphertext buffer full
[mlkem_channel] ciphertext refused token=2124587220: ciphertext buffer full
[mlkem_channel] ciphertext refused token=2851568991: ciphertext buffer full
[mlkem_channel] ciphertext refused token=4214495718: ciphertext buffer full
[mlkem_channel] ciphertext refused token=449782823: ciphertext buffer full
[mlkem_channel] ciphertext refused token=4105319612: ciphertext buffer full
[mlkem_channel] ciphertext refused token=225865336: ciphertext buffer full
[mlkem_channel] ciphertext refused token=3546706492: ciphertext buffer full
[mlkem_channel] ciphertext refused token=301716040: ciphertext buffer full
[mlkem_channel] ciphertext refused token=2973917749: ciphertext buffer full
[mlkem_channel] ciphertext refused token=3677350895: ciphertext buffer full
[mlkem_channel] ciphertext refused token=1175663803: ciphertext buffer full
[mlkem_channel] ciphertext refused token=3081977009: ciphertext buffer full
[mlkem_channel] ciphertext refused token=814616763: ciphertext buffer full
[mlkem_channel] ciphertext refused token=3008370765: ciphertext buffer full
[mlkem_channel] ciphertext refused token=3535380879: ciphertext buffer full
[mlkem_channel] ciphertext refused token=2791506298: ciphertext buffer full
[mlkem_channel] ciphertext refused token=4016881369: ciphertext buffer full
[mlkem_channel] ciphertext refused token=3294509509: ciphertext buffer full
[mlkem_channel] ciphertext refused token=2325994741: ciphertext buffer full
[mlkem_channel] ciphertext refused token=3461174114: ciphertext buffer full
[mlkem_channel] ciphertext refused token=4178575429: ciphertext buffer full
[mlkem_channel] ciphertext refused token=2647722620: ciphertext buffer full
[mlkem_channel] ciphertext refused token=829537728: ciphertext buffer full
[mlkem_channel] ciphertext refused token=4185783641: ciphertext buffer full
[mlkem_channel] ciphertext refused token=3723282738: ciphertext buffer full
[mlkem_channel] ciphertext refused token=3308564248: ciphertext buffer full
[mlkem_channel] ciphertext refused token=113610966: ciphertext buffer full
[mlkem_channel] ciphertext refused token=765227208: ciphertext buffer full
[mlkem_channel] ciphertext refused token=1971983858: ciphertext buffer full
[mlkem_channel] ciphertext refused token=1368915752: ciphertext buffer full
[mlkem_channel] ciphertext refused token=762251357: ciphertext buffer full
[mlkem_channel] ciphertext refused token=3453148531: ciphertext buffer full
[mlkem_channel] ciphertext refused token=1377309251: ciphertext buffer full
[mlkem_channel] ciphertext refused token=3885891750: ciphertext buffer full
[mlkem_channel] ciphertext refused token=843219870: ciphertext buffer full
[mlkem_channel] ciphertext refused token=561559560: ciphertext buffer full
[mlkem_channel] ciphertext refused token=3946363041: ciphertext buffer full
[mlkem_channel] ciphertext refused token=1650865574: ciphertext buffer full
[mlkem_channel] ciphertext refused token=3989250104: ciphertext buffer full
[mlkem_channel] ciphertext refused token=2633227258: ciphertext buffer full
[mlkem_channel] ciphertext refused token=3668582524: ciphertext buffer full
[mlkem_channel] ciphertext refused token=1822659477: ciphertext buffer full
[mlkem_channel] ciphertext refused token=3806148292: ciphertext buffer full
[mlkem_channel] ciphertext refused token=3387693146: ciphertext buffer full
[mlkem_channel] ciphertext refused token=271716633: ciphertext buffer full
[mlkem_channel] ciphertext refused token=534861852: ciphertext buffer full
[mlkem_channel] ciphertext refused token=3518641452: ciphertext buffer full
[mlkem_channel] ciphertext refused token=984871968: ciphertext buffer full
[mlkem_channel] ciphertext refused token=3876025537: ciphertext buffer full
[mlkem_channel] ciphertext refused token=2719881865: ciphertext buffer full
[mlkem_channel] ciphertext refused token=3659118920: ciphertext buffer full
[mlkem_channel] ciphertext refused token=2416094479: ciphertext buffer full
[mlkem_channel] ciphertext refused token=794849731: ciphertext buffer full
[mlkem_channel] ciphertext refused token=200842228: ciphertext buffer full
[mlkem_channel] ciphertext refused token=2306524469: ciphertext buffer full
[mlkem_channel] ciphertext refused token=3928035597: ciphertext buffer full
[mlkem_channel] ciphertext refused token=2338742223: ciphertext buffer full
[mlkem_channel] ciphertext refused token=792025718: ciphertext buffer full
[mlkem_channel] ciphertext refused token=945116970: ciphertext buffer full
[mlkem_channel] ciphertext refused token=2805185569: ciphertext buffer full
[mlkem_channel] ciphertext refused token=3757270677: ciphertext buffer full
[mlkem_channel] ciphertext refused token=1972051652: ciphertext buffer full
[mlkem_channel] ciphertext refused token=1685738908: ciphertext buffer full
[mlkem_channel] ciphertext refused token=1391959603: ciphertext buffer full
[mlkem_channel] ciphertext refused token=3863797004: ciphertext buffer full
[mlkem_channel] ciphertext refused token=3797041574: ciphertext buffer full
[mlkem_channel] ciphertext refused token=42642108: ciphertext buffer full
[mlkem_channel] ciphertext refused token=2007290668: ciphertext buffer full
[mlkem_channel] ciphertext refused token=3162826991: ciphertext buffer full
[mlkem_channel] ciphertext refused token=1290699263: ciphertext buffer full
[mlkem_channel] ciphertext refused token=3627053238: ciphertext buffer full
[mlkem_channel] ciphertext refused token=2818971196: ciphertext buffer full
[mlkem_channel] ciphertext refused token=2430599071: ciphertext buffer full
[mlkem_channel] ciphertext refused token=1762930275: ciphertext buffer full
[mlkem_channel] ciphertext refused token=2852072000: ciphertext buffer full
[mlkem_channel] ciphertext refused token=159606743: ciphertext buffer full
[mlkem_channel] ciphertext refused token=2791790329: ciphertext buffer full
[mlkem_channel] ciphertext refused token=1761617352: ciphertext buffer full
[mlkem_channel] ciphertext refused token=2433825748: ciphertext buffer full
[mlkem_channel] ciphertext refused token=3157180957: ciphertext buffer full
[mlkem_channel] ciphertext refused token=1241664506: ciphertext buffer full
[mlkem_channel] ciphertext refused token=3506357797: ciphertext buffer full
[mlkem_channel] ciphertext refused token=2852483992: ciphertext buffer full
[mlkem_channel] ciphertext refused token=3541321683: ciphertext buffer full
[mlkem_channel] ciphertext refused token=2478827188: ciphertext buffer full
[mlkem_channel] ciphertext refused token=2441450155: ciphertext buffer full
[mlkem_channel] ciphertext refused token=3806939077: ciphertext buffer full
[mlkem_channel] ciphertext refused token=1442555137: ciphertext buffer full
[mlkem_channel] ciphertext refused token=2080382479: ciphertext buffer full
[mlkem_channel] ciphertext refused token=4172296956: ciphertext buffer full
[mlkem_channel] ciphertext refused token=3727466073: ciphertext buffer full
[mlkem_channel] ciphertext refused token=1607640108: ciphertext buffer full
[mlkem_channel] ciphertext refused token=1478165738: ciphertext buffer full
[mlkem_channel] ciphertext refused token=3961996288: ciphertext buffer full
[mlkem_channel] ciphertext refused token=452916887: ciphertext buffer full
[mlkem_channel] ciphertext refused token=3841824523: ciphertext buffer full
[mlkem_channel] ciphertext buffered token=1244547088 nonce_prefix=0e2ae97e
[mlkem_channel] ciphertext refused token=3484763443: ciphertext buffer full
[mlkem_channel] ciphertext refused token=2131360436: ciphertext buffer full
[mlkem_channel] ciphertext refused token=3475936246: ciphertext buffer full
[mlkem_channel] ciphertext refused token=3336274436: ciphertext buffer full
[mlkem_channel] ciphertext refused token=3842850545: ciphertext buffer full
[mlkem_channel] ciphertext refused token=2435706372: ciphertext buffer full
[mlkem_channel] ciphertext buffered token=393062542 nonce_prefix=139caa1c
[mlkem_channel] ciphertext buffered token=710501582 nonce_prefix=c8449dbe
[mlkem_channel] ciphertext refused token=800188129: ciphertext buffer full
[mlkem_channel] ciphertext refused token=3033925020: ciphertext buffer full
[mlkem_channel] ciphertext refused token=3659566139: ciphertext buffer full
[mlkem_channel] ciphertext buffered token=3643403254 nonce_prefix=e7603ca9
[mlkem_channel] ciphertext refused token=3160779060: ciphertext buffer full
[mlkem_channel] ciphertext refused token=4261761209: ciphertext buffer full
[mlkem_channel] ciphertext buffered token=1556853305 nonce_prefix=a634662f
[mlkem_channel] ciphertext buffered token=4205759823 nonce_prefix=eb39fa76
[mlkem_channel] ciphertext refused token=1810376454: ciphertext buffer full
[mlkem_channel] ciphertext buffered token=1620908105 nonce_prefix=a5f6a7fb
[mlkem_channel] ciphertext buffered token=3917253832 nonce_prefix=54dd3ccc
[mlkem_channel] ciphertext refused token=2460932052: ciphertext buffer full
[mlkem_channel] ciphertext buffered token=980758811 nonce_prefix=a2feb887
[mlkem_channel] ciphertext buffered token=1259566726 nonce_prefix=502d7c61
[mlkem_channel] ciphertext refused token=1942119333: ciphertext buffer full
[mlkem_channel] ciphertext buffered token=1494666422 nonce_prefix=7cf7aba1
[mlkem_channel] ciphertext buffered token=2516708680 nonce_prefix=4ab585f6
[mlkem_channel] ciphertext refused token=1601436466: ciphertext buffer full
[mlkem_channel] ciphertext refused token=2883905948: ciphertext buffer full
[mlkem_channel] ciphertext refused token=1282129565: ciphertext buffer full
[mlkem_channel] ciphertext refused token=2636800646: ciphertext buffer full
[mlkem_channel] ciphertext refused token=4248107329: ciphertext buffer full
[mlkem_channel] ciphertext refused token=3715661143: ciphertext buffer full
[mlkem_channel] ciphertext buffered token=1073108983 nonce_prefix=23f72905
[mlkem_channel] ciphertext buffered token=2888890607 nonce_prefix=b9ba78b0
[mlkem_channel] ciphertext refused token=609819077: ciphertext buffer full
[mlkem_channel] ciphertext refused token=2460687040: ciphertext buffer full
[mlkem_channel] ciphertext refused token=71740900: ciphertext buffer full
[mlkem_channel] ciphertext refused token=925948311: ciphertext buffer full
[mlkem_channel] ciphertext refused token=3532480222: ciphertext buffer full
[mlkem_channel] ciphertext buffered token=3102115585 nonce_prefix=cdd651c9
[mlkem_channel] ciphertext refused token=32226510: ciphertext buffer full
[mlkem_channel] ciphertext buffered token=1426650827 nonce_prefix=1af0e19e
[mlkem_channel] ciphertext refused token=2045127019: ciphertext buffer full
[mlkem_channel] ciphertext buffered token=74364797 nonce_prefix=a18d221c
[mlkem_channel] ciphertext refused token=2932343723: ciphertext buffer full
[mlkem_channel] ciphertext refused token=1240335694: ciphertext buffer full
[mlkem_channel] ciphertext buffered token=320681070 nonce_prefix=89b5d9f0
[mlkem_channel] ciphertext refused token=2771874179: ciphertext buffer full
[mlkem_channel] ciphertext buffered token=940449107 nonce_prefix=7d12dd1a
[mlkem_channel] ciphertext refused token=3757857436: ciphertext buffer full
[mlkem_channel] ciphertext refused token=1593433692: ciphertext buffer full
[mlkem_channel] ciphertext refused token=1032313112: ciphertext buffer full
[mlkem_channel] ciphertext refused token=37119307: ciphertext buffer full
[mlkem_channel] ciphertext refused token=3906175738: ciphertext buffer full
[mlkem_channel] ciphertext buffered token=2745710845 nonce_prefix=66d1835c
[mlkem_channel] ciphertext buffered token=2340298447 nonce_prefix=1e5a9d85
[mlkem_channel] ciphertext buffered token=3763473403 nonce_prefix=69bb4f82
[mlkem_channel] ciphertext refused token=2313567614: ciphertext buffer full
[mlkem_channel] ciphertext refused token=3603699661: ciphertext buffer full
[mlkem_channel] ciphertext refused token=3755421357: ciphertext buffer full
[mlkem_channel] ciphertext refused token=3311712783: ciphertext buffer full
[mlkem_channel] ciphertext buffered token=3098604523 nonce_prefix=93452c76
[mlkem_channel] ciphertext refused token=3676863777: ciphertext buffer full
[mlkem_channel] ciphertext refused token=734088750: ciphertext buffer full
[mlkem_channel] ciphertext refused token=1095958722: ciphertext buffer full
[mlkem_channel] ciphertext buffered token=1192653900 nonce_prefix=6e0136ee
[mlkem_channel] ciphertext refused token=973957023: ciphertext buffer full
[mlkem_channel] ciphertext refused token=1752020042: ciphertext buffer full
[mlkem_channel] ciphertext buffered token=3850321781 nonce_prefix=7e134cec
[mlkem_channel] ciphertext refused token=1217175300: ciphertext buffer full
[mlkem_channel] ciphertext refused token=3591261239: ciphertext buffer full
[mlkem_channel] ciphertext refused token=596021010: ciphertext buffer full
[mlkem_channel] ciphertext buffered token=602550565 nonce_prefix=9dfcaa7c
[mlkem_channel] ciphertext refused token=569108887: ciphertext buffer full
[mlkem_channel] ciphertext refused token=2679737987: ciphertext buffer full
[mlkem_channel] ciphertext refused token=4276401707: ciphertext buffer full
[mlkem_channel] ciphertext refused token=4015799386: ciphertext buffer full
[mlkem_channel] ciphertext refused token=2747246557: ciphertext buffer full
[mlkem_channel] ciphertext refused token=1906401981: ciphertext buffer full
[mlkem_channel] ciphertext buffered token=757090171 nonce_prefix=c0c2982f
[mlkem_channel] ciphertext refused token=4107155235: ciphertext buffer full
[mlkem_channel] ciphertext refused token=368313931: ciphertext buffer full
[mlkem_channel] ciphertext refused token=564727259: ciphertext buffer full
[mlkem_channel] ciphertext refused token=2858129714: ciphertext buffer full
[mlkem_channel] ciphertext refused token=1983609931: ciphertext buffer full
[mlkem_channel] ciphertext refused token=2003189067: ciphertext buffer full
[mlkem_channel] ciphertext buffered token=2322673383 nonce_prefix=58229b11
[mlkem_channel] ciphertext refused token=1972338233: ciphertext buffer full
[mlkem_channel] ciphertext refused token=2399542410: ciphertext buffer full
[mlkem_channel] ciphertext refused token=600450386: ciphertext buffer full
[mlkem_channel] ciphertext refused token=986376053: ciphertext buffer full
[mlkem_channel] ciphertext refused token=934394824: ciphertext buffer full
[mlkem_channel] ciphertext buffered token=1446102044 nonce_prefix=5b103460
[mlkem_channel] ciphertext buffered token=582135738 nonce_prefix=c1a382b0
[mlkem_channel] ciphertext buffered token=724386559 nonce_prefix=80ea299c
[mlkem_channel] ciphertext refused token=586064319: ciphertext buffer full
[mlkem_channel] ciphertext buffered token=1367288744 nonce_prefix=f797a926
[mlkem_channel] ciphertext refused token=4153918682: ciphertext buffer full
[mlkem_channel] ciphertext buffered token=538428987 nonce_prefix=125dcfcc
[mlkem_channel] ciphertext buffered token=4228683668 nonce_prefix=aec56779
[mlkem_channel] ciphertext buffered token=628952538 nonce_prefix=988059e7
[mlkem_channel] ciphertext refused token=3183448230: ciphertext buffer full
[mlkem_channel] ciphertext refused token=7606746: ciphertext buffer full
[mlkem_channel] ciphertext refused token=1390469312: ciphertext buffer full
[mlkem_channel] ciphertext buffered token=3791740448 nonce_prefix=aef64cfd
[mlkem_channel] ciphertext refused token=576183550: ciphertext buffer full
[mlkem_channel] ciphertext refused token=34146593: ciphertext buffer full
[mlkem_channel] ciphertext refused token=2817607509: ciphertext buffer full
[mlkem_channel] ciphertext buffered token=1061994092 nonce_prefix=d229c3f7
[mlkem_channel] ciphertext refused token=2069615814: ciphertext buffer full
[mlkem_channel] ciphertext refused token=1819327254: ciphertext buffer full
[mlkem_channel] ciphertext refused token=1143981556: ciphertext buffer full
[mlkem_channel] ciphertext buffered token=3172628286 nonce_prefix=bc1ec1b5
[mlkem_channel] ciphertext refused token=2060782785: ciphertext buffer full
[mlkem_channel] ciphertext buffered token=157116419 nonce_prefix=b129a29e
[mlkem_channel] ciphertext refused token=712217429: ciphertext buffer full
[mlkem_channel] ciphertext buffered token=3059788195 nonce_prefix=75ad1d7f
[mlkem_channel] ciphertext refused token=3402232025: ciphertext buffer full
[mlkem_channel] ciphertext buffered token=2471278951 nonce_prefix=3a922ba0
[mlkem_channel] ciphertext refused token=943706124: ciphertext buffer full
[mlkem_channel] ciphertext refused token=3401115415: ciphertext buffer full
[mlkem_channel] ciphertext refused token=2038722217: ciphertext buffer full
[mlkem_channel] ciphertext refused token=678397183: ciphertext buffer full
[mlkem_channel] ciphertext refused token=414893758: ciphertext buffer full
[mlkem_channel] ciphertext refused token=2334749669: ciphertext buffer full
[mlkem_channel] ciphertext refused token=3408483338: ciphertext buffer full
[mlkem_channel] ciphertext refused token=2733186672: ciphertext buffer full
[mlkem_channel] ciphertext refused token=1289015806: ciphertext buffer full
[mlkem_channel] ciphertext refused token=4276815374: ciphertext buffer full
[mlkem_channel] ciphertext refused token=1671930521: ciphertext buffer full
[mlkem_channel] ciphertext refused token=4191782882: ciphertext buffer full
[mlkem_channel] ciphertext buffered token=3525361379 nonce_prefix=b8c4fde2
[mlkem_channel] ciphertext refused token=2585262782: ciphertext buffer full
[mlkem_channel] ciphertext refused token=3576806583: ciphertext buffer full
[mlkem_channel] ciphertext refused token=2616026039: ciphertext buffer full
[mlkem_channel] ciphertext refused token=1223531123: ciphertext buffer full
[mlkem_channel] ciphertext refused token=4229354303: ciphertext buffer full
[mlkem_channel] ciphertext refused token=1475684191: ciphertext buffer full
[mlkem_channel] ciphertext refused token=1805201679: ciphertext buffer full
[mlkem_channel] ciphertext refused token=2033522392: ciphertext buffer full
[mlkem_channel] ciphertext refused token=3338362360: ciphertext buffer full
[mlkem_channel] ciphertext refused token=2489264726: ciphertext buffer full
[mlkem_channel] ciphertext refused token=429768959: ciphertext buffer full
[mlkem_channel] ciphertext refused token=201082871: ciphertext buffer full
[mlkem_channel] ciphertext refused token=3098692262: ciphertext buffer full
[mlkem_channel] ciphertext refused token=2515389982: ciphertext buffer full
[mlkem_channel] ciphertext buffered token=1210598193 nonce_prefix=a6d89320
[mlkem_channel] ciphertext refused token=3313802280: ciphertext buffer full
[mlkem_channel] ciphertext buffered token=473449365 nonce_prefix=9df8213c
[mlkem_channel] ciphertext refused token=1761942519: ciphertext buffer full
[mlkem_channel] ciphertext buffered token=2797488942 nonce_prefix=cd0ba2c3
[mlkem_channel] ciphertext refused token=3841790354: ciphertext buffer full
[mlkem_channel] ciphertext refused token=656525589: ciphertext buffer full
[mlkem_channel] ciphertext refused token=4200682986: ciphertext buffer full
[mlkem_channel] ciphertext refused token=964334089: ciphertext buffer full
[mlkem_channel] ciphertext buffered token=2929572848 nonce_prefix=173dbda5
[mlkem_channel] ciphertext refused token=2007452531: ciphertext buffer full
[mlkem_channel] ciphertext refused token=713008052: ciphertext buffer full
[mlkem_channel] ciphertext refused token=2826274039: ciphertext buffer full
[mlkem_channel] ciphertext buffered token=2141442814 nonce_prefix=b4521b11
[mlkem_channel] ciphertext refused token=3699129563: ciphertext buffer full
[mlkem_channel] ciphertext refused token=1615273586: ciphertext buffer full
[mlkem_channel] ciphertext refused token=2627301149: ciphertext buffer full
[mlkem_channel] ciphertext buffered token=1392276850 nonce_prefix=0e693929
[mlkem_channel] ciphertext refused token=1764546027: ciphertext buffer full
[mlkem_channel] ciphertext refused token=1793765345: ciphertext buffer full
[mlkem_channel] ciphertext refused token=2340512848: ciphertext buffer full
[mlkem_channel] ciphertext refused token=3071654755: ciphertext buffer full
[mlkem_channel] ciphertext refused token=1380162441: ciphertext buffer full
[mlkem_channel] ciphertext refused token=2579971994: ciphertext buffer full
[mlkem_channel] ciphertext buffered token=3841792916 nonce_prefix=d553fadf
[mlkem_channel] ciphertext buffered token=2384323337 nonce_prefix=a9dbf404
[mlkem_channel] ciphertext refused token=3773761681: ciphertext buffer full
[mlkem_channel] ciphertext refused token=2656654273: ciphertext buffer full
[mlkem_channel] ciphertext buffered token=2278562959 nonce_prefix=8c4d7785
[mlkem_channel] ciphertext refused token=1778190139: ciphertext buffer full
[mlkem_channel] ciphertext refused token=3760136074: ciphertext buffer full
[mlkem_channel] ciphertext refused token=672205042: ciphertext buffer full
[mlkem_channel] ciphertext refused token=4159747056: ciphertext buffer full
[mlkem_channel] ciphertext refused token=1876290584: ciphertext buffer full
[mlkem_channel] ciphertext buffered token=4286907827 nonce_prefix=2531b5f5
[mlkem_channel] ciphertext refused token=3282745268: ciphertext buffer full
[mlkem_channel] ciphertext refused token=2916622318: ciphertext buffer full
[mlkem_channel] ciphertext buffered token=812346297 nonce_prefix=c4c408d6
[mlkem_channel] ciphertext refused token=1140808619: ciphertext buffer full
[mlkem_channel] ciphertext refused token=2139262020: ciphertext buffer full
[mlkem_channel] ciphertext buffered token=1054196245 nonce_prefix=a76f215f
[mlkem_channel] ciphertext refused token=2368461138: ciphertext buffer full
[mlkem_channel] ciphertext refused token=2925996274: ciphertext buffer full
[mlkem_channel] ciphertext refused token=3878832880: ciphertext buffer full
[mlkem_channel] ciphertext buffered token=3284440093 nonce_prefix=fc408c90
[mlkem_channel] ciphertext refused token=2654542213: ciphertext buffer full
[mlkem_channel] ciphertext refused token=828219434: ciphertext buffer full
[mlkem_channel] ciphertext refused token=521190020: ciphertext buffer full
[mlkem_channel] ciphertext refused token=2778475134: ciphertext buffer full
[mlkem_channel] ciphertext buffered token=754009456 nonce_prefix=403eb4d9
[mlkem_channel] ciphertext refused token=3554604167: ciphertext buffer full
[mlkem_channel] ciphertext buffered token=1973556278 nonce_prefix=d46c1eb7
[mlkem_channel] ciphertext refused token=2310918943: ciphertext buffer full
[mlkem_channel] ciphertext refused token=231409355: ciphertext buffer full
[mlkem_channel] ciphertext refused token=53794532: ciphertext buffer full
[mlkem_channel] ciphertext buffered token=1848093285 nonce_prefix=f8bf1c4b
[mlkem_channel] ciphertext refused token=651089812: ciphertext buffer full
[mlkem_channel] ciphertext refused token=320025702: ciphertext buffer full
[mlkem_channel] ciphertext refused token=2482667187: ciphertext buffer full
[mlkem_channel] ciphertext refused token=613899298: ciphertext buffer full
[mlkem_channel] ciphertext refused token=3328033468: ciphertext buffer full
[mlkem_channel] ciphertext buffered token=2191903316 nonce_prefix=b9dae0be
[mlkem_channel] ciphertext refused token=2496063113: ciphertext buffer full
[mlkem_channel] ciphertext refused token=3095985573: ciphertext buffer full
[mlkem_channel] ciphertext refused token=2384712777: ciphertext buffer full
[mlkem_channel] ciphertext refused token=3601479111: ciphertext buffer full
[mlkem_channel] ciphertext buffered token=1380012597 nonce_prefix=0f7d0711
[mlkem_channel] ciphertext refused token=1462038856: ciphertext buffer full
[mlkem_channel] ciphertext refused token=1326234757: ciphertext buffer full
[mlkem_channel] ciphertext refused token=3754816268: ciphertext buffer full
[mlkem_channel] ciphertext refused token=2297811502: ciphertext buffer full
[mlkem_channel] ciphertext refused token=1702643792: ciphertext buffer full
[mlkem_channel] ciphertext refused token=2386883927: ciphertext buffer full
[mlkem_channel] ciphertext refused token=394037078: ciphertext buffer full
[mlkem_channel] ciphertext refused token=3341637773: ciphertext buffer full
[mlkem_channel] ciphertext buffered token=323016529 nonce_prefix=b4bef23e
[mlkem_channel] ciphertext refused token=2830964506: ciphertext buffer full
[mlkem_channel] ciphertext refused token=1627470289: ciphertext buffer full
[mlkem_channel] ciphertext refused token=3250565874: ciphertext buffer full
[mlkem_channel] ciphertext refused token=4274023506: ciphertext buffer full
[mlkem_channel] ciphertext refused token=1010193754: ciphertext buffer full
[mlkem_channel] ciphertext refused token=1587491486: ciphertext buffer full
[mlkem_channel] ciphertext buffered token=106494389 nonce_prefix=370ab323
[mlkem_channel] ciphertext refused token=1023276105: ciphertext buffer full
[mlkem_channel] ciphertext refused token=3970196419: ciphertext buffer full
[mlkem_channel] ciphertext refused token=3765845947: ciphertext buffer full
[mlkem_channel] ciphertext refused token=1638728751: ciphertext buffer full
[mlkem_channel] ciphertext refused token=2592904625: ciphertext buffer full
[mlkem_channel] ciphertext buffered token=1147820944 nonce_prefix=e8c9364f
[mlkem_channel] ciphertext refused token=1517491029: ciphertext buffer full
[mlkem_channel] ciphertext refused token=2662809630: ciphertext buffer full
[mlkem_channel] ciphertext refused token=3190444657: ciphertext buffer full
[mlkem_channel] ciphertext buffered token=2154914555 nonce_prefix=12570299
[mlkem_channel] ciphertext refused token=2748559722: ciphertext buffer full
[mlkem_channel] ciphertext refused token=1338896867: ciphertext buffer full
[mlkem_channel] ciphertext buffered token=2886511953 nonce_prefix=034a3dcb
[mlkem_channel] ciphertext refused token=1200049377: ciphertext buffer full
[mlkem_channel] ciphertext refused token=231332640: ciphertext buffer full
[mlkem_channel] ciphertext refused token=326402710: ciphertext buffer full
[mlkem_channel] ciphertext refused token=2888415702: ciphertext buffer full
[mlkem_channel] ciphertext refused token=1991021467: ciphertext buffer full
[mlkem_channel] ciphertext buffered token=1114258274 nonce_prefix=6e9533c3
[mlkem_channel] ciphertext refused token=8518143: ciphertext buffer full
[mlkem_channel] ciphertext refused token=504566074: ciphertext buffer full
[mlkem_channel] ciphertext refused token=325834118: ciphertext buffer full
[mlkem_channel] ciphertext refused token=3400487308: ciphertext buffer full
[mlkem_channel] ciphertext refused token=100299833: ciphertext buffer full
[mlkem_channel] ciphertext refused token=4090896918: ciphertext buffer full
[mlkem_channel] ciphertext refused token=2826733479: ciphertext buffer full
[mlkem_channel] ciphertext buffered token=3106423276 nonce_prefix=f54f1535
[mlkem_channel] ciphertext refused token=1242860674: ciphertext buffer full
[mlkem_channel] ciphertext refused token=2109352767: ciphertext buffer full
[mlkem_channel] ciphertext refused token=552994427: ciphertext buffer full
[mlkem_channel] ciphertext refused token=2733518343: ciphertext buffer full
[mlkem_channel] ciphertext buffered token=608014576 nonce_prefix=87da382c
[mlkem_channel] ciphertext refused token=4224650932: ciphertext buffer full
[mlkem_channel] ciphertext refused token=622077334: ciphertext buffer full
[mlkem_channel] ciphertext refused token=3016952210: ciphertext buffer full
[mlkem_channel] ciphertext buffered token=1768895175 nonce_prefix=9d218639
[mlkem_channel] ciphertext refused token=1151852676: ciphertext buffer full
[mlkem_channel] ciphertext refused token=3135059592: ciphertext buffer full
[mlkem_channel] ciphertext refused token=780474666: ciphertext buffer full
[mlkem_channel] ciphertext refused token=1711000151: ciphertext buffer full
[mlkem_channel] ciphertext buffered token=432832497 nonce_prefix=5deaf192
[mlkem_channel] ciphertext refused token=94272887: ciphertext buffer full
[mlkem_channel] ciphertext buffered token=57539514 nonce_prefix=52a2a74a
[mlkem_channel] ciphertext buffered token=970850331 nonce_prefix=db4e3058
[mlkem_channel] ciphertext buffered token=3032388949 nonce_prefix=8a1ac38b
[mlkem_channel] ciphertext buffered token=4067280085 nonce_prefix=30f716be
[mlkem_channel] ciphertext buffered token=3906384657 nonce_prefix=6cd1a5c5
[mlkem_channel] ciphertext refused token=3548382521: ciphertext buffer full
[mlkem_channel] ciphertext refused token=2997947405: ciphertext buffer full
[mlkem_channel] ciphertext buffered token=3042198142 nonce_prefix=5b3d288b
[mlkem_channel] ciphertext refused token=1198815379: ciphertext buffer full
[mlkem_channel] ciphertext buffered token=2393808591 nonce_prefix=60b7ea4c
[mlkem_channel] ciphertext refused token=611543230: ciphertext buffer full
[mlkem_channel] ciphertext buffered token=3646591089 nonce_prefix=e244a6c6
[mlkem_channel] ciphertext refused token=1496859702: ciphertext buffer full
[mlkem_channel] ciphertext refused token=893872655: ciphertext buffer full
[mlkem_channel] ciphertext refused token=3410640317: ciphertext buffer full
[mlkem_channel] ciphertext refused token=482741466: ciphertext buffer full
[mlkem_channel] ciphertext refused token=3438292715: ciphertext buffer full
[mlkem_channel] ciphertext buffered token=1565016867 nonce_prefix=dede0f7f
[mlkem_channel] ciphertext refused token=751236220: ciphertext buffer full
[mlkem_channel] ciphertext refused token=3641833706: ciphertext buffer full
[mlkem_channel] ciphertext refused token=789854165: ciphertext buffer full
[mlkem_channel] ciphertext refused token=191956012: ciphertext buffer full
[mlkem_channel] ciphertext refused token=1772034274: ciphertext buffer full
[mlkem_channel] ciphertext refused token=423604530: ciphertext buffer full
[mlkem_channel] ciphertext refused token=3401743081: ciphertext buffer full
[mlkem_channel] ciphertext refused token=2357456731: ciphertext buffer full
[mlkem_channel] ciphertext refused token=2315090187: ciphertext buffer full
[mlkem_channel] ciphertext refused token=772183549: ciphertext buffer full
[mlkem_channel] ciphertext buffered token=2653423531 nonce_prefix=c1ba50c6
[mlkem_channel] ciphertext refused token=1130880401: ciphertext buffer full
[mlkem_channel] ciphertext refused token=442684161: ciphertext buffer full
[mlkem_channel] ciphertext buffered token=1505024104 nonce_prefix=9cfc96fb
[mlkem_channel] ciphertext refused token=1839635251: ciphertext buffer full
[mlkem_channel] ciphertext refused token=1427067059: ciphertext buffer full
[mlkem_channel] ciphertext refused token=2722604822: ciphertext buffer full
[mlkem_channel] ciphertext refused token=2765580076: ciphertext buffer full
[mlkem_channel] ciphertext buffered token=299879669 nonce_prefix=e9b0fe67
[mlkem_channel] ciphertext refused token=3631075331: ciphertext buffer full
[mlkem_channel] ciphertext refused token=2901262287: ciphertext buffer full
[mlkem_channel] ciphertext refused token=1528099954: ciphertext buffer full
[mlkem_channel] ciphertext refused token=1605233319: ciphertext buffer full
[mlkem_channel] ciphertext buffered token=2804653656 nonce_prefix=d794e7ce
[mlkem_channel] ciphertext refused token=2372591701: ciphertext buffer full
[mlkem_channel] ciphertext refused token=967497203: ciphertext buffer full
[mlkem_channel] ciphertext buffered token=2828446476 nonce_prefix=d9d1c4b6
[mlkem_channel] ciphertext buffered token=1121971059 nonce_prefix=4c9010f1
[mlkem_channel] ciphertext refused token=1969637932: ciphertext buffer full
[mlkem_channel] ciphertext refused token=621663207: ciphertext buffer full
[mlkem_channel] ciphertext refused token=2523880870: ciphertext buffer full
[mlkem_channel] ciphertext refused token=1931149771: ciphertext buffer full
[mlkem_channel] ciphertext buffered token=2475920061 nonce_prefix=5d764086
[mlkem_channel] ciphertext refused token=824732203: ciphertext buffer full
[mlkem_channel] ciphertext refused token=1584317428: ciphertext buffer full
[mlkem_channel] ciphertext buffered token=4100546697 nonce_prefix=50abe1fd
[mlkem_channel] ciphertext refused token=4007950593: ciphertext buffer full
[mlkem_channel] ciphertext buffered token=3899545205 nonce_prefix=07a26f7b
[mlkem_channel] ciphertext refused token=3685465706: ciphertext buffer full
[mlkem_channel] ciphertext buffered token=2905680778 nonce_prefix=576d82d1
[mlkem_channel] ciphertext refused token=2185906165: ciphertext buffer full
[mlkem_channel] ciphertext buffered token=140282171 nonce_prefix=b51d652d
[mlkem_channel] ciphertext refused token=3995870963: ciphertext buffer full
[mlkem_channel] ciphertext refused token=1386043173: ciphertext buffer full
[mlkem_channel] ciphertext refused token=67193289: ciphertext buffer full
[mlkem_channel] ciphertext refused token=3760462361: ciphertext buffer full
[mlkem_channel] ciphertext buffered token=4209242387 nonce_prefix=a065ec6c
[mlkem_channel] ciphertext refused token=1023680786: ciphertext buffer full
[mlkem_channel] ciphertext refused token=2230210573: ciphertext buffer full
[mlkem_channel] ciphertext buffered token=2363781493 nonce_prefix=89850732
[mlkem_channel] ciphertext buffered token=1340932411 nonce_prefix=82b0c547
[mlkem_channel] ciphertext buffered token=4008280644 nonce_prefix=7eb18524
[mlkem_channel] ciphertext buffered token=4188790593 nonce_prefix=2b07f1bd
[mlkem_channel] ciphertext buffered token=3534172596 nonce_prefix=760ea3f8
[mlkem_channel] ciphertext buffered token=216791137 nonce_prefix=ed9e16e9
[mlkem_channel] ciphertext buffered token=2953955859 nonce_prefix=9489a5ca
[mlkem_channel] ciphertext buffered token=1015027898 nonce_prefix=2053d02d
[mlkem_channel] ciphertext buffered token=2275952594 nonce_prefix=27a8416b
[mlkem_channel] ciphertext buffered token=2495453504 nonce_prefix=9ad1eb8c
[mlkem_channel] ciphertext buffered token=2722389644 nonce_prefix=443bb257
[mlkem_channel] ciphertext buffered token=2570533669 nonce_prefix=4104f41a
[mlkem_channel] ciphertext buffered token=707803844 nonce_prefix=19d095a1
[mlkem_channel] ciphertext buffered token=1855279287 nonce_prefix=09ad7f4c
[mlkem_channel] ciphertext buffered token=4020721662 nonce_prefix=0cd5f2a3
[mlkem_channel] ciphertext refused token=759512994: ciphertext buffer full
[mlkem_channel] ciphertext buffered token=1225061959 nonce_prefix=a957c9cc
[mlkem_channel] ciphertext refused token=1762003714: ciphertext buffer full
[mlkem_channel] ciphertext buffered token=1925147835 nonce_prefix=9cfe12f9
[mlkem_channel] ciphertext refused token=4293771570: ciphertext buffer full
[mlkem_channel] ciphertext buffered token=381091780 nonce_prefix=37937457
[mlkem_channel] ciphertext buffered token=4272792141 nonce_prefix=3b48b3a5
[mlkem_channel] ciphertext refused token=3616677005: ciphertext buffer full
[mlkem_channel] ciphertext buffered token=318706559 nonce_prefix=810db4b0
[mlkem_channel] ciphertext refused token=3142660446: ciphertext buffer full
[mlkem_channel] ciphertext buffered token=4212079816 nonce_prefix=7426bca5
[mlkem_channel] ciphertext refused token=413753070: ciphertext buffer full
[mlkem_channel] ciphertext refused token=810199742: ciphertext buffer full
[mlkem_channel] ciphertext buffered token=1447540087 nonce_prefix=fcc70f15
[mlkem_channel] ciphertext buffered token=766618520 nonce_prefix=8d8d788d
[mlkem_channel] ciphertext buffered token=3433768553 nonce_prefix=b1af7065
[mlkem_channel] ciphertext refused token=3216805671: ciphertext buffer full
[mlkem_channel] ciphertext refused token=719225031: ciphertext buffer full
[mlkem_channel] ciphertext buffered token=2945285499 nonce_prefix=dc5464f3
[mlkem_channel] ciphertext refused token=2136793804: ciphertext buffer full
[mlkem_channel] ciphertext refused token=4174528072: ciphertext buffer full
[mlkem_channel] ciphertext buffered token=1672577578 nonce_prefix=2e5022d6
[mlkem_channel] ciphertext refused token=1444875876: ciphertext buffer full
[mlkem_channel] ciphertext buffered token=3350984648 nonce_prefix=e905a55f
[mlkem_channel] ciphertext refused token=4179173646: ciphertext buffer full
[mlkem_channel] ciphertext refused token=87473988: ciphertext buffer full
[mlkem_channel] ciphertext buffered token=2015332419 nonce_prefix=10d21f9e
[mlkem_channel] ciphertext buffered token=3024740189 nonce_prefix=a88c4906
[mlkem_channel] ciphertext refused token=2463846554: ciphertext buffer full
[mlkem_channel] ciphertext refused token=2915658886: ciphertext buffer full
[mlkem_channel] ciphertext buffered token=1853390718 nonce_prefix=5b961813
[mlkem_channel] ciphertext buffered token=4118152698 nonce_prefix=842dc3a1
[mlkem_channel] ciphertext buffered token=3007346098 nonce_prefix=c7471340
[mlkem_channel] ciphertext refused token=3334370672: ciphertext buffer full
[mlkem_channel] ciphertext refused token=1531290572: ciphertext buffer full
[mlkem_channel] ciphertext refused token=1995558405: ciphertext buffer full
[mlkem_channel] ciphertext buffered token=1971641965 nonce_prefix=d9750c65
[mlkem_channel] ciphertext buffered token=2301270366 nonce_prefix=3c8036f0
[mlkem_channel] ciphertext refused token=3784324330: ciphertext buffer full
[mlkem_channel] ciphertext buffered token=3993083297 nonce_prefix=1683b32c
[mlkem_channel] ciphertext buffered token=149645373 nonce_prefix=954b72a2
[mlkem_channel] ciphertext refused token=4210339654: ciphertext buffer full
[mlkem_channel] ciphertext buffered token=2246645939 nonce_prefix=f5696aac
[mlkem_channel] ciphertext refused token=1720970643: ciphertext buffer full
[mlkem_channel] ciphertext buffered token=1869142149 nonce_prefix=a7834b49
[mlkem_channel] ciphertext refused token=3787219843: ciphertext buffer full
[mlkem_channel] ciphertext refused token=2867448761: ciphertext buffer full
[mlkem_channel] ciphertext buffered token=2991652299 nonce_prefix=20f185ae
[mlkem_channel] ciphertext refused token=617944461: ciphertext buffer full
[mlkem_channel] ciphertext refused token=427333959: ciphertext buffer full
[mlkem_channel] ciphertext refused token=1005695491: ciphertext buffer full
[mlkem_channel] ciphertext buffered token=2652183105 nonce_prefix=2b0bdf6d
[mlkem_channel] ciphertext refused token=1378234927: ciphertext buffer full
[mlkem_channel] ciphertext refused token=3144163388: ciphertext buffer full
[mlkem_channel] ciphertext buffered token=2762201081 nonce_prefix=007de059
[mlkem_channel] ciphertext buffered token=3352026531 nonce_prefix=37c5126f
[mlkem_channel] ciphertext refused token=620486226: ciphertext buffer full
[mlkem_channel] ciphertext refused token=1584046713: ciphertext buffer full
[mlkem_channel] ciphertext buffered token=2010468569 nonce_prefix=8c6e7f13
[mlkem_channel] ciphertext refused token=2303607272: ciphertext buffer full
[mlkem_channel] ciphertext buffered token=3620883876 nonce_prefix=c136e450
[mlkem_channel] ciphertext buffered token=2541796036 nonce_prefix=41b1d99b
[mlkem_channel] ciphertext refused token=3526164834: ciphertext buffer full
[mlkem_channel] ciphertext refused token=108947306: ciphertext buffer full
[mlkem_channel] ciphertext buffered token=3506114707 nonce_prefix=fb5c0eb7
[mlkem_channel] ciphertext refused token=515645330: ciphertext buffer full
[mlkem_channel] ciphertext refused token=1957386210: ciphertext buffer full
[mlkem_channel] ciphertext refused token=3983292528: ciphertext buffer full
[mlkem_channel] ciphertext refused token=2839549600: ciphertext buffer full
[mlkem_channel] ciphertext buffered token=2540179357 nonce_prefix=cfb5a224
[mlkem_channel] ciphertext refused token=3964243224: ciphertext buffer full
[mlkem_channel] ciphertext refused token=169068114: ciphertext buffer full
[mlkem_channel] ciphertext refused token=2430934573: ciphertext buffer full
[mlkem_channel] ciphertext buffered token=643811360 nonce_prefix=52476aae
[mlkem_channel] ciphertext buffered token=1052261079 nonce_prefix=da626585
[mlkem_channel] ciphertext refused token=943231572: ciphertext buffer full
[mlkem_channel] ciphertext refused token=3774559363: ciphertext buffer full
[mlkem_channel] ciphertext refused token=3842048017: ciphertext buffer full
[mlkem_channel] ciphertext refused token=519705170: ciphertext buffer full
[mlkem_channel] ciphertext refused token=2318027683: ciphertext buffer full
[mlkem_channel] ciphertext buffered token=918107935 nonce_prefix=31eece24
[mlkem_channel] ciphertext refused token=4276979359: ciphertext buffer full
[mlkem_channel] ciphertext buffered token=3901608037 nonce_prefix=5f012a3e
[mlkem_channel] ciphertext refused token=4123471593: ciphertext buffer full
[mlkem_channel] ciphertext buffered token=1969580791 nonce_prefix=f241297b
[mlkem_channel] ciphertext buffered token=4174177479 nonce_prefix=8a147f5b
[mlkem_channel] ciphertext refused token=610217098: ciphertext buffer full
[mlkem_channel] ciphertext refused token=3261147: ciphertext buffer full
[mlkem_channel] ciphertext refused token=2378116195: ciphertext buffer full
[mlkem_channel] ciphertext buffered token=3478358208 nonce_prefix=228bb1fe
[mlkem_channel] ciphertext buffered token=3726193644 nonce_prefix=95f06cd2
[mlkem_channel] ciphertext buffered token=1173692682 nonce_prefix=955dcb85
[mlkem_channel] ciphertext refused token=3831399029: ciphertext buffer full
[mlkem_channel] ciphertext refused token=3697111559: ciphertext buffer full
[mlkem_channel] ciphertext buffered token=195898036 nonce_prefix=fa35ddfd
[mlkem_channel] ciphertext refused token=2096088391: ciphertext buffer full
[mlkem_channel] ciphertext refused token=619151084: ciphertext buffer full
[mlkem_channel] ciphertext buffered token=1909959246 nonce_prefix=ad6590f8
[mlkem_channel] ciphertext refused token=356600691: ciphertext buffer full
[mlkem_channel] ciphertext refused token=4220013058: ciphertext buffer full
[mlkem_channel] ciphertext refused token=3112983770: ciphertext buffer full
[mlkem_channel] ciphertext refused token=3660760438: ciphertext buffer full
[mlkem_channel] ciphertext buffered token=2919611354 nonce_prefix=deadc6b9
[mlkem_channel] ciphertext refused token=1518422681: ciphertext buffer full
[mlkem_channel] ciphertext refused token=3596647876: ciphertext buffer full
[mlkem_channel] ciphertext refused token=3677186944: ciphertext buffer full
[mlkem_channel] ciphertext refused token=1543243615: ciphertext buffer full
[mlkem_channel] ciphertext buffered token=2528450190 nonce_prefix=276545f2
[mlkem_channel] ciphertext refused token=1268126000: ciphertext buffer full
[mlkem_channel] ciphertext refused token=374213253: ciphertext buffer full
[mlkem_channel] ciphertext buffered token=471301478 nonce_prefix=60711192
[mlkem_channel] ciphertext refused token=1471204532: ciphertext buffer full
[mlkem_channel] ciphertext buffered token=3931530953 nonce_prefix=54a0d16e
[mlkem_channel] ciphertext buffered token=3072069103 nonce_prefix=1a9728bb
[mlkem_channel] ciphertext buffered token=2243027906 nonce_prefix=62fe2de0
[mlkem_channel] ciphertext buffered token=3114396371 nonce_prefix=ff4ae21a
[mlkem_channel] ciphertext buffered token=1504662998 nonce_prefix=39f1a912
[mlkem_channel] ciphertext buffered token=793038297 nonce_prefix=23ac6526
[mlkem_channel] ciphertext buffered token=528023948 nonce_prefix=162fb073
[mlkem_channel] ciphertext buffered token=3661419038 nonce_prefix=5d10b6df
[mlkem_channel] ciphertext buffered token=180468443 nonce_prefix=e0a8ed97
[mlkem_channel] ciphertext buffered token=3350417126 nonce_prefix=0d9c0090
[mlkem_channel] ciphertext buffered token=3092733074 nonce_prefix=15ce1caa
[mlkem_channel] ciphertext buffered token=1062940328 nonce_prefix=a1881e49
[mlkem_channel] ciphertext buffered token=1554708924 nonce_prefix=6597e6c9
[mlkem_channel] ciphertext buffered token=1378267834 nonce_prefix=dd669843
[mlkem_channel] ciphertext buffered token=349036865 nonce_prefix=523909ef
[mlkem_channel] ciphertext buffered token=3939602850 nonce_prefix=595cde41
[mlkem_channel] ciphertext buffered token=4073199348 nonce_prefix=3f8f728c
[mlkem_channel] ciphertext buffered token=3367429022 nonce_prefix=ae746157
[mlkem_channel] ciphertext buffered token=1114488440 nonce_prefix=89d94629
[mlkem_channel] ciphertext buffered token=964531634 nonce_prefix=d353140d
[mlkem_channel] ciphertext buffered token=4282303282 nonce_prefix=85fac53a
[mlkem_channel] ciphertext buffered token=2487881616 nonce_prefix=ea4efd3b
[mlkem_channel] ciphertext buffered token=2489624980 nonce_prefix=a8e26a56
[mlkem_channel] ciphertext buffered token=2112849146 nonce_prefix=5719f84a
[mlkem_channel] ciphertext buffered token=3780437145 nonce_prefix=0e5cbf5d
[mlkem_channel] ciphertext buffered token=4291322317 nonce_prefix=85dee6ff
[mlkem_channel] ciphertext buffered token=597975296 nonce_prefix=d427b300
[mlkem_channel] ciphertext buffered token=1195308701 nonce_prefix=d403db99
[mlkem_channel] ciphertext buffered token=1927631020 nonce_prefix=86c30b34
[mlkem_channel] ciphertext buffered token=3651165782 nonce_prefix=cde01396
[mlkem_channel] ciphertext buffered token=1588780274 nonce_prefix=018f4e28
[mlkem_channel] ciphertext buffered token=3340740795 nonce_prefix=02f36311
[mlkem_channel] ciphertext buffered token=1473674916 nonce_prefix=0e704765
[mlkem_channel] ciphertext buffered token=3584663434 nonce_prefix=4620d590
[mlkem_channel] ciphertext buffered token=1321544863 nonce_prefix=39104e98
[mlkem_channel] ciphertext buffered token=618723516 nonce_prefix=88aa4621
[mlkem_channel] ciphertext buffered token=236512184 nonce_prefix=2890251a
[mlkem_channel] ciphertext buffered token=3685959204 nonce_prefix=b1c77dfd
[mlkem_channel] ciphertext buffered token=853157466 nonce_prefix=4755dc6d
[mlkem_channel] ciphertext buffered token=2840447699 nonce_prefix=c400cb34
[mlkem_channel] ciphertext buffered token=3262391780 nonce_prefix=796a1e10
[mlkem_channel] ciphertext buffered token=1842400284 nonce_prefix=7d1bdae1
[mlkem_channel] ciphertext buffered token=3947382852 nonce_prefix=59945e65
[mlkem_channel] ciphertext buffered token=37644215 nonce_prefix=0029e081
[mlkem_channel] ciphertext buffered token=2151979352 nonce_prefix=a391eb98
[mlkem_channel] ciphertext buffered token=2793741426 nonce_prefix=38da5183
[mlkem_channel] ciphertext buffered token=599874271 nonce_prefix=cbefc1e8
[mlkem_channel] ciphertext buffered token=1689187153 nonce_prefix=a8185308
[mlkem_channel] ciphertext buffered token=145328230 nonce_prefix=7bad7f9b
[mlkem_channel] ciphertext buffered token=2182904092 nonce_prefix=ef425cc3
[mlkem_channel] ciphertext buffered token=926318681 nonce_prefix=7f6c9762
[mlkem_channel] ciphertext buffered token=1516817708 nonce_prefix=e0cc40df
[mlkem_channel] ciphertext buffered token=853902046 nonce_prefix=b8f4406d
[mlkem_channel] ciphertext buffered token=3302166634 nonce_prefix=286fb665
[mlkem_channel] ciphertext buffered token=1323382398 nonce_prefix=a19db8e1
[mlkem_channel] ciphertext buffered token=3857164731 nonce_prefix=3eccc2ee
[mlkem_channel] ciphertext buffered token=2930732349 nonce_prefix=92f2adee
[mlkem_channel] ciphertext buffered token=1441285741 nonce_prefix=8b2515a5
[mlkem_channel] ciphertext buffered token=2211953593 nonce_prefix=44889e6f
[mlkem_channel] ciphertext buffered token=520584870 nonce_prefix=c13a5c37
[mlkem_channel] ciphertext buffered token=2163814907 nonce_prefix=425e293c
[mlkem_channel] ciphertext buffered token=3512562429 nonce_prefix=512ac51b
[mlkem_channel] ciphertext buffered token=1900471198 nonce_prefix=8b5eb4ba
[mlkem_channel] ciphertext buffered token=3961930373 nonce_prefix=4cd762af
[mlkem_channel] ciphertext buffered token=928817254 nonce_prefix=18a5feee
[mlkem_channel] ciphertext buffered token=3578434032 nonce_prefix=90b9f491
[mlkem_channel] ciphertext buffered token=931215556 nonce_prefix=cb1da424
[mlkem_channel] ciphertext buffered token=2313057188 nonce_prefix=848b71fe
[mlkem_channel] ciphertext buffered token=3018585521 nonce_prefix=fe1fe291
[mlkem_channel] ciphertext buffered token=1002370662 nonce_prefix=3048ea80
[mlkem_channel] ciphertext buffered token=1747061433 nonce_prefix=ddc5035d
[mlkem_channel] ciphertext buffered token=1253516389 nonce_prefix=afbd8313
[mlkem_channel] ciphertext buffered token=3268350753 nonce_prefix=c6a36110
[mlkem_channel] ciphertext buffered token=632839297 nonce_prefix=2a411d62
[mlkem_channel] ciphertext buffered token=1219314765 nonce_prefix=cc83ef19
[mlkem_channel] ciphertext buffered token=1387560110 nonce_prefix=7affd814
[mlkem_channel] ciphertext buffered token=1694044724 nonce_prefix=ecc40fe6
[mlkem_channel] ciphertext buffered token=1085363787 nonce_prefix=f7903e1d
[mlkem_channel] ciphertext buffered token=267981371 nonce_prefix=d953d916
[mlkem_channel] ciphertext refused token=2504305167: ciphertext buffer full
[mlkem_channel] ciphertext buffered token=3971930548 nonce_prefix=7431bfae
[mlkem_channel] ciphertext refused token=1017968156: ciphertext buffer full
[mlkem_channel] ciphertext buffered token=2237462861 nonce_prefix=a6776b9d
[mlkem_channel] ciphertext buffered token=3164928673 nonce_prefix=cd24cd60
[mlkem_channel] ciphertext refused token=286507733: ciphertext buffer full
[mlkem_channel] ciphertext refused token=1880946123: ciphertext buffer full
[mlkem_channel] ciphertext buffered token=2677424450 nonce_prefix=bc70ee39
[mlkem_channel] ciphertext refused token=1609768032: ciphertext buffer full
[mlkem_channel] ciphertext buffered token=1024993938 nonce_prefix=d242a387
[mlkem_channel] ciphertext refused token=293803836: ciphertext buffer full
[mlkem_channel] ciphertext buffered token=2551590096 nonce_prefix=60f8a2cf
[mlkem_channel] ciphertext refused token=2698090129: ciphertext buffer full
[mlkem_channel] ciphertext refused token=512388968: ciphertext buffer full
[mlkem_channel] ciphertext refused token=2360567939: ciphertext buffer full
[mlkem_channel] ciphertext buffered token=4247879032 nonce_prefix=3cfa3aa6
[mlkem_channel] ciphertext refused token=640983702: ciphertext buffer full
[mlkem_channel] ciphertext refused token=2046829848: ciphertext buffer full
[mlkem_channel] ciphertext buffered token=3447128930 nonce_prefix=0814cb72
[mlkem_channel] ciphertext refused token=1985807652: ciphertext buffer full
[mlkem_channel] ciphertext refused token=1976848075: ciphertext buffer full
[mlkem_channel] ciphertext buffered token=1939059718 nonce_prefix=091fef81
[mlkem_channel] ciphertext refused token=3436563664: ciphertext buffer full
[mlkem_channel] ciphertext refused token=870062705: ciphertext buffer full
[mlkem_channel] ciphertext buffered token=1308846255 nonce_prefix=7c58e297
[mlkem_channel] ciphertext refused token=4062285686: ciphertext buffer full
[mlkem_channel] ciphertext refused token=3412460729: ciphertext buffer full
[mlkem_channel] ciphertext buffered token=383027438 nonce_prefix=17c8ca31
[mlkem_channel] ciphertext buffered token=2685637048 nonce_prefix=03132112
[mlkem_channel] ciphertext refused token=1481841564: ciphertext buffer full
[mlkem_channel] ciphertext refused token=1966847334: ciphertext buffer full
[mlkem_channel] ciphertext buffered token=442623258 nonce_prefix=eb11b85e
[mlkem_channel] ciphertext buffered token=3451835335 nonce_prefix=3c5a23d6
[mlkem_channel] ciphertext refused token=3160385576: ciphertext buffer full
[mlkem_channel] ciphertext buffered token=1287284902 nonce_prefix=451079a3
[mlkem_channel] ciphertext refused token=2656946778: ciphertext buffer full
[mlkem_channel] ciphertext buffered token=4233184849 nonce_prefix=27ae8c9e
[mlkem_channel] ciphertext buffered token=2415198962 nonce_prefix=c1b7087d
[mlkem_channel] ciphertext buffered token=3485197672 nonce_prefix=b0f59942
[mlkem_channel] ciphertext buffered token=160830213 nonce_prefix=c4bc0952
[mlkem_channel] ciphertext buffered token=4252469748 nonce_prefix=4c36e8c4
[mlkem_channel] ciphertext buffered token=2316415924 nonce_prefix=c032e875
[mlkem_channel] ciphertext buffered token=1842412031 nonce_prefix=69785aa6
[mlkem_channel] ciphertext buffered token=3868915903 nonce_prefix=af1d63da
[mlkem_channel] ciphertext buffered token=2963251944 nonce_prefix=95fd61a9
[mlkem_channel] ciphertext buffered token=370471737 nonce_prefix=92a611f7
[mlkem_channel] ciphertext refused token=2030293460: ciphertext buffer full
[mlkem_channel] ciphertext refused token=4014542042: ciphertext buffer full
[mlkem_channel] ciphertext refused token=3112539076: ciphertext buffer full
[mlkem_channel] ciphertext refused token=972597936: ciphertext buffer full
[mlkem_channel] ciphertext refused token=1271755001: ciphertext buffer full
[mlkem_channel] ciphertext refused token=1041546298: ciphertext buffer full
[mlkem_channel] ciphertext refused token=3773070080: ciphertext buffer full
[mlkem_channel] ciphertext refused token=3906638097: ciphertext buffer full
[mlkem_channel] ciphertext refused token=547921892: ciphertext buffer full
[mlkem_channel] ciphertext refused token=2312747566: ciphertext buffer full
[mlkem_channel] ciphertext refused token=3828660022: ciphertext buffer full
[mlkem_channel] ciphertext refused token=889215364: ciphertext buffer full
[mlkem_channel] ciphertext refused token=53760506: ciphertext buffer full
[mlkem_channel] ciphertext refused token=1989196167: ciphertext buffer full
[mlkem_channel] ciphertext refused token=4007803621: ciphertext buffer full
[mlkem_channel] ciphertext refused token=665334867: ciphertext buffer full
[mlkem_channel] ciphertext refused token=3474177734: ciphertext buffer full
[mlkem_channel] ciphertext refused token=1282678128: ciphertext buffer full
[mlkem_channel] ciphertext refused token=3701438459: ciphertext buffer full
[mlkem_channel] ciphertext refused token=611042541: ciphertext buffer full
[mlkem_channel] ciphertext refused token=1418067692: ciphertext buffer full
[mlkem_channel] ciphertext refused token=2267353582: ciphertext buffer full
[mlkem_channel] ciphertext refused token=3679489456: ciphertext buffer full
[mlkem_channel] ciphertext refused token=710937045: ciphertext buffer full
[mlkem_channel] ciphertext refused token=1422317809: ciphertext buffer full
[mlkem_channel] ciphertext refused token=1434854163: ciphertext buffer full
[mlkem_channel] ciphertext refused token=53965786: ciphertext buffer full
[mlkem_channel] ciphertext refused token=1348093035: ciphertext buffer full
[mlkem_channel] ciphertext refused token=4138172264: ciphertext buffer full
[mlkem_channel] ciphertext refused token=1338572316: ciphertext buffer full
[mlkem_channel] ciphertext refused token=2940995159: ciphertext buffer full
[mlkem_channel] ciphertext refused token=3023687752: ciphertext buffer full
[mlkem_channel] ciphertext refused token=4004890254: ciphertext buffer full
[mlkem_channel] ciphertext refused token=1938142493: ciphertext buffer full
[mlkem_channel] ciphertext refused token=3147155210: ciphertext buffer full
[mlkem_channel] ciphertext refused token=1293864584: ciphertext buffer full
[mlkem_channel] ciphertext refused token=3939369632: ciphertext buffer full
[mlkem_channel] ciphertext refused token=886719335: ciphertext buffer full
[mlkem_channel] ciphertext refused token=903044198: ciphertext buffer full
[mlkem_channel] ciphertext refused token=2813014116: ciphertext buffer full
[mlkem_channel] ciphertext refused token=1984569474: ciphertext buffer full
[mlkem_channel] ciphertext refused token=1878034815: ciphertext buffer full
[mlkem_channel] ciphertext refused token=781205707: ciphertext buffer full
[mlkem_channel] ciphertext refused token=2998739023: ciphertext buffer full
[mlkem_channel] ciphertext refused token=4287172069: ciphertext buffer full
[mlkem_channel] ciphertext refused token=3345329981: ciphertext buffer full
[mlkem_channel] ciphertext refused token=3348027994: ciphertext buffer full
[mlkem_channel] ciphertext refused token=1290523319: ciphertext buffer full
[mlkem_channel] ciphertext refused token=821844557: ciphertext buffer full
[mlkem_channel] ciphertext refused token=1357569915: ciphertext buffer full
[mlkem_channel] ciphertext refused token=1091398675: ciphertext buffer full
[mlkem_channel] ciphertext refused token=416835196: ciphertext buffer full
[mlkem_channel] ciphertext refused token=2732225702: ciphertext buffer full
[mlkem_channel] ciphertext refused token=2509453523: ciphertext buffer full
[mlkem_channel] ciphertext refused token=3147020447: ciphertext buffer full
[mlkem_channel] ciphertext refused token=547647079: ciphertext buffer full
[mlkem_channel] ciphertext refused token=231300098: ciphertext buffer full
[mlkem_channel] ciphertext refused token=3699621140: ciphertext buffer full
[mlkem_channel] ciphertext refused token=1322239067: ciphertext buffer full
[mlkem_channel] ciphertext refused token=3443420195: ciphertext buffer full
[mlkem_channel] ciphertext refused token=2396094506: ciphertext buffer full
[mlkem_channel] ciphertext refused token=2873760936: ciphertext buffer full
[mlkem_channel] ciphertext refused token=3173787238: ciphertext buffer full
[mlkem_channel] ciphertext refused token=2757239668: ciphertext buffer full
[mlkem_channel] ciphertext refused token=2928039998: ciphertext buffer full
[mlkem_channel] ciphertext refused token=447616935: ciphertext buffer full
[mlkem_channel] ciphertext refused token=716737971: ciphertext buffer full
[mlkem_channel] ciphertext refused token=2813309883: ciphertext buffer full
[mlkem_channel] ciphertext refused token=502162988: ciphertext buffer full
[mlkem_channel] ciphertext refused token=2124053702: ciphertext buffer full
[mlkem_channel] ciphertext refused token=2843770842: ciphertext buffer full
[mlkem_channel] ciphertext refused token=2671803225: ciphertext buffer full
[mlkem_channel] ciphertext refused token=2577917199: ciphertext buffer full
[mlkem_channel] ciphertext refused token=2329143133: ciphertext buffer full
[mlkem_channel] ciphertext refused token=4270854477: ciphertext buffer full
[mlkem_channel] ciphertext refused token=2562402909: ciphertext buffer full
[mlkem_channel] ciphertext refused token=2064406645: ciphertext buffer full
[mlkem_channel] ciphertext refused token=2661848262: ciphertext buffer full
[mlkem_channel] ciphertext refused token=2096391682: ciphertext buffer full
[mlkem_channel] ciphertext refused token=325258786: ciphertext buffer full
[mlkem_channel] ciphertext refused token=1961405148: ciphertext buffer full
[mlkem_channel] ciphertext refused token=1254077694: ciphertext buffer full
[mlkem_channel] ciphertext refused token=1622253486: ciphertext buffer full
[mlkem_channel] ciphertext refused token=486020786: ciphertext buffer full
[mlkem_channel] ciphertext refused token=1948838501: ciphertext buffer full
[mlkem_channel] ciphertext refused token=1154807829: ciphertext buffer full
[mlkem_channel] ciphertext refused token=2229672165: ciphertext buffer full
[mlkem_channel] ciphertext refused token=3834217811: ciphertext buffer full
[mlkem_channel] ciphertext refused token=4143748047: ciphertext buffer full
[mlkem_channel] ciphertext refused token=350914239: ciphertext buffer full
[mlkem_channel] ciphertext refused token=2381945848: ciphertext buffer full
[mlkem_channel] ciphertext refused token=1374234335: ciphertext buffer full
[mlkem_channel] ciphertext refused token=3147507441: ciphertext buffer full
[mlkem_channel] ciphertext refused token=1118198103: ciphertext buffer full
[mlkem_channel] ciphertext refused token=2567450210: ciphertext buffer full
[mlkem_channel] ciphertext refused token=989057144: ciphertext buffer full
[mlkem_channel] ciphertext refused token=59908364: ciphertext buffer full
[mlkem_channel] ciphertext refused token=4189955940: ciphertext buffer full
[mlkem_channel] ciphertext refused token=4274132705: ciphertext buffer full
[mlkem_channel] ciphertext refused token=3359200950: ciphertext buffer full
[mlkem_channel] ciphertext refused token=3834941561: ciphertext buffer full
[mlkem_channel] ciphertext refused token=2937275162: ciphertext buffer full
[mlkem_channel] ciphertext refused token=1059136639: ciphertext buffer full
[mlkem_channel] ciphertext refused token=333197272: ciphertext buffer full
[mlkem_channel] ciphertext refused token=1585683099: ciphertext buffer full
[mlkem_channel] ciphertext refused token=2852465051: ciphertext buffer full
[mlkem_channel] ciphertext refused token=3826777318: ciphertext buffer full
[mlkem_channel] ciphertext refused token=4171758000: ciphertext buffer full
[mlkem_channel] ciphertext refused token=3476022279: ciphertext buffer full
[mlkem_channel] ciphertext refused token=2130999182: ciphertext buffer full
[mlkem_channel] ciphertext refused token=2219053576: ciphertext buffer full
[mlkem_channel] ciphertext buffered token=3617086979 nonce_prefix=4487a0d1
[mlkem_channel] ciphertext refused token=4182853735: ciphertext buffer full
[mlkem_channel] ciphertext refused token=3696895905: ciphertext buffer full
[mlkem_channel] ciphertext refused token=965834930: ciphertext buffer full
[mlkem_channel] ciphertext refused token=1903343279: ciphertext buffer full
[mlkem_channel] ciphertext refused token=4248903051: ciphertext buffer full
[mlkem_channel] ciphertext refused token=1152887039: ciphertext buffer full
[mlkem_channel] ciphertext buffered token=515931720 nonce_prefix=d2748bcd
[mlkem_channel] ciphertext buffered token=3663024411 nonce_prefix=9218d0de
[mlkem_channel] ciphertext refused token=1540253018: ciphertext buffer full
[mlkem_channel] ciphertext refused token=3888990587: ciphertext buffer full
[mlkem_channel] ciphertext refused token=941912808: ciphertext buffer full
[mlkem_channel] ciphertext refused token=2572399590: ciphertext buffer full
[mlkem_channel] ciphertext buffered token=625889948 nonce_prefix=cf64e66a
[mlkem_channel] ciphertext refused token=1704091547: ciphertext buffer full
[mlkem_channel] ciphertext refused token=2152705915: ciphertext buffer full
[mlkem_channel] ciphertext refused token=1951348850: ciphertext buffer full
[mlkem_channel] ciphertext refused token=3969934658: ciphertext buffer full
[mlkem_channel] ciphertext refused token=3247182450: ciphertext buffer full
[mlkem_channel] ciphertext buffered token=4168407089 nonce_prefix=fd2e226a
[mlkem_channel] ciphertext refused token=2526326657: ciphertext buffer full
[mlkem_channel] ciphertext buffered token=684393421 nonce_prefix=34a5d82c
[mlkem_channel] ciphertext refused token=1769569306: ciphertext buffer full
[mlkem_channel] ciphertext refused token=17338627: ciphertext buffer full
[mlkem_channel] ciphertext refused token=3733168375: ciphertext buffer full
[mlkem_channel] ciphertext buffered token=1536353697 nonce_prefix=59897049
[mlkem_channel] ciphertext buffered token=1136244482 nonce_prefix=5a8b4cf2
[mlkem_channel] ciphertext refused token=352665683: ciphertext buffer full
[mlkem_channel] ciphertext buffered token=2967350413 nonce_prefix=9a5b5644
[mlkem_channel] ciphertext buffered token=4197136939 nonce_prefix=be27e343
[mlkem_channel] ciphertext buffered token=591266691 nonce_prefix=003fee46
[mlkem_channel] ciphertext buffered token=1013909118 nonce_prefix=505d13c8
[mlkem_channel] ciphertext refused token=2459401875: ciphertext buffer full
[mlkem_channel] ciphertext refused token=3284741277: ciphertext buffer full
[mlkem_channel] ciphertext refused token=2618325211: ciphertext buffer full
[mlkem_channel] ciphertext refused token=3573212201: ciphertext buffer full
[mlkem_channel] ciphertext refused token=3458133297: ciphertext buffer full
[mlkem_channel] ciphertext refused token=1076714778: ciphertext buffer full
[mlkem_channel] ciphertext buffered token=3459859353 nonce_prefix=2c97f32d
[mlkem_channel] ciphertext buffered token=1419560854 nonce_prefix=2b352a4f
[mlkem_channel] ciphertext refused token=3003816419: ciphertext buffer full
[mlkem_channel] ciphertext refused token=3109683363: ciphertext buffer full
[mlkem_channel] ciphertext refused token=729891805: ciphertext buffer full
[mlkem_channel] ciphertext refused token=1936674872: ciphertext buffer full
[mlkem_channel] ciphertext refused token=2511238654: ciphertext buffer full
[mlkem_channel] ciphertext refused token=457525318: ciphertext buffer full
[mlkem_channel] ciphertext refused token=4064528714: ciphertext buffer full
[mlkem_channel] ciphertext buffered token=1531936175 nonce_prefix=ae68b97c
[mlkem_channel] ciphertext refused token=1838851963: ciphertext buffer full
[mlkem_channel] ciphertext refused token=1666623888: ciphertext buffer full
[mlkem_channel] ciphertext refused token=3298770622: ciphertext buffer full
[mlkem_channel] ciphertext buffered token=2997028580 nonce_prefix=e41bcf4f
[mlkem_channel] ciphertext refused token=653042728: ciphertext buffer full
[mlkem_channel] ciphertext refused token=4123888428: ciphertext buffer full
[mlkem_channel] ciphertext refused token=4018045752: ciphertext buffer full
[mlkem_channel] ciphertext refused token=3797600419: ciphertext buffer full
[mlkem_channel] ciphertext buffered token=2320489045 nonce_prefix=a1c7e8e1
[mlkem_channel] ciphertext refused token=344347703: ciphertext buffer full
[mlkem_channel] ciphertext refused token=3068457082: ciphertext buffer full
[mlkem_channel] ciphertext refused token=4186845733: ciphertext buffer full
[mlkem_channel] ciphertext refused token=2639212013: ciphertext buffer full
[mlkem_channel] ciphertext refused token=145224693: ciphertext buffer full
[mlkem_channel] ciphertext refused token=2121741641: ciphertext buffer full
[mlkem_channel] ciphertext buffered token=1933260952 nonce_prefix=894fbbb8
[mlkem_channel] ciphertext refused token=3408998180: ciphertext buffer full
[mlkem_channel] ciphertext buffered token=2174666361 nonce_prefix=3ec698e7
[mlkem_channel] ciphertext refused token=1274241935: ciphertext buffer full
[mlkem_channel] ciphertext refused token=4043751224: ciphertext buffer full
[mlkem_channel] ciphertext refused token=4156926401: ciphertext buffer full
[mlkem_channel] ciphertext refused token=1874594876: ciphertext buffer full
[mlkem_channel] ciphertext buffered token=1084690404 nonce_prefix=26540608
[mlkem_channel] ciphertext buffered token=1617710325 nonce_prefix=7c09c108
[mlkem_channel] ciphertext buffered token=4064886253 nonce_prefix=26495600
[mlkem_channel] ciphertext refused token=2196060532: ciphertext buffer full
[mlkem_channel] ciphertext buffered token=1094403316 nonce_prefix=8d3cdf67
[mlkem_channel] ciphertext refused token=2254387515: ciphertext buffer full
[mlkem_channel] ciphertext refused token=2591516770: ciphertext buffer full
[mlkem_channel] ciphertext refused token=1464901264: ciphertext buffer full
[mlkem_channel] ciphertext refused token=2282114703: ciphertext buffer full
[mlkem_channel] ciphertext buffered token=3083683348 nonce_prefix=7ea50362
[mlkem_channel] ciphertext refused token=2825759364: ciphertext buffer full
[mlkem_channel] ciphertext refused token=3843608924: ciphertext buffer full
[mlkem_channel] ciphertext refused token=3118172138: ciphertext buffer full
[mlkem_channel] ciphertext buffered token=570644208 nonce_prefix=da9b1165
[mlkem_channel] ciphertext refused token=236338616: ciphertext buffer full
[mlkem_channel] ciphertext refused token=3293962969: ciphertext buffer full
[mlkem_channel] ciphertext refused token=3501697498: ciphertext buffer full
[mlkem_channel] ciphertext buffered token=1623590992 nonce_prefix=928729c1
[mlkem_channel] ciphertext refused token=2717011657: ciphertext buffer full
[mlkem_channel] ciphertext refused token=2217210287: ciphertext buffer full
[mlkem_channel] ciphertext refused token=1368886722: ciphertext buffer full
[mlkem_channel] ciphertext refused token=4056510010: ciphertext buffer full
[mlkem_channel] ciphertext refused token=4200822677: ciphertext buffer full
[mlkem_channel] ciphertext refused token=162573257: ciphertext buffer full
[mlkem_channel] ciphertext buffered token=3827347061 nonce_prefix=10bb305d
[mlkem_channel] ciphertext refused token=786224124: ciphertext buffer full
[mlkem_channel] ciphertext refused token=1381787464: ciphertext buffer full
[mlkem_channel] ciphertext refused token=3131152575: ciphertext buffer full
[mlkem_channel] ciphertext refused token=1778586767: ciphertext buffer full
[mlkem_channel] ciphertext refused token=3510432632: ciphertext buffer full
[mlkem_channel] ciphertext buffered token=793168385 nonce_prefix=0c2604d2
[mlkem_channel] ciphertext refused token=2181581646: ciphertext buffer full
[mlkem_channel] ciphertext buffered token=2637353036 nonce_prefix=1213722f
[mlkem_channel] ciphertext buffered token=2650194954 nonce_prefix=9da857d1
[mlkem_channel] ciphertext buffered token=253194425 nonce_prefix=87084869
[mlkem_channel] ciphertext refused token=177442528: ciphertext buffer full
[mlkem_channel] ciphertext refused token=2250350772: ciphertext buffer full
[mlkem_channel] ciphertext buffered token=1723398879 nonce_prefix=b4d54e39
[mlkem_channel] ciphertext buffered token=518845598 nonce_prefix=2edb1b04
[mlkem_channel] ciphertext buffered token=522476885 nonce_prefix=b012b85c
[mlkem_channel] ciphertext buffered token=2393270096 nonce_prefix=8dce77c7
[mlkem_channel] ciphertext buffered token=2897906961 nonce_prefix=c997d65b
[mlkem_channel] ciphertext buffered token=409664341 nonce_prefix=c4b8f36b
[mlkem_channel] ciphertext buffered token=4143629173 nonce_prefix=36f032cc
[mlkem_channel] ciphertext buffered token=2700554847 nonce_prefix=96d9651c
[mlkem_channel] ciphertext buffered token=2829057670 nonce_prefix=21a21717
[mlkem_channel] ciphertext buffered token=4108864627 nonce_prefix=522a3344
[mlkem_channel] ciphertext refused token=3818878161: ciphertext buffer full
[mlkem_channel] ciphertext buffered token=2485090543 nonce_prefix=486610d8
[mlkem_channel] ciphertext refused token=2265758223: ciphertext buffer full
[mlkem_channel] ciphertext refused token=2789779495: ciphertext buffer full
[mlkem_channel] ciphertext refused token=1846187897: ciphertext buffer full
[mlkem_channel] ciphertext refused token=3473494500: ciphertext buffer full
[mlkem_channel] ciphertext refused token=1811788877: ciphertext buffer full
[mlkem_channel] ciphertext buffered token=4280556580 nonce_prefix=b6b43d73
[mlkem_channel] ciphertext buffered token=666330167 nonce_prefix=9a4368cd
[mlkem_channel] ciphertext buffered token=1217713440 nonce_prefix=a326d8c0
[mlkem_channel] ciphertext refused token=1945786311: ciphertext buffer full
[mlkem_channel] ciphertext refused token=1584823602: ciphertext buffer full
[mlkem_channel] ciphertext refused token=3207945078: ciphertext buffer full
[mlkem_channel] ciphertext buffered token=2399097085 nonce_prefix=7658777e
[mlkem_channel] ciphertext refused token=1567044372: ciphertext buffer full
[mlkem_channel] ciphertext refused token=2937803367: ciphertext buffer full
[mlkem_channel] ciphertext refused token=4165896837: ciphertext buffer full
[mlkem_channel] ciphertext refused token=2659870622: ciphertext buffer full
[mlkem_channel] ciphertext buffered token=3280658974 nonce_prefix=3218c6e1
[mlkem_channel] ciphertext refused token=859854815: ciphertext buffer full
[mlkem_channel] ciphertext refused token=2359628620: ciphertext buffer full
[mlkem_channel] ciphertext refused token=4261422005: ciphertext buffer full
[mlkem_channel] ciphertext refused token=1409682794: ciphertext buffer full
[mlkem_channel] ciphertext refused token=2077981415: ciphertext buffer full
[mlkem_channel] ciphertext buffered token=2527324324 nonce_prefix=cc2ad24b
[mlkem_channel] ciphertext refused token=3160010868: ciphertext buffer full
[mlkem_channel] ciphertext refused token=707316416: ciphertext buffer full
[mlkem_channel] ciphertext buffered token=858745998 nonce_prefix=471e3c40
[mlkem_channel] ciphertext refused token=1989164292: ciphertext buffer full
[mlkem_channel] ciphertext refused token=2739224752: ciphertext buffer full
[mlkem_channel] ciphertext refused token=3545709730: ciphertext buffer full
[mlkem_channel] ciphertext refused token=1346907253: ciphertext buffer full
[mlkem_channel] ciphertext buffered token=1863125680 nonce_prefix=55331220
[mlkem_channel] ciphertext refused token=738674288: ciphertext buffer full
[mlkem_channel] ciphertext refused token=3332113601: ciphertext buffer full
[mlkem_channel] ciphertext refused token=997422570: ciphertext buffer full
[mlkem_channel] ciphertext refused token=809040183: ciphertext buffer full
[mlkem_channel] ciphertext refused token=2553344205: ciphertext buffer full
[mlkem_channel] ciphertext refused token=2278113849: ciphertext buffer full
[mlkem_channel] ciphertext refused token=2530375704: ciphertext buffer full
[mlkem_channel] ciphertext refused token=2135936395: ciphertext buffer full
[mlkem_channel] ciphertext refused token=3637377884: ciphertext buffer full
[mlkem_channel] ciphertext refused token=414775789: ciphertext buffer full
[mlkem_channel] ciphertext buffered token=1038023359 nonce_prefix=f4eff4ea
[mlkem_channel] ciphertext refused token=1185402602: ciphertext buffer full
[mlkem_channel] ciphertext refused token=2333983441: ciphertext buffer full
[mlkem_channel] ciphertext refused token=3473316860: ciphertext buffer full
[mlkem_channel] ciphertext refused token=3290586280: ciphertext buffer full
[mlkem_channel] ciphertext refused token=2953020382: ciphertext buffer full
[mlkem_channel] ciphertext refused token=1100945933: ciphertext buffer full
[mlkem_channel] ciphertext refused token=2610532649: ciphertext buffer full
[mlkem_channel] ciphertext refused token=3885904365: ciphertext buffer full
[mlkem_channel] ciphertext refused token=3692555132: ciphertext buffer full
[mlkem_channel] ciphertext refused token=3569323720: ciphertext buffer full
[mlkem_channel] ciphertext refused token=3104736704: ciphertext buffer full
[mlkem_channel] ciphertext refused token=232555532: ciphertext buffer full
[mlkem_channel] ciphertext refused token=3516375412: ciphertext buffer full
[mlkem_channel] ciphertext refused token=1006363542: ciphertext buffer full
[mlkem_channel] ciphertext refused token=1577090327: ciphertext buffer full
[mlkem_channel] ciphertext refused token=4267649646: ciphertext buffer full
[mlkem_channel] ciphertext refused token=693204515: ciphertext buffer full
[mlkem_channel] ciphertext refused token=4121593465: ciphertext buffer full
[mlkem_channel] ciphertext refused token=1834369608: ciphertext buffer full
[mlkem_channel] ciphertext buffered token=3088663519 nonce_prefix=b962109e
[mlkem_channel] ciphertext refused token=368515561: ciphertext buffer full
[mlkem_channel] ciphertext refused token=2140219544: ciphertext buffer full
[mlkem_channel] ciphertext refused token=2679713994: ciphertext buffer full
[mlkem_channel] ciphertext refused token=3251274280: ciphertext buffer full
[mlkem_channel] ciphertext refused token=2855549604: ciphertext buffer full
[mlkem_channel] ciphertext refused token=738230851: ciphertext buffer full
[mlkem_channel] ciphertext refused token=1461725792: ciphertext buffer full
[mlkem_channel] ciphertext refused token=1441057922: ciphertext buffer full
[mlkem_channel] ciphertext buffered token=44038600 nonce_prefix=43ae993f
[mlkem_channel] ciphertext refused token=4039860772: ciphertext buffer full
[mlkem_channel] ciphertext refused token=107782049: ciphertext buffer full
[mlkem_channel] ciphertext refused token=2470491677: ciphertext buffer full
[mlkem_channel] ciphertext refused token=3951854689: ciphertext buffer full
[mlkem_channel] ciphertext refused token=4249668217: ciphertext buffer full
[mlkem_channel] ciphertext refused token=1101149911: ciphertext buffer full
[mlkem_channel] ciphertext refused token=712783522: ciphertext buffer full
[mlkem_channel] ciphertext buffered token=3267599189 nonce_prefix=cb5f951c
[mlkem_channel] ciphertext refused token=2024200258: ciphertext buffer full
[mlkem_channel] ciphertext refused token=1298947613: ciphertext buffer full
[mlkem_channel] ciphertext refused token=161630680: ciphertext buffer full
[mlkem_channel] ciphertext refused token=1006606929: ciphertext buffer full
[mlkem_channel] ciphertext refused token=2665108273: ciphertext buffer full
[mlkem_channel] ciphertext refused token=2780531535: ciphertext buffer full
[mlkem_channel] ciphertext refused token=2548061436: ciphertext buffer full
[mlkem_channel] ciphertext buffered token=1909330359 nonce_prefix=f20accb6
[mlkem_channel] ciphertext refused token=2995321943: ciphertext buffer full
[mlkem_channel] ciphertext refused token=2784691604: ciphertext buffer full
[mlkem_channel] ciphertext refused token=740648241: ciphertext buffer full
[mlkem_channel] ciphertext buffered token=3121689805 nonce_prefix=12df68ca
[mlkem_channel] ciphertext refused token=2826785018: ciphertext buffer full
[mlkem_channel] ciphertext buffered token=1144914461 nonce_prefix=0142f051
[mlkem_channel] ciphertext refused token=1239454696: ciphertext buffer full
[mlkem_channel] ciphertext refused token=3665421273: ciphertext buffer full
[mlkem_channel] ciphertext refused token=216560247: ciphertext buffer full
[mlkem_channel] ciphertext refused token=409481174: ciphertext buffer full
[mlkem_channel] ciphertext buffered token=1343827614 nonce_prefix=c91380d5
[mlkem_channel] ciphertext refused token=228784115: ciphertext buffer full
[mlkem_channel] ciphertext refused token=2988434771: ciphertext buffer full
[mlkem_channel] ciphertext buffered token=2556975020 nonce_prefix=f2d93ed8
[mlkem_channel] ciphertext refused token=294030105: ciphertext buffer full
[mlkem_channel] ciphertext buffered token=1741568662 nonce_prefix=e13a46eb
[mlkem_channel] ciphertext refused token=807509723: ciphertext buffer full
[mlkem_channel] ciphertext refused token=3074957225: ciphertext buffer full
[mlkem_channel] ciphertext refused token=3308408779: ciphertext buffer full
[mlkem_channel] ciphertext buffered token=849278689 nonce_prefix=22bb4fbf
[mlkem_channel] ciphertext refused token=2536638994: ciphertext buffer full
[mlkem_channel] ciphertext refused token=1169187104: ciphertext buffer full
[mlkem_channel] ciphertext refused token=1285385969: ciphertext buffer full
[mlkem_channel] ciphertext buffered token=3004238140 nonce_prefix=61ff36ef
[mlkem_channel] ciphertext refused token=829009663: ciphertext buffer full
[mlkem_channel] ciphertext refused token=4095802581: ciphertext buffer full
[mlkem_channel] ciphertext refused token=631603046: ciphertext buffer full
[mlkem_channel] ciphertext buffered token=1638934065 nonce_prefix=9b922720
[mlkem_channel] ciphertext refused token=1374336536: ciphertext buffer full
[mlkem_channel] ciphertext refused token=567986604: ciphertext buffer full
[mlkem_channel] ciphertext refused token=507169568: ciphertext buffer full
[mlkem_channel] ciphertext buffered token=3263801433 nonce_prefix=7a97195a
[mlkem_channel] ciphertext refused token=2781318711: ciphertext buffer full
[mlkem_channel] ciphertext refused token=2426020157: ciphertext buffer full
[mlkem_channel] ciphertext buffered token=181511925 nonce_prefix=eacb3992
[mlkem_channel] ciphertext refused token=3178050095: ciphertext buffer full
[mlkem_channel] ciphertext refused token=667723356: ciphertext buffer full
[mlkem_channel] ciphertext refused token=4156240464: ciphertext buffer full
[mlkem_channel] ciphertext buffered token=880106323 nonce_prefix=711d54d3
[mlkem_channel] ciphertext refused token=3297378928: ciphertext buffer full
[mlkem_channel] ciphertext refused token=1953102186: ciphertext buffer full
[mlkem_channel] ciphertext refused token=198413347: ciphertext buffer full
[mlkem_channel] ciphertext buffered token=3943200863 nonce_prefix=5b498614
[mlkem_channel] ciphertext refused token=2687077729: ciphertext buffer full
[mlkem_channel] ciphertext refused token=3739480015: ciphertext buffer full
[mlkem_channel] ciphertext buffered token=238761651 nonce_prefix=48330c07
[mlkem_channel] ciphertext refused token=4127674758: ciphertext buffer full
[mlkem_channel] ciphertext buffered token=150034524 nonce_prefix=a2dc739e
[mlkem_channel] ciphertext refused token=3233045765: ciphertext buffer full
[mlkem_channel] ciphertext refused token=2480414707: ciphertext buffer full
[mlkem_channel] ciphertext refused token=1279083483: ciphertext buffer full
[mlkem_channel] ciphertext refused token=3443508985: ciphertext buffer full
[mlkem_channel] ciphertext refused token=14093950: ciphertext buffer full
[mlkem_channel] ciphertext refused token=2664335101: ciphertext buffer full
[mlkem_channel] ciphertext refused token=3015143188: ciphertext buffer full
[mlkem_channel] ciphertext refused token=2133600258: ciphertext buffer full
[mlkem_channel] ciphertext buffered token=2843431181 nonce_prefix=987cb715
[mlkem_channel] ciphertext refused token=3965202365: ciphertext buffer full
[mlkem_channel] ciphertext refused token=3229082477: ciphertext buffer full
[mlkem_channel] ciphertext refused token=2233347170: ciphertext buffer full
[mlkem_channel] ciphertext buffered token=2665280628 nonce_prefix=8a4d882d
[mlkem_channel] ciphertext refused token=2988407778: ciphertext buffer full
[mlkem_channel] ciphertext buffered token=3441336406 nonce_prefix=d0271974
[mlkem_channel] ciphertext refused token=1783487955: ciphertext buffer full
[mlkem_channel] ciphertext refused token=2528707757: ciphertext buffer full
[mlkem_channel] ciphertext buffered token=1099247109 nonce_prefix=7188f17b
[mlkem_channel] ciphertext buffered token=1015588087 nonce_prefix=5e311900
[mlkem_channel] ciphertext buffered token=3871714046 nonce_prefix=b3c24797
[mlkem_channel] ciphertext refused token=3655960711: ciphertext buffer full
[mlkem_channel] ciphertext refused token=2427198669: ciphertext buffer full
[mlkem_channel] ciphertext buffered token=283998220 nonce_prefix=66358f2d
[mlkem_channel] ciphertext refused token=4209334370: ciphertext buffer full
[mlkem_channel] ciphertext buffered token=331972226 nonce_prefix=d923ab4c
[mlkem_channel] ciphertext refused token=1104703782: ciphertext buffer full
[mlkem_channel] ciphertext buffered token=3021047105 nonce_prefix=582bf3b5
[mlkem_channel] ciphertext refused token=2886953837: ciphertext buffer full
[mlkem_channel] ciphertext buffered token=1261805040 nonce_prefix=9d9d00e8
[mlkem_channel] ciphertext refused token=4124342466: ciphertext buffer full
[mlkem_channel] ciphertext refused token=3917308215: ciphertext buffer full
[mlkem_channel] ciphertext refused token=4004094797: ciphertext buffer full
[mlkem_channel] ciphertext buffered token=2588741252 nonce_prefix=a647e083
[mlkem_channel] ciphertext refused token=2830475058: ciphertext buffer full
[mlkem_channel] ciphertext refused token=1759120891: ciphertext buffer full
[mlkem_channel] ciphertext refused token=525128669: ciphertext buffer full
[mlkem_channel] ciphertext buffered token=2864863252 nonce_prefix=5c37e943
[mlkem_channel] ciphertext refused token=1715092083: ciphertext buffer full
[mlkem_channel] ciphertext buffered token=3658166627 nonce_prefix=3193c115
[mlkem_channel] ciphertext refused token=3863210617: ciphertext buffer full
[mlkem_channel] ciphertext refused token=3002561186: ciphertext buffer full
[mlkem_channel] ciphertext buffered token=4099900211 nonce_prefix=cc81eef7
[mlkem_channel] ciphertext refused token=2749514407: ciphertext buffer full
[mlkem_channel] ciphertext refused token=4214620471: ciphertext buffer full
[mlkem_channel] ciphertext refused token=2607337045: ciphertext buffer full
[mlkem_channel] ciphertext buffered token=1410127971 nonce_prefix=65094a10
[mlkem_channel] ciphertext buffered token=929269647 nonce_prefix=124cc02c
[mlkem_channel] ciphertext refused token=3801403729: ciphertext buffer full
[mlkem_channel] ciphertext refused token=1478284596: ciphertext buffer full
[mlkem_channel] ciphertext refused token=336967005: ciphertext buffer full
[mlkem_channel] ciphertext buffered token=4206288161 nonce_prefix=56c7eb94
[mlkem_channel] ciphertext refused token=3008308964: ciphertext buffer full
[mlkem_channel] ciphertext refused token=2184252363: ciphertext buffer full
[mlkem_channel] ciphertext buffered token=1547880731 nonce_prefix=135aea77
[mlkem_channel] ciphertext refused token=3295366178: ciphertext buffer full
[mlkem_channel] ciphertext buffered token=3109041263 nonce_prefix=1dc7740f
[mlkem_channel] ciphertext refused token=602452687: ciphertext buffer full
[mlkem_channel] ciphertext buffered token=3870030892 nonce_prefix=ba666cdb
[mlkem_channel] ciphertext buffered token=1423560245 nonce_prefix=50c7a805
[mlkem_channel] ciphertext refused token=3208445053: ciphertext buffer full
[mlkem_channel] ciphertext refused token=4198054196: ciphertext buffer full
[mlkem_channel] ciphertext buffered token=2625207602 nonce_prefix=4428687d
[mlkem_channel] ciphertext buffered token=862101388 nonce_prefix=e1d9f494
[mlkem_channel] ciphertext buffered token=3393577509 nonce_prefix=8b3d31dc
[mlkem_channel] ciphertext buffered token=2747117037 nonce_prefix=b9ace5ef
[mlkem_channel] ciphertext buffered token=233277923 nonce_prefix=d57f1ce0
[mlkem_channel] ciphertext buffered token=685780235 nonce_prefix=a122e18a
[mlkem_channel] ciphertext buffered token=2397979059 nonce_prefix=a95a5cb5
[mlkem_channel] ciphertext buffered token=2060505412 nonce_prefix=1c0fc251
[mlkem_channel] ciphertext buffered token=1168113058 nonce_prefix=c3dddd26
[mlkem_channel] ciphertext buffered token=2371592887 nonce_prefix=9f7d7239
[mlkem_channel] ciphertext buffered token=3719037526 nonce_prefix=5ee7469f
[mlkem_channel] ciphertext buffered token=3592216270 nonce_prefix=ddcecb72
[mlkem_channel] ciphertext buffered token=3026874850 nonce_prefix=c96b299f
[mlkem_channel] ciphertext buffered token=3981707384 nonce_prefix=e111938b
[mlkem_channel] ciphertext buffered token=2509990385 nonce_prefix=96d63150
[mlkem_channel] ciphertext buffered token=790664051 nonce_prefix=10bf1cd9
[mlkem_channel] ciphertext buffered token=1144431520 nonce_prefix=89c9a1f8
[mlkem_channel] ciphertext buffered token=412497149 nonce_prefix=97f36a26
[mlkem_channel] ciphertext buffered token=328977767 nonce_prefix=4ab2f05a
[mlkem_channel] ciphertext buffered token=2483485815 nonce_prefix=bba1633f
[mlkem_channel] ciphertext buffered token=2878101383 nonce_prefix=4d7a05cd
[mlkem_channel] ciphertext buffered token=1784522763 nonce_prefix=2d0ec276
[mlkem_channel] ciphertext refused token=3675641567: ciphertext buffer full
[mlkem_channel] ciphertext buffered token=1572529260 nonce_prefix=1d60d938
[mlkem_channel] ciphertext buffered token=2740204746 nonce_prefix=7f7abdc0
[mlkem_channel] ciphertext buffered token=2872392160 nonce_prefix=7bb3e231
[mlkem_channel] ciphertext refused token=1853795382: ciphertext buffer full
[mlkem_channel] ciphertext refused token=3721200176: ciphertext buffer full
[mlkem_channel] ciphertext buffered token=3501773075 nonce_prefix=ffb92087
[mlkem_channel] ciphertext refused token=3690029808: ciphertext buffer full
[mlkem_channel] ciphertext buffered token=1188128535 nonce_prefix=a07047ca
[mlkem_channel] ciphertext buffered token=3920183454 nonce_prefix=80d21702
[mlkem_channel] ciphertext refused token=2870534735: ciphertext buffer full
[mlkem_channel] ciphertext refused token=3944051404: ciphertext buffer full
[mlkem_channel] ciphertext refused token=3138293012: ciphertext buffer full
[mlkem_channel] ciphertext buffered token=745886886 nonce_prefix=8b8f6953
[mlkem_channel] ciphertext buffered token=1349121690 nonce_prefix=7e980f39
[mlkem_channel] ciphertext refused token=309280298: ciphertext buffer full
[mlkem_channel] ciphertext refused token=631308702: ciphertext buffer full
[mlkem_channel] ciphertext buffered token=4245193067 nonce_prefix=9595cf9c
[mlkem_channel] ciphertext buffered token=3957005384 nonce_prefix=115e7137
[mlkem_channel] ciphertext refused token=4240449456: ciphertext buffer full
[mlkem_channel] ciphertext buffered token=4167974101 nonce_prefix=d6f1648f
[mlkem_channel] ciphertext refused token=2728541646: ciphertext buffer full
[mlkem_channel] ciphertext refused token=121680671: ciphertext buffer full
[mlkem_channel] ciphertext refused token=4078935764: ciphertext buffer full
[mlkem_channel] ciphertext refused token=599511158: ciphertext buffer full
[mlkem_channel] ciphertext refused token=2814572705: ciphertext buffer full
[mlkem_channel] ciphertext refused token=158610947: ciphertext buffer full
[mlkem_channel] ciphertext refused token=10742377: ciphertext buffer full
[mlkem_channel] ciphertext buffered token=1437419382 nonce_prefix=c0198a24
[mlkem_channel] ciphertext buffered token=1407822070 nonce_prefix=c36d266f
[mlkem_channel] ciphertext refused token=2200914230: ciphertext buffer full
[mlkem_channel] ciphertext buffered token=1242215859 nonce_prefix=d18205e9
[mlkem_channel] ciphertext buffered token=2455451313 nonce_prefix=230f06a7
[mlkem_channel] ciphertext refused token=1406600497: ciphertext buffer full
[mlkem_channel] ciphertext refused token=3871421015: ciphertext buffer full
[mlkem_channel] ciphertext buffered token=3024142410 nonce_prefix=ba9ecb25
[mlkem_channel] ciphertext refused token=799920571: ciphertext buffer full
[mlkem_channel] ciphertext refused token=3292011472: ciphertext buffer full
[mlkem_channel] ciphertext buffered token=514212904 nonce_prefix=1b3d7da7
[mlkem_channel] ciphertext refused token=2780568551: ciphertext buffer full
[mlkem_channel] ciphertext refused token=1672013460: ciphertext buffer full
[mlkem_channel] ciphertext refused token=2540931375: ciphertext buffer full
[mlkem_channel] ciphertext buffered token=3319711591 nonce_prefix=fdebbdf7
[mlkem_channel] ciphertext refused token=1144167640: ciphertext buffer full
[mlkem_channel] ciphertext refused token=70714828: ciphertext buffer full
[mlkem_channel] ciphertext refused token=3461279994: ciphertext buffer full
[mlkem_channel] ciphertext buffered token=3774849669 nonce_prefix=359878aa
[mlkem_channel] ciphertext refused token=1327886969: ciphertext buffer full
[mlkem_channel] ciphertext refused token=2408857858: ciphertext buffer full
[mlkem_channel] ciphertext buffered token=4266468357 nonce_prefix=99a0eff3
[mlkem_channel] ciphertext refused token=4150475524: ciphertext buffer full
[mlkem_channel] ciphertext buffered token=1332962199 nonce_prefix=c977c466
[mlkem_channel] ciphertext refused token=3804890128: ciphertext buffer full
[mlkem_channel] ciphertext refused token=2272389773: ciphertext buffer full
[mlkem_channel] ciphertext refused token=2736595314: ciphertext buffer full
[mlkem_channel] ciphertext refused token=3568762641: ciphertext buffer full
[mlkem_channel] ciphertext buffered token=1446580986 nonce_prefix=f1257466
[mlkem_channel] ciphertext refused token=3582694469: ciphertext buffer full
[mlkem_channel] ciphertext buffered token=916075915 nonce_prefix=417cc029
[mlkem_channel] ciphertext buffered token=3912865362 nonce_prefix=c3572c6e
[mlkem_channel] ciphertext refused token=3756009247: ciphertext buffer full
[mlkem_channel] ciphertext buffered token=1758924919 nonce_prefix=7d5c8f58
[mlkem_channel] ciphertext refused token=199191801: ciphertext buffer full
[mlkem_channel] ciphertext refused token=4217541664: ciphertext buffer full
[mlkem_channel] ciphertext buffered token=744882924 nonce_prefix=4ad52f57
[mlkem_channel] ciphertext refused token=2427747427: ciphertext buffer full
[mlkem_channel] ciphertext buffered token=3227643471 nonce_prefix=e4aec2e4
[mlkem_channel] ciphertext buffered token=2161669219 nonce_prefix=1aaf79f0
[mlkem_channel] ciphertext refused token=289325704: ciphertext buffer full
[mlkem_channel] ciphertext refused token=1796264164: ciphertext buffer full
[mlkem_channel] ciphertext refused token=2335320533: ciphertext buffer full
[mlkem_channel] ciphertext refused token=2268804114: ciphertext buffer full
[mlkem_channel] ciphertext refused token=530094659: ciphertext buffer full
[mlkem_channel] ciphertext buffered token=552974813 nonce_prefix=0921ed72
[mlkem_channel] ciphertext buffered token=1774896872 nonce_prefix=21cb23d2
[mlkem_channel] ciphertext refused token=1414456779: ciphertext buffer full
[mlkem_channel] ciphertext buffered token=1136530256 nonce_prefix=0247e6a2
[mlkem_channel] ciphertext buffered token=1925323858 nonce_prefix=04583d9e
[mlkem_channel] ciphertext refused token=2893911782: ciphertext buffer full
[mlkem_channel] ciphertext refused token=256252778: ciphertext buffer full
[mlkem_channel] ciphertext refused token=3966703738: ciphertext buffer full
[mlkem_channel] ciphertext refused token=2006152579: ciphertext buffer full
[mlkem_channel] ciphertext buffered token=1246259574 nonce_prefix=0e00c3ee
[mlkem_channel] ciphertext buffered token=360791830 nonce_prefix=ccac304a
[mlkem_channel] ciphertext refused token=1660558967: ciphertext buffer full
[mlkem_channel] ciphertext refused token=1581776096: ciphertext buffer full
[mlkem_channel] ciphertext buffered token=374981301 nonce_prefix=ac8eb8d7
[mlkem_channel] ciphertext refused token=276928089: ciphertext buffer full
[mlkem_channel] ciphertext refused token=794705697: ciphertext buffer full
[mlkem_channel] ciphertext buffered token=425851159 nonce_prefix=004a2f51
[mlkem_channel] ciphertext refused token=291301818: ciphertext buffer full
[mlkem_channel] ciphertext refused token=2229989019: ciphertext buffer full
[mlkem_channel] ciphertext buffered token=3085047697 nonce_prefix=58bba995
[mlkem_channel] ciphertext refused token=4062555049: ciphertext buffer full
[mlkem_channel] ciphertext buffered token=1115361982 nonce_prefix=7ae2e236
[mlkem_channel] ciphertext buffered token=1522830926 nonce_prefix=f41ba446
[mlkem_channel] ciphertext refused token=2599986199: ciphertext buffer full
[mlkem_channel] ciphertext buffered token=1507268214 nonce_prefix=35af7717
[mlkem_channel] ciphertext buffered token=1851486700 nonce_prefix=28ac8804
[mlkem_channel] ciphertext buffered token=3545248486 nonce_prefix=9fd18296
[mlkem_channel] ciphertext buffered token=927890664 nonce_prefix=9531813b
[mlkem_channel] ciphertext buffered token=2638293210 nonce_prefix=b9df3b21
[mlkem_channel] ciphertext buffered token=865765211 nonce_prefix=97f1fdfa
[mlkem_channel] ciphertext buffered token=2532874249 nonce_prefix=d7266e71
[mlkem_channel] ciphertext refused token=641333803: ciphertext buffer full
[mlkem_channel] ciphertext refused token=2577643971: ciphertext buffer full
[mlkem_channel] ciphertext buffered token=1766115946 nonce_prefix=ae23f32b
[mlkem_channel] ciphertext buffered token=222659392 nonce_prefix=8cf2664f
[mlkem_channel] ciphertext buffered token=4032653322 nonce_prefix=1310f337
[mlkem_channel] ciphertext buffered token=1523763908 nonce_prefix=563695b9
[mlkem_channel] ciphertext buffered token=930133362 nonce_prefix=35ae2b5b
[mlkem_channel] ciphertext buffered token=3577859532 nonce_prefix=7b008a01
[mlkem_channel] ciphertext buffered token=3487550904 nonce_prefix=b1112f9a
[mlkem_channel] ciphertext buffered token=3824279164 nonce_prefix=006c07b2
[mlkem_channel] ciphertext buffered token=1280536113 nonce_prefix=1d73e252
[mlkem_channel] ciphertext buffered token=183726124 nonce_prefix=ac634561
[mlkem_channel] ciphertext buffered token=2998435904 nonce_prefix=f251dac7
[mlkem_channel] ciphertext buffered token=2836748427 nonce_prefix=f85993f3
[mlkem_channel] ciphertext buffered token=2357755353 nonce_prefix=2b868bfb
[mlkem_channel] ciphertext refused token=1327542797: ciphertext buffer full
[mlkem_channel] ciphertext buffered token=3725501953 nonce_prefix=7a5ebdc5
[mlkem_channel] ciphertext refused token=156045744: ciphertext buffer full
[mlkem_channel] ciphertext buffered token=1902638767 nonce_prefix=b5b3f8a1
[mlkem_channel] ciphertext refused token=3875037477: ciphertext buffer full
[mlkem_channel] ciphertext refused token=801994326: ciphertext buffer full
[mlkem_channel] ciphertext buffered token=1868075456 nonce_prefix=233b2a15
[mlkem_channel] ciphertext refused token=1995740543: ciphertext buffer full
[mlkem_channel] ciphertext buffered token=2653721346 nonce_prefix=9e92b9fd
[mlkem_channel] ciphertext refused token=3350872778: ciphertext buffer full
[mlkem_channel] ciphertext refused token=3765898830: ciphertext buffer full
[mlkem_channel] ciphertext buffered token=3563729493 nonce_prefix=58f9927d
[mlkem_channel] ciphertext refused token=4229719089: ciphertext buffer full
[mlkem_channel] ciphertext refused token=1068232493: ciphertext buffer full
[mlkem_channel] ciphertext refused token=1496318005: ciphertext buffer full
[mlkem_channel] ciphertext buffered token=2128709273 nonce_prefix=2513e4df
[mlkem_channel] ciphertext buffered token=970859219 nonce_prefix=4150faf9
[mlkem_channel] ciphertext refused token=3328084272: ciphertext buffer full
[mlkem_channel] ciphertext buffered token=3186027003 nonce_prefix=5658c35c
[mlkem_channel] ciphertext refused token=358137049: ciphertext buffer full
[mlkem_channel] ciphertext buffered token=629971498 nonce_prefix=caeab448
[mlkem_channel] ciphertext buffered token=796406508 nonce_prefix=8fc667b7
[mlkem_channel] ciphertext buffered token=2502465677 nonce_prefix=57f3db29
[mlkem_channel] ciphertext buffered token=3814831916 nonce_prefix=682a39fc
[mlkem_channel] ciphertext buffered token=856746078 nonce_prefix=9fa8658c
[mlkem_channel] ciphertext buffered token=607543087 nonce_prefix=89b85bdd
[mlkem_channel] ciphertext buffered token=2964879847 nonce_prefix=95a19a7f
[mlkem_channel] ciphertext buffered token=223088761 nonce_prefix=89a3828a
[mlkem_channel] ciphertext buffered token=4268006503 nonce_prefix=15516109
[mlkem_channel] ciphertext buffered token=959942520 nonce_prefix=f697ed28
[mlkem_channel] ciphertext buffered token=3652108792 nonce_prefix=b746fd0d
[mlkem_channel] ciphertext buffered token=2294907384 nonce_prefix=acc6a31d
[mlkem_channel] ciphertext refused token=2835642139: ciphertext buffer full
[mlkem_channel] ciphertext refused token=715399348: ciphertext buffer full
[mlkem_channel] ciphertext refused token=369683063: ciphertext buffer full
[mlkem_channel] ciphertext buffered token=3264349760 nonce_prefix=ad43504d
[mlkem_channel] ciphertext refused token=1302873305: ciphertext buffer full
[mlkem_channel] ciphertext refused token=897257549: ciphertext buffer full
[mlkem_channel] ciphertext buffered token=661641761 nonce_prefix=ee52fc5b
[mlkem_channel] ciphertext refused token=2926115394: ciphertext buffer full
[mlkem_channel] ciphertext buffered token=3032112152 nonce_prefix=2dd254d5
[mlkem_channel] ciphertext refused token=3056640417: ciphertext buffer full
[mlkem_channel] ciphertext buffered token=2628824276 nonce_prefix=1085f2d5
[mlkem_channel] ciphertext refused token=1003877388: ciphertext buffer full
[mlkem_channel] ciphertext buffered token=3679646866 nonce_prefix=55b5248e
[mlkem_channel] ciphertext refused token=205303963: ciphertext buffer full
[mlkem_channel] ciphertext buffered token=2990090651 nonce_prefix=871c873e
[mlkem_channel] ciphertext buffered token=823489940 nonce_prefix=47688924
[mlkem_channel] ciphertext buffered token=268984752 nonce_prefix=f2af45b7
[mlkem_channel] ciphertext refused token=1812222861: ciphertext buffer full
[mlkem_channel] ciphertext buffered token=701088709 nonce_prefix=07287f04
[mlkem_channel] ciphertext buffered token=1914500971 nonce_prefix=b28e0b26
[mlkem_channel] ciphertext refused token=1900940043: ciphertext buffer full
[mlkem_channel] ciphertext buffered token=4062039867 nonce_prefix=0ba861e4
[mlkem_channel] ciphertext buffered token=3139473074 nonce_prefix=a3c8b6a0
[mlkem_channel] ciphertext buffered token=1917159792 nonce_prefix=7c240368
[mlkem_channel] ciphertext buffered token=2403650790 nonce_prefix=76603c19
[mlkem_channel] ciphertext buffered token=2605120482 nonce_prefix=a0ddc6b7
[mlkem_channel] ciphertext buffered token=1592222332 nonce_prefix=d59caf4f
[mlkem_channel] ciphertext buffered token=2183436068 nonce_prefix=034541af
[mlkem_channel] ciphertext buffered token=2066236280 nonce_prefix=ec1c73eb
[mlkem_channel] ciphertext buffered token=4284218325 nonce_prefix=d4df2333
[mlkem_channel] ciphertext buffered token=303733725 nonce_prefix=466d0177
[mlkem_channel] ciphertext buffered token=3717430754 nonce_prefix=daee54c5
[mlkem_channel] ciphertext buffered token=1195300579 nonce_prefix=31992b4e
[mlkem_channel] ciphertext buffered token=3315985 nonce_prefix=867d1355
[mlkem_channel] ciphertext buffered token=151138118 nonce_prefix=059ea878
[mlkem_channel] ciphertext buffered token=1715241002 nonce_prefix=f2e37e00
[mlkem_channel] ciphertext buffered token=1803943724 nonce_prefix=aa1e4a79
[mlkem_channel] ciphertext buffered token=760254040 nonce_prefix=f7a6ba68
[mlkem_channel] ciphertext buffered token=2465176570 nonce_prefix=f3cefb63
[mlkem_channel] ciphertext buffered token=2603429404 nonce_prefix=a25ee5c9
[mlkem_channel] ciphertext buffered token=2298129490 nonce_prefix=7e86ef30
[mlkem_channel] ciphertext buffered token=1398526726 nonce_prefix=b75ecc36
[mlkem_channel] ciphertext buffered token=2612323782 nonce_prefix=02c5c222
[mlkem_channel] ciphertext buffered token=4172197232 nonce_prefix=c0e9df0a
[mlkem_channel] ciphertext buffered token=3042224910 nonce_prefix=400ebe0c
[mlkem_channel] ciphertext buffered token=281160121 nonce_prefix=ce4fc7cc
[mlkem_channel] ciphertext buffered token=977364209 nonce_prefix=8b77348b
[mlkem_channel] ciphertext buffered token=1430438687 nonce_prefix=faa5bc1c
[mlkem_channel] ciphertext buffered token=627931141 nonce_prefix=ecf8e19d
[mlkem_channel] ciphertext buffered token=3213567251 nonce_prefix=b938664a
[mlkem_channel] ciphertext buffered token=1489051868 nonce_prefix=aecb7b55
[mlkem_channel] ciphertext buffered token=986396654 nonce_prefix=df4c2181
[mlkem_channel] ciphertext buffered token=1410519155 nonce_prefix=a144b9a6
[mlkem_channel] ciphertext buffered token=3310778124 nonce_prefix=8f771d48
[mlkem_channel] ciphertext buffered token=2213070576 nonce_prefix=15891ac2
[mlkem_channel] ciphertext buffered token=694430680 nonce_prefix=cd1c7192
[mlkem_channel] ciphertext buffered token=2638574645 nonce_prefix=8946064e
[mlkem_channel] ciphertext buffered token=4012268512 nonce_prefix=745383ce
[mlkem_channel] ciphertext buffered token=10325923 nonce_prefix=32ecc96c
[mlkem_channel] ciphertext buffered token=658728077 nonce_prefix=55ef4412
[mlkem_channel] ciphertext buffered token=1576953352 nonce_prefix=11ffbd52
[mlkem_channel] ciphertext buffered token=1947970648 nonce_prefix=3a9449c9
[mlkem_channel] ciphertext buffered token=1911018032 nonce_prefix=29fde39b
[mlkem_channel] ciphertext buffered token=589964252 nonce_prefix=601c3c18
[mlkem_channel] ciphertext buffered token=3434984479 nonce_prefix=e210a402
[mlkem_channel] ciphertext buffered token=3507171931 nonce_prefix=e0e46fbb
[mlkem_channel] ciphertext buffered token=2230075612 nonce_prefix=b1d3c058
[mlkem_channel] ciphertext buffered token=1681936341 nonce_prefix=85bcf9ac
[mlkem_channel] ciphertext buffered token=2862198700 nonce_prefix=77961ae2
[mlkem_channel] ciphertext buffered token=79883060 nonce_prefix=5e359571
[mlkem_channel] ciphertext buffered token=1146076369 nonce_prefix=81205826
[mlkem_channel] ciphertext buffered token=635710388 nonce_prefix=d850d553
[mlkem_channel] ciphertext buffered token=2798272329 nonce_prefix=04c6bd01
[mlkem_channel] ciphertext buffered token=771023998 nonce_prefix=018f8472
[mlkem_channel] ciphertext buffered token=919126929 nonce_prefix=2657b2c9
[mlkem_channel] ciphertext buffered token=1003733759 nonce_prefix=390d85c8
[mlkem_channel] ciphertext refused token=1649167915: ciphertext buffer full
[mlkem_channel] ciphertext refused token=2355624715: ciphertext buffer full
[mlkem_channel] ciphertext refused token=1127398454: ciphertext buffer full
[mlkem_channel] ciphertext refused token=3577076457: ciphertext buffer full
[mlkem_channel] ciphertext refused token=2397615438: ciphertext buffer full
[mlkem_channel] ciphertext refused token=2410532027: ciphertext buffer full
[mlkem_channel] ciphertext refused token=4018851236: ciphertext buffer full
[mlkem_channel] ciphertext refused token=2427674151: ciphertext buffer full
[mlkem_channel] ciphertext refused token=110749909: ciphertext buffer full
[mlkem_channel] ciphertext refused token=2945392127: ciphertext buffer full
[mlkem_channel] ciphertext refused token=3756266653: ciphertext buffer full
[mlkem_channel] ciphertext refused token=889532769: ciphertext buffer full
[mlkem_channel] ciphertext refused token=3421904408: ciphertext buffer full
[mlkem_channel] ciphertext refused token=3120853093: ciphertext buffer full
[mlkem_channel] ciphertext refused token=2251118376: ciphertext buffer full
[mlkem_channel] ciphertext refused token=3804553623: ciphertext buffer full
[mlkem_channel] ciphertext refused token=3391432085: ciphertext buffer full
[mlkem_channel] ciphertext refused token=2593056182: ciphertext buffer full
[mlkem_channel] ciphertext refused token=3728422614: ciphertext buffer full
[mlkem_channel] ciphertext refused token=542877672: ciphertext buffer full
[mlkem_channel] ciphertext refused token=133529235: ciphertext buffer full
[mlkem_channel] ciphertext refused token=462191021: ciphertext buffer full
[mlkem_channel] ciphertext refused token=3864352632: ciphertext buffer full
[mlkem_channel] ciphertext refused token=240708716: ciphertext buffer full
[mlkem_channel] ciphertext refused token=2881784540: ciphertext buffer full
[mlkem_channel] ciphertext refused token=3652862479: ciphertext buffer full
[mlkem_channel] ciphertext refused token=1042721740: ciphertext buffer full
[mlkem_channel] ciphertext refused token=98797807: ciphertext buffer full
[mlkem_channel] ciphertext refused token=572349652: ciphertext buffer full
[mlkem_channel] ciphertext refused token=2148742661: ciphertext buffer full
[mlkem_channel] ciphertext refused token=533309126: ciphertext buffer full
[mlkem_channel] ciphertext refused token=3243528747: ciphertext buffer full
[mlkem_channel] ciphertext refused token=2804573129: ciphertext buffer full
[mlkem_channel] ciphertext refused token=2124193732: ciphertext buffer full
[mlkem_channel] ciphertext refused token=2702519161: ciphertext buffer full
[mlkem_channel] ciphertext refused token=3120603669: ciphertext buffer full
[mlkem_channel] ciphertext refused token=2074348988: ciphertext buffer full
[mlkem_channel] ciphertext refused token=1354355064: ciphertext buffer full
[mlkem_channel] ciphertext refused token=2327945111: ciphertext buffer full
[mlkem_channel] ciphertext refused token=2141220011: ciphertext buffer full
[mlkem_channel] ciphertext refused token=4256497130: ciphertext buffer full
[mlkem_channel] ciphertext refused token=4155882996: ciphertext buffer full
[mlkem_channel] ciphertext refused token=660232089: ciphertext buffer full
[mlkem_channel] ciphertext refused token=3720853812: ciphertext buffer full
[mlkem_channel] ciphertext refused token=908207842: ciphertext buffer full
[mlkem_channel] ciphertext refused token=1146315636: ciphertext buffer full
[mlkem_channel] ciphertext refused token=469343103: ciphertext buffer full
[mlkem_channel] ciphertext refused token=785650696: ciphertext buffer full
[mlkem_channel] ciphertext refused token=1880065184: ciphertext buffer full
[mlkem_channel] ciphertext refused token=1365686092: ciphertext buffer full
[mlkem_channel] ciphertext refused token=3481384552: ciphertext buffer full
[mlkem_channel] ciphertext refused token=3001824531: ciphertext buffer full
[mlkem_channel] ciphertext refused token=2573217268: ciphertext buffer full
[mlkem_channel] ciphertext refused token=2925299430: ciphertext buffer full
[mlkem_channel] ciphertext refused token=1003759846: ciphertext buffer full
[mlkem_channel] ciphertext refused token=2617494327: ciphertext buffer full
[mlkem_channel] ciphertext refused token=347182503: ciphertext buffer full
[mlkem_channel] ciphertext refused token=986161900: ciphertext buffer full
[mlkem_channel] ciphertext refused token=3418080611: ciphertext buffer full
[mlkem_channel] ciphertext refused token=3046585161: ciphertext buffer full
[mlkem_channel] ciphertext refused token=747244968: ciphertext buffer full
[mlkem_channel] ciphertext refused token=3363490182: ciphertext buffer full
[mlkem_channel] ciphertext refused token=2200682772: ciphertext buffer full
[mlkem_channel] ciphertext refused token=627678269: ciphertext buffer full
[mlkem_channel] ciphertext refused token=639322376: ciphertext buffer full
[mlkem_channel] ciphertext refused token=1719912364: ciphertext buffer full
[mlkem_channel] ciphertext refused token=4285098604: ciphertext buffer full
[mlkem_channel] ciphertext refused token=2298731532: ciphertext buffer full
[mlkem_channel] ciphertext refused token=2380508286: ciphertext buffer full
[mlkem_channel] ciphertext refused token=3134215713: ciphertext buffer full
[mlkem_channel] ciphertext refused token=1382574659: ciphertext buffer full
[mlkem_channel] ciphertext refused token=2021871410: ciphertext buffer full
[mlkem_channel] ciphertext refused token=182645981: ciphertext buffer full
[mlkem_channel] ciphertext refused token=94756555: ciphertext buffer full
[mlkem_channel] ciphertext refused token=1785284238: ciphertext buffer full
[mlkem_channel] ciphertext refused token=1907019834: ciphertext buffer full
[mlkem_channel] ciphertext refused token=2348713915: ciphertext buffer full
[mlkem_channel] ciphertext refused token=1750280743: ciphertext buffer full
[mlkem_channel] ciphertext refused token=265675642: ciphertext buffer full
[mlkem_channel] ciphertext refused token=48305317: ciphertext buffer full
[mlkem_channel] ciphertext refused token=2401734075: ciphertext buffer full
[mlkem_channel] ciphertext refused token=399836355: ciphertext buffer full
[mlkem_channel] ciphertext refused token=1862892175: ciphertext buffer full
[mlkem_channel] ciphertext buffered token=1671478079 nonce_prefix=aac4f989
[mlkem_channel] ciphertext refused token=1508676047: ciphertext buffer full
[mlkem_channel] ciphertext refused token=118117665: ciphertext buffer full
[mlkem_channel] ciphertext refused token=2916783859: ciphertext buffer full
[mlkem_channel] ciphertext refused token=4018155256: ciphertext buffer full
[mlkem_channel] ciphertext refused token=1283988777: ciphertext buffer full
[mlkem_channel] ciphertext buffered token=3724665708 nonce_prefix=144e9750
[mlkem_channel] ciphertext refused token=2234078460: ciphertext buffer full
[mlkem_channel] ciphertext refused token=3692188423: ciphertext buffer full
[mlkem_channel] ciphertext buffered token=3369115270 nonce_prefix=c0a5dc1b
[mlkem_channel] ciphertext refused token=3659929343: ciphertext buffer full
[mlkem_channel] ciphertext refused token=801753647: ciphertext buffer full
[mlkem_channel] ciphertext refused token=1638520653: ciphertext buffer full
[mlkem_channel] ciphertext refused token=1899134185: ciphertext buffer full
[mlkem_channel] ciphertext refused token=1287524383: ciphertext buffer full
[mlkem_channel] ciphertext buffered token=4277600571 nonce_prefix=666d4ffa
[mlkem_channel] ciphertext refused token=1574851486: ciphertext buffer full
[mlkem_channel] ciphertext refused token=1097722111: ciphertext buffer full
[mlkem_channel] ciphertext refused token=1017319191: ciphertext buffer full
[mlkem_channel] ciphertext refused token=3342476104: ciphertext buffer full
[mlkem_channel] ciphertext refused token=586356575: ciphertext buffer full
[mlkem_channel] ciphertext buffered token=274862101 nonce_prefix=1a33f20b
[mlkem_channel] ciphertext refused token=3022296464: ciphertext buffer full
[mlkem_channel] ciphertext buffered token=3925633188 nonce_prefix=864fcd3d
[mlkem_channel] ciphertext refused token=1750119950: ciphertext buffer full
[mlkem_channel] ciphertext refused token=1779938198: ciphertext buffer full
[mlkem_channel] ciphertext refused token=1469921550: ciphertext buffer full
[mlkem_channel] ciphertext refused token=1157620032: ciphertext buffer full
[mlkem_channel] ciphertext refused token=2089738588: ciphertext buffer full
[mlkem_channel] ciphertext refused token=1417774231: ciphertext buffer full
[mlkem_channel] ciphertext refused token=2186971172: ciphertext buffer full
[mlkem_channel] ciphertext refused token=4123642844: ciphertext buffer full
[mlkem_channel] ciphertext refused token=3352657878: ciphertext buffer full
[mlkem_channel] ciphertext buffered token=2638580196 nonce_prefix=c2bf706f
[mlkem_channel] ciphertext refused token=1246663280: ciphertext buffer full
[mlkem_channel] ciphertext buffered token=1950727849 nonce_prefix=2e5e76a2
[mlkem_channel] ciphertext refused token=181431205: ciphertext buffer full
[mlkem_channel] ciphertext refused token=2964260183: ciphertext buffer full
[mlkem_channel] ciphertext refused token=46419600: ciphertext buffer full
[mlkem_channel] ciphertext buffered token=603519900 nonce_prefix=0a6a79f8
[mlkem_channel] ciphertext buffered token=3987912059 nonce_prefix=4ca52e8e
[mlkem_channel] ciphertext buffered token=2313064364 nonce_prefix=48a11718
[mlkem_channel] ciphertext buffered token=1731450055 nonce_prefix=9518f2c0
[mlkem_channel] ciphertext refused token=2620772884: ciphertext buffer full
[mlkem_channel] ciphertext refused token=3111007959: ciphertext buffer full
[mlkem_channel] ciphertext buffered token=2506788608 nonce_prefix=cafd6e95
[mlkem_channel] ciphertext buffered token=2412484963 nonce_prefix=02246113
[mlkem_channel] ciphertext refused token=801227995: ciphertext buffer full
[mlkem_channel] ciphertext refused token=1753105659: ciphertext buffer full
[mlkem_channel] ciphertext refused token=554051928: ciphertext buffer full
[mlkem_channel] ciphertext refused token=2950154706: ciphertext buffer full
[mlkem_channel] ciphertext buffered token=410680789 nonce_prefix=d5489992
[mlkem_channel] ciphertext refused token=3184531291: ciphertext buffer full
[mlkem_channel] ciphertext buffered token=868064454 nonce_prefix=7e1b9073
[mlkem_channel] ciphertext refused token=2577638538: ciphertext buffer full
[mlkem_channel] ciphertext refused token=3496170152: ciphertext buffer full
[mlkem_channel] ciphertext refused token=1195651687: ciphertext buffer full
[mlkem_channel] ciphertext refused token=3755421183: ciphertext buffer full
[mlkem_channel] ciphertext buffered token=1729122618 nonce_prefix=699d2d8e
[mlkem_channel] ciphertext refused token=2004604394: ciphertext buffer full
[mlkem_channel] ciphertext refused token=1681727346: ciphertext buffer full
[mlkem_channel] ciphertext refused token=2289808843: ciphertext buffer full
[mlkem_channel] ciphertext refused token=1801010195: ciphertext buffer full
[mlkem_channel] ciphertext refused token=3495518101: ciphertext buffer full
[mlkem_channel] ciphertext refused token=351125976: ciphertext buffer full
[mlkem_channel] ciphertext refused token=3276012889: ciphertext buffer full
[mlkem_channel] ciphertext refused token=3906007060: ciphertext buffer full
[mlkem_channel] ciphertext refused token=424620211: ciphertext buffer full
[mlkem_channel] ciphertext buffered token=3594703682 nonce_prefix=efda8ab1
[mlkem_channel] ciphertext refused token=116363085: ciphertext buffer full
[mlkem_channel] ciphertext refused token=2720426185: ciphertext buffer full
[mlkem_channel] ciphertext refused token=2711556744: ciphertext buffer full
[mlkem_channel] ciphertext refused token=1526305317: ciphertext buffer full
[mlkem_channel] ciphertext refused token=1289576028: ciphertext buffer full
[mlkem_channel] ciphertext buffered token=2307760895 nonce_prefix=7a288df0
[mlkem_channel] ciphertext refused token=3415515871: ciphertext buffer full
[mlkem_channel] ciphertext refused token=1078873740: ciphertext buffer full
[mlkem_channel] ciphertext refused token=2737045418: ciphertext buffer full
[mlkem_channel] ciphertext refused token=1291535471: ciphertext buffer full
[mlkem_channel] ciphertext refused token=2908071983: ciphertext buffer full
[mlkem_channel] ciphertext refused token=2214954042: ciphertext buffer full
[mlkem_channel] ciphertext refused token=2501709193: ciphertext buffer full
[mlkem_channel] ciphertext refused token=4176687023: ciphertext buffer full
[mlkem_channel] ciphertext refused token=3784311421: ciphertext buffer full
[mlkem_channel] ciphertext refused token=1726874768: ciphertext buffer full
[mlkem_channel] ciphertext buffered token=3010014622 nonce_prefix=39c25718
[mlkem_channel] ciphertext buffered token=2538176141 nonce_prefix=dc5f4471
[mlkem_channel] ciphertext buffered token=1542610814 nonce_prefix=f27d0388
[mlkem_channel] ciphertext buffered token=500317712 nonce_prefix=2dd494d7
[mlkem_channel] ciphertext buffered token=2835578289 nonce_prefix=eebac6b4
[mlkem_channel] ciphertext refused token=2593978827: ciphertext buffer full
[mlkem_channel] ciphertext buffered token=3564295296 nonce_prefix=c3b5c6be
[mlkem_channel] ciphertext buffered token=3328311164 nonce_prefix=c8b87e3f
[mlkem_channel] ciphertext refused token=1756945171: ciphertext buffer full
[mlkem_channel] ciphertext refused token=1508140651: ciphertext buffer full
[mlkem_channel] ciphertext refused token=2357755390: ciphertext buffer full
[mlkem_channel] ciphertext buffered token=1295450029 nonce_prefix=5b7fa366
[mlkem_channel] ciphertext refused token=190843839: ciphertext buffer full
[mlkem_channel] ciphertext refused token=1465692921: ciphertext buffer full
[mlkem_channel] ciphertext refused token=2091528286: ciphertext buffer full
[mlkem_channel] ciphertext buffered token=1310531649 nonce_prefix=e5bde02a
[mlkem_channel] ciphertext refused token=2974599093: ciphertext buffer full
[mlkem_channel] ciphertext refused token=2280693737: ciphertext buffer full
[mlkem_channel] ciphertext refused token=1375459845: ciphertext buffer full
[mlkem_channel] ciphertext refused token=2861230716: ciphertext buffer full
[mlkem_channel] ciphertext buffered token=2364963276 nonce_prefix=dc77df3a
[mlkem_channel] ciphertext refused token=3781197784: ciphertext buffer full
[mlkem_channel] ciphertext refused token=3718121446: ciphertext buffer full
[mlkem_channel] ciphertext buffered token=773225389 nonce_prefix=3c978c31
[mlkem_channel] ciphertext buffered token=874414537 nonce_prefix=40d6d0ca
[mlkem_channel] ciphertext refused token=847334148: ciphertext buffer full
[mlkem_channel] ciphertext refused token=3764547559: ciphertext buffer full
[mlkem_channel] ciphertext buffered token=2575573476 nonce_prefix=31a7ebaf
[mlkem_channel] ciphertext buffered token=4208153720 nonce_prefix=2539853e
[mlkem_channel] ciphertext buffered token=3814967843 nonce_prefix=bda707de
[mlkem_channel] ciphertext buffered token=2106281938 nonce_prefix=b92572e4
[mlkem_channel] ciphertext buffered token=3769164660 nonce_prefix=806f6749
[mlkem_channel] ciphertext buffered token=2300183165 nonce_prefix=cc78cae9
[mlkem_channel] ciphertext buffered token=3091156350 nonce_prefix=98d75078
[mlkem_channel] ciphertext buffered token=677089372 nonce_prefix=1ffe0228
[mlkem_channel] ciphertext buffered token=1767321824 nonce_prefix=697bc1b1
[mlkem_channel] ciphertext buffered token=2019594521 nonce_prefix=a664102b
[mlkem_channel] ciphertext buffered token=715219677 nonce_prefix=5af19c1b
[mlkem_channel] ciphertext refused token=1586514513: ciphertext buffer full
[mlkem_channel] ciphertext refused token=667256787: ciphertext buffer full
[mlkem_channel] ciphertext refused token=3946202958: ciphertext buffer full
[mlkem_channel] ciphertext refused token=4274607563: ciphertext buffer full
[mlkem_channel] ciphertext refused token=1380438302: ciphertext buffer full
[mlkem_channel] ciphertext refused token=2894380909: ciphertext buffer full
[mlkem_channel] ciphertext refused token=967143948: ciphertext buffer full
[mlkem_channel] ciphertext refused token=1161124421: ciphertext buffer full
[mlkem_channel] ciphertext refused token=3483199063: ciphertext buffer full
[mlkem_channel] ciphertext refused token=3801311815: ciphertext buffer full
[mlkem_channel] ciphertext refused token=2335411184: ciphertext buffer full
[mlkem_channel] ciphertext refused token=3493880612: ciphertext buffer full
[mlkem_channel] ciphertext buffered token=3640681300 nonce_prefix=596f236c
[mlkem_channel] ciphertext refused token=1098007686: ciphertext buffer full
[mlkem_channel] ciphertext refused token=1920751139: ciphertext buffer full
[mlkem_channel] ciphertext refused token=305522222: ciphertext buffer full
[mlkem_channel] ciphertext refused token=1443142936: ciphertext buffer full
[mlkem_channel] ciphertext buffered token=2975083571 nonce_prefix=a02b799d
[mlkem_channel] ciphertext refused token=3446722400: ciphertext buffer full
[mlkem_channel] ciphertext refused token=1690137367: ciphertext buffer full
[mlkem_channel] ciphertext refused token=3833421656: ciphertext buffer full
[mlkem_channel] ciphertext refused token=1110443614: ciphertext buffer full
[mlkem_channel] ciphertext buffered token=103044845 nonce_prefix=adbfb6af
[mlkem_channel] ciphertext refused token=1333487593: ciphertext buffer full
[mlkem_channel] ciphertext refused token=2006987869: ciphertext buffer full
[mlkem_channel] ciphertext refused token=2721253762: ciphertext buffer full
[mlkem_channel] ciphertext refused token=4096269489: ciphertext buffer full
[mlkem_channel] ciphertext refused token=534772362: ciphertext buffer full
[mlkem_channel] ciphertext refused token=4271536667: ciphertext buffer full
[mlkem_channel] ciphertext refused token=1514548503: ciphertext buffer full
[mlkem_channel] ciphertext refused token=2648156695: ciphertext buffer full
[mlkem_channel] ciphertext refused token=74137835: ciphertext buffer full
[mlkem_channel] ciphertext refused token=3896829157: ciphertext buffer full
[mlkem_channel] ciphertext buffered token=3552987913 nonce_prefix=f5346518
[mlkem_channel] ciphertext refused token=1452031523: ciphertext buffer full
[mlkem_channel] ciphertext refused token=1996447936: ciphertext buffer full
[mlkem_channel] ciphertext refused token=7538707: ciphertext buffer full
[mlkem_channel] ciphertext refused token=2320655444: ciphertext buffer full
[mlkem_channel] ciphertext refused token=3974587561: ciphertext buffer full
[mlkem_channel] ciphertext refused token=2276008068: ciphertext buffer full
[mlkem_channel] ciphertext refused token=2538376238: ciphertext buffer full
[mlkem_channel] ciphertext refused token=1627665028: ciphertext buffer full
[mlkem_channel] ciphertext refused token=631830633: ciphertext buffer full
[mlkem_channel] ciphertext refused token=1073833357: ciphertext buffer full
[mlkem_channel] ciphertext refused token=2169974394: ciphertext buffer full
[mlkem_channel] ciphertext buffered token=3232252800 nonce_prefix=75263c86
[mlkem_channel] ciphertext refused token=2575919784: ciphertext buffer full
[mlkem_channel] ciphertext refused token=1353972200: ciphertext buffer full
[mlkem_channel] ciphertext refused token=1419358930: ciphertext buffer full
[mlkem_channel] ciphertext refused token=294892972: ciphertext buffer full
[mlkem_channel] ciphertext refused token=1278965749: ciphertext buffer full
[mlkem_channel] ciphertext refused token=3522105233: ciphertext buffer full
[mlkem_channel] ciphertext refused token=1374959485: ciphertext buffer full
[mlkem_channel] ciphertext refused token=3676980760: ciphertext buffer full
[mlkem_channel] ciphertext refused token=2476704810: ciphertext buffer full
[mlkem_channel] ciphertext refused token=1575567491: ciphertext buffer full
[mlkem_channel] ciphertext buffered token=3283607763 nonce_prefix=d580c0c5
[mlkem_channel] ciphertext refused token=1567116998: ciphertext buffer full
[mlkem_channel] ciphertext refused token=1158722176: ciphertext buffer full
[mlkem_channel] ciphertext refused token=1913455931: ciphertext buffer full
[mlkem_channel] ciphertext refused token=3252735771: ciphertext buffer full
[mlkem_channel] ciphertext refused token=2831395861: ciphertext buffer full
[mlkem_channel] ciphertext refused token=3294924748: ciphertext buffer full
[mlkem_channel] ciphertext refused token=3014361118: ciphertext buffer full
[mlkem_channel] ciphertext refused token=2001718649: ciphertext buffer full
[mlkem_channel] ciphertext buffered token=1952747896 nonce_prefix=a989bac2
[mlkem_channel] ciphertext refused token=2275765431: ciphertext buffer full
[mlkem_channel] ciphertext refused token=996960189: ciphertext buffer full
[mlkem_channel] ciphertext refused token=3347340216: ciphertext buffer full
[mlkem_channel] ciphertext refused token=3893002345: ciphertext buffer full
[mlkem_channel] ciphertext buffered token=205485678 nonce_prefix=6027ffa5
[mlkem_channel] ciphertext refused token=2524174915: ciphertext buffer full
[mlkem_channel] ciphertext refused token=3303846848: ciphertext buffer full
[mlkem_channel] ciphertext refused token=3182469566: ciphertext buffer full
[mlkem_channel] ciphertext refused token=3043392422: ciphertext buffer full
[mlkem_channel] ciphertext refused token=126180884: ciphertext buffer full
[mlkem_channel] ciphertext refused token=3112530348: ciphertext buffer full
[mlkem_channel] ciphertext refused token=3032331328: ciphertext buffer full
[mlkem_channel] ciphertext refused token=1281242437: ciphertext buffer full
[mlkem_channel] ciphertext refused token=541701004: ciphertext buffer full
[mlkem_channel] ciphertext refused token=998596602: ciphertext buffer full
[mlkem_channel] ciphertext refused token=1303733728: ciphertext buffer full
[mlkem_channel] ciphertext buffered token=3296152289 nonce_prefix=79ad4e88
[mlkem_channel] ciphertext refused token=2617043678: ciphertext buffer full
[mlkem_channel] ciphertext refused token=3459647732: ciphertext buffer full
[mlkem_channel] ciphertext refused token=3121448434: ciphertext buffer full
[mlkem_channel] ciphertext refused token=684663923: ciphertext buffer full
[mlkem_channel] ciphertext refused token=1509125572: ciphertext buffer full
[mlkem_channel] ciphertext refused token=1171184657: ciphertext buffer full
[mlkem_channel] ciphertext refused token=4289923399: ciphertext buffer full
[mlkem_channel] ciphertext refused token=1202936569: ciphertext buffer full
[mlkem_channel] ciphertext refused token=2021890550: ciphertext buffer full
[mlkem_channel] ciphertext buffered token=2020239066 nonce_prefix=483643a8
[mlkem_channel] ciphertext refused token=1647711431: ciphertext buffer full
[mlkem_channel] ciphertext refused token=206530513: ciphertext buffer full
[mlkem_channel] ciphertext refused token=253709643: ciphertext buffer full
[mlkem_channel] ciphertext buffered token=576602916 nonce_prefix=8077d980
[mlkem_channel] ciphertext refused token=1944743328: ciphertext buffer full
[mlkem_channel] ciphertext refused token=3226519715: ciphertext buffer full
[mlkem_channel] ciphertext refused token=2351462040: ciphertext buffer full
[mlkem_channel] ciphertext buffered token=192471836 nonce_prefix=83c6d563
[mlkem_channel] ciphertext refused token=281942739: ciphertext buffer full
[mlkem_channel] ciphertext refused token=561409500: ciphertext buffer full
[mlkem_channel] ciphertext refused token=1466837149: ciphertext buffer full
[mlkem_channel] ciphertext buffered token=1944685232 nonce_prefix=7abec0de
[mlkem_channel] ciphertext refused token=1507531333: ciphertext buffer full
[mlkem_channel] ciphertext refused token=276373520: ciphertext buffer full
[mlkem_channel] ciphertext buffered token=4216086001 nonce_prefix=86b8a11a
[mlkem_channel] ciphertext refused token=535543796: ciphertext buffer full
[mlkem_channel] ciphertext buffered token=1450614800 nonce_prefix=e68ce3df
[mlkem_channel] ciphertext refused token=2725059396: ciphertext buffer full
[mlkem_channel] ciphertext refused token=830864516: ciphertext buffer full
[mlkem_channel] ciphertext buffered token=157887757 nonce_prefix=8b597037
[mlkem_channel] ciphertext refused token=1381347108: ciphertext buffer full
[mlkem_channel] ciphertext buffered token=1167025841 nonce_prefix=0240b179
[mlkem_channel] ciphertext buffered token=2882465480 nonce_prefix=928e243e
[mlkem_channel] ciphertext refused token=1507528158: ciphertext buffer full
[mlkem_channel] ciphertext refused token=4003232565: ciphertext buffer full
[mlkem_channel] ciphertext refused token=946210004: ciphertext buffer full
[mlkem_channel] ciphertext refused token=1016589894: ciphertext buffer full
[mlkem_channel] ciphertext refused token=6703485: ciphertext buffer full
[mlkem_channel] ciphertext buffered token=1287550480 nonce_prefix=1b00cac9
[mlkem_channel] ciphertext refused token=1454691911: ciphertext buffer full
[mlkem_channel] ciphertext refused token=3663386453: ciphertext buffer full
[mlkem_channel] ciphertext buffered token=2367394508 nonce_prefix=72934c77
[mlkem_channel] ciphertext refused token=3802275500: ciphertext buffer full
[mlkem_channel] ciphertext refused token=590096791: ciphertext buffer full
[mlkem_channel] ciphertext refused token=3675256085: ciphertext buffer full
[mlkem_channel] ciphertext refused token=1620623329: ciphertext buffer full
[mlkem_channel] ciphertext buffered token=3350188402 nonce_prefix=8633b07c
[mlkem_channel] ciphertext refused token=324155714: ciphertext buffer full
[mlkem_channel] ciphertext refused token=2474073754: ciphertext buffer full
[mlkem_channel] ciphertext buffered token=1642317438 nonce_prefix=50efefb9
[mlkem_channel] ciphertext refused token=2771566960: ciphertext buffer full
[mlkem_channel] ciphertext buffered token=521654710 nonce_prefix=c1f39ea1
[mlkem_channel] ciphertext refused token=2222315257: ciphertext buffer full
[mlkem_channel] ciphertext refused token=2529662182: ciphertext buffer full
[mlkem_channel] ciphertext buffered token=2721463464 nonce_prefix=f2551647
[mlkem_channel] ciphertext refused token=2998758967: ciphertext buffer full
[mlkem_channel] ciphertext refused token=994801455: ciphertext buffer full
[mlkem_channel] ciphertext refused token=2109580566: ciphertext buffer full
[mlkem_channel] ciphertext refused token=748291664: ciphertext buffer full
[mlkem_channel] ciphertext buffered token=1747139232 nonce_prefix=40f65dc9
[mlkem_channel] ciphertext refused token=132312922: ciphertext buffer full
[mlkem_channel] ciphertext refused token=2516922014: ciphertext buffer full
[mlkem_channel] ciphertext refused token=3883768479: ciphertext buffer full
[mlkem_channel] ciphertext buffered token=2874477686 nonce_prefix=299f6042
[mlkem_channel] ciphertext buffered token=3926234481 nonce_prefix=67a6d5b7
[mlkem_channel] ciphertext refused token=2684988124: ciphertext buffer full
[mlkem_channel] ciphertext refused token=2251916624: ciphertext buffer full
[mlkem_channel] ciphertext refused token=3236196655: ciphertext buffer full
[mlkem_channel] ciphertext buffered token=1397795729 nonce_prefix=93e627b3
[mlkem_channel] ciphertext refused token=518961503: ciphertext buffer full
[mlkem_channel] ciphertext refused token=2300796945: ciphertext buffer full
[mlkem_channel] ciphertext buffered token=1343113342 nonce_prefix=d314b104
[mlkem_channel] ciphertext buffered token=154639785 nonce_prefix=5d2a5978
[mlkem_channel] ciphertext buffered token=3899016838 nonce_prefix=11a2cb30
[mlkem_channel] ciphertext refused token=1061202954: ciphertext buffer full
[mlkem_channel] ciphertext buffered token=3155730643 nonce_prefix=e91471f9
[mlkem_channel] ciphertext buffered token=1533017623 nonce_prefix=a1faa56a
[mlkem_channel] ciphertext refused token=2112507368: ciphertext buffer full
[mlkem_channel] ciphertext buffered token=4129481334 nonce_prefix=587fe259
[mlkem_channel] ciphertext refused token=2747258842: ciphertext buffer full
[mlkem_channel] ciphertext buffered token=3201520581 nonce_prefix=3a635197
[mlkem_channel] ciphertext refused token=1259961884: ciphertext buffer full
[mlkem_channel] ciphertext refused token=1548105225: ciphertext buffer full
[mlkem_channel] ciphertext buffered token=214831258 nonce_prefix=7868ddff
[mlkem_channel] ciphertext refused token=393215022: ciphertext buffer full
[mlkem_channel] ciphertext buffered token=227234461 nonce_prefix=bc0cc37c
[mlkem_channel] ciphertext refused token=3145281141: ciphertext buffer full
[mlkem_channel] ciphertext refused token=107200573: ciphertext buffer full
[mlkem_channel] ciphertext refused token=1917026698: ciphertext buffer full
[mlkem_channel] ciphertext buffered token=1397742210 nonce_prefix=9df9aebf
[mlkem_channel] ciphertext refused token=3559324338: ciphertext buffer full
[mlkem_channel] ciphertext refused token=1712641505: ciphertext buffer full
[mlkem_channel] ciphertext buffered token=3643390887 nonce_prefix=98158b6d
[mlkem_channel] ciphertext buffered token=1032987427 nonce_prefix=94703a3d
[mlkem_channel] ciphertext refused token=2126796036: ciphertext buffer full
[mlkem_channel] ciphertext buffered token=404562205 nonce_prefix=0bdfd149
[mlkem_channel] ciphertext buffered token=928153911 nonce_prefix=31ecaa67
[mlkem_channel] ciphertext buffered token=477208595 nonce_prefix=b8dcafff
[mlkem_channel] ciphertext buffered token=76005618 nonce_prefix=d2da9c7a
[mlkem_channel] ciphertext buffered token=1575380419 nonce_prefix=f3cd2620
[mlkem_channel] ciphertext buffered token=478524591 nonce_prefix=d1a87a07
[mlkem_channel] ciphertext refused token=1949828287: ciphertext buffer full
[mlkem_channel] ciphertext buffered token=2426715736 nonce_prefix=80e8596c
[mlkem_channel] ciphertext buffered token=924659925 nonce_prefix=c5c1a11b
[mlkem_channel] ciphertext refused token=585526782: ciphertext buffer full
[mlkem_channel] ciphertext buffered token=2553918425 nonce_prefix=5d917c98
[mlkem_channel] ciphertext buffered token=511564642 nonce_prefix=5a3f4126
[mlkem_channel] ciphertext buffered token=3412192418 nonce_prefix=cc340e02
[mlkem_channel] ciphertext buffered token=1627559482 nonce_prefix=d52c9ca2
[mlkem_channel] ciphertext buffered token=2289354753 nonce_prefix=4180e993
[mlkem_channel] ciphertext buffered token=1465195954 nonce_prefix=661a3f0d
[mlkem_channel] ciphertext buffered token=2381322593 nonce_prefix=a22f43d2
[mlkem_channel] ciphertext buffered token=2943429864 nonce_prefix=cd348679
[mlkem_channel] ciphertext buffered token=320210571 nonce_prefix=aaa1e31b
[mlkem_channel] ciphertext buffered token=1327644095 nonce_prefix=89854964
[mlkem_channel] ciphertext buffered token=4129274547 nonce_prefix=8176a31b
[mlkem_channel] ciphertext buffered token=3468259526 nonce_prefix=b75ad158
[mlkem_channel] ciphertext buffered token=2108840056 nonce_prefix=90361348
[mlkem_channel] ciphertext buffered token=263594943 nonce_prefix=558f84ab
[mlkem_channel] ciphertext buffered token=2516790034 nonce_prefix=e9abca23
[mlkem_channel] ciphertext buffered token=667834799 nonce_prefix=c2faead2
[mlkem_channel] ciphertext buffered token=43798093 nonce_prefix=3385849c
[mlkem_channel] ciphertext buffered token=2184217750 nonce_prefix=af20c253
[mlkem_channel] ciphertext buffered token=3302828610 nonce_prefix=5076714a
[mlkem_channel] ciphertext buffered token=1013093142 nonce_prefix=d8415288
[mlkem_channel] ciphertext refused token=2693231508: ciphertext buffer full
[mlkem_channel] ciphertext buffered token=2749164543 nonce_prefix=e7ce1047
[mlkem_channel] ciphertext buffered token=456582543 nonce_prefix=de837729
[mlkem_channel] ciphertext buffered token=2227391603 nonce_prefix=67fab7fd
[mlkem_channel] ciphertext buffered token=1307773588 nonce_prefix=cba29b9b
[mlkem_channel] ciphertext buffered token=2568846802 nonce_prefix=b158f144
[mlkem_channel] ciphertext refused token=106824531: ciphertext buffer full
[mlkem_channel] ciphertext buffered token=3393178919 nonce_prefix=690e43ac
[mlkem_channel] ciphertext buffered token=2538096056 nonce_prefix=f627a0c2
[mlkem_channel] ciphertext buffered token=1457158982 nonce_prefix=177cb096
[mlkem_channel] ciphertext refused token=1100302632: ciphertext buffer full
[mlkem_channel] ciphertext buffered token=829963815 nonce_prefix=e602cfbf
[mlkem_channel] ciphertext buffered token=457741175 nonce_prefix=2b2768cb
[mlkem_channel] ciphertext buffered token=3406149071 nonce_prefix=396667ce
[mlkem_channel] ciphertext buffered token=1706388296 nonce_prefix=5db78cf8
[mlkem_channel] ciphertext buffered token=144064352 nonce_prefix=49d37286
[mlkem_channel] ciphertext refused token=2589261230: ciphertext buffer full
[mlkem_channel] ciphertext refused token=2016804722: ciphertext buffer full
[mlkem_channel] ciphertext refused token=3613062486: ciphertext buffer full
[mlkem_channel] ciphertext buffered token=2819395473 nonce_prefix=36d18f92
[mlkem_channel] ciphertext buffered token=579109258 nonce_prefix=c01992e8
[mlkem_channel] ciphertext refused token=2688537228: ciphertext buffer full
[mlkem_channel] ciphertext buffered token=3833140518 nonce_prefix=89b4d977
[mlkem_channel] ciphertext buffered token=2371573461 nonce_prefix=07ae9534
[mlkem_channel] ciphertext buffered token=832263057 nonce_prefix=055b2aac
[mlkem_channel] ciphertext buffered token=2513027972 nonce_prefix=b0bbc1be
[mlkem_channel] ciphertext refused token=1530834852: ciphertext buffer full
[mlkem_channel] ciphertext buffered token=3575079295 nonce_prefix=88130eff
[mlkem_channel] ciphertext refused token=838059447: ciphertext buffer full
[mlkem_channel] ciphertext buffered token=2188201406 nonce_prefix=4763dde9
[mlkem_channel] ciphertext buffered token=519738399 nonce_prefix=414b5ab2
[mlkem_channel] ciphertext refused token=3922484017: ciphertext buffer full
[mlkem_channel] ciphertext refused token=4144374111: ciphertext buffer full
[mlkem_channel] ciphertext buffered token=4006348500 nonce_prefix=d117bad8
[mlkem_channel] ciphertext refused token=1537302915: ciphertext buffer full
[mlkem_channel] ciphertext refused token=513536152: ciphertext buffer full
[mlkem_channel] ciphertext refused token=3773277891: ciphertext buffer full
[mlkem_channel] ciphertext refused token=1403807865: ciphertext buffer full
[mlkem_channel] ciphertext refused token=741603714: ciphertext buffer full
[mlkem_channel] ciphertext refused token=320385429: ciphertext buffer full
[mlkem_channel] ciphertext refused token=1559048047: ciphertext buffer full
[mlkem_channel] ciphertext buffered token=1091209176 nonce_prefix=0938deb7
[mlkem_channel] ciphertext refused token=194932914: ciphertext buffer full
[mlkem_channel] ciphertext refused token=924243573: ciphertext buffer full
[mlkem_channel] ciphertext buffered token=1334496993 nonce_prefix=f9a8f924
[mlkem_channel] ciphertext buffered token=199042673 nonce_prefix=3cb9e016
[mlkem_channel] ciphertext buffered token=2425091537 nonce_prefix=d858cdf6
[mlkem_channel] ciphertext buffered token=4250890134 nonce_prefix=8d71ec5e
[mlkem_channel] ciphertext refused token=35348395: ciphertext buffer full
[mlkem_channel] ciphertext refused token=2756338998: ciphertext buffer full
[mlkem_channel] ciphertext buffered token=1366771203 nonce_prefix=3e8d3bbd
[mlkem_channel] ciphertext buffered token=406067439 nonce_prefix=9a847588
[mlkem_channel] ciphertext refused token=1636473646: ciphertext buffer full
[mlkem_channel] ciphertext refused token=3325783331: ciphertext buffer full
[mlkem_channel] ciphertext buffered token=3324764847 nonce_prefix=1047bfb0
[mlkem_channel] ciphertext refused token=490200502: ciphertext buffer full
[mlkem_channel] ciphertext buffered token=576446839 nonce_prefix=cd1561f4
[mlkem_channel] ciphertext buffered token=1424396885 nonce_prefix=c16ccb00
[mlkem_channel] ciphertext buffered token=1857235341 nonce_prefix=144c2ad0
[mlkem_channel] ciphertext refused token=3541403510: ciphertext buffer full
[mlkem_channel] ciphertext refused token=973225792: ciphertext buffer full
[mlkem_channel] ciphertext buffered token=1431753244 nonce_prefix=23f9c5b0
[mlkem_channel] ciphertext buffered token=629190252 nonce_prefix=539a78fa
[mlkem_channel] ciphertext buffered token=1743896067 nonce_prefix=0e0241c1
[mlkem_channel] ciphertext buffered token=2656875179 nonce_prefix=5f6eb5b6
[mlkem_channel] ciphertext buffered token=4006637607 nonce_prefix=6dcda762
[mlkem_channel] ciphertext buffered token=3542542021 nonce_prefix=5be91b53
[mlkem_channel] ciphertext buffered token=1425996420 nonce_prefix=f763a7ce
[mlkem_channel] ciphertext refused token=2203253643: ciphertext buffer full
[mlkem_channel] ciphertext refused token=3087565766: ciphertext buffer full
[mlkem_channel] ciphertext refused token=2939365775: ciphertext buffer full
[mlkem_channel] ciphertext refused token=1053661295: ciphertext buffer full
[mlkem_channel] ciphertext buffered token=608037557 nonce_prefix=7d06be41
[mlkem_channel] ciphertext buffered token=3573620936 nonce_prefix=f84ef7b5
[mlkem_channel] ciphertext refused token=2850959142: ciphertext buffer full
[mlkem_channel] ciphertext buffered token=6346704 nonce_prefix=254e72d2
[mlkem_channel] ciphertext refused token=1275584207: ciphertext buffer full
[mlkem_channel] ciphertext buffered token=2757169082 nonce_prefix=eab0f065
[mlkem_channel] ciphertext buffered token=1405767311 nonce_prefix=d9dc27a3
[mlkem_channel] ciphertext refused token=3153728005: ciphertext buffer full
[mlkem_channel] ciphertext buffered token=1805542603 nonce_prefix=be068e69
[mlkem_channel] ciphertext buffered token=1932853929 nonce_prefix=43225389
[mlkem_channel] ciphertext refused token=4116470860: ciphertext buffer full
[mlkem_channel] ciphertext refused token=108408499: ciphertext buffer full
[mlkem_channel] ciphertext refused token=4085250808: ciphertext buffer full
[mlkem_channel] ciphertext refused token=616764331: ciphertext buffer full
[mlkem_channel] ciphertext buffered token=1533283136 nonce_prefix=936ca336
[mlkem_channel] ciphertext buffered token=4107112394 nonce_prefix=fe176611
[mlkem_channel] ciphertext buffered token=2124870390 nonce_prefix=050b008a
[mlkem_channel] ciphertext refused token=4257941356: ciphertext buffer full
[mlkem_channel] ciphertext buffered token=90648281 nonce_prefix=69f4fbe4
[mlkem_channel] ciphertext refused token=922809316: ciphertext buffer full
[mlkem_channel] ciphertext buffered token=4099306428 nonce_prefix=7b79847e
[mlkem_channel] ciphertext refused token=3120635221: ciphertext buffer full
[mlkem_channel] ciphertext buffered token=2187620082 nonce_prefix=13bbf367
[mlkem_channel] ciphertext refused token=536301454: ciphertext buffer full
[mlkem_channel] ciphertext refused token=60070070: ciphertext buffer full
[mlkem_channel] ciphertext buffered token=1357989414 nonce_prefix=57b87c76
[mlkem_channel] ciphertext refused token=3138364606: ciphertext buffer full
[mlkem_channel] ciphertext refused token=108490314: ciphertext buffer full
[mlkem_channel] ciphertext buffered token=4162144191 nonce_prefix=f6344448
[mlkem_channel] ciphertext refused token=3317516391: ciphertext buffer full
[mlkem_channel] ciphertext buffered token=1316308020 nonce_prefix=9185a96e
[mlkem_channel] ciphertext refused token=1281225213: ciphertext buffer full
[mlkem_channel] ciphertext buffered token=4208080842 nonce_prefix=0e7a16da
[mlkem_channel] ciphertext refused token=1674196653: ciphertext buffer full
[mlkem_channel] ciphertext buffered token=3695372691 nonce_prefix=fb55f239
[mlkem_channel] ciphertext refused token=678513200: ciphertext buffer full
[mlkem_channel] ciphertext refused token=2489197377: ciphertext buffer full
[mlkem_channel] ciphertext buffered token=1370117913 nonce_prefix=e5f8b726
[mlkem_channel] ciphertext refused token=3718509962: ciphertext buffer full
[mlkem_channel] ciphertext buffered token=1085171693 nonce_prefix=f9fda20d
[mlkem_channel] ciphertext refused token=2230454746: ciphertext buffer full
[mlkem_channel] ciphertext refused token=4131971027: ciphertext buffer full
[mlkem_channel] ciphertext refused token=2103564523: ciphertext buffer full
[mlkem_channel] ciphertext refused token=2498691851: ciphertext buffer full
[mlkem_channel] ciphertext refused token=463205507: ciphertext buffer full
[mlkem_channel] ciphertext buffered token=2359489174 nonce_prefix=2a41245e
[mlkem_channel] ciphertext refused token=2131224670: ciphertext buffer full
[mlkem_channel] ciphertext refused token=3622579454: ciphertext buffer full
[mlkem_channel] ciphertext refused token=258964321: ciphertext buffer full
[mlkem_channel] ciphertext refused token=2007723900: ciphertext buffer full
[mlkem_channel] ciphertext buffered token=1392546811 nonce_prefix=cfb589ef
[mlkem_channel] ciphertext refused token=2337598132: ciphertext buffer full
[mlkem_channel] ciphertext refused token=1565014896: ciphertext buffer full
[mlkem_channel] ciphertext refused token=243979633: ciphertext buffer full
[mlkem_channel] ciphertext buffered token=1687824774 nonce_prefix=9628f104
[mlkem_channel] ciphertext refused token=985912805: ciphertext buffer full
[mlkem_channel] ciphertext buffered token=3409128549 nonce_prefix=bbc7bbca
[mlkem_channel] ciphertext refused token=3452037868: ciphertext buffer full
[mlkem_channel] ciphertext refused token=1883922863: ciphertext buffer full
[mlkem_channel] ciphertext refused token=306570563: ciphertext buffer full
[mlkem_channel] ciphertext buffered token=2410721445 nonce_prefix=d0350211
[mlkem_channel] ciphertext refused token=2261294330: ciphertext buffer full
[mlkem_channel] ciphertext refused token=3713053296: ciphertext buffer full
[mlkem_channel] ciphertext refused token=2025899950: ciphertext buffer full
[mlkem_channel] ciphertext refused token=623767304: ciphertext buffer full
[mlkem_channel] ciphertext buffered token=2636391401 nonce_prefix=6fd95375
[mlkem_channel] ciphertext refused token=1282729728: ciphertext buffer full
[mlkem_channel] ciphertext buffered token=1101388480 nonce_prefix=6795c245
[mlkem_channel] ciphertext refused token=3584124087: ciphertext buffer full
[mlkem_channel] ciphertext refused token=1219420148: ciphertext buffer full
[mlkem_channel] ciphertext refused token=504020057: ciphertext buffer full
[mlkem_channel] ciphertext buffered token=130388655 nonce_prefix=0c897c7f
[mlkem_channel] ciphertext refused token=152592427: ciphertext buffer full
[mlkem_channel] ciphertext refused token=2079320887: ciphertext buffer full
[mlkem_channel] ciphertext buffered token=293315541 nonce_prefix=8d67b7c9
[mlkem_channel] ciphertext refused token=3086195784: ciphertext buffer full
[mlkem_channel] ciphertext buffered token=107014869 nonce_prefix=82b52cdc
[mlkem_channel] ciphertext refused token=2086477209: ciphertext buffer full
[mlkem_channel] ciphertext refused token=3944085344: ciphertext buffer full
[mlkem_channel] ciphertext buffered token=1210757063 nonce_prefix=2b11ecc7
[mlkem_channel] ciphertext buffered token=2665086749 nonce_prefix=c7d3f788
[mlkem_channel] ciphertext buffered token=2030638449 nonce_prefix=01766920
[mlkem_channel] ciphertext refused token=2262526638: ciphertext buffer full
[mlkem_channel] ciphertext buffered token=2112006804 nonce_prefix=7cd0ef1c
[mlkem_channel] ciphertext refused token=2270733694: ciphertext buffer full
[mlkem_channel] ciphertext buffered token=831114962 nonce_prefix=d160a475
[mlkem_channel] ciphertext buffered token=2766629914 nonce_prefix=5a2b867f
[mlkem_channel] ciphertext buffered token=3100364103 nonce_prefix=ff9faf5c
[mlkem_channel] ciphertext buffered token=50968723 nonce_prefix=b98366d3
[mlkem_channel] ciphertext buffered token=200960056 nonce_prefix=4c77c083
[mlkem_channel] ciphertext buffered token=3099567274 nonce_prefix=8c53e49f
[mlkem_channel] ciphertext refused token=2003677898: ciphertext buffer full
[mlkem_channel] ciphertext refused token=1878102416: ciphertext buffer full
[mlkem_channel] ciphertext refused token=4201930484: ciphertext buffer full
[mlkem_channel] ciphertext refused token=1397930279: ciphertext buffer full
[mlkem_channel] ciphertext buffered token=1652072145 nonce_prefix=de8ff987
[mlkem_channel] ciphertext refused token=2709934283: ciphertext buffer full
[mlkem_channel] ciphertext refused token=2942778360: ciphertext buffer full
[mlkem_channel] ciphertext buffered token=1835518919 nonce_prefix=284fbbdf
[mlkem_channel] ciphertext refused token=4273351899: ciphertext buffer full
[mlkem_channel] ciphertext buffered token=1254699966 nonce_prefix=372a7652
[mlkem_channel] ciphertext refused token=1860439735: ciphertext buffer full
[mlkem_channel] ciphertext buffered token=887799038 nonce_prefix=122c21ef
[mlkem_channel] ciphertext refused token=3910552549: ciphertext buffer full
[mlkem_channel] ciphertext buffered token=4276178797 nonce_prefix=b70e3f8e
[mlkem_channel] ciphertext refused token=1566587001: ciphertext buffer full
[mlkem_channel] ciphertext buffered token=1946903146 nonce_prefix=68dff4c8
[mlkem_channel] ciphertext refused token=2388400848: ciphertext buffer full
[mlkem_channel] ciphertext buffered token=2805872373 nonce_prefix=e88eb7f1
[mlkem_channel] ciphertext buffered token=1224008595 nonce_prefix=c71b4bbb
[mlkem_channel] ciphertext refused token=2430086184: ciphertext buffer full
[mlkem_channel] ciphertext refused token=3701682846: ciphertext buffer full
[mlkem_channel] ciphertext buffered token=2952475626 nonce_prefix=6490279e
[mlkem_channel] ciphertext buffered token=3415425837 nonce_prefix=167e536c
[mlkem_channel] ciphertext refused token=3536436981: ciphertext buffer full
[mlkem_channel] ciphertext buffered token=20838995 nonce_prefix=1562ac8e
[mlkem_channel] ciphertext buffered token=2506369012 nonce_prefix=990cbbc4
[mlkem_channel] ciphertext buffered token=2508164797 nonce_prefix=86c05d98
[mlkem_channel] ciphertext refused token=1948006064: ciphertext buffer full
[mlkem_channel] ciphertext buffered token=3771930575 nonce_prefix=7fff1032
[mlkem_channel] ciphertext buffered token=377444170 nonce_prefix=8c1ed379
[mlkem_channel] ciphertext buffered token=444562815 nonce_prefix=f3015ee8
[mlkem_channel] ciphertext buffered token=3020976179 nonce_prefix=fc9cf6fc
[mlkem_channel] ciphertext buffered token=1504018674 nonce_prefix=1be95ad8
[mlkem_channel] ciphertext buffered token=86244051 nonce_prefix=7a6ce4a8
[mlkem_channel] ciphertext buffered token=1166802582 nonce_prefix=a5001ca7
[mlkem_channel] ciphertext buffered token=4053789471 nonce_prefix=bbefeac1
[mlkem_channel] ciphertext refused token=2096031711: ciphertext buffer full
[mlkem_channel] ciphertext buffered token=2737449692 nonce_prefix=87372c84
[mlkem_channel] ciphertext refused token=209520843: ciphertext buffer full
[mlkem_channel] ciphertext refused token=1953745480: ciphertext buffer full
[mlkem_channel] ciphertext buffered token=1725911450 nonce_prefix=e4341f43
[mlkem_channel] ciphertext refused token=3709599908: ciphertext buffer full
[mlkem_channel] ciphertext buffered token=1783799926 nonce_prefix=3f9a7b22
[mlkem_channel] ciphertext buffered token=4193210976 nonce_prefix=82f022db
[mlkem_channel] ciphertext buffered token=3002435342 nonce_prefix=c82f73c1
[mlkem_channel] ciphertext buffered token=3831195724 nonce_prefix=ae2d0864
[mlkem_channel] ciphertext refused token=3620380969: ciphertext buffer full
[mlkem_channel] ciphertext buffered token=2021206115 nonce_prefix=c5c49bfd
[mlkem_channel] ciphertext refused token=301505018: ciphertext buffer full
[mlkem_channel] ciphertext buffered token=3104551295 nonce_prefix=2b49cbaf
[mlkem_channel] ciphertext refused token=1868518501: ciphertext buffer full
[mlkem_channel] ciphertext buffered token=640594685 nonce_prefix=17b4d713
[mlkem_channel] ciphertext buffered token=72188932 nonce_prefix=09468983
[mlkem_channel] ciphertext buffered token=2544998689 nonce_prefix=b134eaf3
[mlkem_channel] ciphertext buffered token=416529787 nonce_prefix=988fdf7b
[mlkem_channel] ciphertext buffered token=682690801 nonce_prefix=0481eb7b
[mlkem_channel] ciphertext buffered token=2335697961 nonce_prefix=1f99bb4e
[mlkem_channel] ciphertext buffered token=2255393918 nonce_prefix=119cf4b5
[mlkem_channel] ciphertext buffered token=1214854274 nonce_prefix=dd1dc5d6
[mlkem_channel] ciphertext buffered token=1870723735 nonce_prefix=aea0735b
[mlkem_channel] ciphertext buffered token=3345308445 nonce_prefix=85718f34
[mlkem_channel] ciphertext buffered token=1217290371 nonce_prefix=42750934
[mlkem_channel] ciphertext buffered token=1654671059 nonce_prefix=9ce3a57f
[mlkem_channel] ciphertext buffered token=1210830204 nonce_prefix=fa623db0
[mlkem_channel] ciphertext buffered token=2561125066 nonce_prefix=c0e67572
[mlkem_channel] ciphertext buffered token=3105506471 nonce_prefix=8748258d
[mlkem_channel] ciphertext buffered token=464807002 nonce_prefix=c7856d22
[mlkem_channel] ciphertext buffered token=1991012337 nonce_prefix=81032f88
[mlkem_channel] ciphertext buffered token=3423655510 nonce_prefix=75935e21
[mlkem_channel] ciphertext buffered token=3576637403 nonce_prefix=2f012f8c
[mlkem_channel] ciphertext buffered token=2101160519 nonce_prefix=440aa4d1
[mlkem_channel] ciphertext buffered token=946810592 nonce_prefix=695c5869
[mlkem_channel] ciphertext buffered token=3281317237 nonce_prefix=553432dd
[mlkem_channel] ciphertext buffered token=622416360 nonce_prefix=248089b8
[mlkem_channel] ciphertext buffered token=1748891967 nonce_prefix=941a26de
[mlkem_channel] ciphertext buffered token=3754242079 nonce_prefix=8b4682c5
[mlkem_channel] ciphertext refused token=2305370135: ciphertext buffer full
[mlkem_channel] ciphertext buffered token=1535731871 nonce_prefix=f8401738
[mlkem_channel] ciphertext refused token=1857898690: ciphertext buffer full
[mlkem_channel] ciphertext buffered token=1995349824 nonce_prefix=52b3233a
[mlkem_channel] ciphertext refused token=2205825034: ciphertext buffer full
[mlkem_channel] ciphertext buffered token=2312289774 nonce_prefix=a7b1cfa7
[mlkem_channel] ciphertext refused token=1567454022: ciphertext buffer full
[mlkem_channel] ciphertext buffered token=3078525169 nonce_prefix=a771630f
[mlkem_channel] ciphertext refused token=119841219: ciphertext buffer full
[mlkem_channel] ciphertext buffered token=2091952955 nonce_prefix=8e72113b
[mlkem_channel] ciphertext buffered token=1830253400 nonce_prefix=0ee1ab21
[mlkem_channel] ciphertext buffered token=355163411 nonce_prefix=89a03d16
[mlkem_channel] ciphertext buffered token=352491857 nonce_prefix=af1c178a
[mlkem_channel] ciphertext buffered token=3398257122 nonce_prefix=faff5dba
[mlkem_channel] ciphertext buffered token=1522355311 nonce_prefix=1e7a5a23
[mlkem_channel] ciphertext buffered token=1915291294 nonce_prefix=c1ee3c59
[mlkem_channel] ciphertext refused token=1942409780: ciphertext buffer full
[mlkem_channel] ciphertext refused token=750924533: ciphertext buffer full
[mlkem_channel] ciphertext refused token=757642601: ciphertext buffer full
[mlkem_channel] ciphertext refused token=4174433289: ciphertext buffer full
[mlkem_channel] ciphertext refused token=1115915254: ciphertext buffer full
[mlkem_channel] ciphertext refused token=4083673780: ciphertext buffer full
[mlkem_channel] ciphertext refused token=3640330213: ciphertext buffer full
[mlkem_channel] ciphertext refused token=2816677435: ciphertext buffer full
[mlkem_channel] ciphertext refused token=3357561346: ciphertext buffer full
[mlkem_channel] ciphertext refused token=2781585010: ciphertext buffer full
[mlkem_channel] ciphertext refused token=1294605978: ciphertext buffer full
[mlkem_channel] ciphertext refused token=2604099192: ciphertext buffer full
[mlkem_channel] ciphertext refused token=1368800784: ciphertext buffer full
[mlkem_channel] ciphertext refused token=2998809797: ciphertext buffer full
[mlkem_channel] ciphertext refused token=2600466358: ciphertext buffer full
[mlkem_channel] ciphertext refused token=1370716820: ciphertext buffer full
[mlkem_channel] ciphertext refused token=3444276774: ciphertext buffer full
[mlkem_channel] ciphertext refused token=1657027936: ciphertext buffer full
[mlkem_channel] ciphertext refused token=4274597647: ciphertext buffer full
[mlkem_channel] ciphertext refused token=677208093: ciphertext buffer full
[mlkem_channel] ciphertext refused token=1047221601: ciphertext buffer full
[mlkem_channel] ciphertext refused token=987451221: ciphertext buffer full
[mlkem_channel] ciphertext refused token=1991577834: ciphertext buffer full
[mlkem_channel] ciphertext refused token=1195657933: ciphertext buffer full
[mlkem_channel] ciphertext refused token=494130816: ciphertext buffer full
[mlkem_channel] ciphertext refused token=52943065: ciphertext buffer full
[mlkem_channel] ciphertext refused token=387463825: ciphertext buffer full
[mlkem_channel] ciphertext refused token=485995536: ciphertext buffer full
[mlkem_channel] ciphertext refused token=1537581286: ciphertext buffer full
[mlkem_channel] ciphertext refused token=3134305029: ciphertext buffer full
[mlkem_channel] ciphertext refused token=3298355931: ciphertext buffer full
[mlkem_channel] ciphertext refused token=194530560: ciphertext buffer full
[mlkem_channel] ciphertext refused token=3928985361: ciphertext buffer full
[mlkem_channel] ciphertext refused token=218854374: ciphertext buffer full
[mlkem_channel] ciphertext refused token=2566542316: ciphertext buffer full
[mlkem_channel] ciphertext refused token=2870167811: ciphertext buffer full
[mlkem_channel] ciphertext refused token=1098332381: ciphertext buffer full
[mlkem_channel] ciphertext refused token=3343255682: ciphertext buffer full
[mlkem_channel] ciphertext refused token=3232195434: ciphertext buffer full
[mlkem_channel] ciphertext refused token=1470605559: ciphertext buffer full
[mlkem_channel] ciphertext refused token=2347886683: ciphertext buffer full
[mlkem_channel] ciphertext refused token=2228806017: ciphertext buffer full
[mlkem_channel] ciphertext refused token=2430020653: ciphertext buffer full
[mlkem_channel] ciphertext refused token=1721984579: ciphertext buffer full
[mlkem_channel] ciphertext refused token=3442077643: ciphertext buffer full
[mlkem_channel] ciphertext refused token=1613958683: ciphertext buffer full
[mlkem_channel] ciphertext refused token=1348087175: ciphertext buffer full
[mlkem_channel] ciphertext refused token=2590144122: ciphertext buffer full
[mlkem_channel] ciphertext refused token=4250433478: ciphertext buffer full
[mlkem_channel] ciphertext refused token=1128899195: ciphertext buffer full
[mlkem_channel] ciphertext refused token=3076458075: ciphertext buffer full
[mlkem_channel] ciphertext refused token=1072117119: ciphertext buffer full
[mlkem_channel] ciphertext refused token=1882610471: ciphertext buffer full
[mlkem_channel] ciphertext refused token=2339376167: ciphertext buffer full
[mlkem_channel] ciphertext refused token=177750088: ciphertext buffer full
[mlkem_channel] ciphertext refused token=254377216: ciphertext buffer full
[mlkem_channel] ciphertext refused token=1163823989: ciphertext buffer full
[mlkem_channel] ciphertext refused token=1436741427: ciphertext buffer full
[mlkem_channel] ciphertext refused token=2404398236: ciphertext buffer full
[mlkem_channel] ciphertext refused token=695461021: ciphertext buffer full
[mlkem_channel] ciphertext refused token=1299512535: ciphertext buffer full
[mlkem_channel] ciphertext refused token=2642976405: ciphertext buffer full
[mlkem_channel] ciphertext refused token=1069875692: ciphertext buffer full
[mlkem_channel] ciphertext refused token=4249470467: ciphertext buffer full
[mlkem_channel] ciphertext refused token=814482862: ciphertext buffer full
[mlkem_channel] ciphertext refused token=655902871: ciphertext buffer full
[mlkem_channel] ciphertext refused token=1177789649: ciphertext buffer full
[mlkem_channel] ciphertext refused token=4035239754: ciphertext buffer full
[mlkem_channel] ciphertext refused token=2071782761: ciphertext buffer full
[mlkem_channel] ciphertext refused token=2062483444: ciphertext buffer full
[mlkem_channel] ciphertext refused token=683305880: ciphertext buffer full
[mlkem_channel] ciphertext refused token=3770050494: ciphertext buffer full
[mlkem_channel] ciphertext refused token=3668032167: ciphertext buffer full
[mlkem_channel] ciphertext refused token=3342499481: ciphertext buffer full
[mlkem_channel] ciphertext refused token=3671404724: ciphertext buffer full
[mlkem_channel] ciphertext refused token=2777279562: ciphertext buffer full
[mlkem_channel] ciphertext refused token=1216768910: ciphertext buffer full
[mlkem_channel] ciphertext refused token=751888883: ciphertext buffer full
[mlkem_channel] ciphertext refused token=2685967355: ciphertext buffer full
[mlkem_channel] ciphertext refused token=221591785: ciphertext buffer full
[mlkem_channel] ciphertext refused token=569116987: ciphertext buffer full
[mlkem_channel] ciphertext refused token=314736998: ciphertext buffer full
[mlkem_channel] ciphertext refused token=267063114: ciphertext buffer full
[mlkem_channel] ciphertext refused token=3852394332: ciphertext buffer full
[mlkem_channel] ciphertext refused token=2372440917: ciphertext buffer full
[mlkem_channel] ciphertext refused token=2001927042: ciphertext buffer full
[mlkem_channel] ciphertext refused token=3427422283: ciphertext buffer full
[mlkem_channel] ciphertext refused token=835315510: ciphertext buffer full
[mlkem_channel] ciphertext refused token=3730141882: ciphertext buffer full
[mlkem_channel] ciphertext refused token=339012464: ciphertext buffer full
[mlkem_channel] ciphertext refused token=4053417057: ciphertext buffer full
[mlkem_channel] ciphertext refused token=793824948: ciphertext buffer full
[mlkem_channel] ciphertext refused token=2292706397: ciphertext buffer full
[mlkem_channel] ciphertext refused token=1035279613: ciphertext buffer full
[mlkem_channel] ciphertext refused token=392143816: ciphertext buffer full
[mlkem_channel] ciphertext refused token=3257821123: ciphertext buffer full
[mlkem_channel] ciphertext refused token=2183414667: ciphertext buffer full
[mlkem_channel] ciphertext refused token=1094212143: ciphertext buffer full
[mlkem_channel] ciphertext refused token=3064667827: ciphertext buffer full
[mlkem_channel] ciphertext refused token=2138931917: ciphertext buffer full
[mlkem_channel] ciphertext refused token=1468529569: ciphertext buffer full
[mlkem_channel] ciphertext refused token=2190150255: ciphertext buffer full
[mlkem_channel] ciphertext refused token=3289681935: ciphertext buffer full
[mlkem_channel] ciphertext refused token=767399183: ciphertext buffer full
[mlkem_channel] ciphertext refused token=2701578096: ciphertext buffer full
[mlkem_channel] ciphertext refused token=2559709930: ciphertext buffer full
[mlkem_channel] ciphertext refused token=1259907748: ciphertext buffer full
[mlkem_channel] ciphertext refused token=4039115547: ciphertext buffer full
[mlkem_channel] ciphertext refused token=1471778786: ciphertext buffer full
[mlkem_channel] ciphertext refused token=2873617694: ciphertext buffer full
[mlkem_channel] ciphertext refused token=3701851268: ciphertext buffer full
[mlkem_channel] ciphertext refused token=328647898: ciphertext buffer full
[mlkem_channel] ciphertext refused token=2924920524: ciphertext buffer full
[mlkem_channel] ciphertext refused token=3301543874: ciphertext buffer full
[mlkem_channel] ciphertext refused token=1917601587: ciphertext buffer full
[mlkem_channel] ciphertext refused token=4109594604: ciphertext buffer full
[mlkem_channel] ciphertext refused token=899364179: ciphertext buffer full
[mlkem_channel] ciphertext refused token=375191733: ciphertext buffer full
[mlkem_channel] ciphertext buffered token=1484517541 nonce_prefix=15aea088
[mlkem_channel] ciphertext refused token=2749640822: ciphertext buffer full
[mlkem_channel] ciphertext refused token=911036654: ciphertext buffer full
[mlkem_channel] ciphertext refused token=987316995: ciphertext buffer full
[mlkem_channel] ciphertext buffered token=4265072732 nonce_prefix=117ad3e3
[mlkem_channel] ciphertext refused token=3097989597: ciphertext buffer full
[mlkem_channel] ciphertext buffered token=3733753610 nonce_prefix=c870192c
[mlkem_channel] ciphertext refused token=351745217: ciphertext buffer full
[mlkem_channel] ciphertext refused token=1094509924: ciphertext buffer full
[mlkem_channel] ciphertext refused token=1143505860: ciphertext buffer full
[mlkem_channel] ciphertext refused token=2186573515: ciphertext buffer full
[mlkem_channel] ciphertext buffered token=3309729400 nonce_prefix=572b3b58
[mlkem_channel] ciphertext refused token=1444911016: ciphertext buffer full
[mlkem_channel] ciphertext refused token=1692099307: ciphertext buffer full
[mlkem_channel] ciphertext refused token=995633770: ciphertext buffer full
[mlkem_channel] ciphertext refused token=58205945: ciphertext buffer full
[mlkem_channel] ciphertext refused token=2286879003: ciphertext buffer full
[mlkem_channel] ciphertext refused token=2327860633: ciphertext buffer full
[mlkem_channel] ciphertext buffered token=1197298792 nonce_prefix=f1308932
[mlkem_channel] ciphertext refused token=1280892276: ciphertext buffer full
[mlkem_channel] ciphertext buffered token=1203859143 nonce_prefix=98af8ede
[mlkem_channel] ciphertext refused token=3888190032: ciphertext buffer full
[mlkem_channel] ciphertext refused token=747643871: ciphertext buffer full
[mlkem_channel] ciphertext refused token=2201825246: ciphertext buffer full
[mlkem_channel] ciphertext refused token=2935297694: ciphertext buffer full
[mlkem_channel] ciphertext refused token=121314951: ciphertext buffer full
[mlkem_channel] ciphertext refused token=138095912: ciphertext buffer full
[mlkem_channel] ciphertext refused token=2140291062: ciphertext buffer full
[mlkem_channel] ciphertext refused token=3119109900: ciphertext buffer full
[mlkem_channel] ciphertext buffered token=2632143659 nonce_prefix=0f0c2e9e
[mlkem_channel] ciphertext refused token=979353061: ciphertext buffer full
[mlkem_channel] ciphertext refused token=3501471267: ciphertext buffer full
[mlkem_channel] ciphertext refused token=2469149824: ciphertext buffer full
[mlkem_channel] ciphertext buffered token=2437212525 nonce_prefix=3e9a3742
[mlkem_channel] ciphertext refused token=1539460875: ciphertext buffer full
[mlkem_channel] ciphertext refused token=4254380626: ciphertext buffer full
[mlkem_channel] ciphertext refused token=2850778640: ciphertext buffer full
[mlkem_channel] ciphertext refused token=1515781098: ciphertext buffer full
[mlkem_channel] ciphertext refused token=4231813399: ciphertext buffer full
[mlkem_channel] ciphertext buffered token=3669460905 nonce_prefix=5a67ea79
[mlkem_channel] ciphertext buffered token=2528458489 nonce_prefix=7056f041
[mlkem_channel] ciphertext refused token=841292137: ciphertext buffer full
[mlkem_channel] ciphertext buffered token=246836152 nonce_prefix=27d0f1aa
[mlkem_channel] ciphertext refused token=2203172765: ciphertext buffer full
[mlkem_channel] ciphertext buffered token=843823757 nonce_prefix=4c416af4
[mlkem_channel] ciphertext refused token=880108040: ciphertext buffer full
[mlkem_channel] ciphertext refused token=2036658583: ciphertext buffer full
[mlkem_channel] ciphertext buffered token=1075375473 nonce_prefix=5865e763
[mlkem_channel] ciphertext buffered token=1593089261 nonce_prefix=ce88f38d
[mlkem_channel] ciphertext refused token=3624121780: ciphertext buffer full
[mlkem_channel] ciphertext refused token=576397006: ciphertext buffer full
[mlkem_channel] ciphertext buffered token=890236659 nonce_prefix=f19c1e3b
[mlkem_channel] ciphertext refused token=2585360540: ciphertext buffer full
[mlkem_channel] ciphertext buffered token=3789715555 nonce_prefix=93f3880d
[mlkem_channel] ciphertext refused token=4251364784: ciphertext buffer full
[mlkem_channel] ciphertext refused token=1573344044: ciphertext buffer full
[mlkem_channel] ciphertext refused token=3489070060: ciphertext buffer full
[mlkem_channel] ciphertext buffered token=1939682415 nonce_prefix=42f12601
[mlkem_channel] ciphertext refused token=2166618310: ciphertext buffer full
[mlkem_channel] ciphertext refused token=485028892: ciphertext buffer full
[mlkem_channel] ciphertext refused token=695064668: ciphertext buffer full
[mlkem_channel] ciphertext refused token=319187447: ciphertext buffer full
[mlkem_channel] ciphertext refused token=4273771238: ciphertext buffer full
[mlkem_channel] ciphertext buffered token=1057821741 nonce_prefix=9f41aeb3
[mlkem_channel] ciphertext refused token=3927674390: ciphertext buffer full
[mlkem_channel] ciphertext buffered token=284225484 nonce_prefix=89883492
[mlkem_channel] ciphertext refused token=3569462928: ciphertext buffer full
[mlkem_channel] ciphertext refused token=2523890810: ciphertext buffer full
[mlkem_channel] ciphertext refused token=1758722044: ciphertext buffer full
[mlkem_channel] ciphertext buffered token=3931360063 nonce_prefix=f16e3e79
[mlkem_channel] ciphertext buffered token=791611854 nonce_prefix=8cbcd06e
[mlkem_channel] ciphertext buffered token=833686740 nonce_prefix=59c3f74e
[mlkem_channel] ciphertext buffered token=1255359858 nonce_prefix=0a4761e4
[mlkem_channel] ciphertext buffered token=3500673707 nonce_prefix=26c69d9c
[mlkem_channel] ciphertext refused token=2493802109: ciphertext buffer full
[mlkem_channel] ciphertext refused token=2119179336: ciphertext buffer full
[mlkem_channel] ciphertext buffered token=3090304161 nonce_prefix=389e92d6
[mlkem_channel] ciphertext buffered token=2359875054 nonce_prefix=c6acdf11
[mlkem_channel] ciphertext refused token=1997172728: ciphertext buffer full
[mlkem_channel] ciphertext refused token=929966123: ciphertext buffer full
[mlkem_channel] ciphertext refused token=2792616164: ciphertext buffer full
[mlkem_channel] ciphertext refused token=1016965028: ciphertext buffer full
[mlkem_channel] ciphertext refused token=4110819679: ciphertext buffer full
[mlkem_channel] ciphertext buffered token=2829084140 nonce_prefix=55b128d8
[mlkem_channel] ciphertext refused token=4003088619: ciphertext buffer full
[mlkem_channel] ciphertext refused token=239500058: ciphertext buffer full
[mlkem_channel] ciphertext refused token=2709479456: ciphertext buffer full
[mlkem_channel] ciphertext buffered token=2195093622 nonce_prefix=307c48ce
[mlkem_channel] ciphertext refused token=968701790: ciphertext buffer full
[mlkem_channel] ciphertext refused token=1004268239: ciphertext buffer full
[mlkem_channel] ciphertext refused token=4076650479: ciphertext buffer full
[mlkem_channel] ciphertext refused token=1421815121: ciphertext buffer full
[mlkem_channel] ciphertext buffered token=3500718162 nonce_prefix=88d685e9
[mlkem_channel] ciphertext refused token=1314022810: ciphertext buffer full
[mlkem_channel] ciphertext buffered token=102792462 nonce_prefix=d67e63c8
[mlkem_channel] ciphertext refused token=2477800571: ciphertext buffer full
[mlkem_channel] ciphertext buffered token=4021701969 nonce_prefix=be12c34f
[mlkem_channel] ciphertext refused token=3495902131: ciphertext buffer full
[mlkem_channel] ciphertext refused token=206447057: ciphertext buffer full
[mlkem_channel] ciphertext refused token=433403009: ciphertext buffer full
[mlkem_channel] ciphertext buffered token=2396793334 nonce_prefix=396656eb
[mlkem_channel] ciphertext refused token=4188606183: ciphertext buffer full
[mlkem_channel] ciphertext refused token=889852381: ciphertext buffer full
[mlkem_channel] ciphertext refused token=1441439686: ciphertext buffer full
[mlkem_channel] ciphertext buffered token=1690940874 nonce_prefix=8c95efaf
[mlkem_channel] ciphertext buffered token=3723281916 nonce_prefix=97f7e15e
[mlkem_channel] ciphertext refused token=1239518665: ciphertext buffer full
[mlkem_channel] ciphertext refused token=1662246326: ciphertext buffer full
[mlkem_channel] ciphertext refused token=1808316484: ciphertext buffer full
[mlkem_channel] ciphertext refused token=1147021947: ciphertext buffer full
[mlkem_channel] ciphertext buffered token=1059315485 nonce_prefix=e610e7f9
[mlkem_channel] ciphertext refused token=2472403588: ciphertext buffer full
[mlkem_channel] ciphertext refused token=2940098407: ciphertext buffer full
[mlkem_channel] ciphertext buffered token=516313784 nonce_prefix=1372a8b5
[mlkem_channel] ciphertext refused token=2408046385: ciphertext buffer full
[mlkem_channel] ciphertext buffered token=1070373076 nonce_prefix=a3354762
[mlkem_channel] ciphertext refused token=2943188423: ciphertext buffer full
[mlkem_channel] ciphertext refused token=1556683766: ciphertext buffer full
[mlkem_channel] ciphertext buffered token=3401490599 nonce_prefix=ce1aa8aa
[mlkem_channel] ciphertext refused token=2853416216: ciphertext buffer full
[mlkem_channel] ciphertext refused token=2345150989: ciphertext buffer full
[mlkem_channel] ciphertext refused token=3785835066: ciphertext buffer full
[mlkem_channel] ciphertext buffered token=795195625 nonce_prefix=704d2036
[mlkem_channel] ciphertext refused token=1961226111: ciphertext buffer full
[mlkem_channel] ciphertext refused token=3074785210: ciphertext buffer full
[mlkem_channel] ciphertext refused token=3847117751: ciphertext buffer full
[mlkem_channel] ciphertext refused token=4137849090: ciphertext buffer full
[mlkem_channel] ciphertext buffered token=1435593191 nonce_prefix=0ff9d528
[mlkem_channel] ciphertext refused token=4099814861: ciphertext buffer full
[mlkem_channel] ciphertext refused token=1263001803: ciphertext buffer full
[mlkem_channel] ciphertext refused token=3907951873: ciphertext buffer full
[mlkem_channel] ciphertext refused token=2710073772: ciphertext buffer full
[mlkem_channel] ciphertext buffered token=4259789093 nonce_prefix=90fdeb55
[mlkem_channel] ciphertext refused token=415368929: ciphertext buffer full
[mlkem_channel] ciphertext buffered token=3685237477 nonce_prefix=542fb895
[mlkem_channel] ciphertext refused token=3749425320: ciphertext buffer full
[mlkem_channel] ciphertext refused token=3681641053: ciphertext buffer full
[mlkem_channel] ciphertext refused token=3131419131: ciphertext buffer full
[mlkem_channel] ciphertext refused token=66685791: ciphertext buffer full
[mlkem_channel] ciphertext refused token=2080571470: ciphertext buffer full
[mlkem_channel] ciphertext refused token=2365391513: ciphertext buffer full
[mlkem_channel] ciphertext refused token=1067747885: ciphertext buffer full
[mlkem_channel] ciphertext refused token=1954922607: ciphertext buffer full
[mlkem_channel] ciphertext refused token=2748214451: ciphertext buffer full
[mlkem_channel] ciphertext refused token=2947683657: ciphertext buffer full
[mlkem_channel] ciphertext refused token=2072634903: ciphertext buffer full
[mlkem_channel] ciphertext buffered token=2233561984 nonce_prefix=9a5f4013
[mlkem_channel] ciphertext refused token=1459898499: ciphertext buffer full
[mlkem_channel] ciphertext buffered token=2632255034 nonce_prefix=1a663f9b
[mlkem_channel] ciphertext refused token=593895065: ciphertext buffer full
[mlkem_channel] ciphertext buffered token=2260360248 nonce_prefix=191ba920
[mlkem_channel] ciphertext refused token=3771193263: ciphertext buffer full
[mlkem_channel] ciphertext refused token=2715125221: ciphertext buffer full
[mlkem_channel] ciphertext refused token=3540120837: ciphertext buffer full
[mlkem_channel] ciphertext buffered token=4278551405 nonce_prefix=33533ad0
[mlkem_channel] ciphertext refused token=2249270419: ciphertext buffer full
[mlkem_channel] ciphertext refused token=1975683665: ciphertext buffer full
[mlkem_channel] ciphertext buffered token=3344033009 nonce_prefix=d5cbe6b9
[mlkem_channel] ciphertext refused token=1507117752: ciphertext buffer full
[mlkem_channel] ciphertext refused token=208534182: ciphertext buffer full
[mlkem_channel] ciphertext buffered token=2739230847 nonce_prefix=bc8c6792
[mlkem_channel] ciphertext refused token=3180281508: ciphertext buffer full
[mlkem_channel] ciphertext refused token=3779358139: ciphertext buffer full
[mlkem_channel] ciphertext refused token=3025148143: ciphertext buffer full
[mlkem_channel] ciphertext buffered token=1077095828 nonce_prefix=56914333
[mlkem_channel] ciphertext refused token=3397401057: ciphertext buffer full
[mlkem_channel] ciphertext buffered token=3053688459 nonce_prefix=c8b690fb
[mlkem_channel] ciphertext refused token=308342147: ciphertext buffer full
[mlkem_channel] ciphertext refused token=744776688: ciphertext buffer full
[mlkem_channel] ciphertext refused token=3952332309: ciphertext buffer full
[mlkem_channel] ciphertext refused token=2212285390: ciphertext buffer full
[mlkem_channel] ciphertext buffered token=2253936869 nonce_prefix=b7c49b37
[mlkem_channel] ciphertext refused token=3092999492: ciphertext buffer full
[mlkem_channel] ciphertext refused token=1202702101: ciphertext buffer full
[mlkem_channel] ciphertext refused token=2949525629: ciphertext buffer full
[mlkem_channel] ciphertext refused token=3360920512: ciphertext buffer full
[mlkem_channel] ciphertext refused token=2845521702: ciphertext buffer full
[mlkem_channel] ciphertext refused token=1437872391: ciphertext buffer full
[mlkem_channel] ciphertext refused token=1228045515: ciphertext buffer full
[mlkem_channel] ciphertext refused token=1434689435: ciphertext buffer full
[mlkem_channel] ciphertext buffered token=4090683574 nonce_prefix=89d36178
[mlkem_channel] ciphertext refused token=2735404106: ciphertext buffer full
[mlkem_channel] ciphertext refused token=1811696064: ciphertext buffer full
[mlkem_channel] ciphertext buffered token=384917191 nonce_prefix=254d3aa7
[mlkem_channel] ciphertext refused token=2043502567: ciphertext buffer full
[mlkem_channel] ciphertext refused token=2436138723: ciphertext buffer full
[mlkem_channel] ciphertext refused token=186039113: ciphertext buffer full
[mlkem_channel] ciphertext refused token=1824347313: ciphertext buffer full
[mlkem_channel] ciphertext buffered token=2785731842 nonce_prefix=3d8febae
[mlkem_channel] ciphertext refused token=1581096913: ciphertext buffer full
[mlkem_channel] ciphertext refused token=259671852: ciphertext buffer full
[mlkem_channel] ciphertext buffered token=2911291331 nonce_prefix=610c18ef
[mlkem_channel] ciphertext refused token=194751853: ciphertext buffer full
[mlkem_channel] ciphertext refused token=2520026325: ciphertext buffer full
[mlkem_channel] ciphertext buffered token=437872273 nonce_prefix=0a4ff625
[mlkem_channel] ciphertext buffered token=584456376 nonce_prefix=28f0e2ec
[mlkem_channel] ciphertext refused token=3850367527: ciphertext buffer full
[mlkem_channel] ciphertext refused token=2516244978: ciphertext buffer full
[mlkem_channel] ciphertext buffered token=3399104559 nonce_prefix=19ce8031
[mlkem_channel] ciphertext refused token=3562923839: ciphertext buffer full
[mlkem_channel] ciphertext refused token=1039637952: ciphertext buffer full
[mlkem_channel] ciphertext refused token=2285157135: ciphertext buffer full
[mlkem_channel] ciphertext refused token=3102219743: ciphertext buffer full
[mlkem_channel] ciphertext buffered token=2338357182 nonce_prefix=b88e5fc6
[mlkem_channel] ciphertext buffered token=4169911951 nonce_prefix=88e3839f
[mlkem_channel] ciphertext refused token=1303266206: ciphertext buffer full
[mlkem_channel] ciphertext refused token=1931498220: ciphertext buffer full
[mlkem_channel] ciphertext refused token=139977357: ciphertext buffer full
[mlkem_channel] ciphertext buffered token=1542909640 nonce_prefix=f9eb8647
[mlkem_channel] ciphertext refused token=1830520134: ciphertext buffer full
[mlkem_channel] ciphertext refused token=2522334219: ciphertext buffer full
[mlkem_channel] ciphertext buffered token=1081654574 nonce_prefix=8cf867bc
[mlkem_channel] ciphertext refused token=617781640: ciphertext buffer full
[mlkem_channel] ciphertext refused token=1269188208: ciphertext buffer full
[mlkem_channel] ciphertext buffered token=1882710138 nonce_prefix=cd3e6078
[mlkem_channel] ciphertext refused token=2070327494: ciphertext buffer full
[mlkem_channel] ciphertext buffered token=1100118414 nonce_prefix=9cb3a116
[mlkem_channel] ciphertext buffered token=2224619869 nonce_prefix=f9fedbdf
[mlkem_channel] ciphertext refused token=1101084883: ciphertext buffer full
[mlkem_channel] ciphertext refused token=2681170609: ciphertext buffer full
[mlkem_channel] ciphertext buffered token=3220471857 nonce_prefix=a519234f
[mlkem_channel] ciphertext refused token=2188902030: ciphertext buffer full
[mlkem_channel] ciphertext refused token=3114534927: ciphertext buffer full
[mlkem_channel] ciphertext buffered token=3099350271 nonce_prefix=0b2a6bfb
[mlkem_channel] ciphertext refused token=1845132689: ciphertext buffer full
[mlkem_channel] ciphertext buffered token=3980803525 nonce_prefix=cb2e65b7
[mlkem_channel] ciphertext buffered token=2293430875 nonce_prefix=a74941d2
[mlkem_channel] ciphertext refused token=1604880494: ciphertext buffer full
[mlkem_channel] ciphertext refused token=2867335785: ciphertext buffer full
[mlkem_channel] ciphertext refused token=1818491400: ciphertext buffer full
[mlkem_channel] ciphertext refused token=1236742580: ciphertext buffer full
[mlkem_channel] ciphertext buffered token=2130720863 nonce_prefix=8fe0a0e1
[mlkem_channel] ciphertext refused token=1685385536: ciphertext buffer full
[mlkem_channel] ciphertext refused token=2906199909: ciphertext buffer full
[mlkem_channel] ciphertext refused token=3893926070: ciphertext buffer full
[mlkem_channel] ciphertext refused token=3170047452: ciphertext buffer full
[mlkem_channel] ciphertext buffered token=4088607373 nonce_prefix=6151b1f8
[mlkem_channel] ciphertext buffered token=1402125879 nonce_prefix=5c0b383e
[mlkem_channel] ciphertext buffered token=1497898331 nonce_prefix=1da6c27f
[mlkem_channel] ciphertext refused token=3740819914: ciphertext buffer full
[mlkem_channel] ciphertext buffered token=1331902370 nonce_prefix=b814edbb
[mlkem_channel] ciphertext refused token=2766201466: ciphertext buffer full
[mlkem_channel] ciphertext buffered token=2840607300 nonce_prefix=c2cdb230
[mlkem_channel] ciphertext refused token=1229580244: ciphertext buffer full
[mlkem_channel] ciphertext buffered token=1803235474 nonce_prefix=25ad4681
[mlkem_channel] ciphertext refused token=3207349437: ciphertext buffer full
[mlkem_channel] ciphertext buffered token=1941039507 nonce_prefix=e5554edb
[mlkem_channel] ciphertext refused token=3484807232: ciphertext buffer full
[mlkem_channel] ciphertext refused token=2306034556: ciphertext buffer full
[mlkem_channel] ciphertext buffered token=1540759011 nonce_prefix=40b58cd1
[mlkem_channel] ciphertext refused token=3297513075: ciphertext buffer full
[mlkem_channel] ciphertext buffered token=244320361 nonce_prefix=ba4f45bb
[mlkem_channel] ciphertext refused token=3755772823: ciphertext buffer full
[mlkem_channel] ciphertext buffered token=3927493813 nonce_prefix=df8ac74a
[mlkem_channel] ciphertext refused token=168025110: ciphertext buffer full
[mlkem_channel] ciphertext buffered token=3662508245 nonce_prefix=0adcdfb8
[mlkem_channel] ciphertext buffered token=4122923983 nonce_prefix=3bf14883
[mlkem_channel] ciphertext refused token=3456030748: ciphertext buffer full
[mlkem_channel] ciphertext refused token=2940597801: ciphertext buffer full
[mlkem_channel] ciphertext buffered token=327832337 nonce_prefix=d771594d
[mlkem_channel] ciphertext buffered token=3948895486 nonce_prefix=49111eb5
[mlkem_channel] ciphertext buffered token=2910849375 nonce_prefix=b779d1c8
[mlkem_channel] ciphertext refused token=1090856819: ciphertext buffer full
[mlkem_channel] ciphertext buffered token=437041332 nonce_prefix=199b2fe3
[mlkem_channel] ciphertext buffered token=3211400043 nonce_prefix=8d735a0d
[mlkem_channel] ciphertext buffered token=569293718 nonce_prefix=7a7f3967
[mlkem_channel] ciphertext buffered token=747650473 nonce_prefix=3921e8b7
[mlkem_channel] ciphertext buffered token=1456343067 nonce_prefix=e665afe0
[mlkem_channel] ciphertext refused token=100260023: ciphertext buffer full
[mlkem_channel] ciphertext refused token=579588114: ciphertext buffer full
[mlkem_channel] ciphertext buffered token=2781489470 nonce_prefix=998c554c
[mlkem_channel] ciphertext buffered token=4147374795 nonce_prefix=4e865228
[mlkem_channel] ciphertext buffered token=280562561 nonce_prefix=b1b8dec3
[mlkem_channel] ciphertext buffered token=889277848 nonce_prefix=4229d1ff
[mlkem_channel] ciphertext buffered token=298033662 nonce_prefix=a4d66e07
[mlkem_channel] ciphertext buffered token=295729883 nonce_prefix=bb9db88c
[mlkem_channel] ciphertext buffered token=2556197323 nonce_prefix=6e986caf
[mlkem_channel] ciphertext buffered token=3979522606 nonce_prefix=e5fb8473
[mlkem_channel] ciphertext buffered token=2937221624 nonce_prefix=e7e646e9
[mlkem_channel] ciphertext buffered token=2350983837 nonce_prefix=5a897fa9
[mlkem_channel] ciphertext buffered token=283458482 nonce_prefix=ea8a6f76
[mlkem_channel] ciphertext buffered token=416376470 nonce_prefix=059dee2b
[mlkem_channel] ciphertext buffered token=2131822653 nonce_prefix=1439e61e
[mlkem_channel] ciphertext buffered token=2108544544 nonce_prefix=723522c1
[mlkem_channel] ciphertext buffered token=720613467 nonce_prefix=cd2dc732
[mlkem_channel] ciphertext buffered token=1084922986 nonce_prefix=9b214d88
[mlkem_channel] ciphertext buffered token=2248560935 nonce_prefix=b48a0a91
[mlkem_channel] ciphertext buffered token=1051090192 nonce_prefix=d00f04ca
[mlkem_channel] ciphertext buffered token=2185331145 nonce_prefix=6621e5ad
[mlkem_channel] ciphertext buffered token=3852490826 nonce_prefix=cdb35350
[mlkem_channel] ciphertext buffered token=1273220870 nonce_prefix=bd3f8dd0
[mlkem_channel] ciphertext buffered token=702737958 nonce_prefix=78b1841a
[mlkem_channel] ciphertext buffered token=1827577676 nonce_prefix=3a67b19f
[mlkem_channel] ciphertext buffered token=127071172 nonce_prefix=ef8a22d4
[mlkem_channel] ciphertext buffered token=1648616926 nonce_prefix=0c3a1edf
[mlkem_channel] ciphertext buffered token=564760380 nonce_prefix=cbf5ef1b
[mlkem_channel] ciphertext buffered token=2447809000 nonce_prefix=27242f4d
[mlkem_channel] ciphertext buffered token=3685700800 nonce_prefix=50555b88
[mlkem_channel] ciphertext refused token=4202089862: ciphertext buffer full
[mlkem_channel] ciphertext refused token=904803583: ciphertext buffer full
[mlkem_channel] ciphertext buffered token=2252215475 nonce_prefix=e3b7bd41
[mlkem_channel] ciphertext buffered token=2317458933 nonce_prefix=4a70ad79
[mlkem_channel] ciphertext refused token=1537803036: ciphertext buffer full
[mlkem_channel] ciphertext buffered token=810981433 nonce_prefix=45aa2559
[mlkem_channel] ciphertext buffered token=1549916928 nonce_prefix=eaf8f65b
[mlkem_channel] ciphertext buffered token=2795543465 nonce_prefix=e92483d0
[mlkem_channel] ciphertext refused token=807777943: ciphertext buffer full
[mlkem_channel] ciphertext refused token=1759947538: ciphertext buffer full
[mlkem_channel] ciphertext refused token=1024296226: ciphertext buffer full
[mlkem_channel] ciphertext refused token=1899270823: ciphertext buffer full
[mlkem_channel] ciphertext buffered token=1890415661 nonce_prefix=72705b32
[mlkem_channel] ciphertext buffered token=775250506 nonce_prefix=5ed9de85
[mlkem_channel] ciphertext refused token=2055998666: ciphertext buffer full
[mlkem_channel] ciphertext refused token=4267117165: ciphertext buffer full
[mlkem_channel] ciphertext refused token=1367575845: ciphertext buffer full
[mlkem_channel] ciphertext refused token=4130966764: ciphertext buffer full
[mlkem_channel] ciphertext refused token=2181343247: ciphertext buffer full
[mlkem_channel] ciphertext buffered token=1358024632 nonce_prefix=664d1878
[mlkem_channel] ciphertext refused token=1348212929: ciphertext buffer full
[mlkem_channel] ciphertext refused token=3686899500: ciphertext buffer full
[mlkem_channel] ciphertext buffered token=816717416 nonce_prefix=408f7946
[mlkem_channel] ciphertext refused token=3533190843: ciphertext buffer full
[mlkem_channel] ciphertext buffered token=850018585 nonce_prefix=62f1b85f
[mlkem_channel] ciphertext refused token=1417338929: ciphertext buffer full
[mlkem_channel] ciphertext buffered token=565365945 nonce_prefix=329b15b3
[mlkem_channel] ciphertext refused token=2166400899: ciphertext buffer full
[mlkem_channel] ciphertext refused token=4251188963: ciphertext buffer full
[mlkem_channel] ciphertext buffered token=1081531807 nonce_prefix=10f9532b
[mlkem_channel] ciphertext refused token=3173669934: ciphertext buffer full
[mlkem_channel] ciphertext refused token=446223887: ciphertext buffer full
[mlkem_channel] ciphertext refused token=3555380486: ciphertext buffer full
[mlkem_channel] ciphertext buffered token=528158630 nonce_prefix=d312bdfe
[mlkem_channel] ciphertext buffered token=1042652028 nonce_prefix=eb7a319b
[mlkem_channel] ciphertext buffered token=1883779512 nonce_prefix=500811e7
[mlkem_channel] ciphertext refused token=2589047257: ciphertext buffer full
[mlkem_channel] ciphertext refused token=2726354795: ciphertext buffer full
[mlkem_channel] ciphertext buffered token=3416908114 nonce_prefix=6675e28d
[mlkem_channel] ciphertext buffered token=1810668790 nonce_prefix=5c2ddc79
[mlkem_channel] ciphertext refused token=3859565329: ciphertext buffer full
[mlkem_channel] ciphertext buffered token=424111233 nonce_prefix=5fced09a
[mlkem_channel] ciphertext refused token=2890317293: ciphertext buffer full
[mlkem_channel] ciphertext buffered token=2071667456 nonce_prefix=15ecd987
[mlkem_channel] ciphertext buffered token=848332133 nonce_prefix=ac8872e2
[mlkem_channel] ciphertext refused token=3173673228: ciphertext buffer full
[mlkem_channel] ciphertext refused token=1267516634: ciphertext buffer full
[mlkem_channel] ciphertext buffered token=1498160757 nonce_prefix=82de2263
[mlkem_channel] ciphertext refused token=1686301399: ciphertext buffer full
[mlkem_channel] ciphertext buffered token=2228892581 nonce_prefix=7e3e64cf
[mlkem_channel] ciphertext refused token=3770811701: ciphertext buffer full
[mlkem_channel] ciphertext buffered token=2599111348 nonce_prefix=1e49546c
[mlkem_channel] ciphertext buffered token=3676758900 nonce_prefix=6177bb84
[mlkem_channel] ciphertext buffered token=2647318210 nonce_prefix=9aa606df
[mlkem_channel] ciphertext buffered token=3710237422 nonce_prefix=6056e59c
[mlkem_channel] ciphertext refused token=2617384858: ciphertext buffer full
[mlkem_channel] ciphertext refused token=1700962410: ciphertext buffer full
[mlkem_channel] ciphertext buffered token=1564459898 nonce_prefix=4f40e55e
[mlkem_channel] ciphertext buffered token=544293690 nonce_prefix=34140a67
[mlkem_channel] ciphertext buffered token=616632910 nonce_prefix=3630bce0
[mlkem_channel] ciphertext buffered token=773054436 nonce_prefix=b7105238
[mlkem_channel] ciphertext refused token=2545843561: ciphertext buffer full
[mlkem_channel] ciphertext buffered token=3144986463 nonce_prefix=dc581006
[mlkem_channel] ciphertext buffered token=865046030 nonce_prefix=9f66f0a3
[mlkem_channel] ciphertext refused token=2906595452: ciphertext buffer full
[mlkem_channel] ciphertext buffered token=725245758 nonce_prefix=5390bd7f
[mlkem_channel] ciphertext refused token=918736342: ciphertext buffer full
[mlkem_channel] ciphertext refused token=2389001050: ciphertext buffer full
[mlkem_channel] ciphertext buffered token=1769032422 nonce_prefix=e655fe03
[mlkem_channel] ciphertext refused token=4118267889: ciphertext buffer full
[mlkem_channel] ciphertext buffered token=3743546071 nonce_prefix=4b9cdc84
[mlkem_channel] ciphertext buffered token=22021908 nonce_prefix=09667daa
[mlkem_channel] ciphertext buffered token=1700653323 nonce_prefix=9cc8f0f5
[mlkem_channel] ciphertext buffered token=2250228793 nonce_prefix=d2763922
[mlkem_channel] ciphertext buffered token=3241206953 nonce_prefix=fb0a3879
[mlkem_channel] ciphertext buffered token=1313967067 nonce_prefix=825619ae
[mlkem_channel] ciphertext refused token=2677013780: ciphertext buffer full
[mlkem_channel] ciphertext refused token=1775478894: ciphertext buffer full
[mlkem_channel] ciphertext refused token=1888644998: ciphertext buffer full
[mlkem_channel] ciphertext buffered token=2739147854 nonce_prefix=70cd0b70
[mlkem_channel] ciphertext buffered token=3719354860 nonce_prefix=56bdf74c
[mlkem_channel] ciphertext buffered token=4241004120 nonce_prefix=6023ebe9
[mlkem_channel] ciphertext buffered token=590180748 nonce_prefix=587da2ff
[mlkem_channel] ciphertext buffered token=3139287871 nonce_prefix=ac6e0337
[mlkem_channel] ciphertext buffered token=4009719849 nonce_prefix=04ca54a7
[mlkem_channel] ciphertext refused token=3520796459: ciphertext buffer full
[mlkem_channel] ciphertext buffered token=1460094444 nonce_prefix=d1d2f525
[mlkem_channel] ciphertext refused token=3914212595: ciphertext buffer full
[mlkem_channel] ciphertext buffered token=2027505007 nonce_prefix=29b60b34
[mlkem_channel] ciphertext refused token=2142930491: ciphertext buffer full
[mlkem_channel] ciphertext buffered token=1634532185 nonce_prefix=f1048df6
[mlkem_channel] ciphertext refused token=1339479669: ciphertext buffer full
[mlkem_channel] ciphertext buffered token=2140658523 nonce_prefix=b0e9b4cc
[mlkem_channel] ciphertext buffered token=651867339 nonce_prefix=17e7de3d
[mlkem_channel] ciphertext buffered token=2678707798 nonce_prefix=08e026bb
[mlkem_channel] ciphertext refused token=3042951870: ciphertext buffer full
[mlkem_channel] ciphertext refused token=2559536914: ciphertext buffer full
[mlkem_channel] ciphertext buffered token=2180092806 nonce_prefix=9ab761f3
[mlkem_channel] ciphertext refused token=3425058341: ciphertext buffer full
[mlkem_channel] ciphertext refused token=4280611470: ciphertext buffer full
[mlkem_channel] ciphertext refused token=4237832672: ciphertext buffer full
[mlkem_channel] ciphertext refused token=675234464: ciphertext buffer full
[mlkem_channel] ciphertext refused token=1544924540: ciphertext buffer full
[mlkem_channel] ciphertext buffered token=285407137 nonce_prefix=64f0d4d4
[mlkem_channel] ciphertext refused token=2971413835: ciphertext buffer full
[mlkem_channel] ciphertext refused token=3568844334: ciphertext buffer full
[mlkem_channel] ciphertext buffered token=1189536853 nonce_prefix=4347a464
[mlkem_channel] ciphertext refused token=1745465806: ciphertext buffer full
[mlkem_channel] ciphertext buffered token=1549128569 nonce_prefix=db2221f3
[mlkem_channel] ciphertext refused token=3701430372: ciphertext buffer full
[mlkem_channel] ciphertext buffered token=2613928100 nonce_prefix=d01baf5b
[mlkem_channel] ciphertext refused token=2159851786: ciphertext buffer full
[mlkem_channel] ciphertext refused token=3202539778: ciphertext buffer full
[mlkem_channel] ciphertext refused token=2430462861: ciphertext buffer full
[mlkem_channel] ciphertext buffered token=1010279424 nonce_prefix=e5455475
[mlkem_channel] ciphertext refused token=259252566: ciphertext buffer full
[mlkem_channel] ciphertext refused token=4242684151: ciphertext buffer full
[mlkem_channel] ciphertext refused token=2633952473: ciphertext buffer full
[mlkem_channel] ciphertext refused token=1522848418: ciphertext buffer full
[mlkem_channel] ciphertext refused token=4178063230: ciphertext buffer full
[mlkem_channel] ciphertext buffered token=1438363948 nonce_prefix=ad3af738
[mlkem_channel] ciphertext refused token=3313368722: ciphertext buffer full
[mlkem_channel] ciphertext refused token=356435720: ciphertext buffer full
[mlkem_channel] ciphertext buffered token=2025283504 nonce_prefix=8ce3aa9d
[mlkem_channel] ciphertext refused token=2167266341: ciphertext buffer full
[mlkem_channel] ciphertext refused token=3423425647: ciphertext buffer full
[mlkem_channel] ciphertext refused token=80088502: ciphertext buffer full
[mlkem_channel] ciphertext refused token=3695272033: ciphertext buffer full
[mlkem_channel] ciphertext buffered token=1085145530 nonce_prefix=5096265e
[mlkem_channel] ciphertext refused token=3502239185: ciphertext buffer full
[mlkem_channel] ciphertext refused token=324717396: ciphertext buffer full
[mlkem_channel] ciphertext refused token=470468541: ciphertext buffer full
[mlkem_channel] ciphertext buffered token=1827481448 nonce_prefix=2f4bf9ed
[mlkem_channel] ciphertext refused token=401971731: ciphertext buffer full
[mlkem_channel] ciphertext refused token=518710261: ciphertext buffer full
[mlkem_channel] ciphertext buffered token=3232473912 nonce_prefix=a4a493dd
[mlkem_channel] ciphertext refused token=4010652862: ciphertext buffer full
[mlkem_channel] ciphertext buffered token=1754988849 nonce_prefix=9b1c0efe
[mlkem_channel] ciphertext refused token=1066380749: ciphertext buffer full
[mlkem_channel] ciphertext buffered token=15100944 nonce_prefix=3f1e1c4a
[mlkem_channel] ciphertext buffered token=1936483311 nonce_prefix=0ca507fe
[mlkem_channel] ciphertext buffered token=267539053 nonce_prefix=33df9a83
[mlkem_channel] ciphertext refused token=3030698231: ciphertext buffer full
[mlkem_channel] ciphertext refused token=2101582798: ciphertext buffer full
[mlkem_channel] ciphertext buffered token=3995906984 nonce_prefix=f3fc7f9a
[mlkem_channel] ciphertext buffered token=603985469 nonce_prefix=c99152b6
[mlkem_channel] ciphertext buffered token=2927918232 nonce_prefix=6f82fd7c
[mlkem_channel] ciphertext buffered token=3145492263 nonce_prefix=6479958e
[mlkem_channel] ciphertext buffered token=3245699196 nonce_prefix=bc00d7a2
[mlkem_channel] ciphertext buffered token=1341150537 nonce_prefix=d0e074ff
[mlkem_channel] ciphertext refused token=3148904412: ciphertext buffer full
[mlkem_channel] ciphertext refused token=4169247910: ciphertext buffer full
[mlkem_channel] ciphertext refused token=2663003075: ciphertext buffer full
[mlkem_channel] ciphertext refused token=3511367047: ciphertext buffer full
[mlkem_channel] ciphertext buffered token=3147365292 nonce_prefix=e06fafcf
[mlkem_channel] ciphertext refused token=3732845538: ciphertext buffer full
[mlkem_channel] ciphertext refused token=1335092975: ciphertext buffer full
[mlkem_channel] ciphertext refused token=2809087922: ciphertext buffer full
[mlkem_channel] ciphertext buffered token=1431045119 nonce_prefix=42567b84
[mlkem_channel] ciphertext refused token=2406909952: ciphertext buffer full
[mlkem_channel] ciphertext buffered token=2941929202 nonce_prefix=241d5293
[mlkem_channel] ciphertext refused token=2549668286: ciphertext buffer full
[mlkem_channel] ciphertext buffered token=4146797362 nonce_prefix=b0148644
[mlkem_channel] ciphertext refused token=3029005121: ciphertext buffer full
[mlkem_channel] ciphertext refused token=2613676903: ciphertext buffer full
[mlkem_channel] ciphertext buffered token=2343016670 nonce_prefix=aaef6613
[mlkem_channel] ciphertext refused token=1336140401: ciphertext buffer full
[mlkem_channel] ciphertext buffered token=4093955718 nonce_prefix=6785a793
[mlkem_channel] ciphertext refused token=1061845074: ciphertext buffer full
[mlkem_channel] ciphertext refused token=3077178442: ciphertext buffer full
[mlkem_channel] ciphertext buffered token=57684933 nonce_prefix=a119deb0
[mlkem_channel] ciphertext buffered token=178580303 nonce_prefix=7a4e6170
[mlkem_channel] ciphertext refused token=4049612732: ciphertext buffer full
[mlkem_channel] ciphertext refused token=3854557921: ciphertext buffer full
[mlkem_channel] ciphertext refused token=805603585: ciphertext buffer full
[mlkem_channel] ciphertext buffered token=3625476225 nonce_prefix=bffdd164
[mlkem_channel] ciphertext buffered token=3220443787 nonce_prefix=8074761f
[mlkem_channel] ciphertext refused token=4089874071: ciphertext buffer full
[mlkem_channel] ciphertext buffered token=3209932010 nonce_prefix=0b881e34
[mlkem_channel] ciphertext buffered token=2209192036 nonce_prefix=53f65a76
[mlkem_channel] ciphertext buffered token=3480934497 nonce_prefix=6f462de5
[exit 0]

$ [client] wg-zk-daemon new-connection --iface wg1l >/dev/null
[exit 0]

$ [client] wg show wg1l public-key
4UEuPfZxSZoiUXJKHyHcRt0CDdWOcO4V/jp8w7sGUTY=
[exit 0]

$ [client] ping -6 -c 1 -W 3 fd57:475a:4b00::1
PING fd57:475a:4b00::1(fd57:475a:4b00::1) 56 data bytes
64 bytes from fd57:475a:4b00::1: icmp_seq=1 ttl=64 time=25.8 ms

--- fd57:475a:4b00::1 ping statistics ---
1 packets transmitted, 1 received, 0% packet loss, time 0ms
rtt min/avg/max/mdev = 25.808/25.808/25.808/0.000 ms
[exit 0]
