
$ [gateway] install -m 755 /vagrant/bench/acceptance/wgzk_probe.py /usr/local/bin/wgzk_probe.py; mkdir -p /etc/systemd/journald.conf.d; printf '[Journal]\nRateLimitIntervalSec=0\n' > /etc/systemd/journald.conf.d/wgzk.conf; systemctl restart systemd-journald; rm -rf /etc/systemd/system/wgzk.service.d /etc/wgzk-test.env; pkill tcpdump; bash /vagrant/vagrant/02-load-module.sh && WGZK_VARIANT=zk-pq bash /vagrant/vagrant/03-gateway.sh
==> Kernel: 6.8.0-59-generic
==> insmod OK
==> lsmod:
wireguard             135168  0
curve25519_x86_64      36864  1 wireguard
libcurve25519_generic    45056  2 curve25519_x86_64,wireguard
ip6_udp_tunnel         16384  1 wireguard
udp_tunnel             32768  1 wireguard
libchacha20poly1305    20480  1 wireguard
==> wireguard.ko loaded OK — wgzk genl registered
active
==> wgzk daemon running (gateway, zk-pq, epoch 1)
interface: wg1r
  public key: /04haUify5NyBHxcAlPNMZYDW7ZeFUCWRvTnHZkKQmE=
  private key: (hidden)
  listening port: 51921
[exit 0]

$ [gateway] iptables -D INPUT -p udp --dport 51921 -j DROP 2>/dev/null; true
[exit 0]

$ [client] install -m 755 /vagrant/bench/acceptance/wgzk_probe.py /usr/local/bin/wgzk_probe.py; mkdir -p /etc/systemd/journald.conf.d; printf '[Journal]\nRateLimitIntervalSec=0\n' > /etc/systemd/journald.conf.d/wgzk.conf; systemctl restart systemd-journald; rm -rf /etc/systemd/system/wgzk.service.d /etc/wgzk-test.env; bash /vagrant/vagrant/02-load-module.sh && PEER_IP=192.168.100.1 WGZK_VARIANT=zk-pq bash /vagrant/vagrant/03-client.sh
==> Kernel: 6.8.0-59-generic
==> insmod OK
==> lsmod:
wireguard             135168  0
curve25519_x86_64      36864  1 wireguard
libcurve25519_generic    45056  2 curve25519_x86_64,wireguard
ip6_udp_tunnel         16384  1 wireguard
udp_tunnel             32768  1 wireguard
libchacha20poly1305    20480  1 wireguard
==> wireguard.ko loaded OK — wgzk genl registered
public_key=h356u7XR9/Zb3pFDqDF0Ff420U3Xj+S45ePBttKpFEM=
address=fd57:475a:4b00:0:3265:7554:c284:118
active
==> wgzk daemon running (client, zk-pq, epoch 1)
interface: wg1l
  public key: h356u7XR9/Zb3pFDqDF0Ff420U3Xj+S45ePBttKpFEM=
  private key: (hidden)
  listening port: 60126

peer: /04haUify5NyBHxcAlPNMZYDW7ZeFUCWRvTnHZkKQmE=
  endpoint: 192.168.100.1:51921
  allowed ips: fd57:475a:4b00::/64
[exit 0]

$ [gateway] mkdir -p /etc/systemd/system/wgzk.service.d; umask 077; printf '%s\n' 'WGZK_CT_BUFFER_MAX=256
WGZK_CT_TTL_MS=5000' > /etc/wgzk-test.env; printf '%s' '[Service]
EnvironmentFile=/etc/wgzk-test.env
' > /etc/systemd/system/wgzk.service.d/test.conf; systemctl daemon-reload; systemctl restart wgzk; sleep 1; systemctl is-active wgzk
active
[exit 0]

$ [gateway] cat /sys/kernel/debug/wgzk/stats
pending 0
proof_requests 0
proofs_set 0
deferred 0
refused_full 0
undecryptable 0
accepted 0
refused_handshake 0
rejected 0
expired 0
late_verdict 0
legacy_dropped 0
[exit 0]

$ [gateway] wg show wg1r allowed-ips
[exit 0]

$ [gateway] ps -o rss= -C wg-zk-daemon | head -1
 5760
[exit 0]

$ [gateway] journalctl -u wgzk -n 1 --show-cursor -o cat --no-pager | tail -1
-- cursor: s=e6a325d7aab144b09b565d8c4be4d789;i=3651;b=803d77ddc49e4e5ea7391884acfbd14f;m=2d03fb12c;t=65ca4cb92842e;x=4dfe1ea427facb65
[exit 0]

$ [gateway] (while sleep 0.5; do ps -o rss= -C wg-zk-daemon | head -1; done > /tmp/rss.log 2>&1 </dev/null & echo $! > /tmp/sampler.pid); true
[exit 0]

$ [client] python3 /usr/local/bin/wgzk_probe.py tls --dst 192.168.100.1:51821 --count 10000
{"count": 10000, "delivered": 10000, "errors": {}, "event": "tls_done", "length": 1124, "refused": 0, "seconds": 21.143, "tls12": false}
[exit 0]

$ [gateway] kill $(cat /tmp/sampler.pid) 2>/dev/null; rm -f /tmp/sampler.pid; true
[exit 0]

$ [gateway] awk '{ if ($1 > m) m = $1 } END { print m + 0 }' /tmp/rss.log
6400
[exit 0]

$ [gateway] cat /sys/kernel/debug/wgzk/stats
pending 0
proof_requests 0
proofs_set 0
deferred 0
refused_full 0
undecryptable 0
accepted 0
refused_handshake 0
rejected 0
expired 0
late_verdict 0
legacy_dropped 0
[exit 0]

$ [gateway] wg show wg1r allowed-ips
[exit 0]

$ [gateway] journalctl -u wgzk -o cat --no-pager --after-cursor='s=e6a325d7aab144b09b565d8c4be4d789;i=3651;b=803d77ddc49e4e5ea7391884acfbd14f;m=2d03fb12c;t=65ca4cb92842e;x=4dfe1ea427facb65'
[mlkem_channel] ciphertext buffered token=2622295219 nonce_prefix=5bed2147
[mlkem_channel] ciphertext buffered token=232328469 nonce_prefix=e89220f5
[mlkem_channel] ciphertext buffered token=591299812 nonce_prefix=08f1eee4
[mlkem_channel] ciphertext buffered token=1538666223 nonce_prefix=e5ab7b5f
[mlkem_channel] ciphertext buffered token=3838163909 nonce_prefix=47cd950a
[mlkem_channel] ciphertext buffered token=452853058 nonce_prefix=6f3d2071
[mlkem_channel] ciphertext buffered token=1678234744 nonce_prefix=60a4908a
[mlkem_channel] ciphertext buffered token=224224369 nonce_prefix=d76c6cdb
[mlkem_channel] ciphertext buffered token=3367699948 nonce_prefix=bb2f7dde
[mlkem_channel] ciphertext buffered token=2292702892 nonce_prefix=e29339bc
[mlkem_channel] ciphertext buffered token=2164299238 nonce_prefix=845c58b4
[mlkem_channel] ciphertext buffered token=3907638758 nonce_prefix=1b55ccdf
[mlkem_channel] ciphertext buffered token=2152890043 nonce_prefix=7ee6eef7
[mlkem_channel] ciphertext buffered token=891002786 nonce_prefix=e60368a3
[mlkem_channel] ciphertext buffered token=3119303007 nonce_prefix=f9f877fa
[mlkem_channel] ciphertext buffered token=4268246356 nonce_prefix=74d2b09a
[mlkem_channel] ciphertext buffered token=2631030577 nonce_prefix=16648666
[mlkem_channel] ciphertext buffered token=1878291365 nonce_prefix=6d246299
[mlkem_channel] ciphertext buffered token=3245088027 nonce_prefix=003a104c
[mlkem_channel] ciphertext buffered token=1465836612 nonce_prefix=e5f8aa42
[mlkem_channel] ciphertext buffered token=3676605386 nonce_prefix=4736976c
[mlkem_channel] ciphertext buffered token=1933026478 nonce_prefix=41709e03
[mlkem_channel] ciphertext buffered token=2766709421 nonce_prefix=1d321c73
[mlkem_channel] ciphertext buffered token=2014350690 nonce_prefix=f22c4e4c
[mlkem_channel] ciphertext buffered token=955970124 nonce_prefix=3414fa11
[mlkem_channel] ciphertext buffered token=2456922263 nonce_prefix=bec4a256
[mlkem_channel] ciphertext buffered token=2890998846 nonce_prefix=016a19f7
[mlkem_channel] ciphertext buffered token=1050946765 nonce_prefix=865650e4
[mlkem_channel] ciphertext buffered token=1788091109 nonce_prefix=03f1b764
[mlkem_channel] ciphertext buffered token=1896542236 nonce_prefix=3f13802b
[mlkem_channel] ciphertext buffered token=97970046 nonce_prefix=95bb8f8e
[mlkem_channel] ciphertext buffered token=2443028153 nonce_prefix=1299e405
[mlkem_channel] ciphertext buffered token=2809521707 nonce_prefix=97e5c157
[mlkem_channel] ciphertext buffered token=1424555514 nonce_prefix=99fc5e75
[mlkem_channel] ciphertext buffered token=469889202 nonce_prefix=e943e769
[mlkem_channel] ciphertext buffered token=3787109577 nonce_prefix=6ddcdbd0
[mlkem_channel] ciphertext buffered token=3622719917 nonce_prefix=11a1df86
[mlkem_channel] ciphertext buffered token=1898385351 nonce_prefix=22120356
[mlkem_channel] ciphertext buffered token=2843584451 nonce_prefix=c873f7f1
[mlkem_channel] ciphertext buffered token=3580153337 nonce_prefix=a78a3057
[mlkem_channel] ciphertext buffered token=4082088668 nonce_prefix=1e942740
[mlkem_channel] ciphertext buffered token=291674263 nonce_prefix=2a34d920
[mlkem_channel] ciphertext buffered token=1591166249 nonce_prefix=9d422c90
[mlkem_channel] ciphertext buffered token=2937141192 nonce_prefix=3e51437c
[mlkem_channel] ciphertext buffered token=4105697331 nonce_prefix=565aa598
[mlkem_channel] ciphertext buffered token=238383137 nonce_prefix=4ecfa046
[mlkem_channel] ciphertext buffered token=3622108197 nonce_prefix=23c028dd
[mlkem_channel] ciphertext buffered token=2148831686 nonce_prefix=9acdbfb2
[mlkem_channel] ciphertext buffered token=3063468409 nonce_prefix=4659094d
[mlkem_channel] ciphertext buffered token=2305023154 nonce_prefix=31aea2eb
[mlkem_channel] ciphertext buffered token=2276528830 nonce_prefix=cb11d4ff
[mlkem_channel] ciphertext buffered token=69314170 nonce_prefix=81844d36
[mlkem_channel] ciphertext buffered token=2060319805 nonce_prefix=3bce4418
[mlkem_channel] ciphertext buffered token=4279498721 nonce_prefix=81a83c00
[mlkem_channel] ciphertext buffered token=2700758335 nonce_prefix=3a1a1ae6
[mlkem_channel] ciphertext buffered token=286777961 nonce_prefix=17c0afe5
[mlkem_channel] ciphertext buffered token=1388459739 nonce_prefix=7d663aac
[mlkem_channel] ciphertext buffered token=217707656 nonce_prefix=7ca372c8
[mlkem_channel] ciphertext buffered token=1769322859 nonce_prefix=883ff09d
[mlkem_channel] ciphertext buffered token=567189773 nonce_prefix=d8e2db4d
[mlkem_channel] ciphertext buffered token=56554965 nonce_prefix=a0245558
[mlkem_channel] ciphertext buffered token=399545408 nonce_prefix=577c79c8
[mlkem_channel] ciphertext buffered token=2536279559 nonce_prefix=6209d4aa
[mlkem_channel] ciphertext buffered token=3989451279 nonce_prefix=e75e47b8
[mlkem_channel] ciphertext buffered token=4016946729 nonce_prefix=d4a7ef0a
[mlkem_channel] ciphertext buffered token=2887909571 nonce_prefix=83691a7c
[mlkem_channel] ciphertext buffered token=3720274157 nonce_prefix=cad8fc0b
[mlkem_channel] ciphertext buffered token=1113387726 nonce_prefix=ac9097c4
[mlkem_channel] ciphertext buffered token=3546072609 nonce_prefix=2698aec1
[mlkem_channel] ciphertext buffered token=4087991707 nonce_prefix=b6234a09
[mlkem_channel] ciphertext buffered token=902711285 nonce_prefix=0a2ee8df
[mlkem_channel] ciphertext buffered token=4277114824 nonce_prefix=271dddf1
[mlkem_channel] ciphertext buffered token=613875126 nonce_prefix=4b4878f1
[mlkem_channel] ciphertext buffered token=1013578502 nonce_prefix=6e2592dc
[mlkem_channel] ciphertext buffered token=2667900004 nonce_prefix=48bc3512
[mlkem_channel] ciphertext buffered token=2489296056 nonce_prefix=24e384a7
[mlkem_channel] ciphertext buffered token=157070577 nonce_prefix=85bca304
[mlkem_channel] ciphertext buffered token=4091034794 nonce_prefix=6619836f
[mlkem_channel] ciphertext buffered token=121423127 nonce_prefix=0d246f40
[mlkem_channel] ciphertext buffered token=3793914024 nonce_prefix=73b58d8c
[mlkem_channel] ciphertext buffered token=3243931471 nonce_prefix=d9e495a2
[mlkem_channel] ciphertext buffered token=3960387335 nonce_prefix=f789387f
[mlkem_channel] ciphertext buffered token=3110136233 nonce_prefix=00992a8d
[mlkem_channel] ciphertext buffered token=2428692445 nonce_prefix=14a168e0
[mlkem_channel] ciphertext buffered token=1863707879 nonce_prefix=157080cd
[mlkem_channel] ciphertext buffered token=1294581431 nonce_prefix=cdd44e09
[mlkem_channel] ciphertext buffered token=3315848908 nonce_prefix=5d50fd58
[mlkem_channel] ciphertext buffered token=1239915469 nonce_prefix=5e3383de
[mlkem_channel] ciphertext buffered token=1395659915 nonce_prefix=2f5405d7
[mlkem_channel] ciphertext buffered token=1208862006 nonce_prefix=b7852d5d
[mlkem_channel] ciphertext buffered token=815660002 nonce_prefix=a9ae5e04
[mlkem_channel] ciphertext buffered token=2203099308 nonce_prefix=8ca538ec
[mlkem_channel] ciphertext buffered token=489632678 nonce_prefix=7e1d8884
[mlkem_channel] ciphertext buffered token=1878557786 nonce_prefix=5f0c210f
[mlkem_channel] ciphertext buffered token=1343196786 nonce_prefix=424f51a8
[mlkem_channel] ciphertext buffered token=2846150884 nonce_prefix=2e1ce981
[mlkem_channel] ciphertext buffered token=2588942113 nonce_prefix=75fefdb5
[mlkem_channel] ciphertext buffered token=4005388415 nonce_prefix=dd3bcf77
[mlkem_channel] ciphertext buffered token=570598416 nonce_prefix=e7e64187
[mlkem_channel] ciphertext buffered token=3321673687 nonce_prefix=73c3df6b
[mlkem_channel] ciphertext buffered token=2750149415 nonce_prefix=d6b23a7b
[mlkem_channel] ciphertext buffered token=1087827311 nonce_prefix=7d4985bf
[mlkem_channel] ciphertext buffered token=3820660579 nonce_prefix=f3660481
[mlkem_channel] ciphertext buffered token=141583239 nonce_prefix=196b1735
[mlkem_channel] ciphertext buffered token=2532369155 nonce_prefix=6c2b7fa7
[mlkem_channel] ciphertext buffered token=3021329835 nonce_prefix=a3e52889
[mlkem_channel] ciphertext buffered token=1140408113 nonce_prefix=71c38d04
[mlkem_channel] ciphertext buffered token=3436318480 nonce_prefix=fcbc8635
[mlkem_channel] ciphertext buffered token=2464213645 nonce_prefix=6b8bbe23
[mlkem_channel] ciphertext buffered token=3874633155 nonce_prefix=66ab2273
[mlkem_channel] ciphertext buffered token=3375784326 nonce_prefix=ae00f51c
[mlkem_channel] ciphertext buffered token=3710507296 nonce_prefix=184ec744
[mlkem_channel] ciphertext buffered token=1943613245 nonce_prefix=c608a2cb
[mlkem_channel] ciphertext buffered token=2827132624 nonce_prefix=20375dd3
[mlkem_channel] ciphertext buffered token=3009097218 nonce_prefix=b5333ce2
[mlkem_channel] ciphertext buffered token=1594321954 nonce_prefix=2a168192
[mlkem_channel] ciphertext buffered token=1665466311 nonce_prefix=a5a7deae
[mlkem_channel] ciphertext buffered token=3207951662 nonce_prefix=007fdd95
[mlkem_channel] ciphertext buffered token=3222274457 nonce_prefix=bbcec52d
[mlkem_channel] ciphertext buffered token=3068826378 nonce_prefix=6078150f
[mlkem_channel] ciphertext buffered token=1476977857 nonce_prefix=b261c7d0
[mlkem_channel] ciphertext buffered token=101537501 nonce_prefix=1624a9f1
[mlkem_channel] ciphertext buffered token=3452323924 nonce_prefix=caec07d0
[mlkem_channel] ciphertext buffered token=1620029040 nonce_prefix=1ed4ed37
[mlkem_channel] ciphertext buffered token=2521308667 nonce_prefix=4fddf833
[mlkem_channel] ciphertext buffered token=107356493 nonce_prefix=443892fc
[mlkem_channel] ciphertext buffered token=3956235762 nonce_prefix=1c634b8c
[mlkem_channel] ciphertext buffered token=1892443086 nonce_prefix=ca68bc54
[mlkem_channel] ciphertext buffered token=248825 nonce_prefix=4711fda7
[mlkem_channel] ciphertext buffered token=1761755314 nonce_prefix=0c26c3a3
[mlkem_channel] ciphertext buffered token=3803783749 nonce_prefix=18f82062
[mlkem_channel] ciphertext buffered token=2174855217 nonce_prefix=bd1432dc
[mlkem_channel] ciphertext buffered token=2360034653 nonce_prefix=25351441
[mlkem_channel] ciphertext buffered token=2369712319 nonce_prefix=96371372
[mlkem_channel] ciphertext buffered token=1234104588 nonce_prefix=32f058a9
[mlkem_channel] ciphertext buffered token=607139687 nonce_prefix=009dc373
[mlkem_channel] ciphertext buffered token=3516990707 nonce_prefix=0f305a44
[mlkem_channel] ciphertext buffered token=3099001683 nonce_prefix=3c81638e
[mlkem_channel] ciphertext buffered token=1794763385 nonce_prefix=da8295e4
[mlkem_channel] ciphertext buffered token=1246001595 nonce_prefix=f905b907
[mlkem_channel] ciphertext buffered token=3134746625 nonce_prefix=7e6e4500
[mlkem_channel] ciphertext buffered token=1169315332 nonce_prefix=644b59e2
[mlkem_channel] ciphertext buffered token=709057511 nonce_prefix=cd153925
[mlkem_channel] ciphertext buffered token=3037390867 nonce_prefix=20629b16
[mlkem_channel] ciphertext buffered token=3786497767 nonce_prefix=3b7e0b0e
[mlkem_channel] ciphertext buffered token=2050591926 nonce_prefix=8ad6135d
[mlkem_channel] ciphertext buffered token=27023982 nonce_prefix=c5efd366
[mlkem_channel] ciphertext buffered token=416736201 nonce_prefix=b4db74c5
[mlkem_channel] ciphertext buffered token=2161988857 nonce_prefix=eb6e8f14
[mlkem_channel] ciphertext buffered token=1501056267 nonce_prefix=8e321ea1
[mlkem_channel] ciphertext buffered token=239614413 nonce_prefix=bb50d137
[mlkem_channel] ciphertext buffered token=194002827 nonce_prefix=b92575b8
[mlkem_channel] ciphertext buffered token=2780364396 nonce_prefix=dac4001c
[mlkem_channel] ciphertext buffered token=795256640 nonce_prefix=a0ccf824
[mlkem_channel] ciphertext buffered token=4150382619 nonce_prefix=8e1c90cf
[mlkem_channel] ciphertext buffered token=2284421799 nonce_prefix=db9ce462
[mlkem_channel] ciphertext buffered token=2137749462 nonce_prefix=360da261
[mlkem_channel] ciphertext buffered token=3906039045 nonce_prefix=b525a255
[mlkem_channel] ciphertext buffered token=233924630 nonce_prefix=95012739
[mlkem_channel] ciphertext buffered token=923566125 nonce_prefix=030c7f74
[mlkem_channel] ciphertext buffered token=1015551998 nonce_prefix=d7fc09c9
[mlkem_channel] ciphertext buffered token=3523641742 nonce_prefix=8f7a1578
[mlkem_channel] ciphertext buffered token=1384061780 nonce_prefix=4c00a17b
[mlkem_channel] ciphertext buffered token=4281456284 nonce_prefix=cddfef85
[mlkem_channel] ciphertext buffered token=2822243078 nonce_prefix=2c0cab22
[mlkem_channel] ciphertext buffered token=1156672304 nonce_prefix=0dcc193c
[mlkem_channel] ciphertext buffered token=2258248815 nonce_prefix=cd9d9628
[mlkem_channel] ciphertext buffered token=2990889279 nonce_prefix=46ae8364
[mlkem_channel] ciphertext buffered token=1201433156 nonce_prefix=1de28058
[mlkem_channel] ciphertext buffered token=2065358585 nonce_prefix=5cc1eba6
[mlkem_channel] ciphertext buffered token=645594903 nonce_prefix=2bff7d66
[mlkem_channel] ciphertext buffered token=2285695631 nonce_prefix=f4c53f33
[mlkem_channel] ciphertext buffered token=4031665709 nonce_prefix=83aa1b88
[mlkem_channel] ciphertext buffered token=761168644 nonce_prefix=5ef8f69e
[mlkem_channel] ciphertext buffered token=2091248851 nonce_prefix=560918f7
[mlkem_channel] ciphertext buffered token=2301340371 nonce_prefix=df388d57
[mlkem_channel] ciphertext buffered token=2686520828 nonce_prefix=58fbb7f6
[mlkem_channel] ciphertext buffered token=4021523783 nonce_prefix=0a0aa6dd
[mlkem_channel] ciphertext buffered token=3247615882 nonce_prefix=1e936603
[mlkem_channel] ciphertext buffered token=58382119 nonce_prefix=d7ad4e4d
[mlkem_channel] ciphertext buffered token=1339654519 nonce_prefix=b0221d10
[mlkem_channel] ciphertext buffered token=1710938885 nonce_prefix=cda75f89
[mlkem_channel] ciphertext buffered token=1228773533 nonce_prefix=95647285
[mlkem_channel] ciphertext buffered token=1353438598 nonce_prefix=e75dad73
[mlkem_channel] ciphertext buffered token=302348913 nonce_prefix=634cd0c2
[mlkem_channel] ciphertext buffered token=1780833358 nonce_prefix=c2a69439
[mlkem_channel] ciphertext buffered token=3956765042 nonce_prefix=776b8940
[mlkem_channel] ciphertext buffered token=595391472 nonce_prefix=a9c336c6
[mlkem_channel] ciphertext buffered token=519988862 nonce_prefix=8c9ebb86
[mlkem_channel] ciphertext buffered token=1174964583 nonce_prefix=9fac7599
[mlkem_channel] ciphertext buffered token=3432189383 nonce_prefix=69faa85d
[mlkem_channel] ciphertext buffered token=2168384054 nonce_prefix=606052a8
[mlkem_channel] ciphertext buffered token=2672221848 nonce_prefix=0ac94045
[mlkem_channel] ciphertext buffered token=1980041595 nonce_prefix=46d3e472
[mlkem_channel] ciphertext buffered token=195779977 nonce_prefix=fb6c6544
[mlkem_channel] ciphertext buffered token=95093657 nonce_prefix=da99734b
[mlkem_channel] ciphertext buffered token=2601204831 nonce_prefix=d36da8ac
[mlkem_channel] ciphertext buffered token=40582200 nonce_prefix=ac46ec9f
[mlkem_channel] ciphertext buffered token=1217430400 nonce_prefix=062c5e7b
[mlkem_channel] ciphertext buffered token=3301185519 nonce_prefix=1be4f30d
[mlkem_channel] ciphertext buffered token=3971877291 nonce_prefix=7070241d
[mlkem_channel] ciphertext buffered token=4049697649 nonce_prefix=8640ae80
[mlkem_channel] ciphertext buffered token=4258713771 nonce_prefix=30fef890
[mlkem_channel] ciphertext buffered token=442157480 nonce_prefix=c76e6542
[mlkem_channel] ciphertext buffered token=2319525232 nonce_prefix=de145005
[mlkem_channel] ciphertext buffered token=861409176 nonce_prefix=07d43e5e
[mlkem_channel] ciphertext buffered token=655145032 nonce_prefix=e1159adb
[mlkem_channel] ciphertext buffered token=3059682860 nonce_prefix=77b1a5d3
[mlkem_channel] ciphertext buffered token=3756755040 nonce_prefix=703ea995
[mlkem_channel] ciphertext buffered token=343266778 nonce_prefix=8f82ffca
[mlkem_channel] ciphertext buffered token=1053867856 nonce_prefix=3914285f
[mlkem_channel] ciphertext buffered token=3294998224 nonce_prefix=0a21040e
[mlkem_channel] ciphertext buffered token=2652440199 nonce_prefix=44142fdb
[mlkem_channel] ciphertext buffered token=1315082993 nonce_prefix=9421e6f4
[mlkem_channel] ciphertext buffered token=2856254616 nonce_prefix=9e48ad83
[mlkem_channel] ciphertext buffered token=2999424101 nonce_prefix=295b4802
[mlkem_channel] ciphertext buffered token=971514388 nonce_prefix=1e44cbb6
[mlkem_channel] ciphertext buffered token=1598735364 nonce_prefix=97205ef3
[mlkem_channel] ciphertext buffered token=1360244003 nonce_prefix=d9489b97
[mlkem_channel] ciphertext buffered token=2992817496 nonce_prefix=0c2a2c27
[mlkem_channel] ciphertext buffered token=3966364871 nonce_prefix=f6c62d72
[mlkem_channel] ciphertext buffered token=2820956611 nonce_prefix=96dc5540
[mlkem_channel] ciphertext buffered token=2682142647 nonce_prefix=120c8b62
[mlkem_channel] ciphertext buffered token=2394362635 nonce_prefix=40e218d0
[mlkem_channel] ciphertext buffered token=2913194208 nonce_prefix=8d68764e
[mlkem_channel] ciphertext buffered token=3158021268 nonce_prefix=e61358d7
[mlkem_channel] ciphertext buffered token=1236170887 nonce_prefix=890b19cd
[mlkem_channel] ciphertext buffered token=2338305766 nonce_prefix=23fd3f32
[mlkem_channel] ciphertext buffered token=891007658 nonce_prefix=12ceaaa7
[mlkem_channel] ciphertext buffered token=1261779132 nonce_prefix=927f51cf
[mlkem_channel] ciphertext buffered token=293124880 nonce_prefix=bf3540de
[mlkem_channel] ciphertext buffered token=239575247 nonce_prefix=d71ba931
[mlkem_channel] ciphertext buffered token=3227813056 nonce_prefix=29bad3e7
[mlkem_channel] ciphertext buffered token=3130367932 nonce_prefix=647058f2
[mlkem_channel] ciphertext buffered token=2984485502 nonce_prefix=b882b0c8
[mlkem_channel] ciphertext buffered token=411416506 nonce_prefix=27072816
[mlkem_channel] ciphertext buffered token=60660962 nonce_prefix=b4a31803
[mlkem_channel] ciphertext buffered token=2060584131 nonce_prefix=8aff6765
[mlkem_channel] ciphertext buffered token=1552154188 nonce_prefix=b2a6655b
[mlkem_channel] ciphertext buffered token=3557156423 nonce_prefix=e4c12022
[mlkem_channel] ciphertext buffered token=1556503899 nonce_prefix=be0b7ea5
[mlkem_channel] ciphertext buffered token=1980803658 nonce_prefix=e2baae6e
[mlkem_channel] ciphertext buffered token=382003013 nonce_prefix=da193656
[mlkem_channel] ciphertext buffered token=395622512 nonce_prefix=9ec63d87
[mlkem_channel] ciphertext buffered token=1092611579 nonce_prefix=23d34821
[mlkem_channel] ciphertext buffered token=2568575864 nonce_prefix=73ac379f
[mlkem_channel] ciphertext buffered token=1852574106 nonce_prefix=8573c308
[mlkem_channel] ciphertext buffered token=2541698873 nonce_prefix=292b2340
[mlkem_channel] ciphertext buffered token=2895962906 nonce_prefix=708348b4
[mlkem_channel] ciphertext buffered token=1082450264 nonce_prefix=2dd9aac3
[mlkem_channel] ciphertext buffered token=2198546409 nonce_prefix=ea20ca9c
[mlkem_channel] ciphertext buffered token=425280946 nonce_prefix=42ab0b7b
[mlkem_channel] ciphertext buffered token=2469561591 nonce_prefix=149340d1
[mlkem_channel] ciphertext buffered token=2087331715 nonce_prefix=547305de
[mlkem_channel] ciphertext buffered token=3482667891 nonce_prefix=2ea0538d
[mlkem_channel] ciphertext buffered token=2707360844 nonce_prefix=d3480ae9
[mlkem_channel] ciphertext refused token=628261369: ciphertext buffer full
[mlkem_channel] ciphertext refused token=1964474749: ciphertext buffer full
[mlkem_channel] ciphertext refused token=1718140460: ciphertext buffer full
[mlkem_channel] ciphertext refused token=1287330852: ciphertext buffer full
[mlkem_channel] ciphertext refused token=3291723496: ciphertext buffer full
[mlkem_channel] ciphertext refused token=3331593232: ciphertext buffer full
[mlkem_channel] ciphertext refused token=3720360663: ciphertext buffer full
[mlkem_channel] ciphertext refused token=2748266949: ciphertext buffer full
[mlkem_channel] ciphertext refused token=750949533: ciphertext buffer full
[mlkem_channel] ciphertext refused token=1038167835: ciphertext buffer full
[mlkem_channel] ciphertext refused token=1775956801: ciphertext buffer full
[mlkem_channel] ciphertext refused token=3018879802: ciphertext buffer full
[mlkem_channel] ciphertext refused token=3505454123: ciphertext buffer full
[mlkem_channel] ciphertext refused token=4104485869: ciphertext buffer full
[mlkem_channel] ciphertext refused token=2698192975: ciphertext buffer full
[mlkem_channel] ciphertext refused token=1137531031: ciphertext buffer full
[mlkem_channel] ciphertext refused token=2888099779: ciphertext buffer full
[mlkem_channel] ciphertext refused token=883105774: ciphertext buffer full
[mlkem_channel] ciphertext refused token=3531747623: ciphertext buffer full
[mlkem_channel] ciphertext refused token=743462069: ciphertext buffer full
[mlkem_channel] ciphertext refused token=1676170891: ciphertext buffer full
[mlkem_channel] ciphertext refused token=248280724: ciphertext buffer full
[mlkem_channel] ciphertext refused token=3716202036: ciphertext buffer full
[mlkem_channel] ciphertext refused token=4083834408: ciphertext buffer full
[mlkem_channel] ciphertext refused token=2432033711: ciphertext buffer full
[mlkem_channel] ciphertext refused token=2442381908: ciphertext buffer full
[mlkem_channel] ciphertext refused token=2663445480: ciphertext buffer full
[mlkem_channel] ciphertext refused token=1237912802: ciphertext buffer full
[mlkem_channel] ciphertext refused token=3338791212: ciphertext buffer full
[mlkem_channel] ciphertext refused token=101728960: ciphertext buffer full
[mlkem_channel] ciphertext refused token=584304113: ciphertext buffer full
[mlkem_channel] ciphertext refused token=616240028: ciphertext buffer full
[mlkem_channel] ciphertext refused token=1487988141: ciphertext buffer full
[mlkem_channel] ciphertext refused token=2414451800: ciphertext buffer full
[mlkem_channel] ciphertext refused token=289556069: ciphertext buffer full
[mlkem_channel] ciphertext refused token=2608142070: ciphertext buffer full
[mlkem_channel] ciphertext refused token=2141561661: ciphertext buffer full
[mlkem_channel] ciphertext refused token=3285103870: ciphertext buffer full
[mlkem_channel] ciphertext refused token=1369813694: ciphertext buffer full
[mlkem_channel] ciphertext refused token=1721477731: ciphertext buffer full
[mlkem_channel] ciphertext refused token=2852486191: ciphertext buffer full
[mlkem_channel] ciphertext refused token=762473709: ciphertext buffer full
[mlkem_channel] ciphertext refused token=3699593605: ciphertext buffer full
[mlkem_channel] ciphertext refused token=2601439600: ciphertext buffer full
[mlkem_channel] ciphertext refused token=1304116107: ciphertext buffer full
[mlkem_channel] ciphertext refused token=1276280199: ciphertext buffer full
[mlkem_channel] ciphertext refused token=2077272572: ciphertext buffer full
[mlkem_channel] ciphertext refused token=1686396443: ciphertext buffer full
[mlkem_channel] ciphertext refused token=1966204671: ciphertext buffer full
[mlkem_channel] ciphertext refused token=117368491: ciphertext buffer full
[mlkem_channel] ciphertext refused token=471620801: ciphertext buffer full
[mlkem_channel] ciphertext refused token=1060791665: ciphertext buffer full
[mlkem_channel] ciphertext refused token=3596866913: ciphertext buffer full
[mlkem_channel] ciphertext refused token=352847558: ciphertext buffer full
[mlkem_channel] ciphertext refused token=3486137366: ciphertext buffer full
[mlkem_channel] ciphertext refused token=2833870457: ciphertext buffer full
[mlkem_channel] ciphertext refused token=720836366: ciphertext buffer full
[mlkem_channel] ciphertext refused token=2591634578: ciphertext buffer full
[mlkem_channel] ciphertext refused token=3953487025: ciphertext buffer full
[mlkem_channel] ciphertext refused token=1517094720: ciphertext buffer full
[mlkem_channel] ciphertext refused token=1974476525: ciphertext buffer full
[mlkem_channel] ciphertext refused token=2937222378: ciphertext buffer full
[mlkem_channel] ciphertext refused token=1155409572: ciphertext buffer full
[mlkem_channel] ciphertext refused token=3603009948: ciphertext buffer full
[mlkem_channel] ciphertext refused token=4144687106: ciphertext buffer full
[mlkem_channel] ciphertext refused token=3931203024: ciphertext buffer full
[mlkem_channel] ciphertext refused token=3568338076: ciphertext buffer full
[mlkem_channel] ciphertext refused token=439304818: ciphertext buffer full
[mlkem_channel] ciphertext refused token=2049903453: ciphertext buffer full
[mlkem_channel] ciphertext refused token=813597235: ciphertext buffer full
[mlkem_channel] ciphertext refused token=163733882: ciphertext buffer full
[mlkem_channel] ciphertext refused token=2372359610: ciphertext buffer full
[mlkem_channel] ciphertext refused token=2612978784: ciphertext buffer full
[mlkem_channel] ciphertext refused token=1954875394: ciphertext buffer full
[mlkem_channel] ciphertext refused token=3482866183: ciphertext buffer full
[mlkem_channel] ciphertext refused token=3318098233: ciphertext buffer full
[mlkem_channel] ciphertext refused token=2072784283: ciphertext buffer full
[mlkem_channel] ciphertext refused token=2076175273: ciphertext buffer full
[mlkem_channel] ciphertext refused token=2537069312: ciphertext buffer full
[mlkem_channel] ciphertext refused token=9386537: ciphertext buffer full
[mlkem_channel] ciphertext refused token=194135028: ciphertext buffer full
[mlkem_channel] ciphertext refused token=4163691633: ciphertext buffer full
[mlkem_channel] ciphertext refused token=55157380: ciphertext buffer full
[mlkem_channel] ciphertext refused token=918553670: ciphertext buffer full
[mlkem_channel] ciphertext refused token=3430889899: ciphertext buffer full
[mlkem_channel] ciphertext refused token=3720385456: ciphertext buffer full
[mlkem_channel] ciphertext refused token=1650786035: ciphertext buffer full
[mlkem_channel] ciphertext refused token=1921812384: ciphertext buffer full
[mlkem_channel] ciphertext refused token=1666319838: ciphertext buffer full
[mlkem_channel] ciphertext refused token=336525082: ciphertext buffer full
[mlkem_channel] ciphertext refused token=673606009: ciphertext buffer full
[mlkem_channel] ciphertext refused token=496311042: ciphertext buffer full
[mlkem_channel] ciphertext refused token=4137969985: ciphertext buffer full
[mlkem_channel] ciphertext refused token=1481820533: ciphertext buffer full
[mlkem_channel] ciphertext refused token=1509341174: ciphertext buffer full
[mlkem_channel] ciphertext refused token=1764574083: ciphertext buffer full
[mlkem_channel] ciphertext refused token=1847729295: ciphertext buffer full
[mlkem_channel] ciphertext refused token=1330701871: ciphertext buffer full
[mlkem_channel] ciphertext refused token=2755722291: ciphertext buffer full
[mlkem_channel] ciphertext refused token=790125533: ciphertext buffer full
[mlkem_channel] ciphertext refused token=4066605264: ciphertext buffer full
[mlkem_channel] ciphertext refused token=2230249845: ciphertext buffer full
[mlkem_channel] ciphertext refused token=3186698747: ciphertext buffer full
[mlkem_channel] ciphertext refused token=1376198808: ciphertext buffer full
[mlkem_channel] ciphertext refused token=1279781277: ciphertext buffer full
[mlkem_channel] ciphertext refused token=1642435317: ciphertext buffer full
[mlkem_channel] ciphertext refused token=3021316325: ciphertext buffer full
[mlkem_channel] ciphertext refused token=2796020839: ciphertext buffer full
[mlkem_channel] ciphertext refused token=625695267: ciphertext buffer full
[mlkem_channel] ciphertext refused token=3397151386: ciphertext buffer full
[mlkem_channel] ciphertext refused token=2318752640: ciphertext buffer full
[mlkem_channel] ciphertext refused token=1730695757: ciphertext buffer full
[mlkem_channel] ciphertext refused token=3795911287: ciphertext buffer full
[mlkem_channel] ciphertext refused token=1204602198: ciphertext buffer full
[mlkem_channel] ciphertext refused token=2444720202: ciphertext buffer full
[mlkem_channel] ciphertext refused token=2359087690: ciphertext buffer full
[mlkem_channel] ciphertext refused token=2535732470: ciphertext buffer full
[mlkem_channel] ciphertext refused token=346511068: ciphertext buffer full
[mlkem_channel] ciphertext refused token=3806648213: ciphertext buffer full
[mlkem_channel] ciphertext refused token=1227346964: ciphertext buffer full
[mlkem_channel] ciphertext refused token=2061287593: ciphertext buffer full
[mlkem_channel] ciphertext refused token=1078739705: ciphertext buffer full
[mlkem_channel] ciphertext refused token=1148428309: ciphertext buffer full
[mlkem_channel] ciphertext refused token=2448411938: ciphertext buffer full
[mlkem_channel] ciphertext refused token=2105427708: ciphertext buffer full
[mlkem_channel] ciphertext refused token=1129150378: ciphertext buffer full
[mlkem_channel] ciphertext refused token=3405587862: ciphertext buffer full
[mlkem_channel] ciphertext refused token=1870437328: ciphertext buffer full
[mlkem_channel] ciphertext refused token=864157557: ciphertext buffer full
[mlkem_channel] ciphertext refused token=384454329: ciphertext buffer full
[mlkem_channel] ciphertext refused token=1919915972: ciphertext buffer full
[mlkem_channel] ciphertext refused token=3509858600: ciphertext buffer full
[mlkem_channel] ciphertext refused token=2592840667: ciphertext buffer full
[mlkem_channel] ciphertext refused token=3722698054: ciphertext buffer full
[mlkem_channel] ciphertext refused token=3102727044: ciphertext buffer full
[mlkem_channel] ciphertext refused token=293096423: ciphertext buffer full
[mlkem_channel] ciphertext refused token=3941846302: ciphertext buffer full
[mlkem_channel] ciphertext refused token=322273816: ciphertext buffer full
[mlkem_channel] ciphertext refused token=2025445840: ciphertext buffer full
[mlkem_channel] ciphertext refused token=3574352256: ciphertext buffer full
[mlkem_channel] ciphertext refused token=2434648798: ciphertext buffer full
[mlkem_channel] ciphertext refused token=1794415692: ciphertext buffer full
[mlkem_channel] ciphertext refused token=966604611: ciphertext buffer full
[mlkem_channel] ciphertext refused token=3998198102: ciphertext buffer full
[mlkem_channel] ciphertext refused token=4116213075: ciphertext buffer full
[mlkem_channel] ciphertext refused token=3053435476: ciphertext buffer full
[mlkem_channel] ciphertext refused token=2373542345: ciphertext buffer full
[mlkem_channel] ciphertext refused token=3923810330: ciphertext buffer full
[mlkem_channel] ciphertext refused token=1315653460: ciphertext buffer full
[mlkem_channel] ciphertext refused token=2024511801: ciphertext buffer full
[mlkem_channel] ciphertext refused token=3105902760: ciphertext buffer full
[mlkem_channel] ciphertext refused token=3675934069: ciphertext buffer full
[mlkem_channel] ciphertext refused token=3461559394: ciphertext buffer full
[mlkem_channel] ciphertext refused token=2198885721: ciphertext buffer full
[mlkem_channel] ciphertext refused token=981481467: ciphertext buffer full
[mlkem_channel] ciphertext refused token=2178894122: ciphertext buffer full
[mlkem_channel] ciphertext refused token=3534548276: ciphertext buffer full
[mlkem_channel] ciphertext refused token=3490333471: ciphertext buffer full
[mlkem_channel] ciphertext refused token=3461724: ciphertext buffer full
[mlkem_channel] ciphertext refused token=3607963338: ciphertext buffer full
[mlkem_channel] ciphertext refused token=553332622: ciphertext buffer full
[mlkem_channel] ciphertext refused token=368930040: ciphertext buffer full
[mlkem_channel] ciphertext refused token=344222894: ciphertext buffer full
[mlkem_channel] ciphertext refused token=1250372053: ciphertext buffer full
[mlkem_channel] ciphertext refused token=273119927: ciphertext buffer full
[mlkem_channel] ciphertext refused token=1065093062: ciphertext buffer full
[mlkem_channel] ciphertext refused token=3275934175: ciphertext buffer full
[mlkem_channel] ciphertext refused token=408229872: ciphertext buffer full
[mlkem_channel] ciphertext refused token=1683700356: ciphertext buffer full
[mlkem_channel] ciphertext refused token=1981074557: ciphertext buffer full
[mlkem_channel] ciphertext refused token=1904838262: ciphertext buffer full
[mlkem_channel] ciphertext refused token=3152229039: ciphertext buffer full
[mlkem_channel] ciphertext refused token=2611148664: ciphertext buffer full
[mlkem_channel] ciphertext refused token=3005334146: ciphertext buffer full
[mlkem_channel] ciphertext refused token=1425958953: ciphertext buffer full
[mlkem_channel] ciphertext refused token=1209315857: ciphertext buffer full
[mlkem_channel] ciphertext refused token=1029466763: ciphertext buffer full
[mlkem_channel] ciphertext refused token=1801047906: ciphertext buffer full
[mlkem_channel] ciphertext refused token=2646159371: ciphertext buffer full
[mlkem_channel] ciphertext refused token=3732366886: ciphertext buffer full
[mlkem_channel] ciphertext refused token=4212270742: ciphertext buffer full
[mlkem_channel] ciphertext refused token=2326222994: ciphertext buffer full
[mlkem_channel] ciphertext refused token=1630937391: ciphertext buffer full
[mlkem_channel] ciphertext refused token=2072426123: ciphertext buffer full
[mlkem_channel] ciphertext refused token=2537268844: ciphertext buffer full
[mlkem_channel] ciphertext refused token=3928054337: ciphertext buffer full
[mlkem_channel] ciphertext refused token=2103951588: ciphertext buffer full
[mlkem_channel] ciphertext refused token=2797687472: ciphertext buffer full
[mlkem_channel] ciphertext refused token=134506067: ciphertext buffer full
[mlkem_channel] ciphertext refused token=2044132278: ciphertext buffer full
[mlkem_channel] ciphertext refused token=3606975063: ciphertext buffer full
[mlkem_channel] ciphertext refused token=3677298561: ciphertext buffer full
[mlkem_channel] ciphertext refused token=3840703589: ciphertext buffer full
[mlkem_channel] ciphertext refused token=222774259: ciphertext buffer full
[mlkem_channel] ciphertext refused token=4121940439: ciphertext buffer full
[mlkem_channel] ciphertext refused token=3689840916: ciphertext buffer full
[mlkem_channel] ciphertext refused token=158258896: ciphertext buffer full
[mlkem_channel] ciphertext refused token=2757040026: ciphertext buffer full
[mlkem_channel] ciphertext refused token=1276088533: ciphertext buffer full
[mlkem_channel] ciphertext refused token=3603946296: ciphertext buffer full
[mlkem_channel] ciphertext refused token=1323015251: ciphertext buffer full
[mlkem_channel] ciphertext refused token=4023816202: ciphertext buffer full
[mlkem_channel] ciphertext refused token=301960530: ciphertext buffer full
[mlkem_channel] ciphertext refused token=3683786009: ciphertext buffer full
[mlkem_channel] ciphertext refused token=1344827137: ciphertext buffer full
[mlkem_channel] ciphertext refused token=3292813266: ciphertext buffer full
[mlkem_channel] ciphertext refused token=3053448064: ciphertext buffer full
[mlkem_channel] ciphertext refused token=1908170037: ciphertext buffer full
[mlkem_channel] ciphertext refused token=3669867252: ciphertext buffer full
[mlkem_channel] ciphertext refused token=256989984: ciphertext buffer full
[mlkem_channel] ciphertext refused token=2645222864: ciphertext buffer full
[mlkem_channel] ciphertext refused token=2538333240: ciphertext buffer full
[mlkem_channel] ciphertext refused token=2753048793: ciphertext buffer full
[mlkem_channel] ciphertext refused token=1347678673: ciphertext buffer full
[mlkem_channel] ciphertext refused token=364546243: ciphertext buffer full
[mlkem_channel] ciphertext refused token=1922781501: ciphertext buffer full
[mlkem_channel] ciphertext refused token=4080785185: ciphertext buffer full
[mlkem_channel] ciphertext refused token=1653276170: ciphertext buffer full
[mlkem_channel] ciphertext refused token=771281514: ciphertext buffer full
[mlkem_channel] ciphertext refused token=3570123731: ciphertext buffer full
[mlkem_channel] ciphertext refused token=3876958057: ciphertext buffer full
[mlkem_channel] ciphertext refused token=544176845: ciphertext buffer full
[mlkem_channel] ciphertext refused token=3634979927: ciphertext buffer full
[mlkem_channel] ciphertext refused token=4225738514: ciphertext buffer full
[mlkem_channel] ciphertext refused token=43878095: ciphertext buffer full
[mlkem_channel] ciphertext refused token=714107285: ciphertext buffer full
[mlkem_channel] ciphertext refused token=2440011702: ciphertext buffer full
[mlkem_channel] ciphertext refused token=1246584440: ciphertext buffer full
[mlkem_channel] ciphertext refused token=3989458647: ciphertext buffer full
[mlkem_channel] ciphertext refused token=3326944782: ciphertext buffer full
[mlkem_channel] ciphertext refused token=351818783: ciphertext buffer full
[mlkem_channel] ciphertext refused token=3853717121: ciphertext buffer full
[mlkem_channel] ciphertext refused token=804199831: ciphertext buffer full
[mlkem_channel] ciphertext refused token=3631902024: ciphertext buffer full
[mlkem_channel] ciphertext refused token=190605094: ciphertext buffer full
[mlkem_channel] ciphertext refused token=2770821566: ciphertext buffer full
[mlkem_channel] ciphertext refused token=228250117: ciphertext buffer full
[mlkem_channel] ciphertext refused token=393265730: ciphertext buffer full
[mlkem_channel] ciphertext refused token=1540254801: ciphertext buffer full
[mlkem_channel] ciphertext refused token=3389418998: ciphertext buffer full
[mlkem_channel] ciphertext refused token=2800949292: ciphertext buffer full
[mlkem_channel] ciphertext refused token=3775934522: ciphertext buffer full
[mlkem_channel] ciphertext refused token=607749420: ciphertext buffer full
[mlkem_channel] ciphertext refused token=3852145972: ciphertext buffer full
[mlkem_channel] ciphertext refused token=3541038800: ciphertext buffer full
[mlkem_channel] ciphertext refused token=2264485840: ciphertext buffer full
[mlkem_channel] ciphertext refused token=666525931: ciphertext buffer full
[mlkem_channel] ciphertext refused token=3073347219: ciphertext buffer full
[mlkem_channel] ciphertext refused token=2751513359: ciphertext buffer full
[mlkem_channel] ciphertext refused token=1124491003: ciphertext buffer full
[mlkem_channel] ciphertext refused token=776468856: ciphertext buffer full
[mlkem_channel] ciphertext refused token=2485286652: ciphertext buffer full
[mlkem_channel] ciphertext refused token=2349706372: ciphertext buffer full
[mlkem_channel] ciphertext refused token=2267345326: ciphertext buffer full
[mlkem_channel] ciphertext refused token=1285630413: ciphertext buffer full
[mlkem_channel] ciphertext refused token=1734982201: ciphertext buffer full
[mlkem_channel] ciphertext refused token=227208327: ciphertext buffer full
[mlkem_channel] ciphertext refused token=1406519495: ciphertext buffer full
[mlkem_channel] ciphertext refused token=3865279935: ciphertext buffer full
[mlkem_channel] ciphertext refused token=2731066348: ciphertext buffer full
[mlkem_channel] ciphertext refused token=1954798177: ciphertext buffer full
[mlkem_channel] ciphertext refused token=1822860523: ciphertext buffer full
[mlkem_channel] ciphertext refused token=4196625131: ciphertext buffer full
[mlkem_channel] ciphertext refused token=2555300682: ciphertext buffer full
[mlkem_channel] ciphertext refused token=3770874117: ciphertext buffer full
[mlkem_channel] ciphertext refused token=2334143365: ciphertext buffer full
[mlkem_channel] ciphertext refused token=1253455463: ciphertext buffer full
[mlkem_channel] ciphertext refused token=1837255164: ciphertext buffer full
[mlkem_channel] ciphertext refused token=2900444642: ciphertext buffer full
[mlkem_channel] ciphertext refused token=3952768261: ciphertext buffer full
[mlkem_channel] ciphertext refused token=1422909640: ciphertext buffer full
[mlkem_channel] ciphertext refused token=3959896983: ciphertext buffer full
[mlkem_channel] ciphertext refused token=2620802553: ciphertext buffer full
[mlkem_channel] ciphertext refused token=1186578862: ciphertext buffer full
[mlkem_channel] ciphertext refused token=408054567: ciphertext buffer full
[mlkem_channel] ciphertext refused token=4133474754: ciphertext buffer full
[mlkem_channel] ciphertext refused token=1275776815: ciphertext buffer full
[mlkem_channel] ciphertext refused token=4196128718: ciphertext buffer full
[mlkem_channel] ciphertext refused token=253862347: ciphertext buffer full
[mlkem_channel] ciphertext refused token=1430730572: ciphertext buffer full
[mlkem_channel] ciphertext refused token=3014933596: ciphertext buffer full
[mlkem_channel] ciphertext refused token=2476719124: ciphertext buffer full
[mlkem_channel] ciphertext refused token=1148806002: ciphertext buffer full
[mlkem_channel] ciphertext refused token=2288995441: ciphertext buffer full
[mlkem_channel] ciphertext refused token=2176250893: ciphertext buffer full
[mlkem_channel] ciphertext refused token=24770328: ciphertext buffer full
[mlkem_channel] ciphertext refused token=1220428048: ciphertext buffer full
[mlkem_channel] ciphertext refused token=3373019666: ciphertext buffer full
[mlkem_channel] ciphertext refused token=3721996400: ciphertext buffer full
[mlkem_channel] ciphertext refused token=828374698: ciphertext buffer full
[mlkem_channel] ciphertext refused token=1418985717: ciphertext buffer full
[mlkem_channel] ciphertext refused token=2974238217: ciphertext buffer full
[mlkem_channel] ciphertext refused token=3266130576: ciphertext buffer full
[mlkem_channel] ciphertext refused token=3164490500: ciphertext buffer full
[mlkem_channel] ciphertext refused token=201469806: ciphertext buffer full
[mlkem_channel] ciphertext refused token=2620974687: ciphertext buffer full
[mlkem_channel] ciphertext refused token=1757699219: ciphertext buffer full
[mlkem_channel] ciphertext refused token=1158629197: ciphertext buffer full
[mlkem_channel] ciphertext refused token=2421806974: ciphertext buffer full
[mlkem_channel] ciphertext refused token=34489771: ciphertext buffer full
[mlkem_channel] ciphertext refused token=3415328660: ciphertext buffer full
[mlkem_channel] ciphertext refused token=3502329681: ciphertext buffer full
[mlkem_channel] ciphertext refused token=3821133970: ciphertext buffer full
[mlkem_channel] ciphertext refused token=3782989955: ciphertext buffer full
[mlkem_channel] ciphertext refused token=3782368192: ciphertext buffer full
[mlkem_channel] ciphertext refused token=2119347153: ciphertext buffer full
[mlkem_channel] ciphertext refused token=1133642029: ciphertext buffer full
[mlkem_channel] ciphertext refused token=3092159146: ciphertext buffer full
[mlkem_channel] ciphertext refused token=2838926680: ciphertext buffer full
[mlkem_channel] ciphertext refused token=1277931537: ciphertext buffer full
[mlkem_channel] ciphertext refused token=1775975625: ciphertext buffer full
[mlkem_channel] ciphertext refused token=3863973021: ciphertext buffer full
[mlkem_channel] ciphertext refused token=2353256774: ciphertext buffer full
[mlkem_channel] ciphertext refused token=2208287388: ciphertext buffer full
[mlkem_channel] ciphertext refused token=513421578: ciphertext buffer full
[mlkem_channel] ciphertext refused token=190373561: ciphertext buffer full
[mlkem_channel] ciphertext refused token=3881856109: ciphertext buffer full
[mlkem_channel] ciphertext refused token=3223708799: ciphertext buffer full
[mlkem_channel] ciphertext refused token=962332953: ciphertext buffer full
[mlkem_channel] ciphertext refused token=1348349735: ciphertext buffer full
[mlkem_channel] ciphertext refused token=163334920: ciphertext buffer full
[mlkem_channel] ciphertext refused token=3012509188: ciphertext buffer full
[mlkem_channel] ciphertext refused token=2966245776: ciphertext buffer full
[mlkem_channel] ciphertext refused token=3785386212: ciphertext buffer full
[mlkem_channel] ciphertext refused token=2719768816: ciphertext buffer full
[mlkem_channel] ciphertext refused token=2064652770: ciphertext buffer full
[mlkem_channel] ciphertext refused token=1219554817: ciphertext buffer full
[mlkem_channel] ciphertext refused token=2936744935: ciphertext buffer full
[mlkem_channel] ciphertext refused token=31301143: ciphertext buffer full
[mlkem_channel] ciphertext refused token=3857620388: ciphertext buffer full
[mlkem_channel] ciphertext refused token=2448381252: ciphertext buffer full
[mlkem_channel] ciphertext refused token=697743190: ciphertext buffer full
[mlkem_channel] ciphertext refused token=506343194: ciphertext buffer full
[mlkem_channel] ciphertext refused token=3778985506: ciphertext buffer full
[mlkem_channel] ciphertext refused token=4052677894: ciphertext buffer full
[mlkem_channel] ciphertext refused token=2736436622: ciphertext buffer full
[mlkem_channel] ciphertext refused token=2922582149: ciphertext buffer full
[mlkem_channel] ciphertext refused token=1731201648: ciphertext buffer full
[mlkem_channel] ciphertext refused token=4189271670: ciphertext buffer full
[mlkem_channel] ciphertext refused token=2519665296: ciphertext buffer full
[mlkem_channel] ciphertext refused token=2677091899: ciphertext buffer full
[mlkem_channel] ciphertext refused token=542715023: ciphertext buffer full
[mlkem_channel] ciphertext refused token=3609760320: ciphertext buffer full
[mlkem_channel] ciphertext refused token=2910570130: ciphertext buffer full
[mlkem_channel] ciphertext refused token=381185652: ciphertext buffer full
[mlkem_channel] ciphertext refused token=696040305: ciphertext buffer full
[mlkem_channel] ciphertext refused token=3733351142: ciphertext buffer full
[mlkem_channel] ciphertext refused token=3252051630: ciphertext buffer full
[mlkem_channel] ciphertext refused token=3972838998: ciphertext buffer full
[mlkem_channel] ciphertext refused token=2997253564: ciphertext buffer full
[mlkem_channel] ciphertext refused token=3769657475: ciphertext buffer full
[mlkem_channel] ciphertext refused token=2694070788: ciphertext buffer full
[mlkem_channel] ciphertext refused token=2858290276: ciphertext buffer full
[mlkem_channel] ciphertext refused token=2394858833: ciphertext buffer full
[mlkem_channel] ciphertext refused token=425017078: ciphertext buffer full
[mlkem_channel] ciphertext refused token=1214579935: ciphertext buffer full
[mlkem_channel] ciphertext refused token=574529950: ciphertext buffer full
[mlkem_channel] ciphertext refused token=3322134484: ciphertext buffer full
[mlkem_channel] ciphertext refused token=3188536824: ciphertext buffer full
[mlkem_channel] ciphertext refused token=3591857591: ciphertext buffer full
[mlkem_channel] ciphertext refused token=3594637345: ciphertext buffer full
[mlkem_channel] ciphertext refused token=852304138: ciphertext buffer full
[mlkem_channel] ciphertext refused token=502328421: ciphertext buffer full
[mlkem_channel] ciphertext refused token=2437099416: ciphertext buffer full
[mlkem_channel] ciphertext refused token=591418943: ciphertext buffer full
[mlkem_channel] ciphertext refused token=1244471234: ciphertext buffer full
[mlkem_channel] ciphertext refused token=2989976597: ciphertext buffer full
[mlkem_channel] ciphertext refused token=3937689137: ciphertext buffer full
[mlkem_channel] ciphertext refused token=176642232: ciphertext buffer full
[mlkem_channel] ciphertext refused token=2207741263: ciphertext buffer full
[mlkem_channel] ciphertext refused token=3515896592: ciphertext buffer full
[mlkem_channel] ciphertext refused token=3522125343: ciphertext buffer full
[mlkem_channel] ciphertext refused token=3152076877: ciphertext buffer full
[mlkem_channel] ciphertext refused token=880466733: ciphertext buffer full
[mlkem_channel] ciphertext refused token=2437105012: ciphertext buffer full
[mlkem_channel] ciphertext refused token=4252668570: ciphertext buffer full
[mlkem_channel] ciphertext refused token=1590773499: ciphertext buffer full
[mlkem_channel] ciphertext refused token=1822092579: ciphertext buffer full
[mlkem_channel] ciphertext refused token=4174198963: ciphertext buffer full
[mlkem_channel] ciphertext refused token=2585322263: ciphertext buffer full
[mlkem_channel] ciphertext refused token=1946882380: ciphertext buffer full
[mlkem_channel] ciphertext refused token=1093851609: ciphertext buffer full
[mlkem_channel] ciphertext refused token=2002776349: ciphertext buffer full
[mlkem_channel] ciphertext refused token=1225549817: ciphertext buffer full
[mlkem_channel] ciphertext refused token=3345491820: ciphertext buffer full
[mlkem_channel] ciphertext refused token=4142706841: ciphertext buffer full
[mlkem_channel] ciphertext refused token=2248644051: ciphertext buffer full
[mlkem_channel] ciphertext refused token=3975027159: ciphertext buffer full
[mlkem_channel] ciphertext refused token=240784933: ciphertext buffer full
[mlkem_channel] ciphertext refused token=430827349: ciphertext buffer full
[mlkem_channel] ciphertext refused token=3293316391: ciphertext buffer full
[mlkem_channel] ciphertext refused token=2321116632: ciphertext buffer full
[mlkem_channel] ciphertext refused token=4064812228: ciphertext buffer full
[mlkem_channel] ciphertext refused token=2785875341: ciphertext buffer full
[mlkem_channel] ciphertext refused token=3516006166: ciphertext buffer full
[mlkem_channel] ciphertext refused token=3025449517: ciphertext buffer full
[mlkem_channel] ciphertext refused token=3295369106: ciphertext buffer full
[mlkem_channel] ciphertext refused token=927774676: ciphertext buffer full
[mlkem_channel] ciphertext refused token=438601430: ciphertext buffer full
[mlkem_channel] ciphertext refused token=3176855710: ciphertext buffer full
[mlkem_channel] ciphertext refused token=1393558648: ciphertext buffer full
[mlkem_channel] ciphertext refused token=3411946769: ciphertext buffer full
[mlkem_channel] ciphertext refused token=1935488426: ciphertext buffer full
[mlkem_channel] ciphertext refused token=3700661431: ciphertext buffer full
[mlkem_channel] ciphertext refused token=2763914163: ciphertext buffer full
[mlkem_channel] ciphertext refused token=3864158143: ciphertext buffer full
[mlkem_channel] ciphertext refused token=819401510: ciphertext buffer full
[mlkem_channel] ciphertext refused token=4001997748: ciphertext buffer full
[mlkem_channel] ciphertext refused token=1926132742: ciphertext buffer full
[mlkem_channel] ciphertext refused token=3141878827: ciphertext buffer full
[mlkem_channel] ciphertext refused token=3461555003: ciphertext buffer full
[mlkem_channel] ciphertext refused token=3330432524: ciphertext buffer full
[mlkem_channel] ciphertext refused token=4087903354: ciphertext buffer full
[mlkem_channel] ciphertext refused token=1899152922: ciphertext buffer full
[mlkem_channel] ciphertext refused token=3710242189: ciphertext buffer full
[mlkem_channel] ciphertext refused token=2426730513: ciphertext buffer full
[mlkem_channel] ciphertext refused token=1345166416: ciphertext buffer full
[mlkem_channel] ciphertext refused token=159849438: ciphertext buffer full
[mlkem_channel] ciphertext refused token=3559954760: ciphertext buffer full
[mlkem_channel] ciphertext refused token=1772936180: ciphertext buffer full
[mlkem_channel] ciphertext refused token=2452666061: ciphertext buffer full
[mlkem_channel] ciphertext refused token=1418442561: ciphertext buffer full
[mlkem_channel] ciphertext refused token=3891120940: ciphertext buffer full
[mlkem_channel] ciphertext refused token=2938374448: ciphertext buffer full
[mlkem_channel] ciphertext refused token=3125921799: ciphertext buffer full
[mlkem_channel] ciphertext refused token=1035966693: ciphertext buffer full
[mlkem_channel] ciphertext refused token=63025574: ciphertext buffer full
[mlkem_channel] ciphertext refused token=620341026: ciphertext buffer full
[mlkem_channel] ciphertext refused token=2302129316: ciphertext buffer full
[mlkem_channel] ciphertext refused token=3861923319: ciphertext buffer full
[mlkem_channel] ciphertext refused token=1569787539: ciphertext buffer full
[mlkem_channel] ciphertext refused token=2120128526: ciphertext buffer full
[mlkem_channel] ciphertext refused token=2138872197: ciphertext buffer full
[mlkem_channel] ciphertext refused token=2901980282: ciphertext buffer full
[mlkem_channel] ciphertext refused token=97443779: ciphertext buffer full
[mlkem_channel] ciphertext refused token=2231358887: ciphertext buffer full
[mlkem_channel] ciphertext refused token=4173708728: ciphertext buffer full
[mlkem_channel] ciphertext refused token=68815316: ciphertext buffer full
[mlkem_channel] ciphertext refused token=1689359509: ciphertext buffer full
[mlkem_channel] ciphertext refused token=3660182835: ciphertext buffer full
[mlkem_channel] ciphertext refused token=2313337789: ciphertext buffer full
[mlkem_channel] ciphertext refused token=3973527934: ciphertext buffer full
[mlkem_channel] ciphertext refused token=838593524: ciphertext buffer full
[mlkem_channel] ciphertext refused token=1803265820: ciphertext buffer full
[mlkem_channel] ciphertext refused token=3183985953: ciphertext buffer full
[mlkem_channel] ciphertext refused token=2736780216: ciphertext buffer full
[mlkem_channel] ciphertext refused token=3433322098: ciphertext buffer full
[mlkem_channel] ciphertext refused token=800296763: ciphertext buffer full
[mlkem_channel] ciphertext refused token=1502678025: ciphertext buffer full
[mlkem_channel] ciphertext refused token=2695104810: ciphertext buffer full
[mlkem_channel] ciphertext refused token=2866531560: ciphertext buffer full
[mlkem_channel] ciphertext refused token=539520197: ciphertext buffer full
[mlkem_channel] ciphertext refused token=552124449: ciphertext buffer full
[mlkem_channel] ciphertext refused token=1214635555: ciphertext buffer full
[mlkem_channel] ciphertext refused token=4048749523: ciphertext buffer full
[mlkem_channel] ciphertext refused token=504153814: ciphertext buffer full
[mlkem_channel] ciphertext refused token=2019906841: ciphertext buffer full
[mlkem_channel] ciphertext refused token=3091805533: ciphertext buffer full
[mlkem_channel] ciphertext refused token=3901099028: ciphertext buffer full
[mlkem_channel] ciphertext refused token=2237904480: ciphertext buffer full
[mlkem_channel] ciphertext refused token=2411022799: ciphertext buffer full
[mlkem_channel] ciphertext refused token=2548218437: ciphertext buffer full
[mlkem_channel] ciphertext refused token=1609617295: ciphertext buffer full
[mlkem_channel] ciphertext refused token=1708515481: ciphertext buffer full
[mlkem_channel] ciphertext refused token=968272459: ciphertext buffer full
[mlkem_channel] ciphertext refused token=357585446: ciphertext buffer full
[mlkem_channel] ciphertext refused token=1613929374: ciphertext buffer full
[mlkem_channel] ciphertext refused token=3467096778: ciphertext buffer full
[mlkem_channel] ciphertext refused token=3220345619: ciphertext buffer full
[mlkem_channel] ciphertext refused token=1045271621: ciphertext buffer full
[mlkem_channel] ciphertext refused token=2619155358: ciphertext buffer full
[mlkem_channel] ciphertext refused token=1841103136: ciphertext buffer full
[mlkem_channel] ciphertext refused token=2128482371: ciphertext buffer full
[mlkem_channel] ciphertext refused token=3704755929: ciphertext buffer full
[mlkem_channel] ciphertext refused token=454523762: ciphertext buffer full
[mlkem_channel] ciphertext refused token=1619594076: ciphertext buffer full
[mlkem_channel] ciphertext refused token=716277327: ciphertext buffer full
[mlkem_channel] ciphertext refused token=903198099: ciphertext buffer full
[mlkem_channel] ciphertext refused token=896292146: ciphertext buffer full
[mlkem_channel] ciphertext refused token=2946899234: ciphertext buffer full
[mlkem_channel] ciphertext refused token=1277572390: ciphertext buffer full
[mlkem_channel] ciphertext refused token=1533107488: ciphertext buffer full
[mlkem_channel] ciphertext refused token=148804409: ciphertext buffer full
[mlkem_channel] ciphertext refused token=4134969537: ciphertext buffer full
[mlkem_channel] ciphertext refused token=4001749554: ciphertext buffer full
[mlkem_channel] ciphertext refused token=3467913305: ciphertext buffer full
[mlkem_channel] ciphertext refused token=2794428760: ciphertext buffer full
[mlkem_channel] ciphertext refused token=3380188895: ciphertext buffer full
[mlkem_channel] ciphertext refused token=795677585: ciphertext buffer full
[mlkem_channel] ciphertext refused token=2443232622: ciphertext buffer full
[mlkem_channel] ciphertext refused token=3697515582: ciphertext buffer full
[mlkem_channel] ciphertext refused token=1719099708: ciphertext buffer full
[mlkem_channel] ciphertext refused token=2672157912: ciphertext buffer full
[mlkem_channel] ciphertext refused token=3629770072: ciphertext buffer full
[mlkem_channel] ciphertext refused token=2274666171: ciphertext buffer full
[mlkem_channel] ciphertext refused token=2576374005: ciphertext buffer full
[mlkem_channel] ciphertext refused token=1761815693: ciphertext buffer full
[mlkem_channel] ciphertext refused token=2872402288: ciphertext buffer full
[mlkem_channel] ciphertext refused token=1122470754: ciphertext buffer full
[mlkem_channel] ciphertext refused token=644057018: ciphertext buffer full
[mlkem_channel] ciphertext refused token=1343921884: ciphertext buffer full
[mlkem_channel] ciphertext refused token=1178916833: ciphertext buffer full
[mlkem_channel] ciphertext refused token=2758948714: ciphertext buffer full
[mlkem_channel] ciphertext refused token=3513575050: ciphertext buffer full
[mlkem_channel] ciphertext refused token=2171042910: ciphertext buffer full
[mlkem_channel] ciphertext refused token=1149819074: ciphertext buffer full
[mlkem_channel] ciphertext refused token=2447562171: ciphertext buffer full
[mlkem_channel] ciphertext refused token=4289861143: ciphertext buffer full
[mlkem_channel] ciphertext refused token=807867819: ciphertext buffer full
[mlkem_channel] ciphertext refused token=3306709740: ciphertext buffer full
[mlkem_channel] ciphertext refused token=460866757: ciphertext buffer full
[mlkem_channel] ciphertext refused token=557972033: ciphertext buffer full
[mlkem_channel] ciphertext refused token=1202803974: ciphertext buffer full
[mlkem_channel] ciphertext refused token=3281263057: ciphertext buffer full
[mlkem_channel] ciphertext refused token=1671145275: ciphertext buffer full
[mlkem_channel] ciphertext refused token=667215441: ciphertext buffer full
[mlkem_channel] ciphertext refused token=1384188256: ciphertext buffer full
[mlkem_channel] ciphertext refused token=3217715437: ciphertext buffer full
[mlkem_channel] ciphertext refused token=325771710: ciphertext buffer full
[mlkem_channel] ciphertext refused token=1895811332: ciphertext buffer full
[mlkem_channel] ciphertext refused token=1378916119: ciphertext buffer full
[mlkem_channel] ciphertext refused token=2743931559: ciphertext buffer full
[mlkem_channel] ciphertext refused token=2934351546: ciphertext buffer full
[mlkem_channel] ciphertext refused token=2400496656: ciphertext buffer full
[mlkem_channel] ciphertext refused token=1929910384: ciphertext buffer full
[mlkem_channel] ciphertext refused token=188214319: ciphertext buffer full
[mlkem_channel] ciphertext refused token=3743727844: ciphertext buffer full
[mlkem_channel] ciphertext refused token=1285153815: ciphertext buffer full
[mlkem_channel] ciphertext refused token=1053690183: ciphertext buffer full
[mlkem_channel] ciphertext refused token=132382400: ciphertext buffer full
[mlkem_channel] ciphertext refused token=2937355510: ciphertext buffer full
[mlkem_channel] ciphertext refused token=1553577306: ciphertext buffer full
[mlkem_channel] ciphertext refused token=240270515: ciphertext buffer full
[mlkem_channel] ciphertext refused token=1178432687: ciphertext buffer full
[mlkem_channel] ciphertext refused token=1222355383: ciphertext buffer full
[mlkem_channel] ciphertext refused token=576976609: ciphertext buffer full
[mlkem_channel] ciphertext refused token=1961231733: ciphertext buffer full
[mlkem_channel] ciphertext refused token=1389926711: ciphertext buffer full
[mlkem_channel] ciphertext refused token=1797948031: ciphertext buffer full
[mlkem_channel] ciphertext refused token=3112783257: ciphertext buffer full
[mlkem_channel] ciphertext refused token=2975764622: ciphertext buffer full
[mlkem_channel] ciphertext refused token=2165535629: ciphertext buffer full
[mlkem_channel] ciphertext refused token=1209330059: ciphertext buffer full
[mlkem_channel] ciphertext refused token=2894813612: ciphertext buffer full
[mlkem_channel] ciphertext refused token=2659365015: ciphertext buffer full
[mlkem_channel] ciphertext refused token=1218611885: ciphertext buffer full
[mlkem_channel] ciphertext refused token=2407001849: ciphertext buffer full
[mlkem_channel] ciphertext refused token=1946043913: ciphertext buffer full
[mlkem_channel] ciphertext refused token=2195733581: ciphertext buffer full
[mlkem_channel] ciphertext refused token=3404320878: ciphertext buffer full
[mlkem_channel] ciphertext refused token=1154661974: ciphertext buffer full
[mlkem_channel] ciphertext refused token=3939635703: ciphertext buffer full
[mlkem_channel] ciphertext refused token=3936678074: ciphertext buffer full
[mlkem_channel] ciphertext refused token=3304862751: ciphertext buffer full
[mlkem_channel] ciphertext refused token=207519043: ciphertext buffer full
[mlkem_channel] ciphertext refused token=1580382804: ciphertext buffer full
[mlkem_channel] ciphertext refused token=2158437138: ciphertext buffer full
[mlkem_channel] ciphertext refused token=899361030: ciphertext buffer full
[mlkem_channel] ciphertext refused token=1768894747: ciphertext buffer full
[mlkem_channel] ciphertext refused token=2441397301: ciphertext buffer full
[mlkem_channel] ciphertext refused token=1446814754: ciphertext buffer full
[mlkem_channel] ciphertext refused token=3604745832: ciphertext buffer full
[mlkem_channel] ciphertext refused token=3635853241: ciphertext buffer full
[mlkem_channel] ciphertext refused token=300154326: ciphertext buffer full
[mlkem_channel] ciphertext refused token=3952943247: ciphertext buffer full
[mlkem_channel] ciphertext refused token=4247185427: ciphertext buffer full
[mlkem_channel] ciphertext refused token=4240432870: ciphertext buffer full
[mlkem_channel] ciphertext refused token=2678467340: ciphertext buffer full
[mlkem_channel] ciphertext refused token=317886814: ciphertext buffer full
[mlkem_channel] ciphertext refused token=69043606: ciphertext buffer full
[mlkem_channel] ciphertext refused token=3114635527: ciphertext buffer full
[mlkem_channel] ciphertext refused token=562701484: ciphertext buffer full
[mlkem_channel] ciphertext refused token=2669094603: ciphertext buffer full
[mlkem_channel] ciphertext refused token=2250261691: ciphertext buffer full
[mlkem_channel] ciphertext refused token=4079623403: ciphertext buffer full
[mlkem_channel] ciphertext refused token=474906114: ciphertext buffer full
[mlkem_channel] ciphertext refused token=1410459321: ciphertext buffer full
[mlkem_channel] ciphertext refused token=3989378788: ciphertext buffer full
[mlkem_channel] ciphertext refused token=2636699547: ciphertext buffer full
[mlkem_channel] ciphertext refused token=1801506718: ciphertext buffer full
[mlkem_channel] ciphertext refused token=2331142521: ciphertext buffer full
[mlkem_channel] ciphertext refused token=1437718010: ciphertext buffer full
[mlkem_channel] ciphertext refused token=2170909692: ciphertext buffer full
[mlkem_channel] ciphertext refused token=1112059053: ciphertext buffer full
[mlkem_channel] ciphertext refused token=1783554535: ciphertext buffer full
[mlkem_channel] ciphertext refused token=2902192997: ciphertext buffer full
[mlkem_channel] ciphertext refused token=2347740026: ciphertext buffer full
[mlkem_channel] ciphertext refused token=4056528863: ciphertext buffer full
[mlkem_channel] ciphertext refused token=1720203816: ciphertext buffer full
[mlkem_channel] ciphertext refused token=5044316: ciphertext buffer full
[mlkem_channel] ciphertext refused token=803364755: ciphertext buffer full
[mlkem_channel] ciphertext refused token=2631580980: ciphertext buffer full
[mlkem_channel] ciphertext refused token=3275403996: ciphertext buffer full
[mlkem_channel] ciphertext refused token=1164445391: ciphertext buffer full
[mlkem_channel] ciphertext refused token=3555674570: ciphertext buffer full
[mlkem_channel] ciphertext refused token=1475724999: ciphertext buffer full
[mlkem_channel] ciphertext refused token=1504376521: ciphertext buffer full
[mlkem_channel] ciphertext refused token=3676759791: ciphertext buffer full
[mlkem_channel] ciphertext refused token=1673496114: ciphertext buffer full
[mlkem_channel] ciphertext refused token=2853491323: ciphertext buffer full
[mlkem_channel] ciphertext refused token=2053663474: ciphertext buffer full
[mlkem_channel] ciphertext refused token=4088685920: ciphertext buffer full
[mlkem_channel] ciphertext refused token=1897200998: ciphertext buffer full
[mlkem_channel] ciphertext refused token=3767396513: ciphertext buffer full
[mlkem_channel] ciphertext refused token=3730463803: ciphertext buffer full
[mlkem_channel] ciphertext refused token=816535049: ciphertext buffer full
[mlkem_channel] ciphertext refused token=3105290218: ciphertext buffer full
[mlkem_channel] ciphertext refused token=1712093248: ciphertext buffer full
[mlkem_channel] ciphertext refused token=1225038308: ciphertext buffer full
[mlkem_channel] ciphertext refused token=2251467415: ciphertext buffer full
[mlkem_channel] ciphertext refused token=100286646: ciphertext buffer full
[mlkem_channel] ciphertext refused token=4168333476: ciphertext buffer full
[mlkem_channel] ciphertext refused token=3351128592: ciphertext buffer full
[mlkem_channel] ciphertext refused token=2090371742: ciphertext buffer full
[mlkem_channel] ciphertext refused token=638588290: ciphertext buffer full
[mlkem_channel] ciphertext refused token=3564512234: ciphertext buffer full
[mlkem_channel] ciphertext refused token=4063609947: ciphertext buffer full
[mlkem_channel] ciphertext refused token=4148857789: ciphertext buffer full
[mlkem_channel] ciphertext refused token=689442080: ciphertext buffer full
[mlkem_channel] ciphertext refused token=1172260049: ciphertext buffer full
[mlkem_channel] ciphertext refused token=1906560009: ciphertext buffer full
[mlkem_channel] ciphertext refused token=2080843466: ciphertext buffer full
[mlkem_channel] ciphertext refused token=4032881123: ciphertext buffer full
[mlkem_channel] ciphertext refused token=3023126583: ciphertext buffer full
[mlkem_channel] ciphertext refused token=1323074550: ciphertext buffer full
[mlkem_channel] ciphertext refused token=2825369584: ciphertext buffer full
[mlkem_channel] ciphertext refused token=2052310041: ciphertext buffer full
[mlkem_channel] ciphertext refused token=2455381869: ciphertext buffer full
[mlkem_channel] ciphertext refused token=268727940: ciphertext buffer full
[mlkem_channel] ciphertext refused token=216715858: ciphertext buffer full
[mlkem_channel] ciphertext refused token=2142040828: ciphertext buffer full
[mlkem_channel] ciphertext refused token=1090425128: ciphertext buffer full
[mlkem_channel] ciphertext refused token=351090245: ciphertext buffer full
[mlkem_channel] ciphertext refused token=2432615262: ciphertext buffer full
[mlkem_channel] ciphertext refused token=392215218: ciphertext buffer full
[mlkem_channel] ciphertext refused token=2710118296: ciphertext buffer full
[mlkem_channel] ciphertext refused token=1814239470: ciphertext buffer full
[mlkem_channel] ciphertext refused token=593956583: ciphertext buffer full
[mlkem_channel] ciphertext refused token=2360992375: ciphertext buffer full
[mlkem_channel] ciphertext refused token=1441917691: ciphertext buffer full
[mlkem_channel] ciphertext refused token=3269309758: ciphertext buffer full
[mlkem_channel] ciphertext refused token=3781514548: ciphertext buffer full
[mlkem_channel] ciphertext refused token=1232084667: ciphertext buffer full
[mlkem_channel] ciphertext refused token=1631550451: ciphertext buffer full
[mlkem_channel] ciphertext refused token=2920962574: ciphertext buffer full
[mlkem_channel] ciphertext refused token=499383289: ciphertext buffer full
[mlkem_channel] ciphertext refused token=3389313647: ciphertext buffer full
[mlkem_channel] ciphertext refused token=3338803680: ciphertext buffer full
[mlkem_channel] ciphertext refused token=301601064: ciphertext buffer full
[mlkem_channel] ciphertext refused token=1656795785: ciphertext buffer full
[mlkem_channel] ciphertext refused token=1685455843: ciphertext buffer full
[mlkem_channel] ciphertext refused token=4225663600: ciphertext buffer full
[mlkem_channel] ciphertext refused token=3179783323: ciphertext buffer full
[mlkem_channel] ciphertext refused token=1935359848: ciphertext buffer full
[mlkem_channel] ciphertext refused token=2616382630: ciphertext buffer full
[mlkem_channel] ciphertext refused token=3888143750: ciphertext buffer full
[mlkem_channel] ciphertext refused token=1032085674: ciphertext buffer full
[mlkem_channel] ciphertext refused token=1858635866: ciphertext buffer full
[mlkem_channel] ciphertext refused token=1665947710: ciphertext buffer full
[mlkem_channel] ciphertext refused token=3868544528: ciphertext buffer full
[mlkem_channel] ciphertext refused token=132049855: ciphertext buffer full
[mlkem_channel] ciphertext refused token=2940723982: ciphertext buffer full
[mlkem_channel] ciphertext refused token=2874740823: ciphertext buffer full
[mlkem_channel] ciphertext refused token=310746706: ciphertext buffer full
[mlkem_channel] ciphertext refused token=53934662: ciphertext buffer full
[mlkem_channel] ciphertext refused token=1755253560: ciphertext buffer full
[mlkem_channel] ciphertext refused token=2877218104: ciphertext buffer full
[mlkem_channel] ciphertext refused token=1102084834: ciphertext buffer full
[mlkem_channel] ciphertext refused token=2008330836: ciphertext buffer full
[mlkem_channel] ciphertext refused token=1957926165: ciphertext buffer full
[mlkem_channel] ciphertext refused token=2491917022: ciphertext buffer full
[mlkem_channel] ciphertext refused token=1780198061: ciphertext buffer full
[mlkem_channel] ciphertext refused token=194227089: ciphertext buffer full
[mlkem_channel] ciphertext refused token=274088158: ciphertext buffer full
[mlkem_channel] ciphertext refused token=1890176984: ciphertext buffer full
[mlkem_channel] ciphertext refused token=2253443977: ciphertext buffer full
[mlkem_channel] ciphertext refused token=2475964167: ciphertext buffer full
[mlkem_channel] ciphertext refused token=614744640: ciphertext buffer full
[mlkem_channel] ciphertext refused token=3402500223: ciphertext buffer full
[mlkem_channel] ciphertext refused token=1872829380: ciphertext buffer full
[mlkem_channel] ciphertext refused token=4276219313: ciphertext buffer full
[mlkem_channel] ciphertext refused token=105549754: ciphertext buffer full
[mlkem_channel] ciphertext refused token=1043341757: ciphertext buffer full
[mlkem_channel] ciphertext refused token=3235005131: ciphertext buffer full
[mlkem_channel] ciphertext refused token=1336220804: ciphertext buffer full
[mlkem_channel] ciphertext refused token=1153796383: ciphertext buffer full
[mlkem_channel] ciphertext refused token=2757420441: ciphertext buffer full
[mlkem_channel] ciphertext refused token=299880127: ciphertext buffer full
[mlkem_channel] ciphertext refused token=196832790: ciphertext buffer full
[mlkem_channel] ciphertext refused token=3197033040: ciphertext buffer full
[mlkem_channel] ciphertext refused token=1122133602: ciphertext buffer full
[mlkem_channel] ciphertext refused token=445955548: ciphertext buffer full
[mlkem_channel] ciphertext refused token=2623990054: ciphertext buffer full
[mlkem_channel] ciphertext refused token=611951320: ciphertext buffer full
[mlkem_channel] ciphertext refused token=2918708992: ciphertext buffer full
[mlkem_channel] ciphertext refused token=4282019071: ciphertext buffer full
[mlkem_channel] ciphertext refused token=3840186699: ciphertext buffer full
[mlkem_channel] ciphertext refused token=2940726382: ciphertext buffer full
[mlkem_channel] ciphertext refused token=1990469481: ciphertext buffer full
[mlkem_channel] ciphertext refused token=2060200974: ciphertext buffer full
[mlkem_channel] ciphertext refused token=3197768703: ciphertext buffer full
[mlkem_channel] ciphertext refused token=2832116340: ciphertext buffer full
[mlkem_channel] ciphertext refused token=1393692780: ciphertext buffer full
[mlkem_channel] ciphertext refused token=3505698693: ciphertext buffer full
[mlkem_channel] ciphertext refused token=993024389: ciphertext buffer full
[mlkem_channel] ciphertext refused token=2233938999: ciphertext buffer full
[mlkem_channel] ciphertext refused token=469671263: ciphertext buffer full
[mlkem_channel] ciphertext refused token=2315973155: ciphertext buffer full
[mlkem_channel] ciphertext refused token=4088606101: ciphertext buffer full
[mlkem_channel] ciphertext refused token=3175982805: ciphertext buffer full
[mlkem_channel] ciphertext refused token=2942656682: ciphertext buffer full
[mlkem_channel] ciphertext refused token=3350858026: ciphertext buffer full
[mlkem_channel] ciphertext refused token=1608389438: ciphertext buffer full
[mlkem_channel] ciphertext refused token=2274626485: ciphertext buffer full
[mlkem_channel] ciphertext refused token=2170985858: ciphertext buffer full
[mlkem_channel] ciphertext refused token=2054015454: ciphertext buffer full
[mlkem_channel] ciphertext refused token=1534681116: ciphertext buffer full
[mlkem_channel] ciphertext refused token=2025367039: ciphertext buffer full
[mlkem_channel] ciphertext refused token=224096624: ciphertext buffer full
[mlkem_channel] ciphertext refused token=2317520632: ciphertext buffer full
[mlkem_channel] ciphertext refused token=2495000041: ciphertext buffer full
[mlkem_channel] ciphertext refused token=2898595272: ciphertext buffer full
[mlkem_channel] ciphertext refused token=127274592: ciphertext buffer full
[mlkem_channel] ciphertext refused token=1834111382: ciphertext buffer full
[mlkem_channel] ciphertext refused token=2496424007: ciphertext buffer full
[mlkem_channel] ciphertext refused token=154500262: ciphertext buffer full
[mlkem_channel] ciphertext refused token=69857729: ciphertext buffer full
[mlkem_channel] ciphertext refused token=4056681516: ciphertext buffer full
[mlkem_channel] ciphertext refused token=207194821: ciphertext buffer full
[mlkem_channel] ciphertext refused token=848090936: ciphertext buffer full
[mlkem_channel] ciphertext refused token=3084631874: ciphertext buffer full
[mlkem_channel] ciphertext refused token=3146957460: ciphertext buffer full
[mlkem_channel] ciphertext refused token=1741388890: ciphertext buffer full
[mlkem_channel] ciphertext refused token=608718531: ciphertext buffer full
[mlkem_channel] ciphertext refused token=984074414: ciphertext buffer full
[mlkem_channel] ciphertext refused token=271391589: ciphertext buffer full
[mlkem_channel] ciphertext refused token=288169973: ciphertext buffer full
[mlkem_channel] ciphertext refused token=2387610031: ciphertext buffer full
[mlkem_channel] ciphertext refused token=2799655046: ciphertext buffer full
[mlkem_channel] ciphertext refused token=469549583: ciphertext buffer full
[mlkem_channel] ciphertext refused token=3555189281: ciphertext buffer full
[mlkem_channel] ciphertext refused token=251530130: ciphertext buffer full
[mlkem_channel] ciphertext refused token=3643390218: ciphertext buffer full
[mlkem_channel] ciphertext refused token=133284930: ciphertext buffer full
[mlkem_channel] ciphertext refused token=4060545474: ciphertext buffer full
[mlkem_channel] ciphertext refused token=3681891339: ciphertext buffer full
[mlkem_channel] ciphertext refused token=3298629154: ciphertext buffer full
[mlkem_channel] ciphertext refused token=528216334: ciphertext buffer full
[mlkem_channel] ciphertext refused token=395300091: ciphertext buffer full
[mlkem_channel] ciphertext refused token=1766614760: ciphertext buffer full
[mlkem_channel] ciphertext refused token=1887507515: ciphertext buffer full
[mlkem_channel] ciphertext refused token=2179105252: ciphertext buffer full
[mlkem_channel] ciphertext refused token=1001872169: ciphertext buffer full
[mlkem_channel] ciphertext refused token=2360380705: ciphertext buffer full
[mlkem_channel] ciphertext refused token=974336692: ciphertext buffer full
[mlkem_channel] ciphertext refused token=1477337695: ciphertext buffer full
[mlkem_channel] ciphertext refused token=4203825460: ciphertext buffer full
[mlkem_channel] ciphertext refused token=4229247961: ciphertext buffer full
[mlkem_channel] ciphertext refused token=2469450873: ciphertext buffer full
[mlkem_channel] ciphertext refused token=408757854: ciphertext buffer full
[mlkem_channel] ciphertext refused token=2034276309: ciphertext buffer full
[mlkem_channel] ciphertext refused token=3591707190: ciphertext buffer full
[mlkem_channel] ciphertext refused token=136077304: ciphertext buffer full
[mlkem_channel] ciphertext refused token=4291464329: ciphertext buffer full
[mlkem_channel] ciphertext refused token=2738716806: ciphertext buffer full
[mlkem_channel] ciphertext refused token=2150861786: ciphertext buffer full
[mlkem_channel] ciphertext refused token=2944144733: ciphertext buffer full
[mlkem_channel] ciphertext refused token=1678859385: ciphertext buffer full
[mlkem_channel] ciphertext refused token=1092157361: ciphertext buffer full
[mlkem_channel] ciphertext refused token=1928570851: ciphertext buffer full
[mlkem_channel] ciphertext refused token=925005863: ciphertext buffer full
[mlkem_channel] ciphertext refused token=2101844867: ciphertext buffer full
[mlkem_channel] ciphertext refused token=475378625: ciphertext buffer full
[mlkem_channel] ciphertext refused token=481904425: ciphertext buffer full
[mlkem_channel] ciphertext refused token=518744365: ciphertext buffer full
[mlkem_channel] ciphertext refused token=1043779375: ciphertext buffer full
[mlkem_channel] ciphertext refused token=1259433993: ciphertext buffer full
[mlkem_channel] ciphertext refused token=4153284045: ciphertext buffer full
[mlkem_channel] ciphertext refused token=1769559686: ciphertext buffer full
[mlkem_channel] ciphertext refused token=2956807526: ciphertext buffer full
[mlkem_channel] ciphertext refused token=3200354682: ciphertext buffer full
[mlkem_channel] ciphertext refused token=16454816: ciphertext buffer full
[mlkem_channel] ciphertext refused token=2034156574: ciphertext buffer full
[mlkem_channel] ciphertext refused token=826675866: ciphertext buffer full
[mlkem_channel] ciphertext refused token=2957435784: ciphertext buffer full
[mlkem_channel] ciphertext refused token=2222909875: ciphertext buffer full
[mlkem_channel] ciphertext refused token=1998991437: ciphertext buffer full
[mlkem_channel] ciphertext refused token=2171696281: ciphertext buffer full
[mlkem_channel] ciphertext refused token=1323704684: ciphertext buffer full
[mlkem_channel] ciphertext refused token=1840202685: ciphertext buffer full
[mlkem_channel] ciphertext refused token=1532857435: ciphertext buffer full
[mlkem_channel] ciphertext refused token=1966449663: ciphertext buffer full
[mlkem_channel] ciphertext refused token=1756447449: ciphertext buffer full
[mlkem_channel] ciphertext refused token=2750627955: ciphertext buffer full
[mlkem_channel] ciphertext refused token=4253737816: ciphertext buffer full
[mlkem_channel] ciphertext refused token=3839008769: ciphertext buffer full
[mlkem_channel] ciphertext refused token=1538850962: ciphertext buffer full
[mlkem_channel] ciphertext refused token=765874308: ciphertext buffer full
[mlkem_channel] ciphertext refused token=3818175360: ciphertext buffer full
[mlkem_channel] ciphertext refused token=855804536: ciphertext buffer full
[mlkem_channel] ciphertext refused token=931326433: ciphertext buffer full
[mlkem_channel] ciphertext refused token=2532001701: ciphertext buffer full
[mlkem_channel] ciphertext refused token=1172098127: ciphertext buffer full
[mlkem_channel] ciphertext refused token=4211011380: ciphertext buffer full
[mlkem_channel] ciphertext refused token=3632576483: ciphertext buffer full
[mlkem_channel] ciphertext refused token=413665568: ciphertext buffer full
[mlkem_channel] ciphertext refused token=2817722683: ciphertext buffer full
[mlkem_channel] ciphertext refused token=1444090746: ciphertext buffer full
[mlkem_channel] ciphertext refused token=3329179907: ciphertext buffer full
[mlkem_channel] ciphertext refused token=3609101179: ciphertext buffer full
[mlkem_channel] ciphertext refused token=1014502379: ciphertext buffer full
[mlkem_channel] ciphertext refused token=1758196647: ciphertext buffer full
[mlkem_channel] ciphertext refused token=748666512: ciphertext buffer full
[mlkem_channel] ciphertext refused token=1640652765: ciphertext buffer full
[mlkem_channel] ciphertext refused token=1087068384: ciphertext buffer full
[mlkem_channel] ciphertext refused token=71664060: ciphertext buffer full
[mlkem_channel] ciphertext refused token=1753999512: ciphertext buffer full
[mlkem_channel] ciphertext refused token=144061411: ciphertext buffer full
[mlkem_channel] ciphertext refused token=1593923879: ciphertext buffer full
[mlkem_channel] ciphertext refused token=2632176262: ciphertext buffer full
[mlkem_channel] ciphertext refused token=3567036304: ciphertext buffer full
[mlkem_channel] ciphertext refused token=2157540378: ciphertext buffer full
[mlkem_channel] ciphertext refused token=3374862574: ciphertext buffer full
[mlkem_channel] ciphertext refused token=1186726054: ciphertext buffer full
[mlkem_channel] ciphertext refused token=3017259230: ciphertext buffer full
[mlkem_channel] ciphertext refused token=2515623178: ciphertext buffer full
[mlkem_channel] ciphertext refused token=4081730584: ciphertext buffer full
[mlkem_channel] ciphertext refused token=1654891412: ciphertext buffer full
[mlkem_channel] ciphertext refused token=533576512: ciphertext buffer full
[mlkem_channel] ciphertext refused token=1269647687: ciphertext buffer full
[mlkem_channel] ciphertext refused token=4191524803: ciphertext buffer full
[mlkem_channel] ciphertext refused token=167828982: ciphertext buffer full
[mlkem_channel] ciphertext refused token=1267460026: ciphertext buffer full
[mlkem_channel] ciphertext refused token=1219217097: ciphertext buffer full
[mlkem_channel] ciphertext refused token=525351567: ciphertext buffer full
[mlkem_channel] ciphertext refused token=3714148670: ciphertext buffer full
[mlkem_channel] ciphertext refused token=2243375272: ciphertext buffer full
[mlkem_channel] ciphertext refused token=2941081986: ciphertext buffer full
[mlkem_channel] ciphertext refused token=578312271: ciphertext buffer full
[mlkem_channel] ciphertext refused token=1972845879: ciphertext buffer full
[mlkem_channel] ciphertext refused token=3172296455: ciphertext buffer full
[mlkem_channel] ciphertext refused token=2256512080: ciphertext buffer full
[mlkem_channel] ciphertext refused token=2411853577: ciphertext buffer full
[mlkem_channel] ciphertext refused token=3638040504: ciphertext buffer full
[mlkem_channel] ciphertext refused token=1493716650: ciphertext buffer full
[mlkem_channel] ciphertext refused token=3295238529: ciphertext buffer full
[mlkem_channel] ciphertext refused token=556076557: ciphertext buffer full
[mlkem_channel] ciphertext refused token=356461962: ciphertext buffer full
[mlkem_channel] ciphertext refused token=1274482364: ciphertext buffer full
[mlkem_channel] ciphertext refused token=4222629741: ciphertext buffer full
[mlkem_channel] ciphertext refused token=3848675337: ciphertext buffer full
[mlkem_channel] ciphertext refused token=796190292: ciphertext buffer full
[mlkem_channel] ciphertext refused token=470257436: ciphertext buffer full
[mlkem_channel] ciphertext refused token=633857507: ciphertext buffer full
[mlkem_channel] ciphertext refused token=454880869: ciphertext buffer full
[mlkem_channel] ciphertext refused token=1105826073: ciphertext buffer full
[mlkem_channel] ciphertext refused token=224361453: ciphertext buffer full
[mlkem_channel] ciphertext refused token=1770496935: ciphertext buffer full
[mlkem_channel] ciphertext refused token=1346728035: ciphertext buffer full
[mlkem_channel] ciphertext refused token=4064238098: ciphertext buffer full
[mlkem_channel] ciphertext refused token=2751030404: ciphertext buffer full
[mlkem_channel] ciphertext refused token=3130360710: ciphertext buffer full
[mlkem_channel] ciphertext refused token=1170125376: ciphertext buffer full
[mlkem_channel] ciphertext refused token=2514181112: ciphertext buffer full
[mlkem_channel] ciphertext refused token=1484781393: ciphertext buffer full
[mlkem_channel] ciphertext refused token=114270070: ciphertext buffer full
[mlkem_channel] ciphertext refused token=764916055: ciphertext buffer full
[mlkem_channel] ciphertext refused token=1593503746: ciphertext buffer full
[mlkem_channel] ciphertext refused token=4173841873: ciphertext buffer full
[mlkem_channel] ciphertext refused token=4112142704: ciphertext buffer full
[mlkem_channel] ciphertext refused token=1074532028: ciphertext buffer full
[mlkem_channel] ciphertext refused token=2171192467: ciphertext buffer full
[mlkem_channel] ciphertext refused token=1555376441: ciphertext buffer full
[mlkem_channel] ciphertext refused token=3916868773: ciphertext buffer full
[mlkem_channel] ciphertext refused token=3475247748: ciphertext buffer full
[mlkem_channel] ciphertext refused token=1254948206: ciphertext buffer full
[mlkem_channel] ciphertext refused token=3511545315: ciphertext buffer full
[mlkem_channel] ciphertext refused token=1415061651: ciphertext buffer full
[mlkem_channel] ciphertext refused token=2760549104: ciphertext buffer full
[mlkem_channel] ciphertext refused token=569202191: ciphertext buffer full
[mlkem_channel] ciphertext refused token=333326157: ciphertext buffer full
[mlkem_channel] ciphertext refused token=3703700752: ciphertext buffer full
[mlkem_channel] ciphertext refused token=1997345964: ciphertext buffer full
[mlkem_channel] ciphertext refused token=3212831734: ciphertext buffer full
[mlkem_channel] ciphertext refused token=1254398533: ciphertext buffer full
[mlkem_channel] ciphertext refused token=889959491: ciphertext buffer full
[mlkem_channel] ciphertext refused token=3811706737: ciphertext buffer full
[mlkem_channel] ciphertext refused token=420882147: ciphertext buffer full
[mlkem_channel] ciphertext refused token=2833152626: ciphertext buffer full
[mlkem_channel] ciphertext refused token=2250518011: ciphertext buffer full
[mlkem_channel] ciphertext refused token=2099889645: ciphertext buffer full
[mlkem_channel] ciphertext refused token=3850258310: ciphertext buffer full
[mlkem_channel] ciphertext refused token=1289810248: ciphertext buffer full
[mlkem_channel] ciphertext refused token=659093283: ciphertext buffer full
[mlkem_channel] ciphertext refused token=2994644517: ciphertext buffer full
[mlkem_channel] ciphertext refused token=2169340229: ciphertext buffer full
[mlkem_channel] ciphertext refused token=2111726482: ciphertext buffer full
[mlkem_channel] ciphertext refused token=1319230313: ciphertext buffer full
[mlkem_channel] ciphertext refused token=178566043: ciphertext buffer full
[mlkem_channel] ciphertext refused token=4045008454: ciphertext buffer full
[mlkem_channel] ciphertext refused token=3728479052: ciphertext buffer full
[mlkem_channel] ciphertext refused token=4239090743: ciphertext buffer full
[mlkem_channel] ciphertext refused token=3816018866: ciphertext buffer full
[mlkem_channel] ciphertext refused token=2028865069: ciphertext buffer full
[mlkem_channel] ciphertext refused token=2454133527: ciphertext buffer full
[mlkem_channel] ciphertext refused token=798268848: ciphertext buffer full
[mlkem_channel] ciphertext refused token=664688354: ciphertext buffer full
[mlkem_channel] ciphertext refused token=2684607475: ciphertext buffer full
[mlkem_channel] ciphertext refused token=1011466553: ciphertext buffer full
[mlkem_channel] ciphertext refused token=2827304581: ciphertext buffer full
[mlkem_channel] ciphertext refused token=1280672589: ciphertext buffer full
[mlkem_channel] ciphertext refused token=4255628613: ciphertext buffer full
[mlkem_channel] ciphertext refused token=3549202666: ciphertext buffer full
[mlkem_channel] ciphertext refused token=1551899598: ciphertext buffer full
[mlkem_channel] ciphertext refused token=276681025: ciphertext buffer full
[mlkem_channel] ciphertext refused token=2944858867: ciphertext buffer full
[mlkem_channel] ciphertext refused token=2106145162: ciphertext buffer full
[mlkem_channel] ciphertext refused token=3834397964: ciphertext buffer full
[mlkem_channel] ciphertext refused token=768337175: ciphertext buffer full
[mlkem_channel] ciphertext refused token=577112254: ciphertext buffer full
[mlkem_channel] ciphertext refused token=484459806: ciphertext buffer full
[mlkem_channel] ciphertext refused token=3505850288: ciphertext buffer full
[mlkem_channel] ciphertext refused token=3948054178: ciphertext buffer full
[mlkem_channel] ciphertext refused token=904908448: ciphertext buffer full
[mlkem_channel] ciphertext refused token=2185900958: ciphertext buffer full
[mlkem_channel] ciphertext refused token=577876153: ciphertext buffer full
[mlkem_channel] ciphertext refused token=2423164538: ciphertext buffer full
[mlkem_channel] ciphertext refused token=2452555075: ciphertext buffer full
[mlkem_channel] ciphertext refused token=3607604367: ciphertext buffer full
[mlkem_channel] ciphertext refused token=2338285102: ciphertext buffer full
[mlkem_channel] ciphertext refused token=245876786: ciphertext buffer full
[mlkem_channel] ciphertext refused token=481405547: ciphertext buffer full
[mlkem_channel] ciphertext refused token=413923822: ciphertext buffer full
[mlkem_channel] ciphertext refused token=3631902218: ciphertext buffer full
[mlkem_channel] ciphertext refused token=903312275: ciphertext buffer full
[mlkem_channel] ciphertext refused token=1349207611: ciphertext buffer full
[mlkem_channel] ciphertext refused token=4211535521: ciphertext buffer full
[mlkem_channel] ciphertext refused token=2235611792: ciphertext buffer full
[mlkem_channel] ciphertext refused token=4293296260: ciphertext buffer full
[mlkem_channel] ciphertext refused token=830157902: ciphertext buffer full
[mlkem_channel] ciphertext refused token=50570729: ciphertext buffer full
[mlkem_channel] ciphertext refused token=1626775006: ciphertext buffer full
[mlkem_channel] ciphertext refused token=1248957454: ciphertext buffer full
[mlkem_channel] ciphertext refused token=3023523945: ciphertext buffer full
[mlkem_channel] ciphertext refused token=691275738: ciphertext buffer full
[mlkem_channel] ciphertext refused token=2602904421: ciphertext buffer full
[mlkem_channel] ciphertext refused token=4241154469: ciphertext buffer full
[mlkem_channel] ciphertext refused token=359656464: ciphertext buffer full
[mlkem_channel] ciphertext refused token=2125744956: ciphertext buffer full
[mlkem_channel] ciphertext refused token=3316035705: ciphertext buffer full
[mlkem_channel] ciphertext refused token=263592505: ciphertext buffer full
[mlkem_channel] ciphertext refused token=2158891460: ciphertext buffer full
[mlkem_channel] ciphertext refused token=3968027691: ciphertext buffer full
[mlkem_channel] ciphertext refused token=565635906: ciphertext buffer full
[mlkem_channel] ciphertext refused token=1447189330: ciphertext buffer full
[mlkem_channel] ciphertext refused token=1106222276: ciphertext buffer full
[mlkem_channel] ciphertext refused token=2103829459: ciphertext buffer full
[mlkem_channel] ciphertext refused token=2415563194: ciphertext buffer full
[mlkem_channel] ciphertext refused token=198457335: ciphertext buffer full
[mlkem_channel] ciphertext refused token=3866006735: ciphertext buffer full
[mlkem_channel] ciphertext refused token=1860953503: ciphertext buffer full
[mlkem_channel] ciphertext refused token=1327956496: ciphertext buffer full
[mlkem_channel] ciphertext refused token=590928041: ciphertext buffer full
[mlkem_channel] ciphertext refused token=863787451: ciphertext buffer full
[mlkem_channel] ciphertext refused token=3881032434: ciphertext buffer full
[mlkem_channel] ciphertext refused token=190926517: ciphertext buffer full
[mlkem_channel] ciphertext refused token=4187628425: ciphertext buffer full
[mlkem_channel] ciphertext refused token=2461155537: ciphertext buffer full
[mlkem_channel] ciphertext refused token=3906946775: ciphertext buffer full
[mlkem_channel] ciphertext refused token=1319592227: ciphertext buffer full
[mlkem_channel] ciphertext refused token=2876338282: ciphertext buffer full
[mlkem_channel] ciphertext refused token=3245397893: ciphertext buffer full
[mlkem_channel] ciphertext refused token=506691926: ciphertext buffer full
[mlkem_channel] ciphertext refused token=4009930620: ciphertext buffer full
[mlkem_channel] ciphertext refused token=2406191483: ciphertext buffer full
[mlkem_channel] ciphertext refused token=1114456488: ciphertext buffer full
[mlkem_channel] ciphertext refused token=880536446: ciphertext buffer full
[mlkem_channel] ciphertext refused token=3330248458: ciphertext buffer full
[mlkem_channel] ciphertext refused token=2950957463: ciphertext buffer full
[mlkem_channel] ciphertext refused token=1137916283: ciphertext buffer full
[mlkem_channel] ciphertext refused token=3795920731: ciphertext buffer full
[mlkem_channel] ciphertext refused token=455247971: ciphertext buffer full
[mlkem_channel] ciphertext refused token=1597851107: ciphertext buffer full
[mlkem_channel] ciphertext refused token=1514827017: ciphertext buffer full
[mlkem_channel] ciphertext refused token=1660876452: ciphertext buffer full
[mlkem_channel] ciphertext refused token=264845599: ciphertext buffer full
[mlkem_channel] ciphertext refused token=3445786846: ciphertext buffer full
[mlkem_channel] ciphertext refused token=2202498738: ciphertext buffer full
[mlkem_channel] ciphertext refused token=3342640441: ciphertext buffer full
[mlkem_channel] ciphertext refused token=3961214073: ciphertext buffer full
[mlkem_channel] ciphertext refused token=1860401449: ciphertext buffer full
[mlkem_channel] ciphertext refused token=1069650629: ciphertext buffer full
[mlkem_channel] ciphertext refused token=4099194171: ciphertext buffer full
[mlkem_channel] ciphertext refused token=2225961363: ciphertext buffer full
[mlkem_channel] ciphertext refused token=2981794287: ciphertext buffer full
[mlkem_channel] ciphertext refused token=1160860700: ciphertext buffer full
[mlkem_channel] ciphertext refused token=2065456656: ciphertext buffer full
[mlkem_channel] ciphertext refused token=2132870911: ciphertext buffer full
[mlkem_channel] ciphertext refused token=1699103878: ciphertext buffer full
[mlkem_channel] ciphertext refused token=125772668: ciphertext buffer full
[mlkem_channel] ciphertext refused token=700093303: ciphertext buffer full
[mlkem_channel] ciphertext refused token=1642072143: ciphertext buffer full
[mlkem_channel] ciphertext refused token=901168324: ciphertext buffer full
[mlkem_channel] ciphertext refused token=2601614596: ciphertext buffer full
[mlkem_channel] ciphertext refused token=613460217: ciphertext buffer full
[mlkem_channel] ciphertext refused token=663804633: ciphertext buffer full
[mlkem_channel] ciphertext refused token=261844510: ciphertext buffer full
[mlkem_channel] ciphertext refused token=3384464236: ciphertext buffer full
[mlkem_channel] ciphertext refused token=1218902214: ciphertext buffer full
[mlkem_channel] ciphertext refused token=3142411553: ciphertext buffer full
[mlkem_channel] ciphertext refused token=3954858096: ciphertext buffer full
[mlkem_channel] ciphertext refused token=3147425759: ciphertext buffer full
[mlkem_channel] ciphertext refused token=3163508870: ciphertext buffer full
[mlkem_channel] ciphertext refused token=3410208026: ciphertext buffer full
[mlkem_channel] ciphertext refused token=86155027: ciphertext buffer full
[mlkem_channel] ciphertext refused token=3584502929: ciphertext buffer full
[mlkem_channel] ciphertext refused token=434346824: ciphertext buffer full
[mlkem_channel] ciphertext refused token=3919652256: ciphertext buffer full
[mlkem_channel] ciphertext refused token=2060823491: ciphertext buffer full
[mlkem_channel] ciphertext refused token=2918794767: ciphertext buffer full
[mlkem_channel] ciphertext refused token=3179579290: ciphertext buffer full
[mlkem_channel] ciphertext refused token=3188480999: ciphertext buffer full
[mlkem_channel] ciphertext refused token=705375647: ciphertext buffer full
[mlkem_channel] ciphertext refused token=3875126704: ciphertext buffer full
[mlkem_channel] ciphertext refused token=1556952445: ciphertext buffer full
[mlkem_channel] ciphertext refused token=4233302531: ciphertext buffer full
[mlkem_channel] ciphertext refused token=2167694412: ciphertext buffer full
[mlkem_channel] ciphertext refused token=481049135: ciphertext buffer full
[mlkem_channel] ciphertext refused token=2349299673: ciphertext buffer full
[mlkem_channel] ciphertext refused token=3095292184: ciphertext buffer full
[mlkem_channel] ciphertext refused token=4014869592: ciphertext buffer full
[mlkem_channel] ciphertext refused token=901259013: ciphertext buffer full
[mlkem_channel] ciphertext refused token=1627951630: ciphertext buffer full
[mlkem_channel] ciphertext refused token=2805002998: ciphertext buffer full
[mlkem_channel] ciphertext refused token=3337192886: ciphertext buffer full
[mlkem_channel] ciphertext refused token=3651962166: ciphertext buffer full
[mlkem_channel] ciphertext refused token=3117320901: ciphertext buffer full
[mlkem_channel] ciphertext refused token=3855708939: ciphertext buffer full
[mlkem_channel] ciphertext refused token=120516369: ciphertext buffer full
[mlkem_channel] ciphertext refused token=1302625023: ciphertext buffer full
[mlkem_channel] ciphertext refused token=2834368316: ciphertext buffer full
[mlkem_channel] ciphertext refused token=3410501596: ciphertext buffer full
[mlkem_channel] ciphertext refused token=2964464559: ciphertext buffer full
[mlkem_channel] ciphertext refused token=2406653354: ciphertext buffer full
[mlkem_channel] ciphertext refused token=1549334900: ciphertext buffer full
[mlkem_channel] ciphertext refused token=1657719733: ciphertext buffer full
[mlkem_channel] ciphertext refused token=3262782772: ciphertext buffer full
[mlkem_channel] ciphertext refused token=1206563839: ciphertext buffer full
[mlkem_channel] ciphertext refused token=4228177304: ciphertext buffer full
[mlkem_channel] ciphertext refused token=1046304391: ciphertext buffer full
[mlkem_channel] ciphertext refused token=3248097494: ciphertext buffer full
[mlkem_channel] ciphertext refused token=744331557: ciphertext buffer full
[mlkem_channel] ciphertext refused token=2979430853: ciphertext buffer full
[mlkem_channel] ciphertext refused token=2496012843: ciphertext buffer full
[mlkem_channel] ciphertext refused token=1059136047: ciphertext buffer full
[mlkem_channel] ciphertext refused token=59342580: ciphertext buffer full
[mlkem_channel] ciphertext refused token=4055322487: ciphertext buffer full
[mlkem_channel] ciphertext refused token=364792724: ciphertext buffer full
[mlkem_channel] ciphertext refused token=3505520698: ciphertext buffer full
[mlkem_channel] ciphertext refused token=150191262: ciphertext buffer full
[mlkem_channel] ciphertext refused token=2482710905: ciphertext buffer full
[mlkem_channel] ciphertext refused token=2257924573: ciphertext buffer full
[mlkem_channel] ciphertext refused token=43138275: ciphertext buffer full
[mlkem_channel] ciphertext refused token=2270348967: ciphertext buffer full
[mlkem_channel] ciphertext refused token=1775470434: ciphertext buffer full
[mlkem_channel] ciphertext refused token=1985700508: ciphertext buffer full
[mlkem_channel] ciphertext refused token=600024870: ciphertext buffer full
[mlkem_channel] ciphertext refused token=3665846698: ciphertext buffer full
[mlkem_channel] ciphertext refused token=2642140599: ciphertext buffer full
[mlkem_channel] ciphertext refused token=1516661794: ciphertext buffer full
[mlkem_channel] ciphertext refused token=2063760703: ciphertext buffer full
[mlkem_channel] ciphertext refused token=994579208: ciphertext buffer full
[mlkem_channel] ciphertext refused token=950873488: ciphertext buffer full
[mlkem_channel] ciphertext refused token=1257384367: ciphertext buffer full
[mlkem_channel] ciphertext refused token=3964623325: ciphertext buffer full
[mlkem_channel] ciphertext refused token=1012376183: ciphertext buffer full
[mlkem_channel] ciphertext refused token=1151020014: ciphertext buffer full
[mlkem_channel] ciphertext refused token=1738588319: ciphertext buffer full
[mlkem_channel] ciphertext refused token=1889716422: ciphertext buffer full
[mlkem_channel] ciphertext refused token=2384704851: ciphertext buffer full
[mlkem_channel] ciphertext refused token=715464294: ciphertext buffer full
[mlkem_channel] ciphertext refused token=1606464442: ciphertext buffer full
[mlkem_channel] ciphertext refused token=3231105456: ciphertext buffer full
[mlkem_channel] ciphertext refused token=2999614622: ciphertext buffer full
[mlkem_channel] ciphertext refused token=3101326958: ciphertext buffer full
[mlkem_channel] ciphertext refused token=2984696538: ciphertext buffer full
[mlkem_channel] ciphertext refused token=294831905: ciphertext buffer full
[mlkem_channel] ciphertext refused token=1301279432: ciphertext buffer full
[mlkem_channel] ciphertext refused token=1338773665: ciphertext buffer full
[mlkem_channel] ciphertext refused token=2060068040: ciphertext buffer full
[mlkem_channel] ciphertext refused token=1405722837: ciphertext buffer full
[mlkem_channel] ciphertext refused token=624867878: ciphertext buffer full
[mlkem_channel] ciphertext refused token=2618165129: ciphertext buffer full
[mlkem_channel] ciphertext refused token=963418556: ciphertext buffer full
[mlkem_channel] ciphertext refused token=2341981858: ciphertext buffer full
[mlkem_channel] ciphertext refused token=590434177: ciphertext buffer full
[mlkem_channel] ciphertext refused token=3639439173: ciphertext buffer full
[mlkem_channel] ciphertext refused token=3864462826: ciphertext buffer full
[mlkem_channel] ciphertext refused token=313579223: ciphertext buffer full
[mlkem_channel] ciphertext refused token=271174195: ciphertext buffer full
[mlkem_channel] ciphertext refused token=2164694624: ciphertext buffer full
[mlkem_channel] ciphertext refused token=70717903: ciphertext buffer full
[mlkem_channel] ciphertext refused token=2006486164: ciphertext buffer full
[mlkem_channel] ciphertext refused token=1051377808: ciphertext buffer full
[mlkem_channel] ciphertext refused token=3853314750: ciphertext buffer full
[mlkem_channel] ciphertext refused token=373188112: ciphertext buffer full
[mlkem_channel] ciphertext refused token=3672851569: ciphertext buffer full
[mlkem_channel] ciphertext refused token=2634034960: ciphertext buffer full
[mlkem_channel] ciphertext refused token=3395981608: ciphertext buffer full
[mlkem_channel] ciphertext refused token=2469224115: ciphertext buffer full
[mlkem_channel] ciphertext refused token=525023544: ciphertext buffer full
[mlkem_channel] ciphertext refused token=263643133: ciphertext buffer full
[mlkem_channel] ciphertext refused token=1403823940: ciphertext buffer full
[mlkem_channel] ciphertext refused token=3888385254: ciphertext buffer full
[mlkem_channel] ciphertext refused token=761477443: ciphertext buffer full
[mlkem_channel] ciphertext refused token=3160579900: ciphertext buffer full
[mlkem_channel] ciphertext refused token=1490587281: ciphertext buffer full
[mlkem_channel] ciphertext refused token=877747636: ciphertext buffer full
[mlkem_channel] ciphertext refused token=2947500981: ciphertext buffer full
[mlkem_channel] ciphertext refused token=536560308: ciphertext buffer full
[mlkem_channel] ciphertext refused token=2090763811: ciphertext buffer full
[mlkem_channel] ciphertext refused token=923388632: ciphertext buffer full
[mlkem_channel] ciphertext refused token=1824585505: ciphertext buffer full
[mlkem_channel] ciphertext refused token=1620310984: ciphertext buffer full
[mlkem_channel] ciphertext refused token=2082428771: ciphertext buffer full
[mlkem_channel] ciphertext refused token=2208668942: ciphertext buffer full
[mlkem_channel] ciphertext refused token=3887966812: ciphertext buffer full
[mlkem_channel] ciphertext refused token=2569164934: ciphertext buffer full
[mlkem_channel] ciphertext refused token=3746908962: ciphertext buffer full
[mlkem_channel] ciphertext refused token=3429480237: ciphertext buffer full
[mlkem_channel] ciphertext refused token=1364527052: ciphertext buffer full
[mlkem_channel] ciphertext refused token=382652396: ciphertext buffer full
[mlkem_channel] ciphertext refused token=2480772453: ciphertext buffer full
[mlkem_channel] ciphertext refused token=2130479828: ciphertext buffer full
[mlkem_channel] ciphertext refused token=2912855324: ciphertext buffer full
[mlkem_channel] ciphertext refused token=1336837968: ciphertext buffer full
[mlkem_channel] ciphertext refused token=3004394299: ciphertext buffer full
[mlkem_channel] ciphertext refused token=3022224363: ciphertext buffer full
[mlkem_channel] ciphertext refused token=1539803867: ciphertext buffer full
[mlkem_channel] ciphertext refused token=125169538: ciphertext buffer full
[mlkem_channel] ciphertext refused token=100367445: ciphertext buffer full
[mlkem_channel] ciphertext refused token=471163083: ciphertext buffer full
[mlkem_channel] ciphertext refused token=487022341: ciphertext buffer full
[mlkem_channel] ciphertext refused token=959475006: ciphertext buffer full
[mlkem_channel] ciphertext refused token=2347278077: ciphertext buffer full
[mlkem_channel] ciphertext refused token=4188967860: ciphertext buffer full
[mlkem_channel] ciphertext refused token=1916301296: ciphertext buffer full
[mlkem_channel] ciphertext refused token=3732410042: ciphertext buffer full
[mlkem_channel] ciphertext refused token=2123712056: ciphertext buffer full
[mlkem_channel] ciphertext refused token=1529615109: ciphertext buffer full
[mlkem_channel] ciphertext refused token=453946676: ciphertext buffer full
[mlkem_channel] ciphertext refused token=618984012: ciphertext buffer full
[mlkem_channel] ciphertext refused token=1851952444: ciphertext buffer full
[mlkem_channel] ciphertext refused token=880293089: ciphertext buffer full
[mlkem_channel] ciphertext refused token=3684768457: ciphertext buffer full
[mlkem_channel] ciphertext refused token=1676170081: ciphertext buffer full
[mlkem_channel] ciphertext refused token=1482761354: ciphertext buffer full
[mlkem_channel] ciphertext refused token=3962942082: ciphertext buffer full
[mlkem_channel] ciphertext refused token=2953036984: ciphertext buffer full
[mlkem_channel] ciphertext refused token=2577850519: ciphertext buffer full
[mlkem_channel] ciphertext refused token=1391943380: ciphertext buffer full
[mlkem_channel] ciphertext refused token=2902580060: ciphertext buffer full
[mlkem_channel] ciphertext refused token=4041599069: ciphertext buffer full
[mlkem_channel] ciphertext refused token=2109302863: ciphertext buffer full
[mlkem_channel] ciphertext refused token=2032408087: ciphertext buffer full
[mlkem_channel] ciphertext refused token=885604812: ciphertext buffer full
[mlkem_channel] ciphertext refused token=2046989992: ciphertext buffer full
[mlkem_channel] ciphertext refused token=839356718: ciphertext buffer full
[mlkem_channel] ciphertext refused token=2139506697: ciphertext buffer full
[mlkem_channel] ciphertext refused token=3389379118: ciphertext buffer full
[mlkem_channel] ciphertext refused token=3651684936: ciphertext buffer full
[mlkem_channel] ciphertext refused token=236731086: ciphertext buffer full
[mlkem_channel] ciphertext refused token=125975701: ciphertext buffer full
[mlkem_channel] ciphertext refused token=1805665208: ciphertext buffer full
[mlkem_channel] ciphertext refused token=4242202960: ciphertext buffer full
[mlkem_channel] ciphertext refused token=3530365446: ciphertext buffer full
[mlkem_channel] ciphertext refused token=4205850631: ciphertext buffer full
[mlkem_channel] ciphertext refused token=130208277: ciphertext buffer full
[mlkem_channel] ciphertext refused token=649154398: ciphertext buffer full
[mlkem_channel] ciphertext refused token=2232972940: ciphertext buffer full
[mlkem_channel] ciphertext refused token=1597318127: ciphertext buffer full
[mlkem_channel] ciphertext refused token=2777745271: ciphertext buffer full
[mlkem_channel] ciphertext refused token=1255026516: ciphertext buffer full
[mlkem_channel] ciphertext refused token=2366441181: ciphertext buffer full
[mlkem_channel] ciphertext refused token=1837136017: ciphertext buffer full
[mlkem_channel] ciphertext refused token=78585387: ciphertext buffer full
[mlkem_channel] ciphertext refused token=3033353658: ciphertext buffer full
[mlkem_channel] ciphertext refused token=2075824562: ciphertext buffer full
[mlkem_channel] ciphertext refused token=3269744657: ciphertext buffer full
[mlkem_channel] ciphertext refused token=883168291: ciphertext buffer full
[mlkem_channel] ciphertext refused token=2699277788: ciphertext buffer full
[mlkem_channel] ciphertext refused token=597978590: ciphertext buffer full
[mlkem_channel] ciphertext refused token=4209376865: ciphertext buffer full
[mlkem_channel] ciphertext refused token=271764140: ciphertext buffer full
[mlkem_channel] ciphertext refused token=2773650912: ciphertext buffer full
[mlkem_channel] ciphertext refused token=3986425217: ciphertext buffer full
[mlkem_channel] ciphertext refused token=3417564674: ciphertext buffer full
[mlkem_channel] ciphertext refused token=3384582576: ciphertext buffer full
[mlkem_channel] ciphertext refused token=1255338180: ciphertext buffer full
[mlkem_channel] ciphertext refused token=1322823866: ciphertext buffer full
[mlkem_channel] ciphertext refused token=3803985121: ciphertext buffer full
[mlkem_channel] ciphertext refused token=708796666: ciphertext buffer full
[mlkem_channel] ciphertext refused token=2510540715: ciphertext buffer full
[mlkem_channel] ciphertext refused token=1646997042: ciphertext buffer full
[mlkem_channel] ciphertext refused token=470576279: ciphertext buffer full
[mlkem_channel] ciphertext refused token=3389439080: ciphertext buffer full
[mlkem_channel] ciphertext refused token=1449811456: ciphertext buffer full
[mlkem_channel] ciphertext refused token=2021437032: ciphertext buffer full
[mlkem_channel] ciphertext refused token=1667489034: ciphertext buffer full
[mlkem_channel] ciphertext refused token=2376169453: ciphertext buffer full
[mlkem_channel] ciphertext refused token=1549082092: ciphertext buffer full
[mlkem_channel] ciphertext refused token=2490721437: ciphertext buffer full
[mlkem_channel] ciphertext refused token=275191680: ciphertext buffer full
[mlkem_channel] ciphertext refused token=4187522757: ciphertext buffer full
[mlkem_channel] ciphertext refused token=4068341943: ciphertext buffer full
[mlkem_channel] ciphertext refused token=2412418719: ciphertext buffer full
[mlkem_channel] ciphertext refused token=639340958: ciphertext buffer full
[mlkem_channel] ciphertext refused token=2338793705: ciphertext buffer full
[mlkem_channel] ciphertext refused token=3746141668: ciphertext buffer full
[mlkem_channel] ciphertext refused token=2443276132: ciphertext buffer full
[mlkem_channel] ciphertext refused token=2215184115: ciphertext buffer full
[mlkem_channel] ciphertext refused token=906656488: ciphertext buffer full
[mlkem_channel] ciphertext refused token=2772099179: ciphertext buffer full
[mlkem_channel] ciphertext refused token=211862854: ciphertext buffer full
[mlkem_channel] ciphertext refused token=4232475008: ciphertext buffer full
[mlkem_channel] ciphertext refused token=1789901262: ciphertext buffer full
[mlkem_channel] ciphertext refused token=3615736632: ciphertext buffer full
[mlkem_channel] ciphertext refused token=112144907: ciphertext buffer full
[mlkem_channel] ciphertext refused token=1503829036: ciphertext buffer full
[mlkem_channel] ciphertext refused token=3823296227: ciphertext buffer full
[mlkem_channel] ciphertext refused token=4066356317: ciphertext buffer full
[mlkem_channel] ciphertext refused token=3432688927: ciphertext buffer full
[mlkem_channel] ciphertext refused token=4235759489: ciphertext buffer full
[mlkem_channel] ciphertext refused token=122179775: ciphertext buffer full
[mlkem_channel] ciphertext refused token=3549032988: ciphertext buffer full
[mlkem_channel] ciphertext refused token=1942635490: ciphertext buffer full
[mlkem_channel] ciphertext refused token=4238501740: ciphertext buffer full
[mlkem_channel] ciphertext refused token=4049490167: ciphertext buffer full
[mlkem_channel] ciphertext refused token=760922698: ciphertext buffer full
[mlkem_channel] ciphertext refused token=794796179: ciphertext buffer full
[mlkem_channel] ciphertext refused token=1558264365: ciphertext buffer full
[mlkem_channel] ciphertext refused token=4290745884: ciphertext buffer full
[mlkem_channel] ciphertext refused token=2016358941: ciphertext buffer full
[mlkem_channel] ciphertext refused token=2216268588: ciphertext buffer full
[mlkem_channel] ciphertext refused token=2870254747: ciphertext buffer full
[mlkem_channel] ciphertext refused token=3330782423: ciphertext buffer full
[mlkem_channel] ciphertext refused token=511001325: ciphertext buffer full
[mlkem_channel] ciphertext refused token=3265823359: ciphertext buffer full
[mlkem_channel] ciphertext refused token=1152456701: ciphertext buffer full
[mlkem_channel] ciphertext refused token=305590155: ciphertext buffer full
[mlkem_channel] ciphertext refused token=3155017712: ciphertext buffer full
[mlkem_channel] ciphertext refused token=3595131728: ciphertext buffer full
[mlkem_channel] ciphertext refused token=459254453: ciphertext buffer full
[mlkem_channel] ciphertext refused token=3937535313: ciphertext buffer full
[mlkem_channel] ciphertext refused token=3676707572: ciphertext buffer full
[mlkem_channel] ciphertext refused token=2129343596: ciphertext buffer full
[mlkem_channel] ciphertext refused token=3103622647: ciphertext buffer full
[mlkem_channel] ciphertext refused token=4064409580: ciphertext buffer full
[mlkem_channel] ciphertext refused token=758447204: ciphertext buffer full
[mlkem_channel] ciphertext refused token=3605934036: ciphertext buffer full
[mlkem_channel] ciphertext refused token=708615296: ciphertext buffer full
[mlkem_channel] ciphertext refused token=2182865985: ciphertext buffer full
[mlkem_channel] ciphertext refused token=1654831806: ciphertext buffer full
[mlkem_channel] ciphertext refused token=1714237361: ciphertext buffer full
[mlkem_channel] ciphertext refused token=3449440869: ciphertext buffer full
[mlkem_channel] ciphertext refused token=4122929547: ciphertext buffer full
[mlkem_channel] ciphertext refused token=1654038877: ciphertext buffer full
[mlkem_channel] ciphertext refused token=631011422: ciphertext buffer full
[mlkem_channel] ciphertext refused token=967083297: ciphertext buffer full
[mlkem_channel] ciphertext refused token=1795162294: ciphertext buffer full
[mlkem_channel] ciphertext refused token=1652729210: ciphertext buffer full
[mlkem_channel] ciphertext refused token=3910537794: ciphertext buffer full
[mlkem_channel] ciphertext refused token=1409195440: ciphertext buffer full
[mlkem_channel] ciphertext refused token=2792221564: ciphertext buffer full
[mlkem_channel] ciphertext refused token=1466854602: ciphertext buffer full
[mlkem_channel] ciphertext refused token=3179223229: ciphertext buffer full
[mlkem_channel] ciphertext refused token=3639295251: ciphertext buffer full
[mlkem_channel] ciphertext refused token=1895642393: ciphertext buffer full
[mlkem_channel] ciphertext refused token=1368082979: ciphertext buffer full
[mlkem_channel] ciphertext refused token=2376040010: ciphertext buffer full
[mlkem_channel] ciphertext refused token=2652004239: ciphertext buffer full
[mlkem_channel] ciphertext refused token=2023829125: ciphertext buffer full
[mlkem_channel] ciphertext refused token=830261728: ciphertext buffer full
[mlkem_channel] ciphertext refused token=32429507: ciphertext buffer full
[mlkem_channel] ciphertext refused token=376537135: ciphertext buffer full
[mlkem_channel] ciphertext refused token=1662054603: ciphertext buffer full
[mlkem_channel] ciphertext refused token=1762512667: ciphertext buffer full
[mlkem_channel] ciphertext refused token=769438096: ciphertext buffer full
[mlkem_channel] ciphertext refused token=654379731: ciphertext buffer full
[mlkem_channel] ciphertext refused token=467595755: ciphertext buffer full
[mlkem_channel] ciphertext refused token=2622007493: ciphertext buffer full
[mlkem_channel] ciphertext refused token=4271039589: ciphertext buffer full
[mlkem_channel] ciphertext refused token=364453735: ciphertext buffer full
[mlkem_channel] ciphertext refused token=3616640832: ciphertext buffer full
[mlkem_channel] ciphertext refused token=2710941311: ciphertext buffer full
[mlkem_channel] ciphertext refused token=93392279: ciphertext buffer full
[mlkem_channel] ciphertext refused token=3285950262: ciphertext buffer full
[mlkem_channel] ciphertext refused token=517428254: ciphertext buffer full
[mlkem_channel] ciphertext refused token=4030546732: ciphertext buffer full
[mlkem_channel] ciphertext refused token=295708876: ciphertext buffer full
[mlkem_channel] ciphertext refused token=337201402: ciphertext buffer full
[mlkem_channel] ciphertext refused token=2631482938: ciphertext buffer full
[mlkem_channel] ciphertext refused token=1877043972: ciphertext buffer full
[mlkem_channel] ciphertext refused token=1415682980: ciphertext buffer full
[mlkem_channel] ciphertext refused token=1600847213: ciphertext buffer full
[mlkem_channel] ciphertext refused token=2065802540: ciphertext buffer full
[mlkem_channel] ciphertext refused token=3541455907: ciphertext buffer full
[mlkem_channel] ciphertext refused token=1962465993: ciphertext buffer full
[mlkem_channel] ciphertext refused token=1443898327: ciphertext buffer full
[mlkem_channel] ciphertext refused token=1719282382: ciphertext buffer full
[mlkem_channel] ciphertext refused token=3954992237: ciphertext buffer full
[mlkem_channel] ciphertext refused token=3700170071: ciphertext buffer full
[mlkem_channel] ciphertext refused token=1473273203: ciphertext buffer full
[mlkem_channel] ciphertext refused token=4046689321: ciphertext buffer full
[mlkem_channel] ciphertext refused token=1414107442: ciphertext buffer full
[mlkem_channel] ciphertext refused token=2443199605: ciphertext buffer full
[mlkem_channel] ciphertext refused token=2251694872: ciphertext buffer full
[mlkem_channel] ciphertext refused token=2152569776: ciphertext buffer full
[mlkem_channel] ciphertext refused token=1814389165: ciphertext buffer full
[mlkem_channel] ciphertext refused token=736756566: ciphertext buffer full
[mlkem_channel] ciphertext refused token=1921212612: ciphertext buffer full
[mlkem_channel] ciphertext refused token=756669556: ciphertext buffer full
[mlkem_channel] ciphertext refused token=1147489469: ciphertext buffer full
[mlkem_channel] ciphertext refused token=1463055031: ciphertext buffer full
[mlkem_channel] ciphertext refused token=1633433799: ciphertext buffer full
[mlkem_channel] ciphertext refused token=3923820339: ciphertext buffer full
[mlkem_channel] ciphertext refused token=2248185615: ciphertext buffer full
[mlkem_channel] ciphertext refused token=3487689511: ciphertext buffer full
[mlkem_channel] ciphertext refused token=1134310583: ciphertext buffer full
[mlkem_channel] ciphertext refused token=2488446719: ciphertext buffer full
[mlkem_channel] ciphertext refused token=2820446962: ciphertext buffer full
[mlkem_channel] ciphertext refused token=2425166881: ciphertext buffer full
[mlkem_channel] ciphertext refused token=452731070: ciphertext buffer full
[mlkem_channel] ciphertext refused token=2876861457: ciphertext buffer full
[mlkem_channel] ciphertext refused token=294616316: ciphertext buffer full
[mlkem_channel] ciphertext refused token=1698556058: ciphertext buffer full
[mlkem_channel] ciphertext refused token=23782231: ciphertext buffer full
[mlkem_channel] ciphertext refused token=534266078: ciphertext buffer full
[mlkem_channel] ciphertext refused token=3371054709: ciphertext buffer full
[mlkem_channel] ciphertext refused token=3125331475: ciphertext buffer full
[mlkem_channel] ciphertext refused token=2139644512: ciphertext buffer full
[mlkem_channel] ciphertext refused token=2916662821: ciphertext buffer full
[mlkem_channel] ciphertext refused token=329069526: ciphertext buffer full
[mlkem_channel] ciphertext refused token=1586466625: ciphertext buffer full
[mlkem_channel] ciphertext refused token=2844976463: ciphertext buffer full
[mlkem_channel] ciphertext refused token=2157879657: ciphertext buffer full
[mlkem_channel] ciphertext refused token=4064847844: ciphertext buffer full
[mlkem_channel] ciphertext refused token=3600027501: ciphertext buffer full
[mlkem_channel] ciphertext refused token=1049571216: ciphertext buffer full
[mlkem_channel] ciphertext refused token=3472736152: ciphertext buffer full
[mlkem_channel] ciphertext refused token=2804055532: ciphertext buffer full
[mlkem_channel] ciphertext refused token=1232858784: ciphertext buffer full
[mlkem_channel] ciphertext refused token=2057124697: ciphertext buffer full
[mlkem_channel] ciphertext refused token=3253297928: ciphertext buffer full
[mlkem_channel] ciphertext refused token=2414214008: ciphertext buffer full
[mlkem_channel] ciphertext refused token=3972559890: ciphertext buffer full
[mlkem_channel] ciphertext refused token=3709257513: ciphertext buffer full
[mlkem_channel] ciphertext refused token=3506934382: ciphertext buffer full
[mlkem_channel] ciphertext refused token=2578889836: ciphertext buffer full
[mlkem_channel] ciphertext refused token=3765846822: ciphertext buffer full
[mlkem_channel] ciphertext refused token=518531056: ciphertext buffer full
[mlkem_channel] ciphertext refused token=3655297018: ciphertext buffer full
[mlkem_channel] ciphertext refused token=4215712980: ciphertext buffer full
[mlkem_channel] ciphertext refused token=1194975281: ciphertext buffer full
[mlkem_channel] ciphertext refused token=2107051368: ciphertext buffer full
[mlkem_channel] ciphertext refused token=339711549: ciphertext buffer full
[mlkem_channel] ciphertext refused token=1020259918: ciphertext buffer full
[mlkem_channel] ciphertext refused token=3939613934: ciphertext buffer full
[mlkem_channel] ciphertext refused token=2947709364: ciphertext buffer full
[mlkem_channel] ciphertext refused token=1911157084: ciphertext buffer full
[mlkem_channel] ciphertext refused token=3671676315: ciphertext buffer full
[mlkem_channel] ciphertext refused token=4244279125: ciphertext buffer full
[mlkem_channel] ciphertext refused token=583112326: ciphertext buffer full
[mlkem_channel] ciphertext refused token=3443654102: ciphertext buffer full
[mlkem_channel] ciphertext refused token=735670372: ciphertext buffer full
[mlkem_channel] ciphertext refused token=2348639836: ciphertext buffer full
[mlkem_channel] ciphertext refused token=1733484150: ciphertext buffer full
[mlkem_channel] ciphertext refused token=3386501732: ciphertext buffer full
[mlkem_channel] ciphertext refused token=1478805321: ciphertext buffer full
[mlkem_channel] ciphertext refused token=47866234: ciphertext buffer full
[mlkem_channel] ciphertext refused token=1658154957: ciphertext buffer full
[mlkem_channel] ciphertext refused token=3750227880: ciphertext buffer full
[mlkem_channel] ciphertext refused token=2110000192: ciphertext buffer full
[mlkem_channel] ciphertext refused token=3397691113: ciphertext buffer full
[mlkem_channel] ciphertext refused token=276894921: ciphertext buffer full
[mlkem_channel] ciphertext refused token=2890202154: ciphertext buffer full
[mlkem_channel] ciphertext refused token=4218017185: ciphertext buffer full
[mlkem_channel] ciphertext refused token=3240850291: ciphertext buffer full
[mlkem_channel] ciphertext refused token=3157618255: ciphertext buffer full
[mlkem_channel] ciphertext refused token=2999744356: ciphertext buffer full
[mlkem_channel] ciphertext refused token=2210663409: ciphertext buffer full
[mlkem_channel] ciphertext refused token=4198187184: ciphertext buffer full
[mlkem_channel] ciphertext refused token=366461750: ciphertext buffer full
[mlkem_channel] ciphertext refused token=4160995772: ciphertext buffer full
[mlkem_channel] ciphertext refused token=1855747718: ciphertext buffer full
[mlkem_channel] ciphertext refused token=3423244689: ciphertext buffer full
[mlkem_channel] ciphertext refused token=700852646: ciphertext buffer full
[mlkem_channel] ciphertext refused token=4207057872: ciphertext buffer full
[mlkem_channel] ciphertext refused token=3993015965: ciphertext buffer full
[mlkem_channel] ciphertext refused token=2679719698: ciphertext buffer full
[mlkem_channel] ciphertext refused token=222880430: ciphertext buffer full
[mlkem_channel] ciphertext refused token=3960178379: ciphertext buffer full
[mlkem_channel] ciphertext refused token=4197703577: ciphertext buffer full
[mlkem_channel] ciphertext refused token=1235676533: ciphertext buffer full
[mlkem_channel] ciphertext refused token=1404314840: ciphertext buffer full
[mlkem_channel] ciphertext refused token=1249554638: ciphertext buffer full
[mlkem_channel] ciphertext refused token=534644171: ciphertext buffer full
[mlkem_channel] ciphertext refused token=2420188390: ciphertext buffer full
[mlkem_channel] ciphertext refused token=1160284240: ciphertext buffer full
[mlkem_channel] ciphertext refused token=77785195: ciphertext buffer full
[mlkem_channel] ciphertext refused token=3790130230: ciphertext buffer full
[mlkem_channel] ciphertext refused token=1976493299: ciphertext buffer full
[mlkem_channel] ciphertext refused token=4200924551: ciphertext buffer full
[mlkem_channel] ciphertext refused token=2784748299: ciphertext buffer full
[mlkem_channel] ciphertext refused token=3228753959: ciphertext buffer full
[mlkem_channel] ciphertext refused token=2184063879: ciphertext buffer full
[mlkem_channel] ciphertext refused token=274554025: ciphertext buffer full
[mlkem_channel] ciphertext refused token=293411336: ciphertext buffer full
[mlkem_channel] ciphertext refused token=2656955182: ciphertext buffer full
[mlkem_channel] ciphertext refused token=5479553: ciphertext buffer full
[mlkem_channel] ciphertext refused token=668956149: ciphertext buffer full
[mlkem_channel] ciphertext refused token=3728297137: ciphertext buffer full
[mlkem_channel] ciphertext refused token=667278352: ciphertext buffer full
[mlkem_channel] ciphertext refused token=495907186: ciphertext buffer full
[mlkem_channel] ciphertext refused token=1702458401: ciphertext buffer full
[mlkem_channel] ciphertext refused token=1366491111: ciphertext buffer full
[mlkem_channel] ciphertext refused token=2133790244: ciphertext buffer full
[mlkem_channel] ciphertext refused token=2460893118: ciphertext buffer full
[mlkem_channel] ciphertext refused token=1428630413: ciphertext buffer full
[mlkem_channel] ciphertext refused token=1554846283: ciphertext buffer full
[mlkem_channel] ciphertext refused token=728106403: ciphertext buffer full
[mlkem_channel] ciphertext refused token=1187746223: ciphertext buffer full
[mlkem_channel] ciphertext refused token=4154077919: ciphertext buffer full
[mlkem_channel] ciphertext refused token=2717490689: ciphertext buffer full
[mlkem_channel] ciphertext refused token=1803747810: ciphertext buffer full
[mlkem_channel] ciphertext refused token=368066108: ciphertext buffer full
[mlkem_channel] ciphertext refused token=2336050955: ciphertext buffer full
[mlkem_channel] ciphertext refused token=4121255361: ciphertext buffer full
[mlkem_channel] ciphertext refused token=1361311566: ciphertext buffer full
[mlkem_channel] ciphertext refused token=3228973475: ciphertext buffer full
[mlkem_channel] ciphertext refused token=1180342401: ciphertext buffer full
[mlkem_channel] ciphertext refused token=4100307374: ciphertext buffer full
[mlkem_channel] ciphertext refused token=1009529128: ciphertext buffer full
[mlkem_channel] ciphertext refused token=1367703180: ciphertext buffer full
[mlkem_channel] ciphertext refused token=4082335190: ciphertext buffer full
[mlkem_channel] ciphertext refused token=1586668543: ciphertext buffer full
[mlkem_channel] ciphertext refused token=2190371668: ciphertext buffer full
[mlkem_channel] ciphertext refused token=2421194289: ciphertext buffer full
[mlkem_channel] ciphertext refused token=3972337601: ciphertext buffer full
[mlkem_channel] ciphertext refused token=1157145854: ciphertext buffer full
[mlkem_channel] ciphertext refused token=1431229505: ciphertext buffer full
[mlkem_channel] ciphertext refused token=4153399108: ciphertext buffer full
[mlkem_channel] ciphertext refused token=2348754549: ciphertext buffer full
[mlkem_channel] ciphertext refused token=1586430941: ciphertext buffer full
[mlkem_channel] ciphertext refused token=868932667: ciphertext buffer full
[mlkem_channel] ciphertext refused token=4254480209: ciphertext buffer full
[mlkem_channel] ciphertext refused token=3177965418: ciphertext buffer full
[mlkem_channel] ciphertext refused token=3139210993: ciphertext buffer full
[mlkem_channel] ciphertext refused token=3618683970: ciphertext buffer full
[mlkem_channel] ciphertext refused token=526394602: ciphertext buffer full
[mlkem_channel] ciphertext refused token=769483158: ciphertext buffer full
[mlkem_channel] ciphertext refused token=377060261: ciphertext buffer full
[mlkem_channel] ciphertext refused token=2867697968: ciphertext buffer full
[mlkem_channel] ciphertext refused token=2123020477: ciphertext buffer full
[mlkem_channel] ciphertext refused token=634129216: ciphertext buffer full
[mlkem_channel] ciphertext refused token=1750434474: ciphertext buffer full
[mlkem_channel] ciphertext refused token=2778334862: ciphertext buffer full
[mlkem_channel] ciphertext refused token=1024684553: ciphertext buffer full
[mlkem_channel] ciphertext refused token=3999354941: ciphertext buffer full
[mlkem_channel] ciphertext refused token=1761346664: ciphertext buffer full
[mlkem_channel] ciphertext refused token=1585945092: ciphertext buffer full
[mlkem_channel] ciphertext refused token=853898572: ciphertext buffer full
[mlkem_channel] ciphertext refused token=2667634961: ciphertext buffer full
[mlkem_channel] ciphertext refused token=2943286045: ciphertext buffer full
[mlkem_channel] ciphertext refused token=1229573938: ciphertext buffer full
[mlkem_channel] ciphertext refused token=2067723243: ciphertext buffer full
[mlkem_channel] ciphertext refused token=3399597684: ciphertext buffer full
[mlkem_channel] ciphertext refused token=1238597218: ciphertext buffer full
[mlkem_channel] ciphertext refused token=3020430011: ciphertext buffer full
[mlkem_channel] ciphertext refused token=1261960036: ciphertext buffer full
[mlkem_channel] ciphertext refused token=3032143300: ciphertext buffer full
[mlkem_channel] ciphertext refused token=1018763138: ciphertext buffer full
[mlkem_channel] ciphertext refused token=1791503295: ciphertext buffer full
[mlkem_channel] ciphertext refused token=2451752227: ciphertext buffer full
[mlkem_channel] ciphertext refused token=1195204117: ciphertext buffer full
[mlkem_channel] ciphertext refused token=2644082428: ciphertext buffer full
[mlkem_channel] ciphertext refused token=1542150615: ciphertext buffer full
[mlkem_channel] ciphertext refused token=1158675912: ciphertext buffer full
[mlkem_channel] ciphertext refused token=3869189853: ciphertext buffer full
[mlkem_channel] ciphertext refused token=3767617814: ciphertext buffer full
[mlkem_channel] ciphertext refused token=735821661: ciphertext buffer full
[mlkem_channel] ciphertext refused token=1785307776: ciphertext buffer full
[mlkem_channel] ciphertext refused token=1981429007: ciphertext buffer full
[mlkem_channel] ciphertext refused token=1274689001: ciphertext buffer full
[mlkem_channel] ciphertext refused token=3254879897: ciphertext buffer full
[mlkem_channel] ciphertext refused token=2990627334: ciphertext buffer full
[mlkem_channel] ciphertext refused token=2236876777: ciphertext buffer full
[mlkem_channel] ciphertext refused token=1941980578: ciphertext buffer full
[mlkem_channel] ciphertext refused token=163367082: ciphertext buffer full
[mlkem_channel] ciphertext refused token=1787578524: ciphertext buffer full
[mlkem_channel] ciphertext refused token=3657066463: ciphertext buffer full
[mlkem_channel] ciphertext refused token=4263243125: ciphertext buffer full
[mlkem_channel] ciphertext refused token=3896555563: ciphertext buffer full
[mlkem_channel] ciphertext refused token=3269252893: ciphertext buffer full
[mlkem_channel] ciphertext refused token=4037652526: ciphertext buffer full
[mlkem_channel] ciphertext refused token=2735537647: ciphertext buffer full
[mlkem_channel] ciphertext refused token=1589971341: ciphertext buffer full
[mlkem_channel] ciphertext refused token=178893366: ciphertext buffer full
[mlkem_channel] ciphertext refused token=3050904343: ciphertext buffer full
[mlkem_channel] ciphertext refused token=1629907339: ciphertext buffer full
[mlkem_channel] ciphertext refused token=3725387018: ciphertext buffer full
[mlkem_channel] ciphertext refused token=1347608300: ciphertext buffer full
[mlkem_channel] ciphertext refused token=1727978437: ciphertext buffer full
[mlkem_channel] ciphertext refused token=1496158239: ciphertext buffer full
[mlkem_channel] ciphertext refused token=3526887597: ciphertext buffer full
[mlkem_channel] ciphertext refused token=826401973: ciphertext buffer full
[mlkem_channel] ciphertext refused token=685394836: ciphertext buffer full
[mlkem_channel] ciphertext refused token=288079891: ciphertext buffer full
[mlkem_channel] ciphertext refused token=3347135825: ciphertext buffer full
[mlkem_channel] ciphertext refused token=2779734684: ciphertext buffer full
[mlkem_channel] ciphertext refused token=2801359306: ciphertext buffer full
[mlkem_channel] ciphertext refused token=846084136: ciphertext buffer full
[mlkem_channel] ciphertext refused token=181839858: ciphertext buffer full
[mlkem_channel] ciphertext refused token=2179679934: ciphertext buffer full
[mlkem_channel] ciphertext refused token=724012438: ciphertext buffer full
[mlkem_channel] ciphertext refused token=2531211034: ciphertext buffer full
[mlkem_channel] ciphertext refused token=3389416733: ciphertext buffer full
[mlkem_channel] ciphertext refused token=761842871: ciphertext buffer full
[mlkem_channel] ciphertext refused token=3723101891: ciphertext buffer full
[mlkem_channel] ciphertext refused token=1304473247: ciphertext buffer full
[mlkem_channel] ciphertext refused token=232246075: ciphertext buffer full
[mlkem_channel] ciphertext refused token=2740214717: ciphertext buffer full
[mlkem_channel] ciphertext refused token=2041045569: ciphertext buffer full
[mlkem_channel] ciphertext refused token=2718643747: ciphertext buffer full
[mlkem_channel] ciphertext refused token=636000435: ciphertext buffer full
[mlkem_channel] ciphertext refused token=1132007999: ciphertext buffer full
[mlkem_channel] ciphertext refused token=3343661436: ciphertext buffer full
[mlkem_channel] ciphertext refused token=551371989: ciphertext buffer full
[mlkem_channel] ciphertext refused token=335159179: ciphertext buffer full
[mlkem_channel] ciphertext refused token=1205070888: ciphertext buffer full
[mlkem_channel] ciphertext refused token=2636124487: ciphertext buffer full
[mlkem_channel] ciphertext refused token=3432260974: ciphertext buffer full
[mlkem_channel] ciphertext refused token=3704806281: ciphertext buffer full
[mlkem_channel] ciphertext refused token=2208042972: ciphertext buffer full
[mlkem_channel] ciphertext refused token=3109700093: ciphertext buffer full
[mlkem_channel] ciphertext refused token=1344358776: ciphertext buffer full
[mlkem_channel] ciphertext refused token=4217804275: ciphertext buffer full
[mlkem_channel] ciphertext refused token=645053070: ciphertext buffer full
[mlkem_channel] ciphertext refused token=2711588341: ciphertext buffer full
[mlkem_channel] ciphertext refused token=1187634800: ciphertext buffer full
[mlkem_channel] ciphertext refused token=2805160842: ciphertext buffer full
[mlkem_channel] ciphertext refused token=2436942107: ciphertext buffer full
[mlkem_channel] ciphertext refused token=2846330170: ciphertext buffer full
[mlkem_channel] ciphertext refused token=2065000351: ciphertext buffer full
[mlkem_channel] ciphertext refused token=2666903350: ciphertext buffer full
[mlkem_channel] ciphertext refused token=1601210938: ciphertext buffer full
[mlkem_channel] ciphertext refused token=3253119799: ciphertext buffer full
[mlkem_channel] ciphertext refused token=2892177166: ciphertext buffer full
[mlkem_channel] ciphertext refused token=1514844916: ciphertext buffer full
[mlkem_channel] ciphertext refused token=417141097: ciphertext buffer full
[mlkem_channel] ciphertext refused token=242512708: ciphertext buffer full
[mlkem_channel] ciphertext refused token=1852746357: ciphertext buffer full
[mlkem_channel] ciphertext refused token=3036925109: ciphertext buffer full
[mlkem_channel] ciphertext refused token=108077744: ciphertext buffer full
[mlkem_channel] ciphertext refused token=217700132: ciphertext buffer full
[mlkem_channel] ciphertext refused token=1218172985: ciphertext buffer full
[mlkem_channel] ciphertext refused token=3162844685: ciphertext buffer full
[mlkem_channel] ciphertext refused token=3027151932: ciphertext buffer full
[mlkem_channel] ciphertext refused token=3290006048: ciphertext buffer full
[mlkem_channel] ciphertext refused token=3865906670: ciphertext buffer full
[mlkem_channel] ciphertext refused token=3880039883: ciphertext buffer full
[mlkem_channel] ciphertext refused token=2661994451: ciphertext buffer full
[mlkem_channel] ciphertext refused token=3824105047: ciphertext buffer full
[mlkem_channel] ciphertext refused token=1886208810: ciphertext buffer full
[mlkem_channel] ciphertext refused token=4037482609: ciphertext buffer full
[mlkem_channel] ciphertext refused token=830308: ciphertext buffer full
[mlkem_channel] ciphertext refused token=1289456368: ciphertext buffer full
[mlkem_channel] ciphertext refused token=1802332510: ciphertext buffer full
[mlkem_channel] ciphertext refused token=2719442417: ciphertext buffer full
[mlkem_channel] ciphertext refused token=2528119562: ciphertext buffer full
[mlkem_channel] ciphertext refused token=3528748269: ciphertext buffer full
[mlkem_channel] ciphertext refused token=2560030473: ciphertext buffer full
[mlkem_channel] ciphertext refused token=2638193198: ciphertext buffer full
[mlkem_channel] ciphertext refused token=3402011618: ciphertext buffer full
[mlkem_channel] ciphertext refused token=664011260: ciphertext buffer full
[mlkem_channel] ciphertext refused token=2429412408: ciphertext buffer full
[mlkem_channel] ciphertext refused token=2011523127: ciphertext buffer full
[mlkem_channel] ciphertext refused token=3023276200: ciphertext buffer full
[mlkem_channel] ciphertext refused token=185020866: ciphertext buffer full
[mlkem_channel] ciphertext refused token=3038598516: ciphertext buffer full
[mlkem_channel] ciphertext refused token=1026115580: ciphertext buffer full
[mlkem_channel] ciphertext refused token=1706184405: ciphertext buffer full
[mlkem_channel] ciphertext refused token=734935518: ciphertext buffer full
[mlkem_channel] ciphertext refused token=2553546525: ciphertext buffer full
[mlkem_channel] ciphertext refused token=3182708933: ciphertext buffer full
[mlkem_channel] ciphertext refused token=2875569177: ciphertext buffer full
[mlkem_channel] ciphertext refused token=191874172: ciphertext buffer full
[mlkem_channel] ciphertext refused token=1909000585: ciphertext buffer full
[mlkem_channel] ciphertext refused token=2822249071: ciphertext buffer full
[mlkem_channel] ciphertext refused token=2286757468: ciphertext buffer full
[mlkem_channel] ciphertext refused token=1289894557: ciphertext buffer full
[mlkem_channel] ciphertext refused token=782020716: ciphertext buffer full
[mlkem_channel] ciphertext refused token=2182216512: ciphertext buffer full
[mlkem_channel] ciphertext refused token=66663884: ciphertext buffer full
[mlkem_channel] ciphertext refused token=1029185595: ciphertext buffer full
[mlkem_channel] ciphertext refused token=4049384546: ciphertext buffer full
[mlkem_channel] ciphertext refused token=2256892430: ciphertext buffer full
[mlkem_channel] ciphertext refused token=3645947811: ciphertext buffer full
[mlkem_channel] ciphertext refused token=3966311050: ciphertext buffer full
[mlkem_channel] ciphertext refused token=331750919: ciphertext buffer full
[mlkem_channel] ciphertext refused token=3576602527: ciphertext buffer full
[mlkem_channel] ciphertext refused token=1141540338: ciphertext buffer full
[mlkem_channel] ciphertext refused token=84442018: ciphertext buffer full
[mlkem_channel] ciphertext refused token=4241767156: ciphertext buffer full
[mlkem_channel] ciphertext refused token=3605353091: ciphertext buffer full
[mlkem_channel] ciphertext refused token=929216309: ciphertext buffer full
[mlkem_channel] ciphertext refused token=1569750901: ciphertext buffer full
[mlkem_channel] ciphertext refused token=699798826: ciphertext buffer full
[mlkem_channel] ciphertext refused token=1093017921: ciphertext buffer full
[mlkem_channel] ciphertext refused token=2293526837: ciphertext buffer full
[mlkem_channel] ciphertext refused token=3705745085: ciphertext buffer full
[mlkem_channel] ciphertext refused token=113824243: ciphertext buffer full
[mlkem_channel] ciphertext refused token=2426204170: ciphertext buffer full
[mlkem_channel] ciphertext refused token=2917614717: ciphertext buffer full
[mlkem_channel] ciphertext refused token=4213885475: ciphertext buffer full
[mlkem_channel] ciphertext refused token=3276340704: ciphertext buffer full
[mlkem_channel] ciphertext refused token=1294684249: ciphertext buffer full
[mlkem_channel] ciphertext refused token=2895815025: ciphertext buffer full
[mlkem_channel] ciphertext refused token=1631794263: ciphertext buffer full
[mlkem_channel] ciphertext refused token=1229165711: ciphertext buffer full
[mlkem_channel] ciphertext refused token=3628992976: ciphertext buffer full
[mlkem_channel] ciphertext refused token=4045880926: ciphertext buffer full
[mlkem_channel] ciphertext refused token=2001194049: ciphertext buffer full
[mlkem_channel] ciphertext refused token=2946313620: ciphertext buffer full
[mlkem_channel] ciphertext refused token=1297476579: ciphertext buffer full
[mlkem_channel] ciphertext refused token=2183539857: ciphertext buffer full
[mlkem_channel] ciphertext refused token=4085384758: ciphertext buffer full
[mlkem_channel] ciphertext refused token=1072828546: ciphertext buffer full
[mlkem_channel] ciphertext refused token=3803305062: ciphertext buffer full
[mlkem_channel] ciphertext refused token=1383521454: ciphertext buffer full
[mlkem_channel] ciphertext refused token=3276532087: ciphertext buffer full
[mlkem_channel] ciphertext refused token=1212730251: ciphertext buffer full
[mlkem_channel] ciphertext refused token=3529850236: ciphertext buffer full
[mlkem_channel] ciphertext refused token=2086242535: ciphertext buffer full
[mlkem_channel] ciphertext refused token=886271216: ciphertext buffer full
[mlkem_channel] ciphertext refused token=3035551609: ciphertext buffer full
[mlkem_channel] ciphertext refused token=2085637303: ciphertext buffer full
[mlkem_channel] ciphertext refused token=1433218298: ciphertext buffer full
[mlkem_channel] ciphertext refused token=3537553163: ciphertext buffer full
[mlkem_channel] ciphertext refused token=3892845694: ciphertext buffer full
[mlkem_channel] ciphertext refused token=65336135: ciphertext buffer full
[mlkem_channel] ciphertext refused token=1745705417: ciphertext buffer full
[mlkem_channel] ciphertext refused token=2194447773: ciphertext buffer full
[mlkem_channel] ciphertext refused token=3280774537: ciphertext buffer full
[mlkem_channel] ciphertext refused token=151987287: ciphertext buffer full
[mlkem_channel] ciphertext refused token=4051136986: ciphertext buffer full
[mlkem_channel] ciphertext refused token=1484384335: ciphertext buffer full
[mlkem_channel] ciphertext refused token=1929063451: ciphertext buffer full
[mlkem_channel] ciphertext refused token=334176738: ciphertext buffer full
[mlkem_channel] ciphertext refused token=2358807871: ciphertext buffer full
[mlkem_channel] ciphertext refused token=1414689516: ciphertext buffer full
[mlkem_channel] ciphertext refused token=4220012093: ciphertext buffer full
[mlkem_channel] ciphertext refused token=2798792076: ciphertext buffer full
[mlkem_channel] ciphertext refused token=772596119: ciphertext buffer full
[mlkem_channel] ciphertext refused token=3471350591: ciphertext buffer full
[mlkem_channel] ciphertext refused token=1903965272: ciphertext buffer full
[mlkem_channel] ciphertext refused token=706095683: ciphertext buffer full
[mlkem_channel] ciphertext refused token=221579064: ciphertext buffer full
[mlkem_channel] ciphertext refused token=2093378724: ciphertext buffer full
[mlkem_channel] ciphertext refused token=1621222278: ciphertext buffer full
[mlkem_channel] ciphertext refused token=3376558115: ciphertext buffer full
[mlkem_channel] ciphertext refused token=2901127403: ciphertext buffer full
[mlkem_channel] ciphertext refused token=237600445: ciphertext buffer full
[mlkem_channel] ciphertext refused token=1374427293: ciphertext buffer full
[mlkem_channel] ciphertext refused token=4137045061: ciphertext buffer full
[mlkem_channel] ciphertext refused token=527882193: ciphertext buffer full
[mlkem_channel] ciphertext refused token=3339423183: ciphertext buffer full
[mlkem_channel] ciphertext refused token=3480399945: ciphertext buffer full
[mlkem_channel] ciphertext refused token=304897570: ciphertext buffer full
[mlkem_channel] ciphertext refused token=2111952008: ciphertext buffer full
[mlkem_channel] ciphertext refused token=835292626: ciphertext buffer full
[mlkem_channel] ciphertext refused token=1632800217: ciphertext buffer full
[mlkem_channel] ciphertext refused token=3026134219: ciphertext buffer full
[mlkem_channel] ciphertext refused token=2364105842: ciphertext buffer full
[mlkem_channel] ciphertext refused token=3739858191: ciphertext buffer full
[mlkem_channel] ciphertext refused token=773026746: ciphertext buffer full
[mlkem_channel] ciphertext refused token=1987297027: ciphertext buffer full
[mlkem_channel] ciphertext refused token=1665055564: ciphertext buffer full
[mlkem_channel] ciphertext refused token=2323634393: ciphertext buffer full
[mlkem_channel] ciphertext refused token=2655409383: ciphertext buffer full
[mlkem_channel] ciphertext refused token=242291791: ciphertext buffer full
[mlkem_channel] ciphertext refused token=4069720976: ciphertext buffer full
[mlkem_channel] ciphertext refused token=1740123230: ciphertext buffer full
[mlkem_channel] ciphertext refused token=1415739572: ciphertext buffer full
[mlkem_channel] ciphertext refused token=2723805934: ciphertext buffer full
[mlkem_channel] ciphertext refused token=2157029891: ciphertext buffer full
[mlkem_channel] ciphertext refused token=1129810364: ciphertext buffer full
[mlkem_channel] ciphertext refused token=2180540488: ciphertext buffer full
[mlkem_channel] ciphertext refused token=2852463992: ciphertext buffer full
[mlkem_channel] ciphertext refused token=155482379: ciphertext buffer full
[mlkem_channel] ciphertext refused token=1539024908: ciphertext buffer full
[mlkem_channel] ciphertext refused token=950690797: ciphertext buffer full
[mlkem_channel] ciphertext refused token=963872082: ciphertext buffer full
[mlkem_channel] ciphertext refused token=3599482431: ciphertext buffer full
[mlkem_channel] ciphertext refused token=2411137904: ciphertext buffer full
[mlkem_channel] ciphertext refused token=2994804941: ciphertext buffer full
[mlkem_channel] ciphertext refused token=2208761171: ciphertext buffer full
[mlkem_channel] ciphertext refused token=4168933560: ciphertext buffer full
[mlkem_channel] ciphertext refused token=534163995: ciphertext buffer full
[mlkem_channel] ciphertext refused token=849292927: ciphertext buffer full
[mlkem_channel] ciphertext refused token=4059433283: ciphertext buffer full
[mlkem_channel] ciphertext refused token=2752349457: ciphertext buffer full
[mlkem_channel] ciphertext refused token=2857795843: ciphertext buffer full
[mlkem_channel] ciphertext refused token=3061155958: ciphertext buffer full
[mlkem_channel] ciphertext refused token=1665102837: ciphertext buffer full
[mlkem_channel] ciphertext refused token=398725883: ciphertext buffer full
[mlkem_channel] ciphertext refused token=1230655316: ciphertext buffer full
[mlkem_channel] ciphertext refused token=2966938006: ciphertext buffer full
[mlkem_channel] ciphertext refused token=285582357: ciphertext buffer full
[mlkem_channel] ciphertext refused token=919475617: ciphertext buffer full
[mlkem_channel] ciphertext refused token=2351100643: ciphertext buffer full
[mlkem_channel] ciphertext refused token=1437274824: ciphertext buffer full
[mlkem_channel] ciphertext refused token=2935119078: ciphertext buffer full
[mlkem_channel] ciphertext refused token=2412611545: ciphertext buffer full
[mlkem_channel] ciphertext refused token=3128863839: ciphertext buffer full
[mlkem_channel] ciphertext refused token=2413968145: ciphertext buffer full
[mlkem_channel] ciphertext refused token=986312931: ciphertext buffer full
[mlkem_channel] ciphertext refused token=818215047: ciphertext buffer full
[mlkem_channel] ciphertext refused token=2997823685: ciphertext buffer full
[mlkem_channel] ciphertext refused token=2751946492: ciphertext buffer full
[mlkem_channel] ciphertext refused token=1486336175: ciphertext buffer full
[mlkem_channel] ciphertext refused token=2388656451: ciphertext buffer full
[mlkem_channel] ciphertext refused token=30323623: ciphertext buffer full
[mlkem_channel] ciphertext refused token=958451973: ciphertext buffer full
[mlkem_channel] ciphertext refused token=4273440214: ciphertext buffer full
[mlkem_channel] ciphertext refused token=4225681666: ciphertext buffer full
[mlkem_channel] ciphertext refused token=2991817340: ciphertext buffer full
[mlkem_channel] ciphertext refused token=2549856250: ciphertext buffer full
[mlkem_channel] ciphertext refused token=868203520: ciphertext buffer full
[mlkem_channel] ciphertext refused token=432648141: ciphertext buffer full
[mlkem_channel] ciphertext refused token=3075393453: ciphertext buffer full
[mlkem_channel] ciphertext refused token=576256093: ciphertext buffer full
[mlkem_channel] ciphertext refused token=632359325: ciphertext buffer full
[mlkem_channel] ciphertext refused token=4224220685: ciphertext buffer full
[mlkem_channel] ciphertext refused token=4136091240: ciphertext buffer full
[mlkem_channel] ciphertext refused token=439186446: ciphertext buffer full
[mlkem_channel] ciphertext refused token=3087680766: ciphertext buffer full
[mlkem_channel] ciphertext refused token=2373198045: ciphertext buffer full
[mlkem_channel] ciphertext refused token=1862302686: ciphertext buffer full
[mlkem_channel] ciphertext refused token=4123017421: ciphertext buffer full
[mlkem_channel] ciphertext refused token=2273049865: ciphertext buffer full
[mlkem_channel] ciphertext refused token=3749442100: ciphertext buffer full
[mlkem_channel] ciphertext refused token=1135867225: ciphertext buffer full
[mlkem_channel] ciphertext refused token=1605974640: ciphertext buffer full
[mlkem_channel] ciphertext refused token=2804800139: ciphertext buffer full
[mlkem_channel] ciphertext refused token=1724189311: ciphertext buffer full
[mlkem_channel] ciphertext refused token=839924500: ciphertext buffer full
[mlkem_channel] ciphertext refused token=1029616474: ciphertext buffer full
[mlkem_channel] ciphertext refused token=2876994764: ciphertext buffer full
[mlkem_channel] ciphertext refused token=2771598834: ciphertext buffer full
[mlkem_channel] ciphertext refused token=619321104: ciphertext buffer full
[mlkem_channel] ciphertext refused token=901197555: ciphertext buffer full
[mlkem_channel] ciphertext refused token=618535892: ciphertext buffer full
[mlkem_channel] ciphertext refused token=1697521166: ciphertext buffer full
[mlkem_channel] ciphertext refused token=3117426636: ciphertext buffer full
[mlkem_channel] ciphertext refused token=3780288635: ciphertext buffer full
[mlkem_channel] ciphertext refused token=1573317416: ciphertext buffer full
[mlkem_channel] ciphertext refused token=2521944150: ciphertext buffer full
[mlkem_channel] ciphertext refused token=3348993370: ciphertext buffer full
[mlkem_channel] ciphertext refused token=3910153258: ciphertext buffer full
[mlkem_channel] ciphertext refused token=1470685334: ciphertext buffer full
[mlkem_channel] ciphertext refused token=1650979399: ciphertext buffer full
[mlkem_channel] ciphertext refused token=3180180214: ciphertext buffer full
[mlkem_channel] ciphertext refused token=3149193700: ciphertext buffer full
[mlkem_channel] ciphertext refused token=1303477817: ciphertext buffer full
[mlkem_channel] ciphertext refused token=1805040758: ciphertext buffer full
[mlkem_channel] ciphertext refused token=1619621052: ciphertext buffer full
[mlkem_channel] ciphertext refused token=1257282066: ciphertext buffer full
[mlkem_channel] ciphertext refused token=3133573226: ciphertext buffer full
[mlkem_channel] ciphertext refused token=2526779596: ciphertext buffer full
[mlkem_channel] ciphertext refused token=2328921103: ciphertext buffer full
[mlkem_channel] ciphertext refused token=1114127341: ciphertext buffer full
[mlkem_channel] ciphertext refused token=751980733: ciphertext buffer full
[mlkem_channel] ciphertext refused token=2955819627: ciphertext buffer full
[mlkem_channel] ciphertext refused token=1594994648: ciphertext buffer full
[mlkem_channel] ciphertext refused token=2707528415: ciphertext buffer full
[mlkem_channel] ciphertext refused token=193881194: ciphertext buffer full
[mlkem_channel] ciphertext refused token=3287465808: ciphertext buffer full
[mlkem_channel] ciphertext refused token=2396482484: ciphertext buffer full
[mlkem_channel] ciphertext refused token=3154759080: ciphertext buffer full
[mlkem_channel] ciphertext refused token=3234456703: ciphertext buffer full
[mlkem_channel] ciphertext refused token=3437865428: ciphertext buffer full
[mlkem_channel] ciphertext refused token=1668230682: ciphertext buffer full
[mlkem_channel] ciphertext refused token=82610139: ciphertext buffer full
[mlkem_channel] ciphertext refused token=2859677898: ciphertext buffer full
[mlkem_channel] ciphertext refused token=1807196587: ciphertext buffer full
[mlkem_channel] ciphertext refused token=2760350939: ciphertext buffer full
[mlkem_channel] ciphertext refused token=255344851: ciphertext buffer full
[mlkem_channel] ciphertext refused token=303502903: ciphertext buffer full
[mlkem_channel] ciphertext refused token=811256205: ciphertext buffer full
[mlkem_channel] ciphertext refused token=34235635: ciphertext buffer full
[mlkem_channel] ciphertext refused token=537563396: ciphertext buffer full
[mlkem_channel] ciphertext refused token=2783821916: ciphertext buffer full
[mlkem_channel] ciphertext refused token=4088688613: ciphertext buffer full
[mlkem_channel] ciphertext refused token=2424307539: ciphertext buffer full
[mlkem_channel] ciphertext refused token=3077521534: ciphertext buffer full
[mlkem_channel] ciphertext refused token=2961636375: ciphertext buffer full
[mlkem_channel] ciphertext refused token=3381983568: ciphertext buffer full
[mlkem_channel] ciphertext refused token=2836830418: ciphertext buffer full
[mlkem_channel] ciphertext refused token=3278002817: ciphertext buffer full
[mlkem_channel] ciphertext refused token=2159312615: ciphertext buffer full
[mlkem_channel] ciphertext refused token=3860803625: ciphertext buffer full
[mlkem_channel] ciphertext refused token=316462391: ciphertext buffer full
[mlkem_channel] ciphertext refused token=4290466043: ciphertext buffer full
[mlkem_channel] ciphertext refused token=567192538: ciphertext buffer full
[mlkem_channel] ciphertext refused token=3501206380: ciphertext buffer full
[mlkem_channel] ciphertext refused token=50523000: ciphertext buffer full
[mlkem_channel] ciphertext refused token=690725310: ciphertext buffer full
[mlkem_channel] ciphertext refused token=3855848183: ciphertext buffer full
[mlkem_channel] ciphertext refused token=3517741400: ciphertext buffer full
[mlkem_channel] ciphertext refused token=1203129145: ciphertext buffer full
[mlkem_channel] ciphertext refused token=2838110607: ciphertext buffer full
[mlkem_channel] ciphertext refused token=4110861165: ciphertext buffer full
[mlkem_channel] ciphertext refused token=2703288961: ciphertext buffer full
[mlkem_channel] ciphertext refused token=611128390: ciphertext buffer full
[mlkem_channel] ciphertext refused token=2626093230: ciphertext buffer full
[mlkem_channel] ciphertext refused token=4252820178: ciphertext buffer full
[mlkem_channel] ciphertext refused token=3145207685: ciphertext buffer full
[mlkem_channel] ciphertext refused token=609508172: ciphertext buffer full
[mlkem_channel] ciphertext refused token=805982101: ciphertext buffer full
[mlkem_channel] ciphertext refused token=2006802954: ciphertext buffer full
[mlkem_channel] ciphertext refused token=3397849998: ciphertext buffer full
[mlkem_channel] ciphertext refused token=153118066: ciphertext buffer full
[mlkem_channel] ciphertext refused token=3922666838: ciphertext buffer full
[mlkem_channel] ciphertext refused token=1349227104: ciphertext buffer full
[mlkem_channel] ciphertext refused token=452259299: ciphertext buffer full
[mlkem_channel] ciphertext refused token=4092070677: ciphertext buffer full
[mlkem_channel] ciphertext refused token=2263815448: ciphertext buffer full
[mlkem_channel] ciphertext refused token=2520219495: ciphertext buffer full
[mlkem_channel] ciphertext refused token=2616706856: ciphertext buffer full
[mlkem_channel] ciphertext refused token=137104579: ciphertext buffer full
[mlkem_channel] ciphertext refused token=1758554477: ciphertext buffer full
[mlkem_channel] ciphertext refused token=3897337017: ciphertext buffer full
[mlkem_channel] ciphertext refused token=1263241748: ciphertext buffer full
[mlkem_channel] ciphertext refused token=1887582452: ciphertext buffer full
[mlkem_channel] ciphertext refused token=2365774817: ciphertext buffer full
[mlkem_channel] ciphertext refused token=3120709204: ciphertext buffer full
[mlkem_channel] ciphertext refused token=2192909933: ciphertext buffer full
[mlkem_channel] ciphertext refused token=743960534: ciphertext buffer full
[mlkem_channel] ciphertext refused token=669361491: ciphertext buffer full
[mlkem_channel] ciphertext refused token=3105368887: ciphertext buffer full
[mlkem_channel] ciphertext refused token=2388600121: ciphertext buffer full
[mlkem_channel] ciphertext refused token=2550960896: ciphertext buffer full
[mlkem_channel] ciphertext refused token=461058653: ciphertext buffer full
[mlkem_channel] ciphertext refused token=2561155340: ciphertext buffer full
[mlkem_channel] ciphertext refused token=1347253048: ciphertext buffer full
[mlkem_channel] ciphertext refused token=3965050257: ciphertext buffer full
[mlkem_channel] ciphertext refused token=547224191: ciphertext buffer full
[mlkem_channel] ciphertext refused token=1364083581: ciphertext buffer full
[mlkem_channel] ciphertext refused token=3999184799: ciphertext buffer full
[mlkem_channel] ciphertext refused token=535076181: ciphertext buffer full
[mlkem_channel] ciphertext refused token=1072167754: ciphertext buffer full
[mlkem_channel] ciphertext refused token=2782236523: ciphertext buffer full
[mlkem_channel] ciphertext refused token=589545991: ciphertext buffer full
[mlkem_channel] ciphertext refused token=4210142450: ciphertext buffer full
[mlkem_channel] ciphertext refused token=2795333538: ciphertext buffer full
[mlkem_channel] ciphertext refused token=3020432794: ciphertext buffer full
[mlkem_channel] ciphertext refused token=470248834: ciphertext buffer full
[mlkem_channel] ciphertext refused token=493173858: ciphertext buffer full
[mlkem_channel] ciphertext refused token=2487619197: ciphertext buffer full
[mlkem_channel] ciphertext refused token=973337288: ciphertext buffer full
[mlkem_channel] ciphertext refused token=2064149736: ciphertext buffer full
[mlkem_channel] ciphertext refused token=2954727617: ciphertext buffer full
[mlkem_channel] ciphertext refused token=1052828113: ciphertext buffer full
[mlkem_channel] ciphertext refused token=579893709: ciphertext buffer full
[mlkem_channel] ciphertext refused token=1210127957: ciphertext buffer full
[mlkem_channel] ciphertext refused token=1879011428: ciphertext buffer full
[mlkem_channel] ciphertext refused token=3856784998: ciphertext buffer full
[mlkem_channel] ciphertext refused token=3277474770: ciphertext buffer full
[mlkem_channel] ciphertext refused token=3998267388: ciphertext buffer full
[mlkem_channel] ciphertext refused token=2539563267: ciphertext buffer full
[mlkem_channel] ciphertext refused token=3180667525: ciphertext buffer full
[mlkem_channel] ciphertext refused token=4212937803: ciphertext buffer full
[mlkem_channel] ciphertext refused token=2080032711: ciphertext buffer full
[mlkem_channel] ciphertext refused token=4227871337: ciphertext buffer full
[mlkem_channel] ciphertext refused token=3526609114: ciphertext buffer full
[mlkem_channel] ciphertext refused token=2404027822: ciphertext buffer full
[mlkem_channel] ciphertext refused token=2778152052: ciphertext buffer full
[mlkem_channel] ciphertext refused token=2729641134: ciphertext buffer full
[mlkem_channel] ciphertext refused token=3621510502: ciphertext buffer full
[mlkem_channel] ciphertext refused token=1236350782: ciphertext buffer full
[mlkem_channel] ciphertext refused token=2523255199: ciphertext buffer full
[mlkem_channel] ciphertext refused token=1371300583: ciphertext buffer full
[mlkem_channel] ciphertext refused token=3575977259: ciphertext buffer full
[mlkem_channel] ciphertext refused token=2896505457: ciphertext buffer full
[mlkem_channel] ciphertext refused token=2091102110: ciphertext buffer full
[mlkem_channel] ciphertext refused token=1877643379: ciphertext buffer full
[mlkem_channel] ciphertext refused token=3800530634: ciphertext buffer full
[mlkem_channel] ciphertext refused token=1388350299: ciphertext buffer full
[mlkem_channel] ciphertext refused token=3720736837: ciphertext buffer full
[mlkem_channel] ciphertext refused token=2851859459: ciphertext buffer full
[mlkem_channel] ciphertext refused token=3120605921: ciphertext buffer full
[mlkem_channel] ciphertext refused token=2959951883: ciphertext buffer full
[mlkem_channel] ciphertext refused token=1661886075: ciphertext buffer full
[mlkem_channel] ciphertext refused token=1075279003: ciphertext buffer full
[mlkem_channel] ciphertext refused token=3195026395: ciphertext buffer full
[mlkem_channel] ciphertext refused token=4161522374: ciphertext buffer full
[mlkem_channel] ciphertext refused token=2671754351: ciphertext buffer full
[mlkem_channel] ciphertext refused token=1858761480: ciphertext buffer full
[mlkem_channel] ciphertext refused token=2359854397: ciphertext buffer full
[mlkem_channel] ciphertext refused token=3015954077: ciphertext buffer full
[mlkem_channel] ciphertext refused token=412267021: ciphertext buffer full
[mlkem_channel] ciphertext refused token=1980013819: ciphertext buffer full
[mlkem_channel] ciphertext refused token=2560235681: ciphertext buffer full
[mlkem_channel] ciphertext refused token=2089940203: ciphertext buffer full
[mlkem_channel] ciphertext refused token=1851678998: ciphertext buffer full
[mlkem_channel] ciphertext refused token=3182013297: ciphertext buffer full
[mlkem_channel] ciphertext refused token=3798566951: ciphertext buffer full
[mlkem_channel] ciphertext refused token=2061949760: ciphertext buffer full
[mlkem_channel] ciphertext refused token=1371654940: ciphertext buffer full
[mlkem_channel] ciphertext refused token=3179000982: ciphertext buffer full
[mlkem_channel] ciphertext refused token=757683854: ciphertext buffer full
[mlkem_channel] ciphertext refused token=3248755342: ciphertext buffer full
[mlkem_channel] ciphertext refused token=1733203018: ciphertext buffer full
[mlkem_channel] ciphertext refused token=2870991695: ciphertext buffer full
[mlkem_channel] ciphertext refused token=4187367892: ciphertext buffer full
[mlkem_channel] ciphertext refused token=648773168: ciphertext buffer full
[mlkem_channel] ciphertext refused token=2223692756: ciphertext buffer full
[mlkem_channel] ciphertext refused token=4108262824: ciphertext buffer full
[mlkem_channel] ciphertext refused token=1319568564: ciphertext buffer full
[mlkem_channel] ciphertext refused token=3012401607: ciphertext buffer full
[mlkem_channel] ciphertext refused token=3775762966: ciphertext buffer full
[mlkem_channel] ciphertext refused token=3978494336: ciphertext buffer full
[mlkem_channel] ciphertext refused token=2526790883: ciphertext buffer full
[mlkem_channel] ciphertext refused token=1462910496: ciphertext buffer full
[mlkem_channel] ciphertext refused token=2929939295: ciphertext buffer full
[mlkem_channel] ciphertext refused token=3802491415: ciphertext buffer full
[mlkem_channel] ciphertext refused token=461330703: ciphertext buffer full
[mlkem_channel] ciphertext refused token=76164390: ciphertext buffer full
[mlkem_channel] ciphertext refused token=4084750123: ciphertext buffer full
[mlkem_channel] ciphertext refused token=2261520299: ciphertext buffer full
[mlkem_channel] ciphertext refused token=169385026: ciphertext buffer full
[mlkem_channel] ciphertext refused token=1206010253: ciphertext buffer full
[mlkem_channel] ciphertext refused token=3039200542: ciphertext buffer full
[mlkem_channel] ciphertext refused token=2571441579: ciphertext buffer full
[mlkem_channel] ciphertext refused token=3106626082: ciphertext buffer full
[mlkem_channel] ciphertext refused token=2824194659: ciphertext buffer full
[mlkem_channel] ciphertext refused token=456692586: ciphertext buffer full
[mlkem_channel] ciphertext refused token=2560762111: ciphertext buffer full
[mlkem_channel] ciphertext refused token=169564584: ciphertext buffer full
[mlkem_channel] ciphertext refused token=1967457948: ciphertext buffer full
[mlkem_channel] ciphertext refused token=4232087395: ciphertext buffer full
[mlkem_channel] ciphertext refused token=3465380874: ciphertext buffer full
[mlkem_channel] ciphertext refused token=3849576104: ciphertext buffer full
[mlkem_channel] ciphertext refused token=3318047021: ciphertext buffer full
[mlkem_channel] ciphertext refused token=1361125703: ciphertext buffer full
[mlkem_channel] ciphertext refused token=1248472315: ciphertext buffer full
[mlkem_channel] ciphertext refused token=930239901: ciphertext buffer full
[mlkem_channel] ciphertext refused token=1094279822: ciphertext buffer full
[mlkem_channel] ciphertext refused token=1631234971: ciphertext buffer full
[mlkem_channel] ciphertext refused token=2064703824: ciphertext buffer full
[mlkem_channel] ciphertext refused token=1200643594: ciphertext buffer full
[mlkem_channel] ciphertext refused token=4104602142: ciphertext buffer full
[mlkem_channel] ciphertext refused token=349086826: ciphertext buffer full
[mlkem_channel] ciphertext refused token=1584361330: ciphertext buffer full
[mlkem_channel] ciphertext refused token=4087068674: ciphertext buffer full
[mlkem_channel] ciphertext refused token=1113138903: ciphertext buffer full
[mlkem_channel] ciphertext refused token=4023718536: ciphertext buffer full
[mlkem_channel] ciphertext refused token=4245347282: ciphertext buffer full
[mlkem_channel] ciphertext refused token=603429954: ciphertext buffer full
[mlkem_channel] ciphertext refused token=3896947912: ciphertext buffer full
[mlkem_channel] ciphertext refused token=3410096326: ciphertext buffer full
[mlkem_channel] ciphertext refused token=1802388953: ciphertext buffer full
[mlkem_channel] ciphertext refused token=211995553: ciphertext buffer full
[mlkem_channel] ciphertext refused token=377317888: ciphertext buffer full
[mlkem_channel] ciphertext refused token=3908128468: ciphertext buffer full
[mlkem_channel] ciphertext refused token=3613515347: ciphertext buffer full
[mlkem_channel] ciphertext refused token=705008353: ciphertext buffer full
[mlkem_channel] ciphertext refused token=2739794909: ciphertext buffer full
[mlkem_channel] ciphertext refused token=2264461112: ciphertext buffer full
[mlkem_channel] ciphertext refused token=3697300263: ciphertext buffer full
[mlkem_channel] ciphertext refused token=1472961128: ciphertext buffer full
[mlkem_channel] ciphertext refused token=1002744953: ciphertext buffer full
[mlkem_channel] ciphertext refused token=2825952954: ciphertext buffer full
[mlkem_channel] ciphertext refused token=3373126219: ciphertext buffer full
[mlkem_channel] ciphertext refused token=2317271530: ciphertext buffer full
[mlkem_channel] ciphertext refused token=2709758510: ciphertext buffer full
[mlkem_channel] ciphertext refused token=2336957496: ciphertext buffer full
[mlkem_channel] ciphertext refused token=733679270: ciphertext buffer full
[mlkem_channel] ciphertext refused token=905799925: ciphertext buffer full
[mlkem_channel] ciphertext refused token=2515846684: ciphertext buffer full
[mlkem_channel] ciphertext refused token=2214559038: ciphertext buffer full
[mlkem_channel] ciphertext refused token=1627547009: ciphertext buffer full
[mlkem_channel] ciphertext refused token=2349087367: ciphertext buffer full
[mlkem_channel] ciphertext refused token=2590985976: ciphertext buffer full
[mlkem_channel] ciphertext refused token=4058375089: ciphertext buffer full
[mlkem_channel] ciphertext refused token=1420181453: ciphertext buffer full
[mlkem_channel] ciphertext refused token=480487372: ciphertext buffer full
[mlkem_channel] ciphertext refused token=1388230542: ciphertext buffer full
[mlkem_channel] ciphertext refused token=3062298947: ciphertext buffer full
[mlkem_channel] ciphertext refused token=2553818748: ciphertext buffer full
[mlkem_channel] ciphertext refused token=2830216226: ciphertext buffer full
[mlkem_channel] ciphertext refused token=3079012066: ciphertext buffer full
[mlkem_channel] ciphertext refused token=2694317293: ciphertext buffer full
[mlkem_channel] ciphertext refused token=238985517: ciphertext buffer full
[mlkem_channel] ciphertext refused token=880255252: ciphertext buffer full
[mlkem_channel] ciphertext refused token=3565096909: ciphertext buffer full
[mlkem_channel] ciphertext refused token=2557772902: ciphertext buffer full
[mlkem_channel] ciphertext refused token=4175510551: ciphertext buffer full
[mlkem_channel] ciphertext refused token=3368166714: ciphertext buffer full
[mlkem_channel] ciphertext refused token=620238951: ciphertext buffer full
[mlkem_channel] ciphertext refused token=4128588626: ciphertext buffer full
[mlkem_channel] ciphertext refused token=937207447: ciphertext buffer full
[mlkem_channel] ciphertext refused token=1396305840: ciphertext buffer full
[mlkem_channel] ciphertext refused token=3767719983: ciphertext buffer full
[mlkem_channel] ciphertext refused token=1833171707: ciphertext buffer full
[mlkem_channel] ciphertext refused token=2070821298: ciphertext buffer full
[mlkem_channel] ciphertext refused token=2631016298: ciphertext buffer full
[mlkem_channel] ciphertext refused token=2683806460: ciphertext buffer full
[mlkem_channel] ciphertext refused token=2846362061: ciphertext buffer full
[mlkem_channel] ciphertext refused token=3662705081: ciphertext buffer full
[mlkem_channel] ciphertext refused token=1673076674: ciphertext buffer full
[mlkem_channel] ciphertext refused token=3241534033: ciphertext buffer full
[mlkem_channel] ciphertext refused token=1090170200: ciphertext buffer full
[mlkem_channel] ciphertext refused token=2421249311: ciphertext buffer full
[mlkem_channel] ciphertext refused token=1189971617: ciphertext buffer full
[mlkem_channel] ciphertext refused token=1607994913: ciphertext buffer full
[mlkem_channel] ciphertext refused token=2199328008: ciphertext buffer full
[mlkem_channel] ciphertext refused token=4044188618: ciphertext buffer full
[mlkem_channel] ciphertext refused token=3531265474: ciphertext buffer full
[mlkem_channel] ciphertext refused token=994467971: ciphertext buffer full
[mlkem_channel] ciphertext refused token=4268437296: ciphertext buffer full
[mlkem_channel] ciphertext refused token=2034019062: ciphertext buffer full
[mlkem_channel] ciphertext refused token=2411765681: ciphertext buffer full
[mlkem_channel] ciphertext refused token=2911782457: ciphertext buffer full
[mlkem_channel] ciphertext refused token=2190848408: ciphertext buffer full
[mlkem_channel] ciphertext refused token=1340167993: ciphertext buffer full
[mlkem_channel] ciphertext refused token=860466573: ciphertext buffer full
[mlkem_channel] ciphertext refused token=4242645361: ciphertext buffer full
[mlkem_channel] ciphertext refused token=60884725: ciphertext buffer full
[mlkem_channel] ciphertext refused token=3784856095: ciphertext buffer full
[mlkem_channel] ciphertext refused token=967279599: ciphertext buffer full
[mlkem_channel] ciphertext refused token=129008157: ciphertext buffer full
[mlkem_channel] ciphertext refused token=1374421839: ciphertext buffer full
[mlkem_channel] ciphertext refused token=3712701990: ciphertext buffer full
[mlkem_channel] ciphertext refused token=2964670393: ciphertext buffer full
[mlkem_channel] ciphertext refused token=153428679: ciphertext buffer full
[mlkem_channel] ciphertext refused token=237987873: ciphertext buffer full
[mlkem_channel] ciphertext refused token=1885275989: ciphertext buffer full
[mlkem_channel] ciphertext refused token=1025882844: ciphertext buffer full
[mlkem_channel] ciphertext refused token=2216468588: ciphertext buffer full
[mlkem_channel] ciphertext refused token=1244576101: ciphertext buffer full
[mlkem_channel] ciphertext refused token=1848168366: ciphertext buffer full
[mlkem_channel] ciphertext refused token=1758235294: ciphertext buffer full
[mlkem_channel] ciphertext refused token=2261511886: ciphertext buffer full
[mlkem_channel] ciphertext refused token=3671790866: ciphertext buffer full
[mlkem_channel] ciphertext refused token=1823605057: ciphertext buffer full
[mlkem_channel] ciphertext refused token=1835071635: ciphertext buffer full
[mlkem_channel] ciphertext refused token=822802730: ciphertext buffer full
[mlkem_channel] ciphertext refused token=2014734200: ciphertext buffer full
[mlkem_channel] ciphertext refused token=3617304826: ciphertext buffer full
[mlkem_channel] ciphertext refused token=3989577054: ciphertext buffer full
[mlkem_channel] ciphertext refused token=3496995167: ciphertext buffer full
[mlkem_channel] ciphertext refused token=2310844382: ciphertext buffer full
[mlkem_channel] ciphertext refused token=255000822: ciphertext buffer full
[mlkem_channel] ciphertext refused token=2094387587: ciphertext buffer full
[mlkem_channel] ciphertext refused token=1014535912: ciphertext buffer full
[mlkem_channel] ciphertext refused token=3841065015: ciphertext buffer full
[mlkem_channel] ciphertext refused token=1601553626: ciphertext buffer full
[mlkem_channel] ciphertext refused token=280737819: ciphertext buffer full
[mlkem_channel] ciphertext refused token=2251340858: ciphertext buffer full
[mlkem_channel] ciphertext refused token=1418200119: ciphertext buffer full
[mlkem_channel] ciphertext refused token=3824406377: ciphertext buffer full
[mlkem_channel] ciphertext refused token=407642947: ciphertext buffer full
[mlkem_channel] ciphertext refused token=3451173260: ciphertext buffer full
[mlkem_channel] ciphertext refused token=2890711712: ciphertext buffer full
[mlkem_channel] ciphertext refused token=3020972366: ciphertext buffer full
[mlkem_channel] ciphertext refused token=589158381: ciphertext buffer full
[mlkem_channel] ciphertext refused token=4157695270: ciphertext buffer full
[mlkem_channel] ciphertext refused token=2691138302: ciphertext buffer full
[mlkem_channel] ciphertext refused token=2676590153: ciphertext buffer full
[mlkem_channel] ciphertext refused token=3860554552: ciphertext buffer full
[mlkem_channel] ciphertext refused token=305525165: ciphertext buffer full
[mlkem_channel] ciphertext refused token=1967276476: ciphertext buffer full
[mlkem_channel] ciphertext refused token=2873313928: ciphertext buffer full
[mlkem_channel] ciphertext refused token=2435671678: ciphertext buffer full
[mlkem_channel] ciphertext refused token=3917674583: ciphertext buffer full
[mlkem_channel] ciphertext refused token=2249547984: ciphertext buffer full
[mlkem_channel] ciphertext refused token=4051093689: ciphertext buffer full
[mlkem_channel] ciphertext refused token=738188447: ciphertext buffer full
[mlkem_channel] ciphertext refused token=627441529: ciphertext buffer full
[mlkem_channel] ciphertext refused token=3139443709: ciphertext buffer full
[mlkem_channel] ciphertext refused token=1407876879: ciphertext buffer full
[mlkem_channel] ciphertext refused token=401537064: ciphertext buffer full
[mlkem_channel] ciphertext refused token=3370027552: ciphertext buffer full
[mlkem_channel] ciphertext refused token=3807234131: ciphertext buffer full
[mlkem_channel] ciphertext refused token=2183511894: ciphertext buffer full
[mlkem_channel] ciphertext refused token=1776259018: ciphertext buffer full
[mlkem_channel] ciphertext refused token=3580903530: ciphertext buffer full
[mlkem_channel] ciphertext refused token=4096129088: ciphertext buffer full
[mlkem_channel] ciphertext refused token=169160098: ciphertext buffer full
[mlkem_channel] ciphertext refused token=4058167034: ciphertext buffer full
[mlkem_channel] ciphertext refused token=3603064314: ciphertext buffer full
[mlkem_channel] ciphertext refused token=1957936964: ciphertext buffer full
[mlkem_channel] ciphertext refused token=3872697438: ciphertext buffer full
[mlkem_channel] ciphertext refused token=1699411255: ciphertext buffer full
[mlkem_channel] ciphertext refused token=2411148665: ciphertext buffer full
[mlkem_channel] ciphertext refused token=3360564013: ciphertext buffer full
[mlkem_channel] ciphertext refused token=4151887691: ciphertext buffer full
[mlkem_channel] ciphertext refused token=981302289: ciphertext buffer full
[mlkem_channel] ciphertext refused token=1624156712: ciphertext buffer full
[mlkem_channel] ciphertext refused token=651682672: ciphertext buffer full
[mlkem_channel] ciphertext refused token=3508008694: ciphertext buffer full
[mlkem_channel] ciphertext refused token=2223584440: ciphertext buffer full
[mlkem_channel] ciphertext refused token=1805064664: ciphertext buffer full
[mlkem_channel] ciphertext refused token=966464766: ciphertext buffer full
[mlkem_channel] ciphertext refused token=3214726881: ciphertext buffer full
[mlkem_channel] ciphertext refused token=2108457600: ciphertext buffer full
[mlkem_channel] ciphertext refused token=2787824663: ciphertext buffer full
[mlkem_channel] ciphertext refused token=1951824796: ciphertext buffer full
[mlkem_channel] ciphertext refused token=1072659615: ciphertext buffer full
[mlkem_channel] ciphertext refused token=968243236: ciphertext buffer full
[mlkem_channel] ciphertext refused token=194057641: ciphertext buffer full
[mlkem_channel] ciphertext refused token=1901131548: ciphertext buffer full
[mlkem_channel] ciphertext refused token=2238046441: ciphertext buffer full
[mlkem_channel] ciphertext refused token=1896905343: ciphertext buffer full
[mlkem_channel] ciphertext refused token=2895995694: ciphertext buffer full
[mlkem_channel] ciphertext refused token=1857994827: ciphertext buffer full
[mlkem_channel] ciphertext refused token=611517472: ciphertext buffer full
[mlkem_channel] ciphertext refused token=1362606707: ciphertext buffer full
[mlkem_channel] ciphertext refused token=1003793240: ciphertext buffer full
[mlkem_channel] ciphertext buffered token=2990096049 nonce_prefix=73e8b937
[mlkem_channel] ciphertext buffered token=1029934994 nonce_prefix=7960edc5
[mlkem_channel] ciphertext buffered token=697595473 nonce_prefix=e3cba51c
[mlkem_channel] ciphertext buffered token=959591578 nonce_prefix=132b5a80
[mlkem_channel] ciphertext buffered token=1751888571 nonce_prefix=bb328b5e
[mlkem_channel] ciphertext buffered token=1811786966 nonce_prefix=658aefb2
[mlkem_channel] ciphertext buffered token=2980833392 nonce_prefix=263e4363
[mlkem_channel] ciphertext buffered token=59453323 nonce_prefix=a972a627
[mlkem_channel] ciphertext buffered token=2445762002 nonce_prefix=dee40a3c
[mlkem_channel] ciphertext buffered token=3907311320 nonce_prefix=3f473db8
[mlkem_channel] ciphertext buffered token=608832370 nonce_prefix=8911a083
[mlkem_channel] ciphertext buffered token=919502632 nonce_prefix=865c9c16
[mlkem_channel] ciphertext buffered token=277221685 nonce_prefix=7466875a
[mlkem_channel] ciphertext buffered token=434230017 nonce_prefix=62bdf6a3
[mlkem_channel] ciphertext buffered token=3497993171 nonce_prefix=0cf7a768
[mlkem_channel] ciphertext buffered token=240026244 nonce_prefix=1bf0595c
[mlkem_channel] ciphertext buffered token=873070761 nonce_prefix=2841ead4
[mlkem_channel] ciphertext buffered token=1015052837 nonce_prefix=cf5e5c40
[mlkem_channel] ciphertext buffered token=2560068086 nonce_prefix=8efa1d13
[mlkem_channel] ciphertext buffered token=526570369 nonce_prefix=830604d6
[mlkem_channel] ciphertext buffered token=2422313589 nonce_prefix=d84601a5
[mlkem_channel] ciphertext buffered token=3467175692 nonce_prefix=68cea528
[mlkem_channel] ciphertext buffered token=920066720 nonce_prefix=1f78c1c4
[mlkem_channel] ciphertext buffered token=973938305 nonce_prefix=f2154efd
[mlkem_channel] ciphertext buffered token=4114451415 nonce_prefix=bdbb5426
[mlkem_channel] ciphertext refused token=984871634: ciphertext buffer full
[mlkem_channel] ciphertext buffered token=360713356 nonce_prefix=aae92b2d
[mlkem_channel] ciphertext buffered token=3801769699 nonce_prefix=de77e293
[mlkem_channel] ciphertext refused token=2988309687: ciphertext buffer full
[mlkem_channel] ciphertext buffered token=1101568028 nonce_prefix=2eb6190a
[mlkem_channel] ciphertext buffered token=867438725 nonce_prefix=35e39c5b
[mlkem_channel] ciphertext buffered token=2022955765 nonce_prefix=74621a9b
[mlkem_channel] ciphertext buffered token=3821997599 nonce_prefix=9f55a378
[mlkem_channel] ciphertext buffered token=2611738425 nonce_prefix=a72644c0
[mlkem_channel] ciphertext buffered token=286751265 nonce_prefix=8dc4c503
[mlkem_channel] ciphertext buffered token=2801121193 nonce_prefix=6a73830b
[mlkem_channel] ciphertext buffered token=1721618958 nonce_prefix=c4f26492
[mlkem_channel] ciphertext buffered token=4163209143 nonce_prefix=ab9f6324
[mlkem_channel] ciphertext buffered token=1137158762 nonce_prefix=ae6c7688
[mlkem_channel] ciphertext buffered token=816728204 nonce_prefix=9077e571
[mlkem_channel] ciphertext buffered token=3001173400 nonce_prefix=3908fa6b
[mlkem_channel] ciphertext buffered token=175476584 nonce_prefix=b527186c
[mlkem_channel] ciphertext buffered token=581255516 nonce_prefix=25d01001
[mlkem_channel] ciphertext buffered token=3854192220 nonce_prefix=9f94824a
[mlkem_channel] ciphertext buffered token=811086374 nonce_prefix=059eebde
[mlkem_channel] ciphertext buffered token=2194469230 nonce_prefix=a12aab44
[mlkem_channel] ciphertext buffered token=1115778026 nonce_prefix=e17212d3
[mlkem_channel] ciphertext buffered token=4103001521 nonce_prefix=0c0674ca
[mlkem_channel] ciphertext buffered token=2000648360 nonce_prefix=b1efd63b
[mlkem_channel] ciphertext buffered token=262135393 nonce_prefix=0c426565
[mlkem_channel] ciphertext buffered token=1636649190 nonce_prefix=68c1a301
[mlkem_channel] ciphertext buffered token=2095049043 nonce_prefix=18ab7b2e
[mlkem_channel] ciphertext buffered token=135263162 nonce_prefix=3f848ff9
[mlkem_channel] ciphertext buffered token=3105661533 nonce_prefix=a9c1b26e
[mlkem_channel] ciphertext buffered token=2015209902 nonce_prefix=4c7af550
[mlkem_channel] ciphertext buffered token=2033627487 nonce_prefix=174d5414
[mlkem_channel] ciphertext buffered token=2023575197 nonce_prefix=13c84eb4
[mlkem_channel] ciphertext buffered token=2685478786 nonce_prefix=85d21b34
[mlkem_channel] ciphertext buffered token=869681878 nonce_prefix=46092de9
[mlkem_channel] ciphertext buffered token=3024508265 nonce_prefix=fb9bb674
[mlkem_channel] ciphertext buffered token=11536351 nonce_prefix=40920eb2
[mlkem_channel] ciphertext buffered token=4214993872 nonce_prefix=70598f72
[mlkem_channel] ciphertext buffered token=2839640167 nonce_prefix=737520a1
[mlkem_channel] ciphertext buffered token=112992208 nonce_prefix=00fea43d
[mlkem_channel] ciphertext buffered token=2003652722 nonce_prefix=7beac580
[mlkem_channel] ciphertext buffered token=1530710859 nonce_prefix=7af21fe7
[mlkem_channel] ciphertext buffered token=2878845290 nonce_prefix=e895c198
[mlkem_channel] ciphertext buffered token=4128736637 nonce_prefix=d83f248e
[mlkem_channel] ciphertext buffered token=548049672 nonce_prefix=051c7151
[mlkem_channel] ciphertext buffered token=2549468270 nonce_prefix=0204665c
[mlkem_channel] ciphertext buffered token=734327734 nonce_prefix=e32169cb
[mlkem_channel] ciphertext buffered token=2568535992 nonce_prefix=145c7f63
[mlkem_channel] ciphertext buffered token=162126544 nonce_prefix=b384533e
[mlkem_channel] ciphertext buffered token=3295019214 nonce_prefix=75c44b94
[mlkem_channel] ciphertext buffered token=1895264484 nonce_prefix=3b982854
[mlkem_channel] ciphertext buffered token=3474398886 nonce_prefix=2c9a4f3c
[mlkem_channel] ciphertext buffered token=976427403 nonce_prefix=4b01eef6
[mlkem_channel] ciphertext buffered token=3348774605 nonce_prefix=f89d1263
[mlkem_channel] ciphertext buffered token=2858423970 nonce_prefix=6bac5943
[mlkem_channel] ciphertext buffered token=4271613161 nonce_prefix=d0e451d4
[mlkem_channel] ciphertext buffered token=3044870622 nonce_prefix=85c314ac
[mlkem_channel] ciphertext buffered token=368377963 nonce_prefix=0e0694c7
[mlkem_channel] ciphertext buffered token=1639061884 nonce_prefix=2dd6f6c4
[mlkem_channel] ciphertext buffered token=237716466 nonce_prefix=93ac45ea
[mlkem_channel] ciphertext buffered token=3415626791 nonce_prefix=83665677
[mlkem_channel] ciphertext buffered token=592330928 nonce_prefix=a7b5c8af
[mlkem_channel] ciphertext buffered token=1435188672 nonce_prefix=4420279c
[mlkem_channel] ciphertext buffered token=4064157555 nonce_prefix=18becd83
[mlkem_channel] ciphertext buffered token=422335241 nonce_prefix=28dff6cb
[mlkem_channel] ciphertext buffered token=2686702936 nonce_prefix=b6f4b782
[mlkem_channel] ciphertext buffered token=2951116816 nonce_prefix=f7c4cdf3
[mlkem_channel] ciphertext buffered token=1818347026 nonce_prefix=7f46eca0
[mlkem_channel] ciphertext buffered token=725558732 nonce_prefix=8b19ff9f
[mlkem_channel] ciphertext buffered token=1051362578 nonce_prefix=ffd3f2f1
[mlkem_channel] ciphertext buffered token=3845818507 nonce_prefix=c7809941
[mlkem_channel] ciphertext buffered token=3402089249 nonce_prefix=a7362ea6
[mlkem_channel] ciphertext buffered token=1788360102 nonce_prefix=da14231c
[mlkem_channel] ciphertext buffered token=1542919137 nonce_prefix=6c1c6f80
[mlkem_channel] ciphertext buffered token=3189299062 nonce_prefix=ced18448
[mlkem_channel] ciphertext buffered token=3506026164 nonce_prefix=5d6a295e
[mlkem_channel] ciphertext buffered token=3290501782 nonce_prefix=54438225
[mlkem_channel] ciphertext buffered token=304406428 nonce_prefix=0128966a
[mlkem_channel] ciphertext buffered token=2599780839 nonce_prefix=b2a61097
[mlkem_channel] ciphertext buffered token=413128957 nonce_prefix=0f2811ba
[mlkem_channel] ciphertext buffered token=4054242869 nonce_prefix=527048ae
[mlkem_channel] ciphertext buffered token=3920539743 nonce_prefix=ac6bf39a
[mlkem_channel] ciphertext buffered token=1918525119 nonce_prefix=0d47bb05
[mlkem_channel] ciphertext buffered token=2449257274 nonce_prefix=c11fb27f
[mlkem_channel] ciphertext buffered token=4171419595 nonce_prefix=febd10ac
[mlkem_channel] ciphertext buffered token=2718564615 nonce_prefix=1f593ba1
[mlkem_channel] ciphertext buffered token=3587388923 nonce_prefix=9b71781f
[mlkem_channel] ciphertext buffered token=2742246584 nonce_prefix=471f6ac8
[mlkem_channel] ciphertext buffered token=3844232431 nonce_prefix=7d31ed08
[mlkem_channel] ciphertext buffered token=2111179157 nonce_prefix=45d50c22
[mlkem_channel] ciphertext buffered token=3342100812 nonce_prefix=f5899a09
[mlkem_channel] ciphertext buffered token=3090315543 nonce_prefix=9116f03b
[mlkem_channel] ciphertext buffered token=1826098646 nonce_prefix=69901eaa
[mlkem_channel] ciphertext buffered token=3900146442 nonce_prefix=e966e598
[mlkem_channel] ciphertext buffered token=1251182777 nonce_prefix=7b31eda7
[mlkem_channel] ciphertext buffered token=201919862 nonce_prefix=3edb9981
[mlkem_channel] ciphertext buffered token=4116549074 nonce_prefix=cfa4c5eb
[mlkem_channel] ciphertext buffered token=4183499558 nonce_prefix=4797b811
[mlkem_channel] ciphertext buffered token=2468226085 nonce_prefix=b1fdd227
[mlkem_channel] ciphertext buffered token=2147482648 nonce_prefix=2ba5c657
[mlkem_channel] ciphertext buffered token=545539362 nonce_prefix=610115ce
[mlkem_channel] ciphertext refused token=2441146273: ciphertext buffer full
[mlkem_channel] ciphertext buffered token=2439036640 nonce_prefix=c4bb504c
[mlkem_channel] ciphertext buffered token=1246013263 nonce_prefix=7fed9835
[mlkem_channel] ciphertext refused token=1889560114: ciphertext buffer full
[mlkem_channel] ciphertext buffered token=2828523248 nonce_prefix=b1f6a0ab
[mlkem_channel] ciphertext buffered token=229521012 nonce_prefix=434c7f86
[mlkem_channel] ciphertext refused token=1858724585: ciphertext buffer full
[mlkem_channel] ciphertext buffered token=3622166788 nonce_prefix=2e09db84
[mlkem_channel] ciphertext buffered token=3410620379 nonce_prefix=b547303a
[mlkem_channel] ciphertext buffered token=4176977151 nonce_prefix=ea14d867
[mlkem_channel] ciphertext refused token=1045498378: ciphertext buffer full
[mlkem_channel] ciphertext buffered token=3517025984 nonce_prefix=324fec60
[mlkem_channel] ciphertext buffered token=2908221026 nonce_prefix=b60fb1ca
[mlkem_channel] ciphertext buffered token=1127601979 nonce_prefix=17f7acfa
[mlkem_channel] ciphertext refused token=2106442781: ciphertext buffer full
[mlkem_channel] ciphertext buffered token=509256215 nonce_prefix=32a64f06
[mlkem_channel] ciphertext buffered token=3550034712 nonce_prefix=c9a244e7
[mlkem_channel] ciphertext buffered token=3093422496 nonce_prefix=aaefd916
[mlkem_channel] ciphertext buffered token=1303050845 nonce_prefix=cfd588ac
[mlkem_channel] ciphertext buffered token=381202843 nonce_prefix=5bc3bf82
[mlkem_channel] ciphertext buffered token=1426611062 nonce_prefix=ae04b350
[mlkem_channel] ciphertext buffered token=1313163909 nonce_prefix=de16546d
[mlkem_channel] ciphertext buffered token=2767079977 nonce_prefix=b339b815
[mlkem_channel] ciphertext buffered token=230456624 nonce_prefix=b015ce6a
[mlkem_channel] ciphertext buffered token=161067294 nonce_prefix=27546e37
[mlkem_channel] ciphertext buffered token=3153151994 nonce_prefix=b1b3535c
[mlkem_channel] ciphertext buffered token=318026137 nonce_prefix=c3265d11
[mlkem_channel] ciphertext buffered token=1707008035 nonce_prefix=65dc7313
[mlkem_channel] ciphertext buffered token=3307087821 nonce_prefix=e0820f06
[mlkem_channel] ciphertext buffered token=921651596 nonce_prefix=b2b701de
[mlkem_channel] ciphertext buffered token=2600491699 nonce_prefix=927faf40
[mlkem_channel] ciphertext buffered token=2555894952 nonce_prefix=091e3789
[mlkem_channel] ciphertext buffered token=2568015917 nonce_prefix=9a14431b
[mlkem_channel] ciphertext buffered token=276103442 nonce_prefix=5ee41696
[mlkem_channel] ciphertext buffered token=3666463846 nonce_prefix=1d6c53f6
[mlkem_channel] ciphertext buffered token=1628300157 nonce_prefix=4197eef9
[mlkem_channel] ciphertext buffered token=866809180 nonce_prefix=ee240a0f
[mlkem_channel] ciphertext buffered token=2013221401 nonce_prefix=7d51cc9b
[mlkem_channel] ciphertext buffered token=3928610333 nonce_prefix=e959bcb3
[mlkem_channel] ciphertext buffered token=1524796429 nonce_prefix=995676d7
[mlkem_channel] ciphertext buffered token=4147975167 nonce_prefix=05eab0f6
[mlkem_channel] ciphertext buffered token=4021821178 nonce_prefix=b72ffea9
[mlkem_channel] ciphertext buffered token=281456359 nonce_prefix=f31f3b48
[mlkem_channel] ciphertext buffered token=580917366 nonce_prefix=a9fc0c40
[mlkem_channel] ciphertext buffered token=4091450674 nonce_prefix=fab1ff77
[mlkem_channel] ciphertext buffered token=197566693 nonce_prefix=87124a9b
[mlkem_channel] ciphertext buffered token=4100836633 nonce_prefix=949459d8
[mlkem_channel] ciphertext buffered token=1192287219 nonce_prefix=76e199ba
[mlkem_channel] ciphertext buffered token=428143172 nonce_prefix=e9780f6d
[mlkem_channel] ciphertext buffered token=3355073021 nonce_prefix=27ead93f
[mlkem_channel] ciphertext buffered token=1806224471 nonce_prefix=e2194b9a
[mlkem_channel] ciphertext buffered token=3241553915 nonce_prefix=002eda90
[mlkem_channel] ciphertext buffered token=3639065336 nonce_prefix=83deabe6
[mlkem_channel] ciphertext buffered token=1542499558 nonce_prefix=aa46a128
[mlkem_channel] ciphertext buffered token=821208477 nonce_prefix=e310f7d3
[mlkem_channel] ciphertext buffered token=4256706034 nonce_prefix=5285b84f
[mlkem_channel] ciphertext buffered token=2450628035 nonce_prefix=574e7f31
[mlkem_channel] ciphertext buffered token=69719345 nonce_prefix=2bdb68f7
[mlkem_channel] ciphertext buffered token=1912486715 nonce_prefix=f7a5d15a
[mlkem_channel] ciphertext buffered token=292857808 nonce_prefix=879322e3
[mlkem_channel] ciphertext buffered token=626937816 nonce_prefix=33c2ee10
[mlkem_channel] ciphertext buffered token=3833278893 nonce_prefix=1c3752f3
[mlkem_channel] ciphertext buffered token=3895528210 nonce_prefix=169ca1b1
[mlkem_channel] ciphertext buffered token=1342981954 nonce_prefix=318fac8d
[mlkem_channel] ciphertext buffered token=3475310437 nonce_prefix=4bd7b6d4
[mlkem_channel] ciphertext buffered token=2595526821 nonce_prefix=0a2c537d
[mlkem_channel] ciphertext buffered token=1696809507 nonce_prefix=b9abf980
[mlkem_channel] ciphertext buffered token=1098609770 nonce_prefix=692afa25
[mlkem_channel] ciphertext buffered token=23821550 nonce_prefix=7cff9b17
[mlkem_channel] ciphertext buffered token=2250836089 nonce_prefix=ef243103
[mlkem_channel] ciphertext buffered token=1731586036 nonce_prefix=b2876153
[mlkem_channel] ciphertext buffered token=2202820888 nonce_prefix=0d7c45c9
[mlkem_channel] ciphertext buffered token=1832404483 nonce_prefix=49cc7e43
[mlkem_channel] ciphertext buffered token=1400306841 nonce_prefix=1fd6dacd
[mlkem_channel] ciphertext buffered token=3940208203 nonce_prefix=a5cec47e
[mlkem_channel] ciphertext buffered token=3347377046 nonce_prefix=2a5e0e78
[mlkem_channel] ciphertext buffered token=3125423107 nonce_prefix=6a9c39b1
[mlkem_channel] ciphertext buffered token=1611755662 nonce_prefix=63374c6d
[mlkem_channel] ciphertext buffered token=2292326749 nonce_prefix=96c14cd8
[mlkem_channel] ciphertext buffered token=2412106167 nonce_prefix=4d394791
[mlkem_channel] ciphertext buffered token=2250869305 nonce_prefix=18fadbc2
[mlkem_channel] ciphertext buffered token=1266631360 nonce_prefix=051286c0
[mlkem_channel] ciphertext buffered token=2726421897 nonce_prefix=3c087a17
[mlkem_channel] ciphertext buffered token=1173228048 nonce_prefix=62d327e8
[mlkem_channel] ciphertext refused token=2429753557: ciphertext buffer full
[mlkem_channel] ciphertext buffered token=3905118269 nonce_prefix=a1c67d2e
[mlkem_channel] ciphertext buffered token=6816373 nonce_prefix=fd0f3a0a
[mlkem_channel] ciphertext buffered token=798971858 nonce_prefix=53e7e35f
[mlkem_channel] ciphertext buffered token=2710958497 nonce_prefix=66fd2e8a
[mlkem_channel] ciphertext buffered token=3183333279 nonce_prefix=d8b99b7c
[mlkem_channel] ciphertext buffered token=2608584252 nonce_prefix=d149a40a
[mlkem_channel] ciphertext buffered token=1528748973 nonce_prefix=603acee6
[mlkem_channel] ciphertext buffered token=1620193897 nonce_prefix=ecd874e5
[mlkem_channel] ciphertext buffered token=4124376070 nonce_prefix=3ce77258
[mlkem_channel] ciphertext buffered token=2010161711 nonce_prefix=d1ce6681
[mlkem_channel] ciphertext buffered token=1884601219 nonce_prefix=bb404f90
[mlkem_channel] ciphertext buffered token=639703550 nonce_prefix=610e283a
[mlkem_channel] ciphertext buffered token=4023882729 nonce_prefix=1039dd0e
[mlkem_channel] ciphertext buffered token=3803799797 nonce_prefix=70842f52
[mlkem_channel] ciphertext buffered token=418568608 nonce_prefix=c7e33061
[mlkem_channel] ciphertext buffered token=2039595886 nonce_prefix=91ac258a
[mlkem_channel] ciphertext buffered token=2261268498 nonce_prefix=2fcb089d
[mlkem_channel] ciphertext buffered token=3540564186 nonce_prefix=602030aa
[mlkem_channel] ciphertext buffered token=1019953695 nonce_prefix=d613e2d2
[mlkem_channel] ciphertext buffered token=3729141035 nonce_prefix=3b9c8864
[mlkem_channel] ciphertext buffered token=847902941 nonce_prefix=fe28025a
[mlkem_channel] ciphertext buffered token=3672289047 nonce_prefix=6483a075
[mlkem_channel] ciphertext buffered token=67601375 nonce_prefix=10ec4c4b
[mlkem_channel] ciphertext buffered token=2892933644 nonce_prefix=17114c4b
[mlkem_channel] ciphertext buffered token=4095757486 nonce_prefix=4bf3dc90
[mlkem_channel] ciphertext buffered token=777917895 nonce_prefix=dbda626f
[mlkem_channel] ciphertext buffered token=2742313769 nonce_prefix=5f617711
[mlkem_channel] ciphertext buffered token=1417138256 nonce_prefix=33ce4804
[mlkem_channel] ciphertext buffered token=1645480391 nonce_prefix=f21f48c7
[mlkem_channel] ciphertext buffered token=2118480731 nonce_prefix=95373e53
[mlkem_channel] ciphertext buffered token=3981058875 nonce_prefix=0a8eeb14
[mlkem_channel] ciphertext buffered token=1072056375 nonce_prefix=5c044d52
[mlkem_channel] ciphertext buffered token=3979718188 nonce_prefix=4a84c47c
[mlkem_channel] ciphertext buffered token=680840660 nonce_prefix=cf80bf0f
[mlkem_channel] ciphertext buffered token=4281582888 nonce_prefix=96d25ced
[mlkem_channel] ciphertext buffered token=4243551698 nonce_prefix=96b7b00d
[mlkem_channel] ciphertext buffered token=1860539390 nonce_prefix=07576ac9
[mlkem_channel] ciphertext buffered token=2813193641 nonce_prefix=1d44b53c
[mlkem_channel] ciphertext buffered token=1783935940 nonce_prefix=213f0223
[mlkem_channel] ciphertext buffered token=3531509714 nonce_prefix=dab58c52
[mlkem_channel] ciphertext buffered token=140463549 nonce_prefix=5df8dc97
[mlkem_channel] ciphertext buffered token=2748295266 nonce_prefix=f79af776
[mlkem_channel] ciphertext buffered token=1793955928 nonce_prefix=6552f4cc
[mlkem_channel] ciphertext buffered token=2249911739 nonce_prefix=a0db5bef
[mlkem_channel] ciphertext buffered token=4217619492 nonce_prefix=3bcff9fa
[mlkem_channel] ciphertext buffered token=1585027630 nonce_prefix=a5fdb4c5
[mlkem_channel] ciphertext buffered token=2635328843 nonce_prefix=20979e24
[mlkem_channel] ciphertext buffered token=1990567570 nonce_prefix=1c61b273
[mlkem_channel] ciphertext buffered token=1291999987 nonce_prefix=fcc3e290
[mlkem_channel] ciphertext buffered token=3675362017 nonce_prefix=d4e744ae
[mlkem_channel] ciphertext buffered token=1963929004 nonce_prefix=5b687a82
[mlkem_channel] ciphertext buffered token=1965154501 nonce_prefix=ee768326
[mlkem_channel] ciphertext buffered token=3869531588 nonce_prefix=db1ccd88
[mlkem_channel] ciphertext buffered token=3406960694 nonce_prefix=5079598f
[mlkem_channel] ciphertext refused token=1300085195: ciphertext buffer full
[mlkem_channel] ciphertext refused token=2860004928: ciphertext buffer full
[mlkem_channel] ciphertext refused token=3201947054: ciphertext buffer full
[mlkem_channel] ciphertext refused token=1161740343: ciphertext buffer full
[mlkem_channel] ciphertext refused token=1054060383: ciphertext buffer full
[mlkem_channel] ciphertext refused token=3801765526: ciphertext buffer full
[mlkem_channel] ciphertext refused token=1695405163: ciphertext buffer full
[mlkem_channel] ciphertext refused token=892183379: ciphertext buffer full
[mlkem_channel] ciphertext refused token=3452352422: ciphertext buffer full
[mlkem_channel] ciphertext refused token=1011635508: ciphertext buffer full
[mlkem_channel] ciphertext refused token=584553997: ciphertext buffer full
[mlkem_channel] ciphertext refused token=3314305323: ciphertext buffer full
[mlkem_channel] ciphertext refused token=2161194562: ciphertext buffer full
[mlkem_channel] ciphertext refused token=525129436: ciphertext buffer full
[mlkem_channel] ciphertext refused token=834514863: ciphertext buffer full
[mlkem_channel] ciphertext refused token=3811672608: ciphertext buffer full
[mlkem_channel] ciphertext refused token=1027274208: ciphertext buffer full
[mlkem_channel] ciphertext refused token=788963875: ciphertext buffer full
[mlkem_channel] ciphertext refused token=1990066968: ciphertext buffer full
[mlkem_channel] ciphertext refused token=1299943194: ciphertext buffer full
[mlkem_channel] ciphertext refused token=947842609: ciphertext buffer full
[mlkem_channel] ciphertext refused token=4233025474: ciphertext buffer full
[mlkem_channel] ciphertext refused token=3715457633: ciphertext buffer full
[mlkem_channel] ciphertext refused token=3920571923: ciphertext buffer full
[mlkem_channel] ciphertext refused token=3468073856: ciphertext buffer full
[mlkem_channel] ciphertext refused token=1675959811: ciphertext buffer full
[mlkem_channel] ciphertext refused token=1635176579: ciphertext buffer full
[mlkem_channel] ciphertext refused token=2940301719: ciphertext buffer full
[mlkem_channel] ciphertext refused token=2969240768: ciphertext buffer full
[mlkem_channel] ciphertext refused token=118241705: ciphertext buffer full
[mlkem_channel] ciphertext refused token=469446095: ciphertext buffer full
[mlkem_channel] ciphertext refused token=1912280284: ciphertext buffer full
[mlkem_channel] ciphertext refused token=3712191843: ciphertext buffer full
[mlkem_channel] ciphertext refused token=1793599334: ciphertext buffer full
[mlkem_channel] ciphertext refused token=2472393421: ciphertext buffer full
[mlkem_channel] ciphertext refused token=3152344721: ciphertext buffer full
[mlkem_channel] ciphertext refused token=3924778780: ciphertext buffer full
[mlkem_channel] ciphertext refused token=2616204387: ciphertext buffer full
[mlkem_channel] ciphertext refused token=1556195878: ciphertext buffer full
[mlkem_channel] ciphertext refused token=3945400574: ciphertext buffer full
[mlkem_channel] ciphertext refused token=3557540095: ciphertext buffer full
[mlkem_channel] ciphertext refused token=2404153801: ciphertext buffer full
[mlkem_channel] ciphertext refused token=485657829: ciphertext buffer full
[mlkem_channel] ciphertext refused token=3420469910: ciphertext buffer full
[mlkem_channel] ciphertext refused token=3720794897: ciphertext buffer full
[mlkem_channel] ciphertext refused token=1076067636: ciphertext buffer full
[mlkem_channel] ciphertext refused token=3116512093: ciphertext buffer full
[mlkem_channel] ciphertext refused token=1808259303: ciphertext buffer full
[mlkem_channel] ciphertext refused token=2546695738: ciphertext buffer full
[mlkem_channel] ciphertext refused token=2106236793: ciphertext buffer full
[mlkem_channel] ciphertext refused token=1393623162: ciphertext buffer full
[mlkem_channel] ciphertext refused token=567401558: ciphertext buffer full
[mlkem_channel] ciphertext refused token=977335295: ciphertext buffer full
[mlkem_channel] ciphertext refused token=3717779894: ciphertext buffer full
[mlkem_channel] ciphertext refused token=3624190104: ciphertext buffer full
[mlkem_channel] ciphertext refused token=924990290: ciphertext buffer full
[mlkem_channel] ciphertext refused token=4167422933: ciphertext buffer full
[mlkem_channel] ciphertext refused token=1129149187: ciphertext buffer full
[mlkem_channel] ciphertext refused token=2759215215: ciphertext buffer full
[mlkem_channel] ciphertext refused token=999857932: ciphertext buffer full
[mlkem_channel] ciphertext refused token=3107478640: ciphertext buffer full
[mlkem_channel] ciphertext refused token=4057827730: ciphertext buffer full
[mlkem_channel] ciphertext refused token=2420976813: ciphertext buffer full
[mlkem_channel] ciphertext refused token=3131068673: ciphertext buffer full
[mlkem_channel] ciphertext refused token=1672266023: ciphertext buffer full
[mlkem_channel] ciphertext refused token=3090667454: ciphertext buffer full
[mlkem_channel] ciphertext refused token=3848119821: ciphertext buffer full
[mlkem_channel] ciphertext refused token=2055975298: ciphertext buffer full
[mlkem_channel] ciphertext refused token=1817086771: ciphertext buffer full
[mlkem_channel] ciphertext refused token=2623424244: ciphertext buffer full
[mlkem_channel] ciphertext refused token=775722227: ciphertext buffer full
[mlkem_channel] ciphertext refused token=3943645063: ciphertext buffer full
[mlkem_channel] ciphertext refused token=3784000260: ciphertext buffer full
[mlkem_channel] ciphertext refused token=1728314899: ciphertext buffer full
[mlkem_channel] ciphertext refused token=3941679550: ciphertext buffer full
[mlkem_channel] ciphertext refused token=447906289: ciphertext buffer full
[mlkem_channel] ciphertext refused token=3809390221: ciphertext buffer full
[mlkem_channel] ciphertext refused token=3431537387: ciphertext buffer full
[mlkem_channel] ciphertext refused token=323483179: ciphertext buffer full
[mlkem_channel] ciphertext refused token=2730948057: ciphertext buffer full
[mlkem_channel] ciphertext refused token=116757078: ciphertext buffer full
[mlkem_channel] ciphertext refused token=2057325812: ciphertext buffer full
[mlkem_channel] ciphertext refused token=858644808: ciphertext buffer full
[mlkem_channel] ciphertext refused token=2491804329: ciphertext buffer full
[mlkem_channel] ciphertext refused token=3045366689: ciphertext buffer full
[mlkem_channel] ciphertext refused token=2459229827: ciphertext buffer full
[mlkem_channel] ciphertext refused token=3916590615: ciphertext buffer full
[mlkem_channel] ciphertext refused token=3220372996: ciphertext buffer full
[mlkem_channel] ciphertext refused token=2912232261: ciphertext buffer full
[mlkem_channel] ciphertext refused token=348847222: ciphertext buffer full
[mlkem_channel] ciphertext refused token=1435814970: ciphertext buffer full
[mlkem_channel] ciphertext refused token=2910064014: ciphertext buffer full
[mlkem_channel] ciphertext refused token=2057997485: ciphertext buffer full
[mlkem_channel] ciphertext refused token=3859837628: ciphertext buffer full
[mlkem_channel] ciphertext refused token=1589213113: ciphertext buffer full
[mlkem_channel] ciphertext refused token=2561862171: ciphertext buffer full
[mlkem_channel] ciphertext refused token=3976672435: ciphertext buffer full
[mlkem_channel] ciphertext refused token=1571933769: ciphertext buffer full
[mlkem_channel] ciphertext refused token=1139727684: ciphertext buffer full
[mlkem_channel] ciphertext refused token=896739617: ciphertext buffer full
[mlkem_channel] ciphertext refused token=3202115491: ciphertext buffer full
[mlkem_channel] ciphertext refused token=2163260980: ciphertext buffer full
[mlkem_channel] ciphertext refused token=269322969: ciphertext buffer full
[mlkem_channel] ciphertext refused token=786851027: ciphertext buffer full
[mlkem_channel] ciphertext refused token=2145566571: ciphertext buffer full
[mlkem_channel] ciphertext refused token=3527109937: ciphertext buffer full
[mlkem_channel] ciphertext refused token=82504001: ciphertext buffer full
[mlkem_channel] ciphertext refused token=4291044370: ciphertext buffer full
[mlkem_channel] ciphertext refused token=90117832: ciphertext buffer full
[mlkem_channel] ciphertext refused token=929557076: ciphertext buffer full
[mlkem_channel] ciphertext refused token=2191463708: ciphertext buffer full
[mlkem_channel] ciphertext refused token=944469258: ciphertext buffer full
[mlkem_channel] ciphertext refused token=2259187169: ciphertext buffer full
[mlkem_channel] ciphertext refused token=3529353913: ciphertext buffer full
[mlkem_channel] ciphertext refused token=2377244329: ciphertext buffer full
[mlkem_channel] ciphertext refused token=1674209956: ciphertext buffer full
[mlkem_channel] ciphertext refused token=662099941: ciphertext buffer full
[mlkem_channel] ciphertext refused token=120674776: ciphertext buffer full
[mlkem_channel] ciphertext refused token=3544219166: ciphertext buffer full
[mlkem_channel] ciphertext refused token=3832672570: ciphertext buffer full
[mlkem_channel] ciphertext refused token=91061783: ciphertext buffer full
[mlkem_channel] ciphertext refused token=3827550595: ciphertext buffer full
[mlkem_channel] ciphertext refused token=226664717: ciphertext buffer full
[mlkem_channel] ciphertext refused token=3182650393: ciphertext buffer full
[mlkem_channel] ciphertext refused token=4265738672: ciphertext buffer full
[mlkem_channel] ciphertext refused token=653544790: ciphertext buffer full
[mlkem_channel] ciphertext refused token=1197951993: ciphertext buffer full
[mlkem_channel] ciphertext refused token=3604193226: ciphertext buffer full
[mlkem_channel] ciphertext refused token=789760349: ciphertext buffer full
[mlkem_channel] ciphertext refused token=4283184366: ciphertext buffer full
[mlkem_channel] ciphertext refused token=4182028193: ciphertext buffer full
[mlkem_channel] ciphertext refused token=2198524753: ciphertext buffer full
[mlkem_channel] ciphertext refused token=3565695475: ciphertext buffer full
[mlkem_channel] ciphertext refused token=3693928371: ciphertext buffer full
[mlkem_channel] ciphertext refused token=718405618: ciphertext buffer full
[mlkem_channel] ciphertext refused token=2375457209: ciphertext buffer full
[mlkem_channel] ciphertext refused token=3937183179: ciphertext buffer full
[mlkem_channel] ciphertext refused token=270723294: ciphertext buffer full
[mlkem_channel] ciphertext refused token=511310069: ciphertext buffer full
[mlkem_channel] ciphertext refused token=2426784824: ciphertext buffer full
[mlkem_channel] ciphertext refused token=642074476: ciphertext buffer full
[mlkem_channel] ciphertext refused token=3290574857: ciphertext buffer full
[mlkem_channel] ciphertext refused token=2041683505: ciphertext buffer full
[mlkem_channel] ciphertext refused token=1192562018: ciphertext buffer full
[mlkem_channel] ciphertext refused token=4010909360: ciphertext buffer full
[mlkem_channel] ciphertext refused token=3599862845: ciphertext buffer full
[mlkem_channel] ciphertext refused token=4293064201: ciphertext buffer full
[mlkem_channel] ciphertext refused token=4120348474: ciphertext buffer full
[mlkem_channel] ciphertext refused token=343773207: ciphertext buffer full
[mlkem_channel] ciphertext refused token=2770310790: ciphertext buffer full
[mlkem_channel] ciphertext refused token=1708410926: ciphertext buffer full
[mlkem_channel] ciphertext refused token=3477960152: ciphertext buffer full
[mlkem_channel] ciphertext refused token=1605389541: ciphertext buffer full
[mlkem_channel] ciphertext refused token=3081298982: ciphertext buffer full
[mlkem_channel] ciphertext refused token=829294791: ciphertext buffer full
[mlkem_channel] ciphertext refused token=372853329: ciphertext buffer full
[mlkem_channel] ciphertext refused token=2124199933: ciphertext buffer full
[mlkem_channel] ciphertext refused token=2459036356: ciphertext buffer full
[mlkem_channel] ciphertext refused token=2837737253: ciphertext buffer full
[mlkem_channel] ciphertext refused token=4050372136: ciphertext buffer full
[mlkem_channel] ciphertext refused token=2441811971: ciphertext buffer full
[mlkem_channel] ciphertext refused token=881182247: ciphertext buffer full
[mlkem_channel] ciphertext refused token=2556052720: ciphertext buffer full
[mlkem_channel] ciphertext refused token=2342080675: ciphertext buffer full
[mlkem_channel] ciphertext refused token=356581168: ciphertext buffer full
[mlkem_channel] ciphertext refused token=3362126657: ciphertext buffer full
[mlkem_channel] ciphertext refused token=2194840872: ciphertext buffer full
[mlkem_channel] ciphertext refused token=1750778683: ciphertext buffer full
[mlkem_channel] ciphertext refused token=1921195447: ciphertext buffer full
[mlkem_channel] ciphertext refused token=1451086433: ciphertext buffer full
[mlkem_channel] ciphertext refused token=2455718275: ciphertext buffer full
[mlkem_channel] ciphertext refused token=285843385: ciphertext buffer full
[mlkem_channel] ciphertext refused token=4140242535: ciphertext buffer full
[mlkem_channel] ciphertext refused token=2749700299: ciphertext buffer full
[mlkem_channel] ciphertext refused token=3082206863: ciphertext buffer full
[mlkem_channel] ciphertext refused token=1948540031: ciphertext buffer full
[mlkem_channel] ciphertext refused token=1587016457: ciphertext buffer full
[mlkem_channel] ciphertext refused token=537589830: ciphertext buffer full
[mlkem_channel] ciphertext refused token=1557291646: ciphertext buffer full
[mlkem_channel] ciphertext refused token=3889998768: ciphertext buffer full
[mlkem_channel] ciphertext refused token=3776854213: ciphertext buffer full
[mlkem_channel] ciphertext refused token=2672067846: ciphertext buffer full
[mlkem_channel] ciphertext refused token=1671123733: ciphertext buffer full
[mlkem_channel] ciphertext refused token=1201784420: ciphertext buffer full
[mlkem_channel] ciphertext refused token=1414825111: ciphertext buffer full
[mlkem_channel] ciphertext refused token=3927823063: ciphertext buffer full
[mlkem_channel] ciphertext refused token=2291891115: ciphertext buffer full
[mlkem_channel] ciphertext refused token=1549629908: ciphertext buffer full
[mlkem_channel] ciphertext refused token=3923012838: ciphertext buffer full
[mlkem_channel] ciphertext refused token=3436053509: ciphertext buffer full
[mlkem_channel] ciphertext refused token=4026081393: ciphertext buffer full
[mlkem_channel] ciphertext refused token=2523366924: ciphertext buffer full
[mlkem_channel] ciphertext refused token=3575121991: ciphertext buffer full
[mlkem_channel] ciphertext refused token=3132256181: ciphertext buffer full
[mlkem_channel] ciphertext refused token=2352324518: ciphertext buffer full
[mlkem_channel] ciphertext refused token=3523081947: ciphertext buffer full
[mlkem_channel] ciphertext refused token=2528483339: ciphertext buffer full
[mlkem_channel] ciphertext refused token=4133751647: ciphertext buffer full
[mlkem_channel] ciphertext refused token=2907058046: ciphertext buffer full
[mlkem_channel] ciphertext refused token=1444883463: ciphertext buffer full
[mlkem_channel] ciphertext refused token=4258870501: ciphertext buffer full
[mlkem_channel] ciphertext refused token=844663016: ciphertext buffer full
[mlkem_channel] ciphertext refused token=1009766558: ciphertext buffer full
[mlkem_channel] ciphertext refused token=614338641: ciphertext buffer full
[mlkem_channel] ciphertext refused token=1811687412: ciphertext buffer full
[mlkem_channel] ciphertext refused token=32277891: ciphertext buffer full
[mlkem_channel] ciphertext refused token=3982062701: ciphertext buffer full
[mlkem_channel] ciphertext refused token=2594229245: ciphertext buffer full
[mlkem_channel] ciphertext refused token=3074169082: ciphertext buffer full
[mlkem_channel] ciphertext refused token=751404129: ciphertext buffer full
[mlkem_channel] ciphertext refused token=4035685428: ciphertext buffer full
[mlkem_channel] ciphertext refused token=3547431657: ciphertext buffer full
[mlkem_channel] ciphertext refused token=3398733058: ciphertext buffer full
[mlkem_channel] ciphertext refused token=1141520707: ciphertext buffer full
[mlkem_channel] ciphertext refused token=361194164: ciphertext buffer full
[mlkem_channel] ciphertext refused token=2390548681: ciphertext buffer full
[mlkem_channel] ciphertext refused token=742568304: ciphertext buffer full
[mlkem_channel] ciphertext refused token=1298398016: ciphertext buffer full
[mlkem_channel] ciphertext refused token=1802131960: ciphertext buffer full
[mlkem_channel] ciphertext refused token=2117757467: ciphertext buffer full
[mlkem_channel] ciphertext refused token=2050558702: ciphertext buffer full
[mlkem_channel] ciphertext refused token=713812196: ciphertext buffer full
[mlkem_channel] ciphertext refused token=1940895284: ciphertext buffer full
[mlkem_channel] ciphertext refused token=3264386196: ciphertext buffer full
[mlkem_channel] ciphertext refused token=3143864959: ciphertext buffer full
[mlkem_channel] ciphertext refused token=627518291: ciphertext buffer full
[mlkem_channel] ciphertext refused token=3883581857: ciphertext buffer full
[mlkem_channel] ciphertext refused token=457478429: ciphertext buffer full
[mlkem_channel] ciphertext refused token=3011652804: ciphertext buffer full
[mlkem_channel] ciphertext refused token=4177959544: ciphertext buffer full
[mlkem_channel] ciphertext refused token=1014085871: ciphertext buffer full
[mlkem_channel] ciphertext refused token=2931697345: ciphertext buffer full
[mlkem_channel] ciphertext refused token=625085700: ciphertext buffer full
[mlkem_channel] ciphertext refused token=2026576810: ciphertext buffer full
[mlkem_channel] ciphertext refused token=604648957: ciphertext buffer full
[mlkem_channel] ciphertext refused token=1976427553: ciphertext buffer full
[mlkem_channel] ciphertext refused token=1522887385: ciphertext buffer full
[mlkem_channel] ciphertext refused token=4083073329: ciphertext buffer full
[mlkem_channel] ciphertext refused token=2161978878: ciphertext buffer full
[mlkem_channel] ciphertext refused token=2827235211: ciphertext buffer full
[mlkem_channel] ciphertext refused token=2204566992: ciphertext buffer full
[mlkem_channel] ciphertext refused token=1929298029: ciphertext buffer full
[mlkem_channel] ciphertext refused token=3321392335: ciphertext buffer full
[mlkem_channel] ciphertext refused token=511937697: ciphertext buffer full
[mlkem_channel] ciphertext refused token=779942676: ciphertext buffer full
[mlkem_channel] ciphertext refused token=1193837196: ciphertext buffer full
[mlkem_channel] ciphertext refused token=1433380726: ciphertext buffer full
[mlkem_channel] ciphertext refused token=931096715: ciphertext buffer full
[mlkem_channel] ciphertext refused token=182620036: ciphertext buffer full
[mlkem_channel] ciphertext refused token=620795430: ciphertext buffer full
[mlkem_channel] ciphertext refused token=4127547330: ciphertext buffer full
[mlkem_channel] ciphertext refused token=387902886: ciphertext buffer full
[mlkem_channel] ciphertext refused token=684228782: ciphertext buffer full
[mlkem_channel] ciphertext refused token=4228624854: ciphertext buffer full
[mlkem_channel] ciphertext refused token=1630192589: ciphertext buffer full
[mlkem_channel] ciphertext refused token=2970324624: ciphertext buffer full
[mlkem_channel] ciphertext refused token=171950452: ciphertext buffer full
[mlkem_channel] ciphertext refused token=1556548262: ciphertext buffer full
[mlkem_channel] ciphertext refused token=3930488597: ciphertext buffer full
[mlkem_channel] ciphertext refused token=1210078697: ciphertext buffer full
[mlkem_channel] ciphertext refused token=3148184469: ciphertext buffer full
[mlkem_channel] ciphertext refused token=2143905441: ciphertext buffer full
[mlkem_channel] ciphertext refused token=3178550660: ciphertext buffer full
[mlkem_channel] ciphertext refused token=4064163626: ciphertext buffer full
[mlkem_channel] ciphertext refused token=1847750280: ciphertext buffer full
[mlkem_channel] ciphertext refused token=969996686: ciphertext buffer full
[mlkem_channel] ciphertext refused token=1948288777: ciphertext buffer full
[mlkem_channel] ciphertext refused token=4203950400: ciphertext buffer full
[mlkem_channel] ciphertext refused token=4051635007: ciphertext buffer full
[mlkem_channel] ciphertext refused token=2334322672: ciphertext buffer full
[mlkem_channel] ciphertext refused token=2849199851: ciphertext buffer full
[mlkem_channel] ciphertext refused token=1513085123: ciphertext buffer full
[mlkem_channel] ciphertext refused token=3988326102: ciphertext buffer full
[mlkem_channel] ciphertext refused token=605034357: ciphertext buffer full
[mlkem_channel] ciphertext refused token=168591844: ciphertext buffer full
[mlkem_channel] ciphertext refused token=406207756: ciphertext buffer full
[mlkem_channel] ciphertext refused token=12790500: ciphertext buffer full
[mlkem_channel] ciphertext refused token=3664142424: ciphertext buffer full
[mlkem_channel] ciphertext refused token=395014817: ciphertext buffer full
[mlkem_channel] ciphertext refused token=3083339311: ciphertext buffer full
[mlkem_channel] ciphertext refused token=1716787939: ciphertext buffer full
[mlkem_channel] ciphertext refused token=1611819546: ciphertext buffer full
[mlkem_channel] ciphertext refused token=2059692014: ciphertext buffer full
[mlkem_channel] ciphertext refused token=2181918805: ciphertext buffer full
[mlkem_channel] ciphertext refused token=560773016: ciphertext buffer full
[mlkem_channel] ciphertext refused token=1061971506: ciphertext buffer full
[mlkem_channel] ciphertext refused token=286377572: ciphertext buffer full
[mlkem_channel] ciphertext refused token=4096402778: ciphertext buffer full
[mlkem_channel] ciphertext refused token=1602697904: ciphertext buffer full
[mlkem_channel] ciphertext refused token=4280859938: ciphertext buffer full
[mlkem_channel] ciphertext refused token=840625941: ciphertext buffer full
[mlkem_channel] ciphertext refused token=2702054513: ciphertext buffer full
[mlkem_channel] ciphertext refused token=638647801: ciphertext buffer full
[mlkem_channel] ciphertext refused token=3120486677: ciphertext buffer full
[mlkem_channel] ciphertext refused token=2760404355: ciphertext buffer full
[mlkem_channel] ciphertext refused token=1246802793: ciphertext buffer full
[mlkem_channel] ciphertext refused token=3014902277: ciphertext buffer full
[mlkem_channel] ciphertext refused token=3038909078: ciphertext buffer full
[mlkem_channel] ciphertext refused token=4087437211: ciphertext buffer full
[mlkem_channel] ciphertext refused token=2329317155: ciphertext buffer full
[mlkem_channel] ciphertext refused token=2330236252: ciphertext buffer full
[mlkem_channel] ciphertext refused token=2742625306: ciphertext buffer full
[mlkem_channel] ciphertext refused token=2376968808: ciphertext buffer full
[mlkem_channel] ciphertext refused token=2207634395: ciphertext buffer full
[mlkem_channel] ciphertext refused token=3235737203: ciphertext buffer full
[mlkem_channel] ciphertext refused token=263665100: ciphertext buffer full
[mlkem_channel] ciphertext refused token=3790213959: ciphertext buffer full
[mlkem_channel] ciphertext refused token=1122100062: ciphertext buffer full
[mlkem_channel] ciphertext refused token=25710415: ciphertext buffer full
[mlkem_channel] ciphertext refused token=3965676329: ciphertext buffer full
[mlkem_channel] ciphertext refused token=1460241966: ciphertext buffer full
[mlkem_channel] ciphertext refused token=1861505870: ciphertext buffer full
[mlkem_channel] ciphertext refused token=3368752194: ciphertext buffer full
[mlkem_channel] ciphertext refused token=2506259837: ciphertext buffer full
[mlkem_channel] ciphertext refused token=3048150287: ciphertext buffer full
[mlkem_channel] ciphertext refused token=1904167830: ciphertext buffer full
[mlkem_channel] ciphertext refused token=337994465: ciphertext buffer full
[mlkem_channel] ciphertext refused token=2125117382: ciphertext buffer full
[mlkem_channel] ciphertext refused token=1792847402: ciphertext buffer full
[mlkem_channel] ciphertext refused token=2564832291: ciphertext buffer full
[mlkem_channel] ciphertext refused token=3914582801: ciphertext buffer full
[mlkem_channel] ciphertext refused token=1710543468: ciphertext buffer full
[mlkem_channel] ciphertext refused token=1832948069: ciphertext buffer full
[mlkem_channel] ciphertext refused token=2712512036: ciphertext buffer full
[mlkem_channel] ciphertext refused token=1218961698: ciphertext buffer full
[mlkem_channel] ciphertext refused token=4199569587: ciphertext buffer full
[mlkem_channel] ciphertext refused token=3732684097: ciphertext buffer full
[mlkem_channel] ciphertext refused token=1530684098: ciphertext buffer full
[mlkem_channel] ciphertext refused token=1610763995: ciphertext buffer full
[mlkem_channel] ciphertext refused token=1817128096: ciphertext buffer full
[mlkem_channel] ciphertext refused token=1514492301: ciphertext buffer full
[mlkem_channel] ciphertext refused token=1733278233: ciphertext buffer full
[mlkem_channel] ciphertext refused token=3086537728: ciphertext buffer full
[mlkem_channel] ciphertext refused token=1935004012: ciphertext buffer full
[mlkem_channel] ciphertext refused token=4046127473: ciphertext buffer full
[mlkem_channel] ciphertext refused token=3131181890: ciphertext buffer full
[mlkem_channel] ciphertext refused token=3074572123: ciphertext buffer full
[mlkem_channel] ciphertext refused token=2979889289: ciphertext buffer full
[mlkem_channel] ciphertext refused token=3487171570: ciphertext buffer full
[mlkem_channel] ciphertext refused token=46089285: ciphertext buffer full
[mlkem_channel] ciphertext refused token=2266587286: ciphertext buffer full
[mlkem_channel] ciphertext refused token=939377121: ciphertext buffer full
[mlkem_channel] ciphertext refused token=1113232421: ciphertext buffer full
[mlkem_channel] ciphertext refused token=915906953: ciphertext buffer full
[mlkem_channel] ciphertext refused token=2711386259: ciphertext buffer full
[mlkem_channel] ciphertext refused token=3065895289: ciphertext buffer full
[mlkem_channel] ciphertext refused token=2540303745: ciphertext buffer full
[mlkem_channel] ciphertext refused token=69814129: ciphertext buffer full
[mlkem_channel] ciphertext refused token=3465820476: ciphertext buffer full
[mlkem_channel] ciphertext refused token=877167673: ciphertext buffer full
[mlkem_channel] ciphertext refused token=2596288986: ciphertext buffer full
[mlkem_channel] ciphertext refused token=3151944501: ciphertext buffer full
[mlkem_channel] ciphertext refused token=1056644639: ciphertext buffer full
[mlkem_channel] ciphertext refused token=834788792: ciphertext buffer full
[mlkem_channel] ciphertext refused token=1830442543: ciphertext buffer full
[mlkem_channel] ciphertext refused token=82540825: ciphertext buffer full
[mlkem_channel] ciphertext refused token=3980738439: ciphertext buffer full
[mlkem_channel] ciphertext refused token=2276909575: ciphertext buffer full
[mlkem_channel] ciphertext refused token=3660579864: ciphertext buffer full
[mlkem_channel] ciphertext refused token=1035204887: ciphertext buffer full
[mlkem_channel] ciphertext refused token=3744867537: ciphertext buffer full
[mlkem_channel] ciphertext refused token=827960358: ciphertext buffer full
[mlkem_channel] ciphertext refused token=2680904461: ciphertext buffer full
[mlkem_channel] ciphertext refused token=3398722010: ciphertext buffer full
[mlkem_channel] ciphertext refused token=1433491955: ciphertext buffer full
[mlkem_channel] ciphertext refused token=228615581: ciphertext buffer full
[mlkem_channel] ciphertext refused token=1424459812: ciphertext buffer full
[mlkem_channel] ciphertext refused token=1534970808: ciphertext buffer full
[mlkem_channel] ciphertext refused token=2294754029: ciphertext buffer full
[mlkem_channel] ciphertext refused token=1262096670: ciphertext buffer full
[mlkem_channel] ciphertext refused token=1436242265: ciphertext buffer full
[mlkem_channel] ciphertext refused token=3075150165: ciphertext buffer full
[mlkem_channel] ciphertext refused token=1495344129: ciphertext buffer full
[mlkem_channel] ciphertext refused token=3239265935: ciphertext buffer full
[mlkem_channel] ciphertext refused token=640372645: ciphertext buffer full
[mlkem_channel] ciphertext refused token=2932386977: ciphertext buffer full
[mlkem_channel] ciphertext refused token=821640393: ciphertext buffer full
[mlkem_channel] ciphertext refused token=4160681868: ciphertext buffer full
[mlkem_channel] ciphertext refused token=3947922442: ciphertext buffer full
[mlkem_channel] ciphertext refused token=1676657559: ciphertext buffer full
[mlkem_channel] ciphertext refused token=1316844788: ciphertext buffer full
[mlkem_channel] ciphertext refused token=3080573892: ciphertext buffer full
[mlkem_channel] ciphertext refused token=904025799: ciphertext buffer full
[mlkem_channel] ciphertext refused token=4101378308: ciphertext buffer full
[mlkem_channel] ciphertext refused token=3331645273: ciphertext buffer full
[mlkem_channel] ciphertext refused token=1799657547: ciphertext buffer full
[mlkem_channel] ciphertext refused token=1474300908: ciphertext buffer full
[mlkem_channel] ciphertext refused token=1083176135: ciphertext buffer full
[mlkem_channel] ciphertext refused token=2807954649: ciphertext buffer full
[mlkem_channel] ciphertext refused token=1828032831: ciphertext buffer full
[mlkem_channel] ciphertext refused token=1432686756: ciphertext buffer full
[mlkem_channel] ciphertext refused token=1604431575: ciphertext buffer full
[mlkem_channel] ciphertext refused token=1084546047: ciphertext buffer full
[mlkem_channel] ciphertext refused token=1315450657: ciphertext buffer full
[mlkem_channel] ciphertext refused token=3711118140: ciphertext buffer full
[mlkem_channel] ciphertext refused token=2351896926: ciphertext buffer full
[mlkem_channel] ciphertext refused token=2767882362: ciphertext buffer full
[mlkem_channel] ciphertext refused token=3880376842: ciphertext buffer full
[mlkem_channel] ciphertext refused token=1160324290: ciphertext buffer full
[mlkem_channel] ciphertext refused token=1155208156: ciphertext buffer full
[mlkem_channel] ciphertext refused token=2873042888: ciphertext buffer full
[mlkem_channel] ciphertext refused token=2520730651: ciphertext buffer full
[mlkem_channel] ciphertext refused token=412160598: ciphertext buffer full
[mlkem_channel] ciphertext refused token=864921947: ciphertext buffer full
[mlkem_channel] ciphertext refused token=3475672655: ciphertext buffer full
[mlkem_channel] ciphertext refused token=3750165946: ciphertext buffer full
[mlkem_channel] ciphertext refused token=702152867: ciphertext buffer full
[mlkem_channel] ciphertext refused token=2842102498: ciphertext buffer full
[mlkem_channel] ciphertext refused token=953614586: ciphertext buffer full
[mlkem_channel] ciphertext refused token=2484693562: ciphertext buffer full
[mlkem_channel] ciphertext refused token=148794235: ciphertext buffer full
[mlkem_channel] ciphertext refused token=2872483294: ciphertext buffer full
[mlkem_channel] ciphertext refused token=133293126: ciphertext buffer full
[mlkem_channel] ciphertext refused token=1682340267: ciphertext buffer full
[mlkem_channel] ciphertext refused token=2525477195: ciphertext buffer full
[mlkem_channel] ciphertext refused token=1382190540: ciphertext buffer full
[mlkem_channel] ciphertext refused token=600184080: ciphertext buffer full
[mlkem_channel] ciphertext refused token=3364054247: ciphertext buffer full
[mlkem_channel] ciphertext refused token=749544254: ciphertext buffer full
[mlkem_channel] ciphertext refused token=2106632133: ciphertext buffer full
[mlkem_channel] ciphertext refused token=231492890: ciphertext buffer full
[mlkem_channel] ciphertext refused token=2818631284: ciphertext buffer full
[mlkem_channel] ciphertext refused token=2638922836: ciphertext buffer full
[mlkem_channel] ciphertext refused token=3756837667: ciphertext buffer full
[mlkem_channel] ciphertext refused token=2988881186: ciphertext buffer full
[mlkem_channel] ciphertext refused token=2987927676: ciphertext buffer full
[mlkem_channel] ciphertext refused token=2885160390: ciphertext buffer full
[mlkem_channel] ciphertext refused token=3654649455: ciphertext buffer full
[mlkem_channel] ciphertext refused token=8197374: ciphertext buffer full
[mlkem_channel] ciphertext refused token=4230765584: ciphertext buffer full
[mlkem_channel] ciphertext refused token=2016543473: ciphertext buffer full
[mlkem_channel] ciphertext refused token=1170599347: ciphertext buffer full
[mlkem_channel] ciphertext refused token=1851224990: ciphertext buffer full
[mlkem_channel] ciphertext refused token=2453925113: ciphertext buffer full
[mlkem_channel] ciphertext refused token=2498594535: ciphertext buffer full
[mlkem_channel] ciphertext refused token=4104147318: ciphertext buffer full
[mlkem_channel] ciphertext refused token=2700826434: ciphertext buffer full
[mlkem_channel] ciphertext refused token=3333311023: ciphertext buffer full
[mlkem_channel] ciphertext refused token=2616881303: ciphertext buffer full
[mlkem_channel] ciphertext refused token=193771909: ciphertext buffer full
[mlkem_channel] ciphertext refused token=755539400: ciphertext buffer full
[mlkem_channel] ciphertext refused token=89954893: ciphertext buffer full
[mlkem_channel] ciphertext refused token=178426005: ciphertext buffer full
[mlkem_channel] ciphertext refused token=1982070835: ciphertext buffer full
[mlkem_channel] ciphertext refused token=2758658266: ciphertext buffer full
[mlkem_channel] ciphertext refused token=2137552302: ciphertext buffer full
[mlkem_channel] ciphertext refused token=2803838223: ciphertext buffer full
[mlkem_channel] ciphertext refused token=3876345448: ciphertext buffer full
[mlkem_channel] ciphertext refused token=50482479: ciphertext buffer full
[mlkem_channel] ciphertext refused token=692422334: ciphertext buffer full
[mlkem_channel] ciphertext refused token=1244462121: ciphertext buffer full
[mlkem_channel] ciphertext refused token=2358255879: ciphertext buffer full
[mlkem_channel] ciphertext refused token=2739077416: ciphertext buffer full
[mlkem_channel] ciphertext refused token=3288174803: ciphertext buffer full
[mlkem_channel] ciphertext refused token=4086356350: ciphertext buffer full
[mlkem_channel] ciphertext refused token=1333353310: ciphertext buffer full
[mlkem_channel] ciphertext refused token=3226162290: ciphertext buffer full
[mlkem_channel] ciphertext refused token=1705986738: ciphertext buffer full
[mlkem_channel] ciphertext refused token=3875072647: ciphertext buffer full
[mlkem_channel] ciphertext refused token=1806625087: ciphertext buffer full
[mlkem_channel] ciphertext refused token=721135582: ciphertext buffer full
[mlkem_channel] ciphertext refused token=1305189745: ciphertext buffer full
[mlkem_channel] ciphertext refused token=2983446332: ciphertext buffer full
[mlkem_channel] ciphertext refused token=1599299507: ciphertext buffer full
[mlkem_channel] ciphertext refused token=1551471783: ciphertext buffer full
[mlkem_channel] ciphertext refused token=4196224529: ciphertext buffer full
[mlkem_channel] ciphertext refused token=3996444967: ciphertext buffer full
[mlkem_channel] ciphertext refused token=120976289: ciphertext buffer full
[mlkem_channel] ciphertext refused token=2137730316: ciphertext buffer full
[mlkem_channel] ciphertext refused token=2647862701: ciphertext buffer full
[mlkem_channel] ciphertext refused token=2526370829: ciphertext buffer full
[mlkem_channel] ciphertext refused token=839585016: ciphertext buffer full
[mlkem_channel] ciphertext refused token=3093978063: ciphertext buffer full
[mlkem_channel] ciphertext refused token=3165829855: ciphertext buffer full
[mlkem_channel] ciphertext refused token=3356621590: ciphertext buffer full
[mlkem_channel] ciphertext refused token=1015039760: ciphertext buffer full
[mlkem_channel] ciphertext refused token=16521338: ciphertext buffer full
[mlkem_channel] ciphertext refused token=3616955451: ciphertext buffer full
[mlkem_channel] ciphertext refused token=1215445285: ciphertext buffer full
[mlkem_channel] ciphertext refused token=1507487089: ciphertext buffer full
[mlkem_channel] ciphertext refused token=3979264776: ciphertext buffer full
[mlkem_channel] ciphertext refused token=457319830: ciphertext buffer full
[mlkem_channel] ciphertext refused token=2340302720: ciphertext buffer full
[mlkem_channel] ciphertext refused token=484014401: ciphertext buffer full
[mlkem_channel] ciphertext refused token=285150804: ciphertext buffer full
[mlkem_channel] ciphertext refused token=937839928: ciphertext buffer full
[mlkem_channel] ciphertext refused token=2834549847: ciphertext buffer full
[mlkem_channel] ciphertext refused token=1418250622: ciphertext buffer full
[mlkem_channel] ciphertext refused token=2597727951: ciphertext buffer full
[mlkem_channel] ciphertext refused token=2107553671: ciphertext buffer full
[mlkem_channel] ciphertext refused token=3532815811: ciphertext buffer full
[mlkem_channel] ciphertext refused token=371024468: ciphertext buffer full
[mlkem_channel] ciphertext refused token=3094727338: ciphertext buffer full
[mlkem_channel] ciphertext refused token=2775162934: ciphertext buffer full
[mlkem_channel] ciphertext refused token=852945475: ciphertext buffer full
[mlkem_channel] ciphertext refused token=2092176886: ciphertext buffer full
[mlkem_channel] ciphertext refused token=2063819061: ciphertext buffer full
[mlkem_channel] ciphertext refused token=906328004: ciphertext buffer full
[mlkem_channel] ciphertext refused token=380763835: ciphertext buffer full
[mlkem_channel] ciphertext refused token=2247139658: ciphertext buffer full
[mlkem_channel] ciphertext refused token=3658711359: ciphertext buffer full
[mlkem_channel] ciphertext refused token=2027202816: ciphertext buffer full
[mlkem_channel] ciphertext refused token=4233410317: ciphertext buffer full
[mlkem_channel] ciphertext refused token=3698531288: ciphertext buffer full
[mlkem_channel] ciphertext refused token=3645532368: ciphertext buffer full
[mlkem_channel] ciphertext refused token=2353461522: ciphertext buffer full
[mlkem_channel] ciphertext refused token=1123413732: ciphertext buffer full
[mlkem_channel] ciphertext refused token=3725781306: ciphertext buffer full
[mlkem_channel] ciphertext refused token=3389630020: ciphertext buffer full
[mlkem_channel] ciphertext refused token=2271739514: ciphertext buffer full
[mlkem_channel] ciphertext refused token=2358588546: ciphertext buffer full
[mlkem_channel] ciphertext refused token=2090480038: ciphertext buffer full
[mlkem_channel] ciphertext refused token=2291445877: ciphertext buffer full
[mlkem_channel] ciphertext refused token=862017784: ciphertext buffer full
[mlkem_channel] ciphertext refused token=798934434: ciphertext buffer full
[mlkem_channel] ciphertext refused token=1155579715: ciphertext buffer full
[mlkem_channel] ciphertext refused token=1161165291: ciphertext buffer full
[mlkem_channel] ciphertext refused token=3690466653: ciphertext buffer full
[mlkem_channel] ciphertext refused token=1336089488: ciphertext buffer full
[mlkem_channel] ciphertext refused token=564502190: ciphertext buffer full
[mlkem_channel] ciphertext refused token=2003152160: ciphertext buffer full
[mlkem_channel] ciphertext refused token=944318613: ciphertext buffer full
[mlkem_channel] ciphertext refused token=2959361284: ciphertext buffer full
[mlkem_channel] ciphertext refused token=79401382: ciphertext buffer full
[mlkem_channel] ciphertext refused token=4252584696: ciphertext buffer full
[mlkem_channel] ciphertext refused token=383513599: ciphertext buffer full
[mlkem_channel] ciphertext refused token=1823446089: ciphertext buffer full
[mlkem_channel] ciphertext refused token=1251062069: ciphertext buffer full
[mlkem_channel] ciphertext refused token=3306424239: ciphertext buffer full
[mlkem_channel] ciphertext refused token=1499720988: ciphertext buffer full
[mlkem_channel] ciphertext refused token=2700876754: ciphertext buffer full
[mlkem_channel] ciphertext refused token=1138086152: ciphertext buffer full
[mlkem_channel] ciphertext refused token=1938059693: ciphertext buffer full
[mlkem_channel] ciphertext refused token=1030528868: ciphertext buffer full
[mlkem_channel] ciphertext refused token=1091706106: ciphertext buffer full
[mlkem_channel] ciphertext refused token=3720366550: ciphertext buffer full
[mlkem_channel] ciphertext refused token=17458489: ciphertext buffer full
[mlkem_channel] ciphertext refused token=2646548165: ciphertext buffer full
[mlkem_channel] ciphertext refused token=3620039920: ciphertext buffer full
[mlkem_channel] ciphertext refused token=801105843: ciphertext buffer full
[mlkem_channel] ciphertext refused token=1265128130: ciphertext buffer full
[mlkem_channel] ciphertext refused token=1944315991: ciphertext buffer full
[mlkem_channel] ciphertext refused token=859609589: ciphertext buffer full
[mlkem_channel] ciphertext refused token=106049982: ciphertext buffer full
[mlkem_channel] ciphertext refused token=4082229923: ciphertext buffer full
[mlkem_channel] ciphertext refused token=1346522241: ciphertext buffer full
[mlkem_channel] ciphertext refused token=91209430: ciphertext buffer full
[mlkem_channel] ciphertext refused token=2515524649: ciphertext buffer full
[mlkem_channel] ciphertext refused token=4192279913: ciphertext buffer full
[mlkem_channel] ciphertext refused token=1535427288: ciphertext buffer full
[mlkem_channel] ciphertext refused token=273437908: ciphertext buffer full
[mlkem_channel] ciphertext refused token=4274425437: ciphertext buffer full
[mlkem_channel] ciphertext refused token=2078772940: ciphertext buffer full
[mlkem_channel] ciphertext refused token=1327562657: ciphertext buffer full
[mlkem_channel] ciphertext refused token=3366343144: ciphertext buffer full
[mlkem_channel] ciphertext refused token=3793210722: ciphertext buffer full
[mlkem_channel] ciphertext refused token=3372666854: ciphertext buffer full
[mlkem_channel] ciphertext refused token=3655835334: ciphertext buffer full
[mlkem_channel] ciphertext refused token=1403558850: ciphertext buffer full
[mlkem_channel] ciphertext refused token=3666956086: ciphertext buffer full
[mlkem_channel] ciphertext refused token=1029089962: ciphertext buffer full
[mlkem_channel] ciphertext refused token=3031081047: ciphertext buffer full
[mlkem_channel] ciphertext refused token=2295093864: ciphertext buffer full
[mlkem_channel] ciphertext refused token=1634460570: ciphertext buffer full
[mlkem_channel] ciphertext refused token=373924144: ciphertext buffer full
[mlkem_channel] ciphertext refused token=1916297257: ciphertext buffer full
[mlkem_channel] ciphertext refused token=1730823981: ciphertext buffer full
[mlkem_channel] ciphertext refused token=1382012307: ciphertext buffer full
[mlkem_channel] ciphertext refused token=202051380: ciphertext buffer full
[mlkem_channel] ciphertext refused token=2899564812: ciphertext buffer full
[mlkem_channel] ciphertext refused token=2365227712: ciphertext buffer full
[mlkem_channel] ciphertext refused token=2009554769: ciphertext buffer full
[mlkem_channel] ciphertext refused token=2221564741: ciphertext buffer full
[mlkem_channel] ciphertext refused token=1953512598: ciphertext buffer full
[mlkem_channel] ciphertext refused token=904622290: ciphertext buffer full
[mlkem_channel] ciphertext refused token=352416586: ciphertext buffer full
[mlkem_channel] ciphertext refused token=1605509109: ciphertext buffer full
[mlkem_channel] ciphertext refused token=1300223594: ciphertext buffer full
[mlkem_channel] ciphertext refused token=1461509091: ciphertext buffer full
[mlkem_channel] ciphertext refused token=4133149574: ciphertext buffer full
[mlkem_channel] ciphertext refused token=2076269521: ciphertext buffer full
[mlkem_channel] ciphertext refused token=461546842: ciphertext buffer full
[mlkem_channel] ciphertext refused token=1307950921: ciphertext buffer full
[mlkem_channel] ciphertext refused token=750643871: ciphertext buffer full
[mlkem_channel] ciphertext refused token=783820744: ciphertext buffer full
[mlkem_channel] ciphertext refused token=2636921805: ciphertext buffer full
[mlkem_channel] ciphertext refused token=509983019: ciphertext buffer full
[mlkem_channel] ciphertext refused token=104957841: ciphertext buffer full
[mlkem_channel] ciphertext refused token=2483465419: ciphertext buffer full
[mlkem_channel] ciphertext refused token=2663293357: ciphertext buffer full
[mlkem_channel] ciphertext refused token=1823018804: ciphertext buffer full
[mlkem_channel] ciphertext refused token=123178498: ciphertext buffer full
[mlkem_channel] ciphertext refused token=3322364630: ciphertext buffer full
[mlkem_channel] ciphertext refused token=4177385429: ciphertext buffer full
[mlkem_channel] ciphertext refused token=955214882: ciphertext buffer full
[mlkem_channel] ciphertext refused token=3461286947: ciphertext buffer full
[mlkem_channel] ciphertext refused token=486933737: ciphertext buffer full
[mlkem_channel] ciphertext refused token=2992074161: ciphertext buffer full
[mlkem_channel] ciphertext refused token=3966019186: ciphertext buffer full
[mlkem_channel] ciphertext refused token=2938534902: ciphertext buffer full
[mlkem_channel] ciphertext refused token=2904699896: ciphertext buffer full
[mlkem_channel] ciphertext refused token=1704614781: ciphertext buffer full
[mlkem_channel] ciphertext refused token=2118771576: ciphertext buffer full
[mlkem_channel] ciphertext refused token=926177435: ciphertext buffer full
[mlkem_channel] ciphertext refused token=482528692: ciphertext buffer full
[mlkem_channel] ciphertext refused token=251486868: ciphertext buffer full
[mlkem_channel] ciphertext refused token=2321579502: ciphertext buffer full
[mlkem_channel] ciphertext refused token=3347427679: ciphertext buffer full
[mlkem_channel] ciphertext refused token=509919752: ciphertext buffer full
[mlkem_channel] ciphertext refused token=354872797: ciphertext buffer full
[mlkem_channel] ciphertext refused token=396173150: ciphertext buffer full
[mlkem_channel] ciphertext refused token=2531631863: ciphertext buffer full
[mlkem_channel] ciphertext refused token=1186487840: ciphertext buffer full
[mlkem_channel] ciphertext refused token=2957564499: ciphertext buffer full
[mlkem_channel] ciphertext refused token=1051673861: ciphertext buffer full
[mlkem_channel] ciphertext refused token=3600317945: ciphertext buffer full
[mlkem_channel] ciphertext refused token=1128615457: ciphertext buffer full
[mlkem_channel] ciphertext refused token=4047099243: ciphertext buffer full
[mlkem_channel] ciphertext refused token=506344856: ciphertext buffer full
[mlkem_channel] ciphertext refused token=3692766860: ciphertext buffer full
[mlkem_channel] ciphertext refused token=2047670735: ciphertext buffer full
[mlkem_channel] ciphertext refused token=3277218359: ciphertext buffer full
[mlkem_channel] ciphertext refused token=3711662712: ciphertext buffer full
[mlkem_channel] ciphertext refused token=3789660497: ciphertext buffer full
[mlkem_channel] ciphertext refused token=931743828: ciphertext buffer full
[mlkem_channel] ciphertext refused token=333487717: ciphertext buffer full
[mlkem_channel] ciphertext refused token=2767729262: ciphertext buffer full
[mlkem_channel] ciphertext refused token=56921658: ciphertext buffer full
[mlkem_channel] ciphertext refused token=1807770561: ciphertext buffer full
[mlkem_channel] ciphertext refused token=3142191243: ciphertext buffer full
[mlkem_channel] ciphertext refused token=3917212430: ciphertext buffer full
[mlkem_channel] ciphertext refused token=473710345: ciphertext buffer full
[mlkem_channel] ciphertext refused token=2458545724: ciphertext buffer full
[mlkem_channel] ciphertext refused token=3871195625: ciphertext buffer full
[mlkem_channel] ciphertext refused token=1583401692: ciphertext buffer full
[mlkem_channel] ciphertext refused token=984509876: ciphertext buffer full
[mlkem_channel] ciphertext refused token=679169300: ciphertext buffer full
[mlkem_channel] ciphertext refused token=4183201377: ciphertext buffer full
[mlkem_channel] ciphertext refused token=1312767164: ciphertext buffer full
[mlkem_channel] ciphertext refused token=1548235491: ciphertext buffer full
[mlkem_channel] ciphertext refused token=3552812125: ciphertext buffer full
[mlkem_channel] ciphertext refused token=1921398293: ciphertext buffer full
[mlkem_channel] ciphertext refused token=3303153969: ciphertext buffer full
[mlkem_channel] ciphertext refused token=737941236: ciphertext buffer full
[mlkem_channel] ciphertext refused token=4158918820: ciphertext buffer full
[mlkem_channel] ciphertext refused token=712417701: ciphertext buffer full
[mlkem_channel] ciphertext refused token=1530931956: ciphertext buffer full
[mlkem_channel] ciphertext refused token=1524506315: ciphertext buffer full
[mlkem_channel] ciphertext refused token=2756840693: ciphertext buffer full
[mlkem_channel] ciphertext refused token=4173304250: ciphertext buffer full
[mlkem_channel] ciphertext refused token=276224629: ciphertext buffer full
[mlkem_channel] ciphertext refused token=357296804: ciphertext buffer full
[mlkem_channel] ciphertext refused token=837414155: ciphertext buffer full
[mlkem_channel] ciphertext refused token=3138000320: ciphertext buffer full
[mlkem_channel] ciphertext refused token=537133344: ciphertext buffer full
[mlkem_channel] ciphertext refused token=1830104270: ciphertext buffer full
[mlkem_channel] ciphertext refused token=2184615492: ciphertext buffer full
[mlkem_channel] ciphertext refused token=814700312: ciphertext buffer full
[mlkem_channel] ciphertext refused token=4100494365: ciphertext buffer full
[mlkem_channel] ciphertext refused token=2721245510: ciphertext buffer full
[mlkem_channel] ciphertext refused token=4216955992: ciphertext buffer full
[mlkem_channel] ciphertext refused token=2507968399: ciphertext buffer full
[mlkem_channel] ciphertext refused token=4289630710: ciphertext buffer full
[mlkem_channel] ciphertext refused token=1641112406: ciphertext buffer full
[mlkem_channel] ciphertext refused token=3125973449: ciphertext buffer full
[mlkem_channel] ciphertext refused token=525073552: ciphertext buffer full
[mlkem_channel] ciphertext refused token=421817037: ciphertext buffer full
[mlkem_channel] ciphertext refused token=2471350460: ciphertext buffer full
[mlkem_channel] ciphertext refused token=2433392226: ciphertext buffer full
[mlkem_channel] ciphertext refused token=3680023633: ciphertext buffer full
[mlkem_channel] ciphertext refused token=1232722352: ciphertext buffer full
[mlkem_channel] ciphertext refused token=3139050197: ciphertext buffer full
[mlkem_channel] ciphertext refused token=2676541225: ciphertext buffer full
[mlkem_channel] ciphertext refused token=4070261165: ciphertext buffer full
[mlkem_channel] ciphertext refused token=865289988: ciphertext buffer full
[mlkem_channel] ciphertext refused token=2967877639: ciphertext buffer full
[mlkem_channel] ciphertext refused token=1483649179: ciphertext buffer full
[mlkem_channel] ciphertext refused token=1944209814: ciphertext buffer full
[mlkem_channel] ciphertext refused token=3388367973: ciphertext buffer full
[mlkem_channel] ciphertext refused token=1837876612: ciphertext buffer full
[mlkem_channel] ciphertext refused token=2101098233: ciphertext buffer full
[mlkem_channel] ciphertext refused token=304725534: ciphertext buffer full
[mlkem_channel] ciphertext refused token=3491488885: ciphertext buffer full
[mlkem_channel] ciphertext refused token=3071401886: ciphertext buffer full
[mlkem_channel] ciphertext refused token=2935743033: ciphertext buffer full
[mlkem_channel] ciphertext refused token=1894843483: ciphertext buffer full
[mlkem_channel] ciphertext refused token=1840991804: ciphertext buffer full
[mlkem_channel] ciphertext refused token=1473553709: ciphertext buffer full
[mlkem_channel] ciphertext refused token=1453144776: ciphertext buffer full
[mlkem_channel] ciphertext refused token=2395549609: ciphertext buffer full
[mlkem_channel] ciphertext refused token=3316198582: ciphertext buffer full
[mlkem_channel] ciphertext refused token=1269577809: ciphertext buffer full
[mlkem_channel] ciphertext refused token=2875941527: ciphertext buffer full
[mlkem_channel] ciphertext refused token=2842970823: ciphertext buffer full
[mlkem_channel] ciphertext refused token=2312107637: ciphertext buffer full
[mlkem_channel] ciphertext refused token=3089342973: ciphertext buffer full
[mlkem_channel] ciphertext refused token=2854076947: ciphertext buffer full
[mlkem_channel] ciphertext refused token=2139721653: ciphertext buffer full
[mlkem_channel] ciphertext refused token=1753885095: ciphertext buffer full
[mlkem_channel] ciphertext refused token=1125202507: ciphertext buffer full
[mlkem_channel] ciphertext refused token=112998811: ciphertext buffer full
[mlkem_channel] ciphertext refused token=402511470: ciphertext buffer full
[mlkem_channel] ciphertext refused token=1387331457: ciphertext buffer full
[mlkem_channel] ciphertext refused token=137749517: ciphertext buffer full
[mlkem_channel] ciphertext refused token=3562305451: ciphertext buffer full
[mlkem_channel] ciphertext refused token=1306616617: ciphertext buffer full
[mlkem_channel] ciphertext refused token=1279975788: ciphertext buffer full
[mlkem_channel] ciphertext refused token=1207185644: ciphertext buffer full
[mlkem_channel] ciphertext refused token=2679544130: ciphertext buffer full
[mlkem_channel] ciphertext refused token=3407557726: ciphertext buffer full
[mlkem_channel] ciphertext refused token=2273234477: ciphertext buffer full
[mlkem_channel] ciphertext refused token=1526805172: ciphertext buffer full
[mlkem_channel] ciphertext refused token=1116678884: ciphertext buffer full
[mlkem_channel] ciphertext refused token=2029321987: ciphertext buffer full
[mlkem_channel] ciphertext refused token=435251793: ciphertext buffer full
[mlkem_channel] ciphertext refused token=841261231: ciphertext buffer full
[mlkem_channel] ciphertext refused token=1653906774: ciphertext buffer full
[mlkem_channel] ciphertext refused token=3950196154: ciphertext buffer full
[mlkem_channel] ciphertext refused token=2480106324: ciphertext buffer full
[mlkem_channel] ciphertext refused token=2280059894: ciphertext buffer full
[mlkem_channel] ciphertext refused token=3007938920: ciphertext buffer full
[mlkem_channel] ciphertext refused token=2982584145: ciphertext buffer full
[mlkem_channel] ciphertext refused token=747069938: ciphertext buffer full
[mlkem_channel] ciphertext refused token=791199441: ciphertext buffer full
[mlkem_channel] ciphertext refused token=2252892558: ciphertext buffer full
[mlkem_channel] ciphertext refused token=2221788299: ciphertext buffer full
[mlkem_channel] ciphertext refused token=1662729982: ciphertext buffer full
[mlkem_channel] ciphertext refused token=3956300780: ciphertext buffer full
[mlkem_channel] ciphertext refused token=2050914408: ciphertext buffer full
[mlkem_channel] ciphertext refused token=233714136: ciphertext buffer full
[mlkem_channel] ciphertext refused token=312727688: ciphertext buffer full
[mlkem_channel] ciphertext refused token=3442036262: ciphertext buffer full
[mlkem_channel] ciphertext refused token=1215620104: ciphertext buffer full
[mlkem_channel] ciphertext refused token=1106343712: ciphertext buffer full
[mlkem_channel] ciphertext refused token=1102507896: ciphertext buffer full
[mlkem_channel] ciphertext refused token=3027438013: ciphertext buffer full
[mlkem_channel] ciphertext refused token=1268730187: ciphertext buffer full
[mlkem_channel] ciphertext refused token=3501074161: ciphertext buffer full
[mlkem_channel] ciphertext refused token=2199759085: ciphertext buffer full
[mlkem_channel] ciphertext refused token=4089998926: ciphertext buffer full
[mlkem_channel] ciphertext refused token=2050376622: ciphertext buffer full
[mlkem_channel] ciphertext refused token=1693897395: ciphertext buffer full
[mlkem_channel] ciphertext refused token=3635798037: ciphertext buffer full
[mlkem_channel] ciphertext refused token=4263221364: ciphertext buffer full
[mlkem_channel] ciphertext refused token=3552880637: ciphertext buffer full
[mlkem_channel] ciphertext refused token=1006549088: ciphertext buffer full
[mlkem_channel] ciphertext refused token=1574145254: ciphertext buffer full
[mlkem_channel] ciphertext refused token=2779346302: ciphertext buffer full
[mlkem_channel] ciphertext refused token=3049562037: ciphertext buffer full
[mlkem_channel] ciphertext refused token=984146601: ciphertext buffer full
[mlkem_channel] ciphertext refused token=3556420307: ciphertext buffer full
[mlkem_channel] ciphertext refused token=2962122363: ciphertext buffer full
[mlkem_channel] ciphertext refused token=1033622015: ciphertext buffer full
[mlkem_channel] ciphertext refused token=1772834770: ciphertext buffer full
[mlkem_channel] ciphertext refused token=3255246528: ciphertext buffer full
[mlkem_channel] ciphertext refused token=2713312415: ciphertext buffer full
[mlkem_channel] ciphertext refused token=1433328701: ciphertext buffer full
[mlkem_channel] ciphertext refused token=3501042322: ciphertext buffer full
[mlkem_channel] ciphertext refused token=4053816717: ciphertext buffer full
[mlkem_channel] ciphertext refused token=831433869: ciphertext buffer full
[mlkem_channel] ciphertext refused token=2319816523: ciphertext buffer full
[mlkem_channel] ciphertext refused token=1264316122: ciphertext buffer full
[mlkem_channel] ciphertext refused token=173071907: ciphertext buffer full
[mlkem_channel] ciphertext refused token=2766409288: ciphertext buffer full
[mlkem_channel] ciphertext refused token=1881992299: ciphertext buffer full
[mlkem_channel] ciphertext refused token=1116746744: ciphertext buffer full
[mlkem_channel] ciphertext refused token=3058597143: ciphertext buffer full
[mlkem_channel] ciphertext refused token=1265495842: ciphertext buffer full
[mlkem_channel] ciphertext refused token=3781490303: ciphertext buffer full
[mlkem_channel] ciphertext refused token=1093564889: ciphertext buffer full
[mlkem_channel] ciphertext refused token=3163210906: ciphertext buffer full
[mlkem_channel] ciphertext refused token=711819215: ciphertext buffer full
[mlkem_channel] ciphertext refused token=1057522294: ciphertext buffer full
[mlkem_channel] ciphertext refused token=1300213418: ciphertext buffer full
[mlkem_channel] ciphertext refused token=2343391471: ciphertext buffer full
[mlkem_channel] ciphertext refused token=1798525833: ciphertext buffer full
[mlkem_channel] ciphertext refused token=1973496649: ciphertext buffer full
[mlkem_channel] ciphertext refused token=534215422: ciphertext buffer full
[mlkem_channel] ciphertext refused token=1619023881: ciphertext buffer full
[mlkem_channel] ciphertext refused token=1177515167: ciphertext buffer full
[mlkem_channel] ciphertext refused token=453604703: ciphertext buffer full
[mlkem_channel] ciphertext refused token=3887887685: ciphertext buffer full
[mlkem_channel] ciphertext refused token=2644949872: ciphertext buffer full
[mlkem_channel] ciphertext refused token=2219638862: ciphertext buffer full
[mlkem_channel] ciphertext refused token=755150073: ciphertext buffer full
[mlkem_channel] ciphertext refused token=2230116543: ciphertext buffer full
[mlkem_channel] ciphertext refused token=3876267303: ciphertext buffer full
[mlkem_channel] ciphertext refused token=1975701561: ciphertext buffer full
[mlkem_channel] ciphertext refused token=540767148: ciphertext buffer full
[mlkem_channel] ciphertext refused token=4082817303: ciphertext buffer full
[mlkem_channel] ciphertext refused token=2936965286: ciphertext buffer full
[mlkem_channel] ciphertext refused token=2186717360: ciphertext buffer full
[mlkem_channel] ciphertext refused token=2671286750: ciphertext buffer full
[mlkem_channel] ciphertext refused token=1759829345: ciphertext buffer full
[mlkem_channel] ciphertext refused token=734860937: ciphertext buffer full
[mlkem_channel] ciphertext refused token=1540917256: ciphertext buffer full
[mlkem_channel] ciphertext refused token=3158792232: ciphertext buffer full
[mlkem_channel] ciphertext refused token=1289300537: ciphertext buffer full
[mlkem_channel] ciphertext refused token=3693622183: ciphertext buffer full
[mlkem_channel] ciphertext refused token=1896093198: ciphertext buffer full
[mlkem_channel] ciphertext refused token=2035841636: ciphertext buffer full
[mlkem_channel] ciphertext refused token=2091118397: ciphertext buffer full
[mlkem_channel] ciphertext refused token=441471686: ciphertext buffer full
[mlkem_channel] ciphertext refused token=3519121947: ciphertext buffer full
[mlkem_channel] ciphertext refused token=848798181: ciphertext buffer full
[mlkem_channel] ciphertext refused token=3911553127: ciphertext buffer full
[mlkem_channel] ciphertext refused token=965047261: ciphertext buffer full
[mlkem_channel] ciphertext refused token=914335399: ciphertext buffer full
[mlkem_channel] ciphertext refused token=2973897164: ciphertext buffer full
[mlkem_channel] ciphertext refused token=828597722: ciphertext buffer full
[mlkem_channel] ciphertext refused token=3932446994: ciphertext buffer full
[mlkem_channel] ciphertext refused token=1527424579: ciphertext buffer full
[mlkem_channel] ciphertext refused token=811341324: ciphertext buffer full
[mlkem_channel] ciphertext refused token=879380051: ciphertext buffer full
[mlkem_channel] ciphertext refused token=2801570146: ciphertext buffer full
[mlkem_channel] ciphertext refused token=1072459939: ciphertext buffer full
[mlkem_channel] ciphertext refused token=3110494045: ciphertext buffer full
[mlkem_channel] ciphertext refused token=4204660219: ciphertext buffer full
[mlkem_channel] ciphertext refused token=1193533188: ciphertext buffer full
[mlkem_channel] ciphertext refused token=2017470591: ciphertext buffer full
[mlkem_channel] ciphertext refused token=2358364985: ciphertext buffer full
[mlkem_channel] ciphertext refused token=311630495: ciphertext buffer full
[mlkem_channel] ciphertext refused token=3428939449: ciphertext buffer full
[mlkem_channel] ciphertext refused token=2111673530: ciphertext buffer full
[mlkem_channel] ciphertext refused token=1488613887: ciphertext buffer full
[mlkem_channel] ciphertext refused token=3393215407: ciphertext buffer full
[mlkem_channel] ciphertext refused token=1378708892: ciphertext buffer full
[mlkem_channel] ciphertext refused token=1166226579: ciphertext buffer full
[mlkem_channel] ciphertext refused token=3619614383: ciphertext buffer full
[mlkem_channel] ciphertext refused token=3530389930: ciphertext buffer full
[mlkem_channel] ciphertext refused token=394739914: ciphertext buffer full
[mlkem_channel] ciphertext refused token=1596468422: ciphertext buffer full
[mlkem_channel] ciphertext refused token=907125170: ciphertext buffer full
[mlkem_channel] ciphertext refused token=4165553395: ciphertext buffer full
[mlkem_channel] ciphertext refused token=2165238371: ciphertext buffer full
[mlkem_channel] ciphertext refused token=229145611: ciphertext buffer full
[mlkem_channel] ciphertext refused token=1149504116: ciphertext buffer full
[mlkem_channel] ciphertext refused token=3003821578: ciphertext buffer full
[mlkem_channel] ciphertext refused token=4219595958: ciphertext buffer full
[mlkem_channel] ciphertext refused token=1652231923: ciphertext buffer full
[mlkem_channel] ciphertext refused token=386172964: ciphertext buffer full
[mlkem_channel] ciphertext refused token=3701183928: ciphertext buffer full
[mlkem_channel] ciphertext refused token=2476063197: ciphertext buffer full
[mlkem_channel] ciphertext refused token=3388270002: ciphertext buffer full
[mlkem_channel] ciphertext refused token=1294273993: ciphertext buffer full
[mlkem_channel] ciphertext refused token=3352102571: ciphertext buffer full
[mlkem_channel] ciphertext refused token=2995306347: ciphertext buffer full
[mlkem_channel] ciphertext refused token=349199841: ciphertext buffer full
[mlkem_channel] ciphertext refused token=3403691701: ciphertext buffer full
[mlkem_channel] ciphertext refused token=3516194874: ciphertext buffer full
[mlkem_channel] ciphertext refused token=1814571108: ciphertext buffer full
[mlkem_channel] ciphertext refused token=3012229790: ciphertext buffer full
[mlkem_channel] ciphertext refused token=1458115150: ciphertext buffer full
[mlkem_channel] ciphertext refused token=3441092033: ciphertext buffer full
[mlkem_channel] ciphertext refused token=2837432884: ciphertext buffer full
[mlkem_channel] ciphertext refused token=3141137092: ciphertext buffer full
[mlkem_channel] ciphertext refused token=4041183983: ciphertext buffer full
[mlkem_channel] ciphertext refused token=3267654715: ciphertext buffer full
[mlkem_channel] ciphertext refused token=1692421895: ciphertext buffer full
[mlkem_channel] ciphertext refused token=673615928: ciphertext buffer full
[mlkem_channel] ciphertext refused token=779429163: ciphertext buffer full
[mlkem_channel] ciphertext refused token=3801600955: ciphertext buffer full
[mlkem_channel] ciphertext refused token=2704946330: ciphertext buffer full
[mlkem_channel] ciphertext refused token=1587686529: ciphertext buffer full
[mlkem_channel] ciphertext refused token=417192799: ciphertext buffer full
[mlkem_channel] ciphertext refused token=3116957430: ciphertext buffer full
[mlkem_channel] ciphertext refused token=3312269972: ciphertext buffer full
[mlkem_channel] ciphertext refused token=2638281576: ciphertext buffer full
[mlkem_channel] ciphertext refused token=458839290: ciphertext buffer full
[mlkem_channel] ciphertext refused token=3494024984: ciphertext buffer full
[mlkem_channel] ciphertext refused token=2834004477: ciphertext buffer full
[mlkem_channel] ciphertext refused token=2059844390: ciphertext buffer full
[mlkem_channel] ciphertext refused token=543414225: ciphertext buffer full
[mlkem_channel] ciphertext refused token=1230584816: ciphertext buffer full
[mlkem_channel] ciphertext refused token=3247223492: ciphertext buffer full
[mlkem_channel] ciphertext refused token=778477696: ciphertext buffer full
[mlkem_channel] ciphertext refused token=362996704: ciphertext buffer full
[mlkem_channel] ciphertext refused token=1616558314: ciphertext buffer full
[mlkem_channel] ciphertext refused token=384466657: ciphertext buffer full
[mlkem_channel] ciphertext refused token=2533458369: ciphertext buffer full
[mlkem_channel] ciphertext refused token=595002231: ciphertext buffer full
[mlkem_channel] ciphertext refused token=656024161: ciphertext buffer full
[mlkem_channel] ciphertext refused token=1488375060: ciphertext buffer full
[mlkem_channel] ciphertext refused token=3829342436: ciphertext buffer full
[mlkem_channel] ciphertext refused token=3446732737: ciphertext buffer full
[mlkem_channel] ciphertext refused token=1096908898: ciphertext buffer full
[mlkem_channel] ciphertext refused token=1199198426: ciphertext buffer full
[mlkem_channel] ciphertext refused token=2849596455: ciphertext buffer full
[mlkem_channel] ciphertext refused token=3599706514: ciphertext buffer full
[mlkem_channel] ciphertext refused token=3053068880: ciphertext buffer full
[mlkem_channel] ciphertext refused token=3644634669: ciphertext buffer full
[mlkem_channel] ciphertext refused token=1146616048: ciphertext buffer full
[mlkem_channel] ciphertext refused token=2797688870: ciphertext buffer full
[mlkem_channel] ciphertext refused token=2078043257: ciphertext buffer full
[mlkem_channel] ciphertext refused token=3224198998: ciphertext buffer full
[mlkem_channel] ciphertext refused token=367809632: ciphertext buffer full
[mlkem_channel] ciphertext refused token=3433856526: ciphertext buffer full
[mlkem_channel] ciphertext refused token=1050062280: ciphertext buffer full
[mlkem_channel] ciphertext refused token=1964176974: ciphertext buffer full
[mlkem_channel] ciphertext refused token=3609790962: ciphertext buffer full
[mlkem_channel] ciphertext refused token=3536105744: ciphertext buffer full
[mlkem_channel] ciphertext refused token=3781638468: ciphertext buffer full
[mlkem_channel] ciphertext refused token=546218383: ciphertext buffer full
[mlkem_channel] ciphertext refused token=464964049: ciphertext buffer full
[mlkem_channel] ciphertext refused token=2941917311: ciphertext buffer full
[mlkem_channel] ciphertext refused token=19706055: ciphertext buffer full
[mlkem_channel] ciphertext refused token=3574850637: ciphertext buffer full
[mlkem_channel] ciphertext refused token=2733305328: ciphertext buffer full
[mlkem_channel] ciphertext refused token=468545045: ciphertext buffer full
[mlkem_channel] ciphertext refused token=3760243346: ciphertext buffer full
[mlkem_channel] ciphertext refused token=3129521537: ciphertext buffer full
[mlkem_channel] ciphertext refused token=1922451053: ciphertext buffer full
[mlkem_channel] ciphertext refused token=1619373981: ciphertext buffer full
[mlkem_channel] ciphertext refused token=2194895692: ciphertext buffer full
[mlkem_channel] ciphertext refused token=1188911491: ciphertext buffer full
[mlkem_channel] ciphertext refused token=1309517677: ciphertext buffer full
[mlkem_channel] ciphertext refused token=10313266: ciphertext buffer full
[mlkem_channel] ciphertext refused token=2953606838: ciphertext buffer full
[mlkem_channel] ciphertext refused token=2354312448: ciphertext buffer full
[mlkem_channel] ciphertext refused token=1929181639: ciphertext buffer full
[mlkem_channel] ciphertext refused token=2832513338: ciphertext buffer full
[mlkem_channel] ciphertext refused token=2272480089: ciphertext buffer full
[mlkem_channel] ciphertext refused token=2261466723: ciphertext buffer full
[mlkem_channel] ciphertext refused token=2170501721: ciphertext buffer full
[mlkem_channel] ciphertext refused token=1465294564: ciphertext buffer full
[mlkem_channel] ciphertext refused token=2831991945: ciphertext buffer full
[mlkem_channel] ciphertext refused token=2912113575: ciphertext buffer full
[mlkem_channel] ciphertext refused token=593140536: ciphertext buffer full
[mlkem_channel] ciphertext refused token=3950133774: ciphertext buffer full
[mlkem_channel] ciphertext refused token=1399252089: ciphertext buffer full
[mlkem_channel] ciphertext refused token=1684126896: ciphertext buffer full
[mlkem_channel] ciphertext refused token=2216493431: ciphertext buffer full
[mlkem_channel] ciphertext refused token=3094286986: ciphertext buffer full
[mlkem_channel] ciphertext refused token=875603685: ciphertext buffer full
[mlkem_channel] ciphertext refused token=995539207: ciphertext buffer full
[mlkem_channel] ciphertext refused token=2112019280: ciphertext buffer full
[mlkem_channel] ciphertext refused token=2277832222: ciphertext buffer full
[mlkem_channel] ciphertext refused token=3208358417: ciphertext buffer full
[mlkem_channel] ciphertext refused token=1630544179: ciphertext buffer full
[mlkem_channel] ciphertext refused token=2424348362: ciphertext buffer full
[mlkem_channel] ciphertext refused token=2919722859: ciphertext buffer full
[mlkem_channel] ciphertext refused token=2785406685: ciphertext buffer full
[mlkem_channel] ciphertext refused token=3080454145: ciphertext buffer full
[mlkem_channel] ciphertext refused token=2309902438: ciphertext buffer full
[mlkem_channel] ciphertext refused token=1104381453: ciphertext buffer full
[mlkem_channel] ciphertext refused token=688668618: ciphertext buffer full
[mlkem_channel] ciphertext refused token=578174091: ciphertext buffer full
[mlkem_channel] ciphertext refused token=1629197936: ciphertext buffer full
[mlkem_channel] ciphertext refused token=3181340559: ciphertext buffer full
[mlkem_channel] ciphertext refused token=3154560706: ciphertext buffer full
[mlkem_channel] ciphertext refused token=3154815190: ciphertext buffer full
[mlkem_channel] ciphertext refused token=1970961082: ciphertext buffer full
[mlkem_channel] ciphertext refused token=2275533004: ciphertext buffer full
[mlkem_channel] ciphertext refused token=2275843217: ciphertext buffer full
[mlkem_channel] ciphertext refused token=793645018: ciphertext buffer full
[mlkem_channel] ciphertext refused token=572212304: ciphertext buffer full
[mlkem_channel] ciphertext refused token=422995924: ciphertext buffer full
[mlkem_channel] ciphertext refused token=876947439: ciphertext buffer full
[mlkem_channel] ciphertext refused token=1369791964: ciphertext buffer full
[mlkem_channel] ciphertext refused token=1285994393: ciphertext buffer full
[mlkem_channel] ciphertext refused token=2639434748: ciphertext buffer full
[mlkem_channel] ciphertext refused token=3868152491: ciphertext buffer full
[mlkem_channel] ciphertext refused token=1216590017: ciphertext buffer full
[mlkem_channel] ciphertext refused token=3417316760: ciphertext buffer full
[mlkem_channel] ciphertext refused token=438272875: ciphertext buffer full
[mlkem_channel] ciphertext refused token=1568208767: ciphertext buffer full
[mlkem_channel] ciphertext refused token=1332461849: ciphertext buffer full
[mlkem_channel] ciphertext refused token=9339119: ciphertext buffer full
[mlkem_channel] ciphertext refused token=3886873768: ciphertext buffer full
[mlkem_channel] ciphertext refused token=3935940093: ciphertext buffer full
[mlkem_channel] ciphertext refused token=1738906460: ciphertext buffer full
[mlkem_channel] ciphertext refused token=95601100: ciphertext buffer full
[mlkem_channel] ciphertext refused token=1507029800: ciphertext buffer full
[mlkem_channel] ciphertext refused token=1526000335: ciphertext buffer full
[mlkem_channel] ciphertext refused token=3999363521: ciphertext buffer full
[mlkem_channel] ciphertext refused token=1449056712: ciphertext buffer full
[mlkem_channel] ciphertext refused token=2414270364: ciphertext buffer full
[mlkem_channel] ciphertext refused token=1996917818: ciphertext buffer full
[mlkem_channel] ciphertext refused token=3418774522: ciphertext buffer full
[mlkem_channel] ciphertext refused token=2571748651: ciphertext buffer full
[mlkem_channel] ciphertext refused token=870005819: ciphertext buffer full
[mlkem_channel] ciphertext refused token=1979417273: ciphertext buffer full
[mlkem_channel] ciphertext refused token=1556806992: ciphertext buffer full
[mlkem_channel] ciphertext refused token=1913157629: ciphertext buffer full
[mlkem_channel] ciphertext refused token=726639398: ciphertext buffer full
[mlkem_channel] ciphertext refused token=3813138467: ciphertext buffer full
[mlkem_channel] ciphertext refused token=2621662780: ciphertext buffer full
[mlkem_channel] ciphertext refused token=748114441: ciphertext buffer full
[mlkem_channel] ciphertext refused token=2617497490: ciphertext buffer full
[mlkem_channel] ciphertext refused token=2732473080: ciphertext buffer full
[mlkem_channel] ciphertext refused token=1021783521: ciphertext buffer full
[mlkem_channel] ciphertext refused token=187368248: ciphertext buffer full
[mlkem_channel] ciphertext refused token=710020575: ciphertext buffer full
[mlkem_channel] ciphertext refused token=1423262131: ciphertext buffer full
[mlkem_channel] ciphertext refused token=1753125530: ciphertext buffer full
[mlkem_channel] ciphertext refused token=4064066283: ciphertext buffer full
[mlkem_channel] ciphertext refused token=834103060: ciphertext buffer full
[mlkem_channel] ciphertext refused token=3009702715: ciphertext buffer full
[mlkem_channel] ciphertext refused token=560455861: ciphertext buffer full
[mlkem_channel] ciphertext refused token=1034948941: ciphertext buffer full
[mlkem_channel] ciphertext refused token=1946146655: ciphertext buffer full
[mlkem_channel] ciphertext refused token=2418239971: ciphertext buffer full
[mlkem_channel] ciphertext refused token=1886320009: ciphertext buffer full
[mlkem_channel] ciphertext refused token=509745874: ciphertext buffer full
[mlkem_channel] ciphertext refused token=3062738261: ciphertext buffer full
[mlkem_channel] ciphertext refused token=3309877048: ciphertext buffer full
[mlkem_channel] ciphertext refused token=2225093451: ciphertext buffer full
[mlkem_channel] ciphertext refused token=3846379967: ciphertext buffer full
[mlkem_channel] ciphertext refused token=2171466063: ciphertext buffer full
[mlkem_channel] ciphertext refused token=453869358: ciphertext buffer full
[mlkem_channel] ciphertext refused token=3372278611: ciphertext buffer full
[mlkem_channel] ciphertext refused token=2058604774: ciphertext buffer full
[mlkem_channel] ciphertext refused token=3142176950: ciphertext buffer full
[mlkem_channel] ciphertext refused token=3237817047: ciphertext buffer full
[mlkem_channel] ciphertext refused token=2404652602: ciphertext buffer full
[mlkem_channel] ciphertext refused token=443062440: ciphertext buffer full
[mlkem_channel] ciphertext refused token=3404920757: ciphertext buffer full
[mlkem_channel] ciphertext refused token=1754052410: ciphertext buffer full
[mlkem_channel] ciphertext refused token=591716408: ciphertext buffer full
[mlkem_channel] ciphertext refused token=1969485390: ciphertext buffer full
[mlkem_channel] ciphertext refused token=924684925: ciphertext buffer full
[mlkem_channel] ciphertext refused token=1830307738: ciphertext buffer full
[mlkem_channel] ciphertext refused token=1820931731: ciphertext buffer full
[mlkem_channel] ciphertext refused token=3630135724: ciphertext buffer full
[mlkem_channel] ciphertext refused token=449404436: ciphertext buffer full
[mlkem_channel] ciphertext refused token=375195043: ciphertext buffer full
[mlkem_channel] ciphertext refused token=2031608525: ciphertext buffer full
[mlkem_channel] ciphertext refused token=1233439254: ciphertext buffer full
[mlkem_channel] ciphertext refused token=253529166: ciphertext buffer full
[mlkem_channel] ciphertext refused token=856574169: ciphertext buffer full
[mlkem_channel] ciphertext refused token=3246511320: ciphertext buffer full
[mlkem_channel] ciphertext refused token=879694706: ciphertext buffer full
[mlkem_channel] ciphertext refused token=3019070632: ciphertext buffer full
[mlkem_channel] ciphertext refused token=884652862: ciphertext buffer full
[mlkem_channel] ciphertext refused token=3934914775: ciphertext buffer full
[mlkem_channel] ciphertext refused token=3710518409: ciphertext buffer full
[mlkem_channel] ciphertext refused token=1947746859: ciphertext buffer full
[mlkem_channel] ciphertext refused token=3741578664: ciphertext buffer full
[mlkem_channel] ciphertext refused token=3645765867: ciphertext buffer full
[mlkem_channel] ciphertext refused token=1830671113: ciphertext buffer full
[mlkem_channel] ciphertext refused token=3349756467: ciphertext buffer full
[mlkem_channel] ciphertext refused token=2501942532: ciphertext buffer full
[mlkem_channel] ciphertext refused token=2091293156: ciphertext buffer full
[mlkem_channel] ciphertext refused token=3382671899: ciphertext buffer full
[mlkem_channel] ciphertext refused token=2946874962: ciphertext buffer full
[mlkem_channel] ciphertext refused token=1633197256: ciphertext buffer full
[mlkem_channel] ciphertext refused token=135931427: ciphertext buffer full
[mlkem_channel] ciphertext refused token=2245349426: ciphertext buffer full
[mlkem_channel] ciphertext refused token=3797723411: ciphertext buffer full
[mlkem_channel] ciphertext refused token=4144225080: ciphertext buffer full
[mlkem_channel] ciphertext refused token=728073627: ciphertext buffer full
[mlkem_channel] ciphertext refused token=6631479: ciphertext buffer full
[mlkem_channel] ciphertext refused token=2602577671: ciphertext buffer full
[mlkem_channel] ciphertext refused token=3989924294: ciphertext buffer full
[mlkem_channel] ciphertext refused token=3334547981: ciphertext buffer full
[mlkem_channel] ciphertext refused token=3586024463: ciphertext buffer full
[mlkem_channel] ciphertext refused token=1394142323: ciphertext buffer full
[mlkem_channel] ciphertext refused token=1583266999: ciphertext buffer full
[mlkem_channel] ciphertext refused token=2679070825: ciphertext buffer full
[mlkem_channel] ciphertext refused token=3321734212: ciphertext buffer full
[mlkem_channel] ciphertext refused token=2535527226: ciphertext buffer full
[mlkem_channel] ciphertext refused token=3955967750: ciphertext buffer full
[mlkem_channel] ciphertext refused token=3546286353: ciphertext buffer full
[mlkem_channel] ciphertext refused token=3681997341: ciphertext buffer full
[mlkem_channel] ciphertext refused token=675627401: ciphertext buffer full
[mlkem_channel] ciphertext refused token=430662424: ciphertext buffer full
[mlkem_channel] ciphertext refused token=2804815200: ciphertext buffer full
[mlkem_channel] ciphertext refused token=769503986: ciphertext buffer full
[mlkem_channel] ciphertext refused token=1006655639: ciphertext buffer full
[mlkem_channel] ciphertext refused token=2047154108: ciphertext buffer full
[mlkem_channel] ciphertext refused token=3085812886: ciphertext buffer full
[mlkem_channel] ciphertext refused token=387702877: ciphertext buffer full
[mlkem_channel] ciphertext refused token=1046915650: ciphertext buffer full
[mlkem_channel] ciphertext refused token=892862174: ciphertext buffer full
[mlkem_channel] ciphertext refused token=2857964491: ciphertext buffer full
[mlkem_channel] ciphertext refused token=3193913777: ciphertext buffer full
[mlkem_channel] ciphertext refused token=927719018: ciphertext buffer full
[mlkem_channel] ciphertext refused token=3647806569: ciphertext buffer full
[mlkem_channel] ciphertext refused token=3623543045: ciphertext buffer full
[mlkem_channel] ciphertext refused token=350127722: ciphertext buffer full
[mlkem_channel] ciphertext refused token=3000900938: ciphertext buffer full
[mlkem_channel] ciphertext refused token=3021169879: ciphertext buffer full
[mlkem_channel] ciphertext refused token=2507298329: ciphertext buffer full
[mlkem_channel] ciphertext refused token=2180723669: ciphertext buffer full
[mlkem_channel] ciphertext refused token=3431445120: ciphertext buffer full
[mlkem_channel] ciphertext refused token=4259647945: ciphertext buffer full
[mlkem_channel] ciphertext refused token=69118781: ciphertext buffer full
[mlkem_channel] ciphertext refused token=2619112905: ciphertext buffer full
[mlkem_channel] ciphertext refused token=4003065205: ciphertext buffer full
[mlkem_channel] ciphertext refused token=4158944229: ciphertext buffer full
[mlkem_channel] ciphertext refused token=3622160043: ciphertext buffer full
[mlkem_channel] ciphertext refused token=2605102200: ciphertext buffer full
[mlkem_channel] ciphertext refused token=4117630773: ciphertext buffer full
[mlkem_channel] ciphertext refused token=1032508099: ciphertext buffer full
[mlkem_channel] ciphertext refused token=3478386525: ciphertext buffer full
[mlkem_channel] ciphertext refused token=1432485989: ciphertext buffer full
[mlkem_channel] ciphertext refused token=3446436390: ciphertext buffer full
[mlkem_channel] ciphertext refused token=2787776067: ciphertext buffer full
[mlkem_channel] ciphertext refused token=3685475775: ciphertext buffer full
[mlkem_channel] ciphertext refused token=2660954644: ciphertext buffer full
[mlkem_channel] ciphertext refused token=1249501560: ciphertext buffer full
[mlkem_channel] ciphertext refused token=246422339: ciphertext buffer full
[mlkem_channel] ciphertext refused token=1820749632: ciphertext buffer full
[mlkem_channel] ciphertext refused token=3390717432: ciphertext buffer full
[mlkem_channel] ciphertext refused token=2495887772: ciphertext buffer full
[mlkem_channel] ciphertext refused token=2663684957: ciphertext buffer full
[mlkem_channel] ciphertext refused token=2026283828: ciphertext buffer full
[mlkem_channel] ciphertext refused token=3802454382: ciphertext buffer full
[mlkem_channel] ciphertext refused token=3039830655: ciphertext buffer full
[mlkem_channel] ciphertext refused token=3996393242: ciphertext buffer full
[mlkem_channel] ciphertext refused token=792537066: ciphertext buffer full
[mlkem_channel] ciphertext refused token=796241048: ciphertext buffer full
[mlkem_channel] ciphertext refused token=2706707165: ciphertext buffer full
[mlkem_channel] ciphertext refused token=1702508148: ciphertext buffer full
[mlkem_channel] ciphertext refused token=3660746242: ciphertext buffer full
[mlkem_channel] ciphertext refused token=3475883497: ciphertext buffer full
[mlkem_channel] ciphertext refused token=2082847265: ciphertext buffer full
[mlkem_channel] ciphertext refused token=3506602253: ciphertext buffer full
[mlkem_channel] ciphertext refused token=2958359956: ciphertext buffer full
[mlkem_channel] ciphertext refused token=1924703732: ciphertext buffer full
[mlkem_channel] ciphertext refused token=3670808450: ciphertext buffer full
[mlkem_channel] ciphertext refused token=54307588: ciphertext buffer full
[mlkem_channel] ciphertext refused token=3445818252: ciphertext buffer full
[mlkem_channel] ciphertext refused token=961716037: ciphertext buffer full
[mlkem_channel] ciphertext refused token=1090817691: ciphertext buffer full
[mlkem_channel] ciphertext refused token=3177522830: ciphertext buffer full
[mlkem_channel] ciphertext refused token=599314942: ciphertext buffer full
[mlkem_channel] ciphertext refused token=2741825386: ciphertext buffer full
[mlkem_channel] ciphertext refused token=4139042556: ciphertext buffer full
[mlkem_channel] ciphertext refused token=1553026775: ciphertext buffer full
[mlkem_channel] ciphertext refused token=4085001567: ciphertext buffer full
[mlkem_channel] ciphertext refused token=3615089232: ciphertext buffer full
[mlkem_channel] ciphertext refused token=999562088: ciphertext buffer full
[mlkem_channel] ciphertext refused token=1758825504: ciphertext buffer full
[mlkem_channel] ciphertext refused token=976725385: ciphertext buffer full
[mlkem_channel] ciphertext refused token=3938227473: ciphertext buffer full
[mlkem_channel] ciphertext refused token=2763849627: ciphertext buffer full
[mlkem_channel] ciphertext refused token=4073575227: ciphertext buffer full
[mlkem_channel] ciphertext refused token=3041649763: ciphertext buffer full
[mlkem_channel] ciphertext refused token=275975868: ciphertext buffer full
[mlkem_channel] ciphertext refused token=341966731: ciphertext buffer full
[mlkem_channel] ciphertext refused token=177467936: ciphertext buffer full
[mlkem_channel] ciphertext refused token=2058382340: ciphertext buffer full
[mlkem_channel] ciphertext refused token=2757823202: ciphertext buffer full
[mlkem_channel] ciphertext refused token=1085096037: ciphertext buffer full
[mlkem_channel] ciphertext refused token=4216961756: ciphertext buffer full
[mlkem_channel] ciphertext refused token=533143992: ciphertext buffer full
[mlkem_channel] ciphertext refused token=678302082: ciphertext buffer full
[mlkem_channel] ciphertext refused token=1382190235: ciphertext buffer full
[mlkem_channel] ciphertext refused token=3700468577: ciphertext buffer full
[mlkem_channel] ciphertext refused token=233157427: ciphertext buffer full
[mlkem_channel] ciphertext refused token=1853277855: ciphertext buffer full
[mlkem_channel] ciphertext refused token=3541359462: ciphertext buffer full
[mlkem_channel] ciphertext refused token=1212489801: ciphertext buffer full
[mlkem_channel] ciphertext refused token=777979797: ciphertext buffer full
[mlkem_channel] ciphertext refused token=2910703111: ciphertext buffer full
[mlkem_channel] ciphertext refused token=511594454: ciphertext buffer full
[mlkem_channel] ciphertext refused token=3542904379: ciphertext buffer full
[mlkem_channel] ciphertext refused token=2427238873: ciphertext buffer full
[mlkem_channel] ciphertext refused token=4192735274: ciphertext buffer full
[mlkem_channel] ciphertext refused token=4049603258: ciphertext buffer full
[mlkem_channel] ciphertext refused token=1399403350: ciphertext buffer full
[mlkem_channel] ciphertext refused token=2906168174: ciphertext buffer full
[mlkem_channel] ciphertext refused token=2232250763: ciphertext buffer full
[mlkem_channel] ciphertext refused token=3399085431: ciphertext buffer full
[mlkem_channel] ciphertext refused token=2832593920: ciphertext buffer full
[mlkem_channel] ciphertext refused token=2379296016: ciphertext buffer full
[mlkem_channel] ciphertext refused token=278881396: ciphertext buffer full
[mlkem_channel] ciphertext refused token=285166758: ciphertext buffer full
[mlkem_channel] ciphertext refused token=1895504708: ciphertext buffer full
[mlkem_channel] ciphertext refused token=3835392626: ciphertext buffer full
[mlkem_channel] ciphertext refused token=4137236358: ciphertext buffer full
[mlkem_channel] ciphertext refused token=2884521356: ciphertext buffer full
[mlkem_channel] ciphertext refused token=3750129877: ciphertext buffer full
[mlkem_channel] ciphertext refused token=1834090542: ciphertext buffer full
[mlkem_channel] ciphertext refused token=4202062501: ciphertext buffer full
[mlkem_channel] ciphertext refused token=3592542262: ciphertext buffer full
[mlkem_channel] ciphertext refused token=1784222403: ciphertext buffer full
[mlkem_channel] ciphertext refused token=1466311406: ciphertext buffer full
[mlkem_channel] ciphertext refused token=3562873263: ciphertext buffer full
[mlkem_channel] ciphertext refused token=221578555: ciphertext buffer full
[mlkem_channel] ciphertext refused token=241451401: ciphertext buffer full
[mlkem_channel] ciphertext refused token=2043682789: ciphertext buffer full
[mlkem_channel] ciphertext refused token=3054052364: ciphertext buffer full
[mlkem_channel] ciphertext refused token=1662360849: ciphertext buffer full
[mlkem_channel] ciphertext refused token=4111811859: ciphertext buffer full
[mlkem_channel] ciphertext refused token=187388106: ciphertext buffer full
[mlkem_channel] ciphertext refused token=901913015: ciphertext buffer full
[mlkem_channel] ciphertext refused token=3915977576: ciphertext buffer full
[mlkem_channel] ciphertext refused token=3126076906: ciphertext buffer full
[mlkem_channel] ciphertext refused token=249566690: ciphertext buffer full
[mlkem_channel] ciphertext refused token=1549619866: ciphertext buffer full
[mlkem_channel] ciphertext refused token=2840798436: ciphertext buffer full
[mlkem_channel] ciphertext refused token=2293045020: ciphertext buffer full
[mlkem_channel] ciphertext refused token=3305342314: ciphertext buffer full
[mlkem_channel] ciphertext refused token=3640539732: ciphertext buffer full
[mlkem_channel] ciphertext refused token=773666897: ciphertext buffer full
[mlkem_channel] ciphertext refused token=263871166: ciphertext buffer full
[mlkem_channel] ciphertext refused token=3804780880: ciphertext buffer full
[mlkem_channel] ciphertext refused token=2711206629: ciphertext buffer full
[mlkem_channel] ciphertext refused token=3287321111: ciphertext buffer full
[mlkem_channel] ciphertext refused token=4158269663: ciphertext buffer full
[mlkem_channel] ciphertext refused token=1741607353: ciphertext buffer full
[mlkem_channel] ciphertext refused token=631717103: ciphertext buffer full
[mlkem_channel] ciphertext refused token=3556821977: ciphertext buffer full
[mlkem_channel] ciphertext refused token=3072982186: ciphertext buffer full
[mlkem_channel] ciphertext refused token=1256341607: ciphertext buffer full
[mlkem_channel] ciphertext refused token=4097140370: ciphertext buffer full
[mlkem_channel] ciphertext refused token=3176171750: ciphertext buffer full
[mlkem_channel] ciphertext refused token=2821321370: ciphertext buffer full
[mlkem_channel] ciphertext refused token=3876756498: ciphertext buffer full
[mlkem_channel] ciphertext refused token=244209701: ciphertext buffer full
[mlkem_channel] ciphertext refused token=2790792403: ciphertext buffer full
[mlkem_channel] ciphertext refused token=1854643309: ciphertext buffer full
[mlkem_channel] ciphertext refused token=885235502: ciphertext buffer full
[mlkem_channel] ciphertext refused token=1352600762: ciphertext buffer full
[mlkem_channel] ciphertext refused token=3991137928: ciphertext buffer full
[mlkem_channel] ciphertext refused token=3887794014: ciphertext buffer full
[mlkem_channel] ciphertext refused token=276027115: ciphertext buffer full
[mlkem_channel] ciphertext refused token=3219124164: ciphertext buffer full
[mlkem_channel] ciphertext refused token=130563976: ciphertext buffer full
[mlkem_channel] ciphertext refused token=1172106315: ciphertext buffer full
[mlkem_channel] ciphertext refused token=3470462533: ciphertext buffer full
[mlkem_channel] ciphertext refused token=1578393015: ciphertext buffer full
[mlkem_channel] ciphertext refused token=2234042156: ciphertext buffer full
[mlkem_channel] ciphertext refused token=1003691853: ciphertext buffer full
[mlkem_channel] ciphertext refused token=2695118172: ciphertext buffer full
[mlkem_channel] ciphertext refused token=2198919503: ciphertext buffer full
[mlkem_channel] ciphertext refused token=656751973: ciphertext buffer full
[mlkem_channel] ciphertext refused token=2960145398: ciphertext buffer full
[mlkem_channel] ciphertext refused token=101975979: ciphertext buffer full
[mlkem_channel] ciphertext refused token=220872899: ciphertext buffer full
[mlkem_channel] ciphertext refused token=3685323739: ciphertext buffer full
[mlkem_channel] ciphertext refused token=3260001881: ciphertext buffer full
[mlkem_channel] ciphertext refused token=4168942256: ciphertext buffer full
[mlkem_channel] ciphertext refused token=1087943630: ciphertext buffer full
[mlkem_channel] ciphertext refused token=2892417948: ciphertext buffer full
[mlkem_channel] ciphertext refused token=2101939521: ciphertext buffer full
[mlkem_channel] ciphertext refused token=2524690208: ciphertext buffer full
[mlkem_channel] ciphertext refused token=3752524349: ciphertext buffer full
[mlkem_channel] ciphertext refused token=3813326913: ciphertext buffer full
[mlkem_channel] ciphertext refused token=3029240972: ciphertext buffer full
[mlkem_channel] ciphertext refused token=770023885: ciphertext buffer full
[mlkem_channel] ciphertext refused token=1883561115: ciphertext buffer full
[mlkem_channel] ciphertext refused token=129922113: ciphertext buffer full
[mlkem_channel] ciphertext refused token=1729152785: ciphertext buffer full
[mlkem_channel] ciphertext refused token=278798771: ciphertext buffer full
[mlkem_channel] ciphertext refused token=3207785172: ciphertext buffer full
[mlkem_channel] ciphertext refused token=1847725026: ciphertext buffer full
[mlkem_channel] ciphertext refused token=238687806: ciphertext buffer full
[mlkem_channel] ciphertext refused token=3993262353: ciphertext buffer full
[mlkem_channel] ciphertext refused token=1399081397: ciphertext buffer full
[mlkem_channel] ciphertext refused token=1740712448: ciphertext buffer full
[mlkem_channel] ciphertext refused token=3950418210: ciphertext buffer full
[mlkem_channel] ciphertext refused token=3008789531: ciphertext buffer full
[mlkem_channel] ciphertext refused token=637181021: ciphertext buffer full
[mlkem_channel] ciphertext refused token=1150913941: ciphertext buffer full
[mlkem_channel] ciphertext refused token=2731490566: ciphertext buffer full
[mlkem_channel] ciphertext refused token=2388702210: ciphertext buffer full
[mlkem_channel] ciphertext refused token=4078647755: ciphertext buffer full
[mlkem_channel] ciphertext refused token=2385500559: ciphertext buffer full
[mlkem_channel] ciphertext refused token=2042655085: ciphertext buffer full
[mlkem_channel] ciphertext refused token=2257252533: ciphertext buffer full
[mlkem_channel] ciphertext refused token=2493990528: ciphertext buffer full
[mlkem_channel] ciphertext refused token=1902071600: ciphertext buffer full
[mlkem_channel] ciphertext refused token=2085454312: ciphertext buffer full
[mlkem_channel] ciphertext refused token=1499308294: ciphertext buffer full
[mlkem_channel] ciphertext refused token=2335186036: ciphertext buffer full
[mlkem_channel] ciphertext refused token=2459189911: ciphertext buffer full
[mlkem_channel] ciphertext refused token=3070500250: ciphertext buffer full
[mlkem_channel] ciphertext refused token=2472233151: ciphertext buffer full
[mlkem_channel] ciphertext refused token=1965907349: ciphertext buffer full
[mlkem_channel] ciphertext refused token=629958903: ciphertext buffer full
[mlkem_channel] ciphertext refused token=1238296733: ciphertext buffer full
[mlkem_channel] ciphertext refused token=3537514715: ciphertext buffer full
[mlkem_channel] ciphertext refused token=1852925502: ciphertext buffer full
[mlkem_channel] ciphertext refused token=4241788058: ciphertext buffer full
[mlkem_channel] ciphertext refused token=1348809716: ciphertext buffer full
[mlkem_channel] ciphertext refused token=211331140: ciphertext buffer full
[mlkem_channel] ciphertext refused token=4269955211: ciphertext buffer full
[mlkem_channel] ciphertext refused token=59714193: ciphertext buffer full
[mlkem_channel] ciphertext refused token=380490275: ciphertext buffer full
[mlkem_channel] ciphertext refused token=2735565828: ciphertext buffer full
[mlkem_channel] ciphertext refused token=1251547213: ciphertext buffer full
[mlkem_channel] ciphertext refused token=433891200: ciphertext buffer full
[mlkem_channel] ciphertext refused token=3265934178: ciphertext buffer full
[mlkem_channel] ciphertext refused token=474011397: ciphertext buffer full
[mlkem_channel] ciphertext refused token=3908558377: ciphertext buffer full
[mlkem_channel] ciphertext refused token=523746494: ciphertext buffer full
[mlkem_channel] ciphertext refused token=2124541134: ciphertext buffer full
[mlkem_channel] ciphertext refused token=1241958562: ciphertext buffer full
[mlkem_channel] ciphertext refused token=2919499756: ciphertext buffer full
[mlkem_channel] ciphertext refused token=1730622829: ciphertext buffer full
[mlkem_channel] ciphertext refused token=1474690267: ciphertext buffer full
[mlkem_channel] ciphertext refused token=3018039613: ciphertext buffer full
[mlkem_channel] ciphertext refused token=3216390100: ciphertext buffer full
[mlkem_channel] ciphertext refused token=3019236435: ciphertext buffer full
[mlkem_channel] ciphertext refused token=1076017360: ciphertext buffer full
[mlkem_channel] ciphertext refused token=3139945668: ciphertext buffer full
[mlkem_channel] ciphertext refused token=3976216709: ciphertext buffer full
[mlkem_channel] ciphertext refused token=1242349777: ciphertext buffer full
[mlkem_channel] ciphertext refused token=2209424255: ciphertext buffer full
[mlkem_channel] ciphertext refused token=2868072955: ciphertext buffer full
[mlkem_channel] ciphertext refused token=536432932: ciphertext buffer full
[mlkem_channel] ciphertext refused token=3644332252: ciphertext buffer full
[mlkem_channel] ciphertext refused token=2794400406: ciphertext buffer full
[mlkem_channel] ciphertext refused token=1703018661: ciphertext buffer full
[mlkem_channel] ciphertext refused token=2934702488: ciphertext buffer full
[mlkem_channel] ciphertext refused token=3197826578: ciphertext buffer full
[mlkem_channel] ciphertext refused token=1843538944: ciphertext buffer full
[mlkem_channel] ciphertext refused token=3198114201: ciphertext buffer full
[mlkem_channel] ciphertext refused token=1323553555: ciphertext buffer full
[mlkem_channel] ciphertext refused token=2352062382: ciphertext buffer full
[mlkem_channel] ciphertext refused token=1644209159: ciphertext buffer full
[mlkem_channel] ciphertext refused token=897560891: ciphertext buffer full
[mlkem_channel] ciphertext refused token=3450822993: ciphertext buffer full
[mlkem_channel] ciphertext refused token=359826246: ciphertext buffer full
[mlkem_channel] ciphertext refused token=4276215705: ciphertext buffer full
[mlkem_channel] ciphertext refused token=3537544870: ciphertext buffer full
[mlkem_channel] ciphertext refused token=3208719612: ciphertext buffer full
[mlkem_channel] ciphertext refused token=1173454183: ciphertext buffer full
[mlkem_channel] ciphertext refused token=359959136: ciphertext buffer full
[mlkem_channel] ciphertext refused token=4064140147: ciphertext buffer full
[mlkem_channel] ciphertext refused token=2355378445: ciphertext buffer full
[mlkem_channel] ciphertext refused token=3780373787: ciphertext buffer full
[mlkem_channel] ciphertext refused token=2545451616: ciphertext buffer full
[mlkem_channel] ciphertext refused token=4108098739: ciphertext buffer full
[mlkem_channel] ciphertext refused token=2143340907: ciphertext buffer full
[mlkem_channel] ciphertext refused token=1235747636: ciphertext buffer full
[mlkem_channel] ciphertext refused token=3821748892: ciphertext buffer full
[mlkem_channel] ciphertext refused token=2630154197: ciphertext buffer full
[mlkem_channel] ciphertext refused token=1900658169: ciphertext buffer full
[mlkem_channel] ciphertext refused token=1071507110: ciphertext buffer full
[mlkem_channel] ciphertext refused token=756695958: ciphertext buffer full
[mlkem_channel] ciphertext refused token=3224627602: ciphertext buffer full
[mlkem_channel] ciphertext refused token=1832048104: ciphertext buffer full
[mlkem_channel] ciphertext refused token=289522895: ciphertext buffer full
[mlkem_channel] ciphertext refused token=3684101991: ciphertext buffer full
[mlkem_channel] ciphertext refused token=3583170318: ciphertext buffer full
[mlkem_channel] ciphertext refused token=907388338: ciphertext buffer full
[mlkem_channel] ciphertext refused token=3839381137: ciphertext buffer full
[mlkem_channel] ciphertext refused token=1732574497: ciphertext buffer full
[mlkem_channel] ciphertext refused token=1011718634: ciphertext buffer full
[mlkem_channel] ciphertext refused token=2528324942: ciphertext buffer full
[mlkem_channel] ciphertext refused token=3427673629: ciphertext buffer full
[mlkem_channel] ciphertext refused token=3864860749: ciphertext buffer full
[mlkem_channel] ciphertext refused token=3230997105: ciphertext buffer full
[mlkem_channel] ciphertext refused token=563409298: ciphertext buffer full
[mlkem_channel] ciphertext refused token=717539849: ciphertext buffer full
[mlkem_channel] ciphertext refused token=4191429763: ciphertext buffer full
[mlkem_channel] ciphertext refused token=4075675528: ciphertext buffer full
[mlkem_channel] ciphertext refused token=2092662368: ciphertext buffer full
[mlkem_channel] ciphertext refused token=2269915122: ciphertext buffer full
[mlkem_channel] ciphertext refused token=59728863: ciphertext buffer full
[mlkem_channel] ciphertext refused token=3832838385: ciphertext buffer full
[mlkem_channel] ciphertext refused token=3300879397: ciphertext buffer full
[mlkem_channel] ciphertext refused token=3192049674: ciphertext buffer full
[mlkem_channel] ciphertext refused token=382442670: ciphertext buffer full
[mlkem_channel] ciphertext refused token=3757992619: ciphertext buffer full
[mlkem_channel] ciphertext refused token=4167020947: ciphertext buffer full
[mlkem_channel] ciphertext refused token=2794670364: ciphertext buffer full
[mlkem_channel] ciphertext refused token=2168393527: ciphertext buffer full
[mlkem_channel] ciphertext refused token=3406057510: ciphertext buffer full
[mlkem_channel] ciphertext refused token=1398854875: ciphertext buffer full
[mlkem_channel] ciphertext refused token=4026270373: ciphertext buffer full
[mlkem_channel] ciphertext refused token=508498136: ciphertext buffer full
[mlkem_channel] ciphertext refused token=2801920835: ciphertext buffer full
[mlkem_channel] ciphertext refused token=2358955026: ciphertext buffer full
[mlkem_channel] ciphertext refused token=96798320: ciphertext buffer full
[mlkem_channel] ciphertext refused token=1907031944: ciphertext buffer full
[mlkem_channel] ciphertext refused token=2770631172: ciphertext buffer full
[mlkem_channel] ciphertext refused token=3326598802: ciphertext buffer full
[mlkem_channel] ciphertext refused token=718808501: ciphertext buffer full
[mlkem_channel] ciphertext refused token=3533577971: ciphertext buffer full
[mlkem_channel] ciphertext refused token=2934587214: ciphertext buffer full
[mlkem_channel] ciphertext refused token=2349416671: ciphertext buffer full
[mlkem_channel] ciphertext refused token=4194153889: ciphertext buffer full
[mlkem_channel] ciphertext refused token=3360802075: ciphertext buffer full
[mlkem_channel] ciphertext refused token=4281237803: ciphertext buffer full
[mlkem_channel] ciphertext refused token=4006468474: ciphertext buffer full
[mlkem_channel] ciphertext refused token=1088840578: ciphertext buffer full
[mlkem_channel] ciphertext refused token=1194687734: ciphertext buffer full
[mlkem_channel] ciphertext refused token=1207078147: ciphertext buffer full
[mlkem_channel] ciphertext refused token=3969666455: ciphertext buffer full
[mlkem_channel] ciphertext refused token=841459890: ciphertext buffer full
[mlkem_channel] ciphertext refused token=2119606049: ciphertext buffer full
[mlkem_channel] ciphertext refused token=1823024393: ciphertext buffer full
[mlkem_channel] ciphertext refused token=67667468: ciphertext buffer full
[mlkem_channel] ciphertext refused token=178406002: ciphertext buffer full
[mlkem_channel] ciphertext refused token=4137736445: ciphertext buffer full
[mlkem_channel] ciphertext refused token=242797301: ciphertext buffer full
[mlkem_channel] ciphertext refused token=1032731713: ciphertext buffer full
[mlkem_channel] ciphertext refused token=1992627627: ciphertext buffer full
[mlkem_channel] ciphertext refused token=2640491546: ciphertext buffer full
[mlkem_channel] ciphertext refused token=3969986617: ciphertext buffer full
[mlkem_channel] ciphertext refused token=2801989061: ciphertext buffer full
[mlkem_channel] ciphertext refused token=1207342540: ciphertext buffer full
[mlkem_channel] ciphertext refused token=3263335113: ciphertext buffer full
[mlkem_channel] ciphertext refused token=3316251188: ciphertext buffer full
[mlkem_channel] ciphertext refused token=703278688: ciphertext buffer full
[mlkem_channel] ciphertext refused token=1903221425: ciphertext buffer full
[mlkem_channel] ciphertext refused token=2524751025: ciphertext buffer full
[mlkem_channel] ciphertext refused token=718030360: ciphertext buffer full
[mlkem_channel] ciphertext refused token=3526485272: ciphertext buffer full
[mlkem_channel] ciphertext refused token=965141236: ciphertext buffer full
[mlkem_channel] ciphertext refused token=2611366779: ciphertext buffer full
[mlkem_channel] ciphertext refused token=2961441204: ciphertext buffer full
[mlkem_channel] ciphertext refused token=3203881992: ciphertext buffer full
[mlkem_channel] ciphertext refused token=3339417410: ciphertext buffer full
[mlkem_channel] ciphertext refused token=910371369: ciphertext buffer full
[mlkem_channel] ciphertext refused token=3727106771: ciphertext buffer full
[mlkem_channel] ciphertext refused token=3252964230: ciphertext buffer full
[mlkem_channel] ciphertext refused token=2192729523: ciphertext buffer full
[mlkem_channel] ciphertext refused token=4078329608: ciphertext buffer full
[mlkem_channel] ciphertext refused token=2083070172: ciphertext buffer full
[mlkem_channel] ciphertext refused token=4190155646: ciphertext buffer full
[mlkem_channel] ciphertext refused token=3603968147: ciphertext buffer full
[mlkem_channel] ciphertext refused token=764997579: ciphertext buffer full
[mlkem_channel] ciphertext refused token=4014002601: ciphertext buffer full
[mlkem_channel] ciphertext refused token=3758395395: ciphertext buffer full
[mlkem_channel] ciphertext refused token=2649752214: ciphertext buffer full
[mlkem_channel] ciphertext refused token=3857185534: ciphertext buffer full
[mlkem_channel] ciphertext refused token=1180695651: ciphertext buffer full
[mlkem_channel] ciphertext refused token=1406193359: ciphertext buffer full
[mlkem_channel] ciphertext refused token=3299803576: ciphertext buffer full
[mlkem_channel] ciphertext refused token=387350298: ciphertext buffer full
[mlkem_channel] ciphertext refused token=331447555: ciphertext buffer full
[mlkem_channel] ciphertext refused token=3721693697: ciphertext buffer full
[mlkem_channel] ciphertext refused token=1968997643: ciphertext buffer full
[mlkem_channel] ciphertext refused token=3172597398: ciphertext buffer full
[mlkem_channel] ciphertext refused token=747317259: ciphertext buffer full
[mlkem_channel] ciphertext refused token=1884427176: ciphertext buffer full
[mlkem_channel] ciphertext refused token=3338924011: ciphertext buffer full
[mlkem_channel] ciphertext refused token=2995262414: ciphertext buffer full
[mlkem_channel] ciphertext refused token=3581378511: ciphertext buffer full
[mlkem_channel] ciphertext refused token=1356286060: ciphertext buffer full
[mlkem_channel] ciphertext refused token=86337416: ciphertext buffer full
[mlkem_channel] ciphertext refused token=1698680913: ciphertext buffer full
[mlkem_channel] ciphertext refused token=4091211044: ciphertext buffer full
[mlkem_channel] ciphertext refused token=2798986467: ciphertext buffer full
[mlkem_channel] ciphertext refused token=4275815797: ciphertext buffer full
[mlkem_channel] ciphertext refused token=3624901013: ciphertext buffer full
[mlkem_channel] ciphertext refused token=2642894315: ciphertext buffer full
[mlkem_channel] ciphertext refused token=2384336072: ciphertext buffer full
[mlkem_channel] ciphertext refused token=2761572439: ciphertext buffer full
[mlkem_channel] ciphertext refused token=21748591: ciphertext buffer full
[mlkem_channel] ciphertext refused token=443950618: ciphertext buffer full
[mlkem_channel] ciphertext refused token=2895550148: ciphertext buffer full
[mlkem_channel] ciphertext refused token=3820040561: ciphertext buffer full
[mlkem_channel] ciphertext refused token=1372678343: ciphertext buffer full
[mlkem_channel] ciphertext refused token=1745979954: ciphertext buffer full
[mlkem_channel] ciphertext refused token=1884336714: ciphertext buffer full
[mlkem_channel] ciphertext refused token=721796769: ciphertext buffer full
[mlkem_channel] ciphertext refused token=6376103: ciphertext buffer full
[mlkem_channel] ciphertext refused token=850871298: ciphertext buffer full
[mlkem_channel] ciphertext refused token=2676311406: ciphertext buffer full
[mlkem_channel] ciphertext refused token=1646412380: ciphertext buffer full
[mlkem_channel] ciphertext refused token=1145146813: ciphertext buffer full
[mlkem_channel] ciphertext refused token=1693090275: ciphertext buffer full
[mlkem_channel] ciphertext refused token=4159877290: ciphertext buffer full
[mlkem_channel] ciphertext refused token=3661307824: ciphertext buffer full
[mlkem_channel] ciphertext refused token=192698700: ciphertext buffer full
[mlkem_channel] ciphertext refused token=2772802151: ciphertext buffer full
[mlkem_channel] ciphertext refused token=1294626391: ciphertext buffer full
[mlkem_channel] ciphertext refused token=636494106: ciphertext buffer full
[mlkem_channel] ciphertext refused token=298036411: ciphertext buffer full
[mlkem_channel] ciphertext refused token=3651809522: ciphertext buffer full
[mlkem_channel] ciphertext refused token=2228614295: ciphertext buffer full
[mlkem_channel] ciphertext refused token=4078662622: ciphertext buffer full
[mlkem_channel] ciphertext refused token=3672437556: ciphertext buffer full
[mlkem_channel] ciphertext refused token=942327995: ciphertext buffer full
[mlkem_channel] ciphertext refused token=1086121216: ciphertext buffer full
[mlkem_channel] ciphertext refused token=2388389210: ciphertext buffer full
[mlkem_channel] ciphertext refused token=177879624: ciphertext buffer full
[mlkem_channel] ciphertext refused token=3564733397: ciphertext buffer full
[mlkem_channel] ciphertext refused token=772351217: ciphertext buffer full
[mlkem_channel] ciphertext refused token=808795770: ciphertext buffer full
[mlkem_channel] ciphertext refused token=101255996: ciphertext buffer full
[mlkem_channel] ciphertext refused token=4289763417: ciphertext buffer full
[mlkem_channel] ciphertext refused token=3051655077: ciphertext buffer full
[mlkem_channel] ciphertext refused token=2140968606: ciphertext buffer full
[mlkem_channel] ciphertext refused token=918222682: ciphertext buffer full
[mlkem_channel] ciphertext refused token=1974495387: ciphertext buffer full
[mlkem_channel] ciphertext refused token=3122928291: ciphertext buffer full
[mlkem_channel] ciphertext refused token=734598894: ciphertext buffer full
[mlkem_channel] ciphertext refused token=2684753506: ciphertext buffer full
[mlkem_channel] ciphertext refused token=806301945: ciphertext buffer full
[mlkem_channel] ciphertext refused token=2408540041: ciphertext buffer full
[mlkem_channel] ciphertext refused token=2433215: ciphertext buffer full
[mlkem_channel] ciphertext refused token=3611943857: ciphertext buffer full
[mlkem_channel] ciphertext refused token=3461548482: ciphertext buffer full
[mlkem_channel] ciphertext refused token=2992950868: ciphertext buffer full
[mlkem_channel] ciphertext refused token=3766964837: ciphertext buffer full
[mlkem_channel] ciphertext refused token=3153415678: ciphertext buffer full
[mlkem_channel] ciphertext refused token=3764053110: ciphertext buffer full
[mlkem_channel] ciphertext refused token=803457256: ciphertext buffer full
[mlkem_channel] ciphertext refused token=1498446155: ciphertext buffer full
[mlkem_channel] ciphertext refused token=1692818278: ciphertext buffer full
[mlkem_channel] ciphertext refused token=3082988990: ciphertext buffer full
[mlkem_channel] ciphertext refused token=3755694614: ciphertext buffer full
[mlkem_channel] ciphertext refused token=3604356852: ciphertext buffer full
[mlkem_channel] ciphertext refused token=2085931406: ciphertext buffer full
[mlkem_channel] ciphertext refused token=1394589121: ciphertext buffer full
[mlkem_channel] ciphertext refused token=3455566022: ciphertext buffer full
[mlkem_channel] ciphertext refused token=1139688663: ciphertext buffer full
[mlkem_channel] ciphertext refused token=3852173906: ciphertext buffer full
[mlkem_channel] ciphertext refused token=1415289735: ciphertext buffer full
[mlkem_channel] ciphertext refused token=1208490835: ciphertext buffer full
[mlkem_channel] ciphertext refused token=3152319947: ciphertext buffer full
[mlkem_channel] ciphertext refused token=4102889178: ciphertext buffer full
[mlkem_channel] ciphertext refused token=2999071263: ciphertext buffer full
[mlkem_channel] ciphertext refused token=94594753: ciphertext buffer full
[mlkem_channel] ciphertext refused token=2643895792: ciphertext buffer full
[mlkem_channel] ciphertext refused token=3429745140: ciphertext buffer full
[mlkem_channel] ciphertext refused token=2122589793: ciphertext buffer full
[mlkem_channel] ciphertext refused token=1805328576: ciphertext buffer full
[mlkem_channel] ciphertext refused token=1260076115: ciphertext buffer full
[mlkem_channel] ciphertext refused token=530157990: ciphertext buffer full
[mlkem_channel] ciphertext refused token=3844493821: ciphertext buffer full
[mlkem_channel] ciphertext refused token=803144882: ciphertext buffer full
[mlkem_channel] ciphertext refused token=2556066434: ciphertext buffer full
[mlkem_channel] ciphertext refused token=1892408140: ciphertext buffer full
[mlkem_channel] ciphertext refused token=1791311082: ciphertext buffer full
[mlkem_channel] ciphertext refused token=1383691816: ciphertext buffer full
[mlkem_channel] ciphertext refused token=2054979313: ciphertext buffer full
[mlkem_channel] ciphertext refused token=2525613039: ciphertext buffer full
[mlkem_channel] ciphertext refused token=1310659938: ciphertext buffer full
[mlkem_channel] ciphertext refused token=4288686215: ciphertext buffer full
[mlkem_channel] ciphertext refused token=620951824: ciphertext buffer full
[mlkem_channel] ciphertext refused token=4025071853: ciphertext buffer full
[mlkem_channel] ciphertext refused token=480424739: ciphertext buffer full
[mlkem_channel] ciphertext refused token=4045444141: ciphertext buffer full
[mlkem_channel] ciphertext refused token=406389724: ciphertext buffer full
[mlkem_channel] ciphertext refused token=1174361747: ciphertext buffer full
[mlkem_channel] ciphertext refused token=4281878393: ciphertext buffer full
[mlkem_channel] ciphertext refused token=2356959165: ciphertext buffer full
[mlkem_channel] ciphertext refused token=2131661287: ciphertext buffer full
[mlkem_channel] ciphertext refused token=3111500990: ciphertext buffer full
[mlkem_channel] ciphertext refused token=1078377082: ciphertext buffer full
[mlkem_channel] ciphertext refused token=3547608296: ciphertext buffer full
[mlkem_channel] ciphertext refused token=1913871360: ciphertext buffer full
[mlkem_channel] ciphertext refused token=1055584435: ciphertext buffer full
[mlkem_channel] ciphertext refused token=4249133589: ciphertext buffer full
[mlkem_channel] ciphertext refused token=183853818: ciphertext buffer full
[mlkem_channel] ciphertext refused token=1664844971: ciphertext buffer full
[mlkem_channel] ciphertext refused token=859957444: ciphertext buffer full
[mlkem_channel] ciphertext refused token=1536051786: ciphertext buffer full
[mlkem_channel] ciphertext refused token=3632175287: ciphertext buffer full
[mlkem_channel] ciphertext refused token=3996779121: ciphertext buffer full
[mlkem_channel] ciphertext refused token=2614000024: ciphertext buffer full
[mlkem_channel] ciphertext refused token=3912597905: ciphertext buffer full
[mlkem_channel] ciphertext refused token=4155763764: ciphertext buffer full
[mlkem_channel] ciphertext refused token=905915919: ciphertext buffer full
[mlkem_channel] ciphertext refused token=400097460: ciphertext buffer full
[mlkem_channel] ciphertext refused token=1593646577: ciphertext buffer full
[mlkem_channel] ciphertext refused token=3471089893: ciphertext buffer full
[mlkem_channel] ciphertext refused token=1768294785: ciphertext buffer full
[mlkem_channel] ciphertext refused token=2634162411: ciphertext buffer full
[mlkem_channel] ciphertext refused token=1241298696: ciphertext buffer full
[mlkem_channel] ciphertext refused token=3576317290: ciphertext buffer full
[mlkem_channel] ciphertext refused token=1398172952: ciphertext buffer full
[mlkem_channel] ciphertext refused token=4136017016: ciphertext buffer full
[mlkem_channel] ciphertext refused token=2965373205: ciphertext buffer full
[mlkem_channel] ciphertext refused token=2805699512: ciphertext buffer full
[mlkem_channel] ciphertext refused token=1712960791: ciphertext buffer full
[mlkem_channel] ciphertext refused token=1482143794: ciphertext buffer full
[mlkem_channel] ciphertext refused token=2130264249: ciphertext buffer full
[mlkem_channel] ciphertext refused token=301757232: ciphertext buffer full
[mlkem_channel] ciphertext refused token=4197895093: ciphertext buffer full
[mlkem_channel] ciphertext refused token=3415326116: ciphertext buffer full
[mlkem_channel] ciphertext refused token=4182462641: ciphertext buffer full
[mlkem_channel] ciphertext refused token=1120612650: ciphertext buffer full
[mlkem_channel] ciphertext refused token=4079051755: ciphertext buffer full
[mlkem_channel] ciphertext refused token=2540727953: ciphertext buffer full
[mlkem_channel] ciphertext refused token=4196389128: ciphertext buffer full
[mlkem_channel] ciphertext refused token=2499459421: ciphertext buffer full
[mlkem_channel] ciphertext refused token=378030135: ciphertext buffer full
[mlkem_channel] ciphertext refused token=634095080: ciphertext buffer full
[mlkem_channel] ciphertext refused token=616409698: ciphertext buffer full
[mlkem_channel] ciphertext refused token=2866374105: ciphertext buffer full
[mlkem_channel] ciphertext refused token=1428257740: ciphertext buffer full
[mlkem_channel] ciphertext refused token=3816999744: ciphertext buffer full
[mlkem_channel] ciphertext refused token=1888638667: ciphertext buffer full
[mlkem_channel] ciphertext refused token=72343784: ciphertext buffer full
[mlkem_channel] ciphertext refused token=2466634958: ciphertext buffer full
[mlkem_channel] ciphertext refused token=2106095929: ciphertext buffer full
[mlkem_channel] ciphertext refused token=3856364274: ciphertext buffer full
[mlkem_channel] ciphertext refused token=1067811344: ciphertext buffer full
[mlkem_channel] ciphertext refused token=2314534583: ciphertext buffer full
[mlkem_channel] ciphertext refused token=408344148: ciphertext buffer full
[mlkem_channel] ciphertext refused token=2622911257: ciphertext buffer full
[mlkem_channel] ciphertext refused token=630059176: ciphertext buffer full
[mlkem_channel] ciphertext refused token=395933701: ciphertext buffer full
[mlkem_channel] ciphertext refused token=1998344625: ciphertext buffer full
[mlkem_channel] ciphertext refused token=1714624642: ciphertext buffer full
[mlkem_channel] ciphertext refused token=3929147639: ciphertext buffer full
[mlkem_channel] ciphertext refused token=4265727452: ciphertext buffer full
[mlkem_channel] ciphertext refused token=1346943053: ciphertext buffer full
[mlkem_channel] ciphertext refused token=4205878375: ciphertext buffer full
[mlkem_channel] ciphertext refused token=882554402: ciphertext buffer full
[mlkem_channel] ciphertext refused token=1613505830: ciphertext buffer full
[mlkem_channel] ciphertext refused token=3584037290: ciphertext buffer full
[mlkem_channel] ciphertext refused token=1187677788: ciphertext buffer full
[mlkem_channel] ciphertext refused token=1919844878: ciphertext buffer full
[mlkem_channel] ciphertext refused token=2662124692: ciphertext buffer full
[mlkem_channel] ciphertext refused token=53957889: ciphertext buffer full
[mlkem_channel] ciphertext refused token=451011800: ciphertext buffer full
[mlkem_channel] ciphertext refused token=4193192795: ciphertext buffer full
[mlkem_channel] ciphertext refused token=455681778: ciphertext buffer full
[mlkem_channel] ciphertext refused token=3690823380: ciphertext buffer full
[mlkem_channel] ciphertext refused token=1690964912: ciphertext buffer full
[mlkem_channel] ciphertext refused token=1009098202: ciphertext buffer full
[mlkem_channel] ciphertext refused token=816563597: ciphertext buffer full
[mlkem_channel] ciphertext refused token=3969212114: ciphertext buffer full
[mlkem_channel] ciphertext refused token=3396945027: ciphertext buffer full
[mlkem_channel] ciphertext refused token=3100135367: ciphertext buffer full
[mlkem_channel] ciphertext refused token=1188786876: ciphertext buffer full
[mlkem_channel] ciphertext refused token=3716257419: ciphertext buffer full
[mlkem_channel] ciphertext refused token=2754095873: ciphertext buffer full
[mlkem_channel] ciphertext refused token=1392367170: ciphertext buffer full
[mlkem_channel] ciphertext refused token=2880365537: ciphertext buffer full
[mlkem_channel] ciphertext refused token=3935637903: ciphertext buffer full
[mlkem_channel] ciphertext refused token=4100070996: ciphertext buffer full
[mlkem_channel] ciphertext refused token=4073810366: ciphertext buffer full
[mlkem_channel] ciphertext refused token=997054076: ciphertext buffer full
[mlkem_channel] ciphertext refused token=1079053294: ciphertext buffer full
[mlkem_channel] ciphertext refused token=1402547132: ciphertext buffer full
[mlkem_channel] ciphertext refused token=3333610415: ciphertext buffer full
[mlkem_channel] ciphertext refused token=1195078890: ciphertext buffer full
[mlkem_channel] ciphertext refused token=3183301679: ciphertext buffer full
[mlkem_channel] ciphertext refused token=3555113635: ciphertext buffer full
[mlkem_channel] ciphertext refused token=3989019361: ciphertext buffer full
[mlkem_channel] ciphertext refused token=3787522854: ciphertext buffer full
[mlkem_channel] ciphertext refused token=271337242: ciphertext buffer full
[mlkem_channel] ciphertext refused token=465296770: ciphertext buffer full
[mlkem_channel] ciphertext refused token=850381562: ciphertext buffer full
[mlkem_channel] ciphertext refused token=59028641: ciphertext buffer full
[mlkem_channel] ciphertext refused token=1781741721: ciphertext buffer full
[mlkem_channel] ciphertext refused token=3960467794: ciphertext buffer full
[mlkem_channel] ciphertext refused token=1287922197: ciphertext buffer full
[mlkem_channel] ciphertext refused token=1165667911: ciphertext buffer full
[mlkem_channel] ciphertext refused token=1845280807: ciphertext buffer full
[mlkem_channel] ciphertext refused token=1336887341: ciphertext buffer full
[mlkem_channel] ciphertext refused token=545206050: ciphertext buffer full
[mlkem_channel] ciphertext refused token=2467020855: ciphertext buffer full
[mlkem_channel] ciphertext refused token=458144691: ciphertext buffer full
[mlkem_channel] ciphertext refused token=2464253701: ciphertext buffer full
[mlkem_channel] ciphertext refused token=1825683160: ciphertext buffer full
[mlkem_channel] ciphertext refused token=3309007497: ciphertext buffer full
[mlkem_channel] ciphertext refused token=695295038: ciphertext buffer full
[mlkem_channel] ciphertext refused token=2054147521: ciphertext buffer full
[mlkem_channel] ciphertext refused token=1238194389: ciphertext buffer full
[mlkem_channel] ciphertext refused token=714219304: ciphertext buffer full
[mlkem_channel] ciphertext refused token=519591833: ciphertext buffer full
[mlkem_channel] ciphertext refused token=2134960473: ciphertext buffer full
[mlkem_channel] ciphertext refused token=1539597539: ciphertext buffer full
[mlkem_channel] ciphertext refused token=3337966508: ciphertext buffer full
[mlkem_channel] ciphertext refused token=3994714323: ciphertext buffer full
[mlkem_channel] ciphertext refused token=3906823132: ciphertext buffer full
[mlkem_channel] ciphertext refused token=1710143448: ciphertext buffer full
[mlkem_channel] ciphertext refused token=774673463: ciphertext buffer full
[mlkem_channel] ciphertext refused token=639037526: ciphertext buffer full
[mlkem_channel] ciphertext refused token=3495183744: ciphertext buffer full
[mlkem_channel] ciphertext refused token=3314435155: ciphertext buffer full
[mlkem_channel] ciphertext refused token=1204724328: ciphertext buffer full
[mlkem_channel] ciphertext refused token=1247792900: ciphertext buffer full
[mlkem_channel] ciphertext refused token=1627074393: ciphertext buffer full
[mlkem_channel] ciphertext refused token=3645748688: ciphertext buffer full
[mlkem_channel] ciphertext refused token=3813924050: ciphertext buffer full
[mlkem_channel] ciphertext refused token=2553364318: ciphertext buffer full
[mlkem_channel] ciphertext refused token=1139647028: ciphertext buffer full
[mlkem_channel] ciphertext refused token=1320556775: ciphertext buffer full
[mlkem_channel] ciphertext refused token=1814066609: ciphertext buffer full
[mlkem_channel] ciphertext refused token=1735222437: ciphertext buffer full
[mlkem_channel] ciphertext refused token=1733190882: ciphertext buffer full
[mlkem_channel] ciphertext refused token=555329103: ciphertext buffer full
[mlkem_channel] ciphertext refused token=4230312573: ciphertext buffer full
[mlkem_channel] ciphertext refused token=1155120305: ciphertext buffer full
[mlkem_channel] ciphertext refused token=432610290: ciphertext buffer full
[mlkem_channel] ciphertext refused token=3024692493: ciphertext buffer full
[mlkem_channel] ciphertext refused token=2590674363: ciphertext buffer full
[mlkem_channel] ciphertext refused token=3005616752: ciphertext buffer full
[mlkem_channel] ciphertext refused token=1109401575: ciphertext buffer full
[mlkem_channel] ciphertext refused token=4237116285: ciphertext buffer full
[mlkem_channel] ciphertext refused token=1755150072: ciphertext buffer full
[mlkem_channel] ciphertext refused token=2740032844: ciphertext buffer full
[mlkem_channel] ciphertext refused token=4246074412: ciphertext buffer full
[mlkem_channel] ciphertext refused token=582004277: ciphertext buffer full
[mlkem_channel] ciphertext refused token=3047751084: ciphertext buffer full
[mlkem_channel] ciphertext refused token=2079762672: ciphertext buffer full
[mlkem_channel] ciphertext refused token=2666330251: ciphertext buffer full
[mlkem_channel] ciphertext refused token=3042126562: ciphertext buffer full
[mlkem_channel] ciphertext refused token=951843224: ciphertext buffer full
[mlkem_channel] ciphertext refused token=2461247388: ciphertext buffer full
[mlkem_channel] ciphertext refused token=1902097612: ciphertext buffer full
[mlkem_channel] ciphertext refused token=1472298904: ciphertext buffer full
[mlkem_channel] ciphertext refused token=1537070732: ciphertext buffer full
[mlkem_channel] ciphertext refused token=2288258366: ciphertext buffer full
[mlkem_channel] ciphertext refused token=2877659740: ciphertext buffer full
[mlkem_channel] ciphertext refused token=1084666691: ciphertext buffer full
[mlkem_channel] ciphertext refused token=2635728063: ciphertext buffer full
[mlkem_channel] ciphertext refused token=3877020746: ciphertext buffer full
[mlkem_channel] ciphertext refused token=3399743472: ciphertext buffer full
[mlkem_channel] ciphertext refused token=2952826107: ciphertext buffer full
[mlkem_channel] ciphertext refused token=2343025529: ciphertext buffer full
[mlkem_channel] ciphertext refused token=2637361390: ciphertext buffer full
[mlkem_channel] ciphertext refused token=1051066451: ciphertext buffer full
[mlkem_channel] ciphertext refused token=3920036016: ciphertext buffer full
[mlkem_channel] ciphertext refused token=1521451188: ciphertext buffer full
[mlkem_channel] ciphertext refused token=496106278: ciphertext buffer full
[mlkem_channel] ciphertext refused token=1269979159: ciphertext buffer full
[mlkem_channel] ciphertext refused token=1544208639: ciphertext buffer full
[mlkem_channel] ciphertext refused token=2918358089: ciphertext buffer full
[mlkem_channel] ciphertext refused token=2318285154: ciphertext buffer full
[mlkem_channel] ciphertext refused token=3934254980: ciphertext buffer full
[mlkem_channel] ciphertext refused token=3360270251: ciphertext buffer full
[mlkem_channel] ciphertext refused token=890114161: ciphertext buffer full
[mlkem_channel] ciphertext refused token=1937985634: ciphertext buffer full
[mlkem_channel] ciphertext refused token=3847132766: ciphertext buffer full
[mlkem_channel] ciphertext refused token=1957009912: ciphertext buffer full
[mlkem_channel] ciphertext refused token=3201239829: ciphertext buffer full
[mlkem_channel] ciphertext refused token=1799483373: ciphertext buffer full
[mlkem_channel] ciphertext refused token=1291892589: ciphertext buffer full
[mlkem_channel] ciphertext refused token=4239598845: ciphertext buffer full
[mlkem_channel] ciphertext refused token=905587366: ciphertext buffer full
[mlkem_channel] ciphertext refused token=846286476: ciphertext buffer full
[mlkem_channel] ciphertext refused token=1237697573: ciphertext buffer full
[mlkem_channel] ciphertext refused token=3317742171: ciphertext buffer full
[mlkem_channel] ciphertext refused token=4097955555: ciphertext buffer full
[mlkem_channel] ciphertext refused token=249056597: ciphertext buffer full
[mlkem_channel] ciphertext refused token=1859403352: ciphertext buffer full
[mlkem_channel] ciphertext refused token=4175837179: ciphertext buffer full
[mlkem_channel] ciphertext refused token=129028657: ciphertext buffer full
[mlkem_channel] ciphertext refused token=1259180340: ciphertext buffer full
[mlkem_channel] ciphertext refused token=3940825972: ciphertext buffer full
[mlkem_channel] ciphertext refused token=2687138497: ciphertext buffer full
[mlkem_channel] ciphertext refused token=1850149114: ciphertext buffer full
[mlkem_channel] ciphertext refused token=2189565947: ciphertext buffer full
[mlkem_channel] ciphertext refused token=102147130: ciphertext buffer full
[mlkem_channel] ciphertext refused token=141780029: ciphertext buffer full
[mlkem_channel] ciphertext refused token=2551176766: ciphertext buffer full
[mlkem_channel] ciphertext refused token=325267856: ciphertext buffer full
[mlkem_channel] ciphertext refused token=7332695: ciphertext buffer full
[mlkem_channel] ciphertext refused token=31151825: ciphertext buffer full
[mlkem_channel] ciphertext refused token=3299872290: ciphertext buffer full
[mlkem_channel] ciphertext refused token=1133306178: ciphertext buffer full
[mlkem_channel] ciphertext refused token=1533285455: ciphertext buffer full
[mlkem_channel] ciphertext refused token=3779526634: ciphertext buffer full
[mlkem_channel] ciphertext refused token=1355028359: ciphertext buffer full
[mlkem_channel] ciphertext refused token=327416544: ciphertext buffer full
[mlkem_channel] ciphertext refused token=227456976: ciphertext buffer full
[mlkem_channel] ciphertext refused token=237314699: ciphertext buffer full
[mlkem_channel] ciphertext refused token=4152536461: ciphertext buffer full
[mlkem_channel] ciphertext refused token=2759189215: ciphertext buffer full
[mlkem_channel] ciphertext refused token=511332178: ciphertext buffer full
[mlkem_channel] ciphertext refused token=3448084063: ciphertext buffer full
[mlkem_channel] ciphertext refused token=3858806012: ciphertext buffer full
[mlkem_channel] ciphertext refused token=2092553681: ciphertext buffer full
[mlkem_channel] ciphertext refused token=3513659318: ciphertext buffer full
[mlkem_channel] ciphertext refused token=2733864865: ciphertext buffer full
[mlkem_channel] ciphertext refused token=3821859606: ciphertext buffer full
[mlkem_channel] ciphertext refused token=2036899770: ciphertext buffer full
[mlkem_channel] ciphertext refused token=2470039664: ciphertext buffer full
[mlkem_channel] ciphertext refused token=1031593445: ciphertext buffer full
[mlkem_channel] ciphertext refused token=1962219278: ciphertext buffer full
[mlkem_channel] ciphertext refused token=4286789260: ciphertext buffer full
[mlkem_channel] ciphertext refused token=1273299888: ciphertext buffer full
[mlkem_channel] ciphertext refused token=1959231059: ciphertext buffer full
[mlkem_channel] ciphertext refused token=7964867: ciphertext buffer full
[mlkem_channel] ciphertext refused token=2878282251: ciphertext buffer full
[mlkem_channel] ciphertext refused token=1070267730: ciphertext buffer full
[mlkem_channel] ciphertext refused token=3782112919: ciphertext buffer full
[mlkem_channel] ciphertext refused token=1370739185: ciphertext buffer full
[mlkem_channel] ciphertext refused token=182335856: ciphertext buffer full
[mlkem_channel] ciphertext refused token=2179999386: ciphertext buffer full
[mlkem_channel] ciphertext refused token=4108633744: ciphertext buffer full
[mlkem_channel] ciphertext refused token=2749531775: ciphertext buffer full
[mlkem_channel] ciphertext refused token=3459960621: ciphertext buffer full
[mlkem_channel] ciphertext refused token=2756130717: ciphertext buffer full
[mlkem_channel] ciphertext refused token=4263747590: ciphertext buffer full
[mlkem_channel] ciphertext refused token=1858722209: ciphertext buffer full
[mlkem_channel] ciphertext refused token=914210872: ciphertext buffer full
[mlkem_channel] ciphertext refused token=1896171576: ciphertext buffer full
[mlkem_channel] ciphertext refused token=2646140675: ciphertext buffer full
[mlkem_channel] ciphertext refused token=1752054081: ciphertext buffer full
[mlkem_channel] ciphertext refused token=3450125448: ciphertext buffer full
[mlkem_channel] ciphertext refused token=783362414: ciphertext buffer full
[mlkem_channel] ciphertext refused token=3539618750: ciphertext buffer full
[mlkem_channel] ciphertext refused token=3831703159: ciphertext buffer full
[mlkem_channel] ciphertext refused token=1915310287: ciphertext buffer full
[mlkem_channel] ciphertext refused token=1473316592: ciphertext buffer full
[mlkem_channel] ciphertext refused token=3298729682: ciphertext buffer full
[mlkem_channel] ciphertext refused token=2669987959: ciphertext buffer full
[mlkem_channel] ciphertext refused token=1740365121: ciphertext buffer full
[mlkem_channel] ciphertext refused token=793845060: ciphertext buffer full
[mlkem_channel] ciphertext refused token=4200846918: ciphertext buffer full
[mlkem_channel] ciphertext refused token=3006734971: ciphertext buffer full
[mlkem_channel] ciphertext refused token=2780580931: ciphertext buffer full
[mlkem_channel] ciphertext refused token=3073491803: ciphertext buffer full
[mlkem_channel] ciphertext refused token=3241780436: ciphertext buffer full
[mlkem_channel] ciphertext refused token=1543676047: ciphertext buffer full
[mlkem_channel] ciphertext refused token=289764302: ciphertext buffer full
[mlkem_channel] ciphertext refused token=1329991926: ciphertext buffer full
[mlkem_channel] ciphertext refused token=2303841999: ciphertext buffer full
[mlkem_channel] ciphertext refused token=2280946097: ciphertext buffer full
[mlkem_channel] ciphertext refused token=475024382: ciphertext buffer full
[mlkem_channel] ciphertext refused token=2754268703: ciphertext buffer full
[mlkem_channel] ciphertext refused token=346467964: ciphertext buffer full
[mlkem_channel] ciphertext refused token=4165137944: ciphertext buffer full
[mlkem_channel] ciphertext refused token=2404220023: ciphertext buffer full
[mlkem_channel] ciphertext refused token=1489158829: ciphertext buffer full
[mlkem_channel] ciphertext refused token=1744308419: ciphertext buffer full
[mlkem_channel] ciphertext refused token=1325825268: ciphertext buffer full
[mlkem_channel] ciphertext refused token=2836381604: ciphertext buffer full
[mlkem_channel] ciphertext refused token=342515079: ciphertext buffer full
[mlkem_channel] ciphertext refused token=3271772278: ciphertext buffer full
[mlkem_channel] ciphertext refused token=1631387441: ciphertext buffer full
[mlkem_channel] ciphertext refused token=2700260581: ciphertext buffer full
[mlkem_channel] ciphertext refused token=2943819546: ciphertext buffer full
[mlkem_channel] ciphertext refused token=577062533: ciphertext buffer full
[mlkem_channel] ciphertext refused token=666506033: ciphertext buffer full
[mlkem_channel] ciphertext refused token=3414865029: ciphertext buffer full
[mlkem_channel] ciphertext refused token=1924406938: ciphertext buffer full
[mlkem_channel] ciphertext refused token=1892950309: ciphertext buffer full
[mlkem_channel] ciphertext refused token=1391734832: ciphertext buffer full
[mlkem_channel] ciphertext refused token=2714168065: ciphertext buffer full
[mlkem_channel] ciphertext refused token=893225482: ciphertext buffer full
[mlkem_channel] ciphertext refused token=2627318839: ciphertext buffer full
[mlkem_channel] ciphertext refused token=2440624939: ciphertext buffer full
[mlkem_channel] ciphertext refused token=54923027: ciphertext buffer full
[mlkem_channel] ciphertext refused token=3779742032: ciphertext buffer full
[mlkem_channel] ciphertext refused token=3715540579: ciphertext buffer full
[mlkem_channel] ciphertext refused token=3324871941: ciphertext buffer full
[mlkem_channel] ciphertext refused token=3271720091: ciphertext buffer full
[mlkem_channel] ciphertext refused token=3548043264: ciphertext buffer full
[mlkem_channel] ciphertext refused token=3897571726: ciphertext buffer full
[mlkem_channel] ciphertext refused token=3389516092: ciphertext buffer full
[mlkem_channel] ciphertext refused token=918473778: ciphertext buffer full
[mlkem_channel] ciphertext refused token=3004536549: ciphertext buffer full
[mlkem_channel] ciphertext refused token=1951295863: ciphertext buffer full
[mlkem_channel] ciphertext refused token=3913495927: ciphertext buffer full
[mlkem_channel] ciphertext refused token=1674247903: ciphertext buffer full
[mlkem_channel] ciphertext refused token=1055253083: ciphertext buffer full
[mlkem_channel] ciphertext refused token=1546195562: ciphertext buffer full
[mlkem_channel] ciphertext refused token=2545049722: ciphertext buffer full
[mlkem_channel] ciphertext refused token=2099156039: ciphertext buffer full
[mlkem_channel] ciphertext refused token=39563744: ciphertext buffer full
[mlkem_channel] ciphertext refused token=1533756125: ciphertext buffer full
[mlkem_channel] ciphertext refused token=3448539708: ciphertext buffer full
[mlkem_channel] ciphertext refused token=2652298700: ciphertext buffer full
[mlkem_channel] ciphertext refused token=948735237: ciphertext buffer full
[mlkem_channel] ciphertext refused token=1687798166: ciphertext buffer full
[mlkem_channel] ciphertext refused token=4109162933: ciphertext buffer full
[mlkem_channel] ciphertext refused token=407214452: ciphertext buffer full
[mlkem_channel] ciphertext refused token=2569875931: ciphertext buffer full
[mlkem_channel] ciphertext refused token=1215685383: ciphertext buffer full
[mlkem_channel] ciphertext refused token=2714208988: ciphertext buffer full
[mlkem_channel] ciphertext refused token=831672526: ciphertext buffer full
[mlkem_channel] ciphertext refused token=3173713667: ciphertext buffer full
[mlkem_channel] ciphertext refused token=114556748: ciphertext buffer full
[mlkem_channel] ciphertext refused token=3649728191: ciphertext buffer full
[mlkem_channel] ciphertext refused token=1339168334: ciphertext buffer full
[mlkem_channel] ciphertext refused token=528208208: ciphertext buffer full
[mlkem_channel] ciphertext refused token=1618314001: ciphertext buffer full
[mlkem_channel] ciphertext refused token=1537699395: ciphertext buffer full
[mlkem_channel] ciphertext refused token=3121303372: ciphertext buffer full
[mlkem_channel] ciphertext refused token=533374875: ciphertext buffer full
[mlkem_channel] ciphertext refused token=3315646248: ciphertext buffer full
[mlkem_channel] ciphertext refused token=3076126993: ciphertext buffer full
[mlkem_channel] ciphertext refused token=1353106816: ciphertext buffer full
[mlkem_channel] ciphertext refused token=83636191: ciphertext buffer full
[mlkem_channel] ciphertext refused token=2610865424: ciphertext buffer full
[mlkem_channel] ciphertext refused token=3082087687: ciphertext buffer full
[mlkem_channel] ciphertext refused token=2360701786: ciphertext buffer full
[mlkem_channel] ciphertext refused token=2194400232: ciphertext buffer full
[mlkem_channel] ciphertext refused token=2725264583: ciphertext buffer full
[mlkem_channel] ciphertext refused token=680327771: ciphertext buffer full
[mlkem_channel] ciphertext refused token=1292535867: ciphertext buffer full
[mlkem_channel] ciphertext refused token=1293892315: ciphertext buffer full
[mlkem_channel] ciphertext refused token=751721892: ciphertext buffer full
[mlkem_channel] ciphertext refused token=3518206870: ciphertext buffer full
[mlkem_channel] ciphertext refused token=3286052436: ciphertext buffer full
[mlkem_channel] ciphertext refused token=2706055740: ciphertext buffer full
[mlkem_channel] ciphertext refused token=418118710: ciphertext buffer full
[mlkem_channel] ciphertext refused token=2948651065: ciphertext buffer full
[mlkem_channel] ciphertext refused token=3851789343: ciphertext buffer full
[mlkem_channel] ciphertext refused token=2188846608: ciphertext buffer full
[mlkem_channel] ciphertext refused token=2523814656: ciphertext buffer full
[mlkem_channel] ciphertext refused token=2681669655: ciphertext buffer full
[mlkem_channel] ciphertext refused token=203683465: ciphertext buffer full
[mlkem_channel] ciphertext refused token=3720867630: ciphertext buffer full
[mlkem_channel] ciphertext refused token=4131961909: ciphertext buffer full
[mlkem_channel] ciphertext refused token=3467046916: ciphertext buffer full
[mlkem_channel] ciphertext refused token=534762311: ciphertext buffer full
[mlkem_channel] ciphertext refused token=4128874245: ciphertext buffer full
[mlkem_channel] ciphertext refused token=2606287131: ciphertext buffer full
[mlkem_channel] ciphertext refused token=1402537905: ciphertext buffer full
[mlkem_channel] ciphertext refused token=3754912021: ciphertext buffer full
[mlkem_channel] ciphertext refused token=1841174572: ciphertext buffer full
[mlkem_channel] ciphertext refused token=1644640456: ciphertext buffer full
[mlkem_channel] ciphertext refused token=2335813869: ciphertext buffer full
[mlkem_channel] ciphertext refused token=1375295217: ciphertext buffer full
[mlkem_channel] ciphertext refused token=3104421939: ciphertext buffer full
[mlkem_channel] ciphertext refused token=1438628719: ciphertext buffer full
[mlkem_channel] ciphertext refused token=474684811: ciphertext buffer full
[mlkem_channel] ciphertext refused token=3099342341: ciphertext buffer full
[mlkem_channel] ciphertext refused token=3106112222: ciphertext buffer full
[mlkem_channel] ciphertext refused token=618256043: ciphertext buffer full
[mlkem_channel] ciphertext refused token=4099560792: ciphertext buffer full
[mlkem_channel] ciphertext refused token=2467438688: ciphertext buffer full
[mlkem_channel] ciphertext refused token=1922544066: ciphertext buffer full
[mlkem_channel] ciphertext refused token=3615540866: ciphertext buffer full
[mlkem_channel] ciphertext refused token=28460813: ciphertext buffer full
[mlkem_channel] ciphertext refused token=2584913587: ciphertext buffer full
[mlkem_channel] ciphertext refused token=3628562475: ciphertext buffer full
[mlkem_channel] ciphertext refused token=1418585717: ciphertext buffer full
[mlkem_channel] ciphertext refused token=2445645570: ciphertext buffer full
[mlkem_channel] ciphertext refused token=2190560942: ciphertext buffer full
[mlkem_channel] ciphertext refused token=1259710457: ciphertext buffer full
[mlkem_channel] ciphertext refused token=3151350390: ciphertext buffer full
[mlkem_channel] ciphertext refused token=4002591594: ciphertext buffer full
[mlkem_channel] ciphertext refused token=3601774031: ciphertext buffer full
[mlkem_channel] ciphertext refused token=324439449: ciphertext buffer full
[mlkem_channel] ciphertext refused token=1319313952: ciphertext buffer full
[mlkem_channel] ciphertext refused token=2409819636: ciphertext buffer full
[mlkem_channel] ciphertext refused token=518637851: ciphertext buffer full
[mlkem_channel] ciphertext refused token=182297071: ciphertext buffer full
[mlkem_channel] ciphertext refused token=1808377933: ciphertext buffer full
[mlkem_channel] ciphertext refused token=2590577393: ciphertext buffer full
[mlkem_channel] ciphertext refused token=2636086042: ciphertext buffer full
[mlkem_channel] ciphertext refused token=3314281365: ciphertext buffer full
[mlkem_channel] ciphertext refused token=2877776802: ciphertext buffer full
[mlkem_channel] ciphertext refused token=3436723942: ciphertext buffer full
[mlkem_channel] ciphertext refused token=2365187865: ciphertext buffer full
[mlkem_channel] ciphertext refused token=525721797: ciphertext buffer full
[mlkem_channel] ciphertext refused token=2550435570: ciphertext buffer full
[mlkem_channel] ciphertext refused token=3788362573: ciphertext buffer full
[mlkem_channel] ciphertext refused token=469303648: ciphertext buffer full
[mlkem_channel] ciphertext refused token=2601403625: ciphertext buffer full
[mlkem_channel] ciphertext refused token=1991439448: ciphertext buffer full
[mlkem_channel] ciphertext refused token=239512604: ciphertext buffer full
[mlkem_channel] ciphertext refused token=1904781754: ciphertext buffer full
[mlkem_channel] ciphertext refused token=2128325309: ciphertext buffer full
[mlkem_channel] ciphertext refused token=1177847887: ciphertext buffer full
[mlkem_channel] ciphertext refused token=3446891453: ciphertext buffer full
[mlkem_channel] ciphertext refused token=465263737: ciphertext buffer full
[mlkem_channel] ciphertext refused token=2212139871: ciphertext buffer full
[mlkem_channel] ciphertext refused token=2302168320: ciphertext buffer full
[mlkem_channel] ciphertext refused token=2955161863: ciphertext buffer full
[mlkem_channel] ciphertext refused token=1443962682: ciphertext buffer full
[mlkem_channel] ciphertext refused token=4019075538: ciphertext buffer full
[mlkem_channel] ciphertext refused token=4202790531: ciphertext buffer full
[mlkem_channel] ciphertext refused token=3523887329: ciphertext buffer full
[mlkem_channel] ciphertext refused token=308741912: ciphertext buffer full
[mlkem_channel] ciphertext refused token=2182929784: ciphertext buffer full
[mlkem_channel] ciphertext refused token=1898642746: ciphertext buffer full
[mlkem_channel] ciphertext refused token=75679938: ciphertext buffer full
[mlkem_channel] ciphertext refused token=2128998417: ciphertext buffer full
[mlkem_channel] ciphertext refused token=1360946205: ciphertext buffer full
[mlkem_channel] ciphertext refused token=1310578746: ciphertext buffer full
[mlkem_channel] ciphertext refused token=740451742: ciphertext buffer full
[mlkem_channel] ciphertext refused token=3822686740: ciphertext buffer full
[mlkem_channel] ciphertext refused token=2951508815: ciphertext buffer full
[mlkem_channel] ciphertext refused token=3086961735: ciphertext buffer full
[mlkem_channel] ciphertext refused token=3999349251: ciphertext buffer full
[mlkem_channel] ciphertext refused token=2960878830: ciphertext buffer full
[mlkem_channel] ciphertext refused token=1480472729: ciphertext buffer full
[mlkem_channel] ciphertext refused token=1587637222: ciphertext buffer full
[mlkem_channel] ciphertext refused token=2035113689: ciphertext buffer full
[mlkem_channel] ciphertext refused token=3122625388: ciphertext buffer full
[mlkem_channel] ciphertext refused token=2925867632: ciphertext buffer full
[mlkem_channel] ciphertext refused token=1968552185: ciphertext buffer full
[mlkem_channel] ciphertext refused token=4026686653: ciphertext buffer full
[mlkem_channel] ciphertext refused token=2511161199: ciphertext buffer full
[mlkem_channel] ciphertext refused token=431824014: ciphertext buffer full
[mlkem_channel] ciphertext refused token=122434531: ciphertext buffer full
[mlkem_channel] ciphertext refused token=3147426085: ciphertext buffer full
[mlkem_channel] ciphertext refused token=1658542289: ciphertext buffer full
[mlkem_channel] ciphertext refused token=1580627410: ciphertext buffer full
[mlkem_channel] ciphertext refused token=2009059518: ciphertext buffer full
[mlkem_channel] ciphertext refused token=242247214: ciphertext buffer full
[mlkem_channel] ciphertext refused token=286478001: ciphertext buffer full
[mlkem_channel] ciphertext refused token=4214215758: ciphertext buffer full
[mlkem_channel] ciphertext refused token=2910432011: ciphertext buffer full
[mlkem_channel] ciphertext refused token=2687227902: ciphertext buffer full
[mlkem_channel] ciphertext refused token=1155928090: ciphertext buffer full
[mlkem_channel] ciphertext refused token=1503524220: ciphertext buffer full
[mlkem_channel] ciphertext refused token=3086811852: ciphertext buffer full
[mlkem_channel] ciphertext refused token=875983208: ciphertext buffer full
[mlkem_channel] ciphertext refused token=2671287830: ciphertext buffer full
[mlkem_channel] ciphertext refused token=3421403038: ciphertext buffer full
[mlkem_channel] ciphertext refused token=1876801459: ciphertext buffer full
[mlkem_channel] ciphertext refused token=2759890106: ciphertext buffer full
[mlkem_channel] ciphertext refused token=2337823395: ciphertext buffer full
[mlkem_channel] ciphertext refused token=2220510645: ciphertext buffer full
[mlkem_channel] ciphertext refused token=1737704384: ciphertext buffer full
[mlkem_channel] ciphertext refused token=931537726: ciphertext buffer full
[mlkem_channel] ciphertext refused token=993392945: ciphertext buffer full
[mlkem_channel] ciphertext refused token=3827171311: ciphertext buffer full
[mlkem_channel] ciphertext refused token=4268940181: ciphertext buffer full
[mlkem_channel] ciphertext refused token=1756378403: ciphertext buffer full
[mlkem_channel] ciphertext refused token=2309143245: ciphertext buffer full
[mlkem_channel] ciphertext refused token=1769729763: ciphertext buffer full
[mlkem_channel] ciphertext refused token=903372233: ciphertext buffer full
[mlkem_channel] ciphertext refused token=2205150171: ciphertext buffer full
[mlkem_channel] ciphertext refused token=2586863551: ciphertext buffer full
[mlkem_channel] ciphertext refused token=492124695: ciphertext buffer full
[mlkem_channel] ciphertext refused token=2500431768: ciphertext buffer full
[mlkem_channel] ciphertext refused token=986931669: ciphertext buffer full
[mlkem_channel] ciphertext refused token=4105282059: ciphertext buffer full
[mlkem_channel] ciphertext refused token=2978203581: ciphertext buffer full
[mlkem_channel] ciphertext refused token=235921217: ciphertext buffer full
[mlkem_channel] ciphertext refused token=3807817457: ciphertext buffer full
[mlkem_channel] ciphertext refused token=3289030608: ciphertext buffer full
[mlkem_channel] ciphertext refused token=4042484947: ciphertext buffer full
[mlkem_channel] ciphertext refused token=3127470293: ciphertext buffer full
[mlkem_channel] ciphertext refused token=2128604455: ciphertext buffer full
[mlkem_channel] ciphertext refused token=2701049285: ciphertext buffer full
[mlkem_channel] ciphertext refused token=1081693080: ciphertext buffer full
[mlkem_channel] ciphertext refused token=480613679: ciphertext buffer full
[mlkem_channel] ciphertext refused token=3273076952: ciphertext buffer full
[mlkem_channel] ciphertext refused token=393809272: ciphertext buffer full
[mlkem_channel] ciphertext refused token=1422869070: ciphertext buffer full
[mlkem_channel] ciphertext refused token=3654075261: ciphertext buffer full
[mlkem_channel] ciphertext refused token=3693875089: ciphertext buffer full
[mlkem_channel] ciphertext refused token=1267641972: ciphertext buffer full
[mlkem_channel] ciphertext refused token=347431281: ciphertext buffer full
[mlkem_channel] ciphertext refused token=3753122116: ciphertext buffer full
[mlkem_channel] ciphertext refused token=4273910345: ciphertext buffer full
[mlkem_channel] ciphertext refused token=3018424579: ciphertext buffer full
[mlkem_channel] ciphertext refused token=4009188947: ciphertext buffer full
[mlkem_channel] ciphertext refused token=3995027031: ciphertext buffer full
[mlkem_channel] ciphertext refused token=3353715092: ciphertext buffer full
[mlkem_channel] ciphertext refused token=2002992157: ciphertext buffer full
[mlkem_channel] ciphertext refused token=1861953023: ciphertext buffer full
[mlkem_channel] ciphertext refused token=404528576: ciphertext buffer full
[mlkem_channel] ciphertext refused token=2491255238: ciphertext buffer full
[mlkem_channel] ciphertext refused token=2115121786: ciphertext buffer full
[mlkem_channel] ciphertext refused token=4056756220: ciphertext buffer full
[mlkem_channel] ciphertext refused token=3255484942: ciphertext buffer full
[mlkem_channel] ciphertext refused token=3627172984: ciphertext buffer full
[mlkem_channel] ciphertext refused token=3920945804: ciphertext buffer full
[mlkem_channel] ciphertext refused token=115993982: ciphertext buffer full
[mlkem_channel] ciphertext refused token=879869929: ciphertext buffer full
[mlkem_channel] ciphertext refused token=834762185: ciphertext buffer full
[mlkem_channel] ciphertext refused token=1276422426: ciphertext buffer full
[mlkem_channel] ciphertext refused token=4113750178: ciphertext buffer full
[mlkem_channel] ciphertext refused token=676046606: ciphertext buffer full
[mlkem_channel] ciphertext refused token=1591250991: ciphertext buffer full
[mlkem_channel] ciphertext refused token=3579701825: ciphertext buffer full
[mlkem_channel] ciphertext refused token=2474357206: ciphertext buffer full
[mlkem_channel] ciphertext refused token=1220378685: ciphertext buffer full
[mlkem_channel] ciphertext refused token=732041984: ciphertext buffer full
[mlkem_channel] ciphertext refused token=3097013192: ciphertext buffer full
[mlkem_channel] ciphertext refused token=1182183300: ciphertext buffer full
[mlkem_channel] ciphertext refused token=3241729093: ciphertext buffer full
[mlkem_channel] ciphertext refused token=3686009746: ciphertext buffer full
[mlkem_channel] ciphertext refused token=2093105575: ciphertext buffer full
[mlkem_channel] ciphertext refused token=4026406736: ciphertext buffer full
[mlkem_channel] ciphertext refused token=381062219: ciphertext buffer full
[mlkem_channel] ciphertext refused token=1321386165: ciphertext buffer full
[mlkem_channel] ciphertext refused token=2362150517: ciphertext buffer full
[mlkem_channel] ciphertext refused token=3268476805: ciphertext buffer full
[mlkem_channel] ciphertext refused token=1743525659: ciphertext buffer full
[mlkem_channel] ciphertext refused token=869957662: ciphertext buffer full
[mlkem_channel] ciphertext refused token=133705735: ciphertext buffer full
[mlkem_channel] ciphertext refused token=2586645720: ciphertext buffer full
[mlkem_channel] ciphertext refused token=977069017: ciphertext buffer full
[mlkem_channel] ciphertext refused token=310916139: ciphertext buffer full
[mlkem_channel] ciphertext refused token=3014786849: ciphertext buffer full
[mlkem_channel] ciphertext refused token=3361269874: ciphertext buffer full
[mlkem_channel] ciphertext refused token=2794051140: ciphertext buffer full
[mlkem_channel] ciphertext refused token=2415130821: ciphertext buffer full
[mlkem_channel] ciphertext refused token=3408882898: ciphertext buffer full
[mlkem_channel] ciphertext refused token=661935190: ciphertext buffer full
[mlkem_channel] ciphertext refused token=1535397375: ciphertext buffer full
[mlkem_channel] ciphertext refused token=1133669905: ciphertext buffer full
[mlkem_channel] ciphertext refused token=283956744: ciphertext buffer full
[mlkem_channel] ciphertext refused token=2353854535: ciphertext buffer full
[mlkem_channel] ciphertext refused token=1033304948: ciphertext buffer full
[mlkem_channel] ciphertext refused token=2136703349: ciphertext buffer full
[mlkem_channel] ciphertext refused token=3922650854: ciphertext buffer full
[mlkem_channel] ciphertext refused token=257304210: ciphertext buffer full
[mlkem_channel] ciphertext refused token=4185126393: ciphertext buffer full
[mlkem_channel] ciphertext refused token=1818569903: ciphertext buffer full
[mlkem_channel] ciphertext refused token=238440012: ciphertext buffer full
[mlkem_channel] ciphertext refused token=1484713090: ciphertext buffer full
[mlkem_channel] ciphertext refused token=2024944245: ciphertext buffer full
[mlkem_channel] ciphertext refused token=1211190157: ciphertext buffer full
[mlkem_channel] ciphertext refused token=2314657073: ciphertext buffer full
[mlkem_channel] ciphertext refused token=2098769787: ciphertext buffer full
[mlkem_channel] ciphertext refused token=3903132823: ciphertext buffer full
[mlkem_channel] ciphertext refused token=652000700: ciphertext buffer full
[mlkem_channel] ciphertext refused token=445631014: ciphertext buffer full
[mlkem_channel] ciphertext refused token=4257847929: ciphertext buffer full
[mlkem_channel] ciphertext refused token=439604239: ciphertext buffer full
[mlkem_channel] ciphertext refused token=3722643559: ciphertext buffer full
[mlkem_channel] ciphertext refused token=3885160558: ciphertext buffer full
[mlkem_channel] ciphertext refused token=568323682: ciphertext buffer full
[mlkem_channel] ciphertext refused token=2799686191: ciphertext buffer full
[mlkem_channel] ciphertext refused token=2403016307: ciphertext buffer full
[mlkem_channel] ciphertext refused token=2440216072: ciphertext buffer full
[mlkem_channel] ciphertext refused token=171963837: ciphertext buffer full
[mlkem_channel] ciphertext refused token=4033281333: ciphertext buffer full
[mlkem_channel] ciphertext refused token=2567740970: ciphertext buffer full
[mlkem_channel] ciphertext refused token=3161218803: ciphertext buffer full
[mlkem_channel] ciphertext refused token=1035865766: ciphertext buffer full
[mlkem_channel] ciphertext refused token=1528458810: ciphertext buffer full
[mlkem_channel] ciphertext refused token=2108271271: ciphertext buffer full
[mlkem_channel] ciphertext refused token=1576769065: ciphertext buffer full
[mlkem_channel] ciphertext refused token=2371904100: ciphertext buffer full
[mlkem_channel] ciphertext refused token=164404317: ciphertext buffer full
[mlkem_channel] ciphertext refused token=756533907: ciphertext buffer full
[mlkem_channel] ciphertext buffered token=2689303143 nonce_prefix=23ed903e
[mlkem_channel] ciphertext buffered token=1164226029 nonce_prefix=8e113bab
[mlkem_channel] ciphertext buffered token=1838259160 nonce_prefix=fa00106b
[mlkem_channel] ciphertext buffered token=1331028048 nonce_prefix=cc77c990
[mlkem_channel] ciphertext buffered token=9316885 nonce_prefix=91c51f33
[mlkem_channel] ciphertext buffered token=2184742352 nonce_prefix=3b502ece
[mlkem_channel] ciphertext buffered token=1701172607 nonce_prefix=d3db2123
[mlkem_channel] ciphertext buffered token=2336346340 nonce_prefix=731ecb0a
[mlkem_channel] ciphertext buffered token=4075645984 nonce_prefix=853bd0cc
[mlkem_channel] ciphertext buffered token=2819372929 nonce_prefix=d2f1bd2b
[mlkem_channel] ciphertext buffered token=3042422789 nonce_prefix=e918bf84
[mlkem_channel] ciphertext buffered token=2305897005 nonce_prefix=b365a0ca
[mlkem_channel] ciphertext buffered token=728900610 nonce_prefix=5c8bfb64
[mlkem_channel] ciphertext buffered token=3259849731 nonce_prefix=3db23cc9
[mlkem_channel] ciphertext buffered token=3656399472 nonce_prefix=ff45f182
[mlkem_channel] ciphertext buffered token=4021710007 nonce_prefix=a9ef4eb8
[mlkem_channel] ciphertext buffered token=2145710730 nonce_prefix=dcbbf072
[mlkem_channel] ciphertext buffered token=2563469745 nonce_prefix=d54a1217
[mlkem_channel] ciphertext buffered token=2826081216 nonce_prefix=353c5ad0
[mlkem_channel] ciphertext buffered token=1792829048 nonce_prefix=bbcad5c0
[mlkem_channel] ciphertext buffered token=1639556685 nonce_prefix=0211a8b6
[mlkem_channel] ciphertext buffered token=1938850899 nonce_prefix=9652aa67
[mlkem_channel] ciphertext buffered token=994675628 nonce_prefix=83a99c61
[mlkem_channel] ciphertext buffered token=1604585083 nonce_prefix=4e48e51f
[mlkem_channel] ciphertext buffered token=745887356 nonce_prefix=999f9827
[mlkem_channel] ciphertext refused token=885800096: ciphertext buffer full
[mlkem_channel] ciphertext buffered token=2364140879 nonce_prefix=e81bf683
[mlkem_channel] ciphertext buffered token=1769389594 nonce_prefix=cac96ed8
[mlkem_channel] ciphertext buffered token=3908703355 nonce_prefix=9ecdd8be
[mlkem_channel] ciphertext refused token=1079532703: ciphertext buffer full
[mlkem_channel] ciphertext buffered token=4066204801 nonce_prefix=7501eadf
[mlkem_channel] ciphertext buffered token=306683296 nonce_prefix=71fc4531
[mlkem_channel] ciphertext buffered token=3098705296 nonce_prefix=e3b026b7
[mlkem_channel] ciphertext refused token=3372107669: ciphertext buffer full
[mlkem_channel] ciphertext buffered token=652776538 nonce_prefix=20f87272
[mlkem_channel] ciphertext buffered token=3898374684 nonce_prefix=c392e3ba
[mlkem_channel] ciphertext buffered token=2965534845 nonce_prefix=1181d6ec
[mlkem_channel] ciphertext buffered token=303127795 nonce_prefix=6ddf280b
[mlkem_channel] ciphertext buffered token=1648173015 nonce_prefix=c09cf83b
[mlkem_channel] ciphertext buffered token=613786273 nonce_prefix=38764972
[mlkem_channel] ciphertext buffered token=1455097755 nonce_prefix=6e1698aa
[mlkem_channel] ciphertext buffered token=2465547340 nonce_prefix=6bef131b
[mlkem_channel] ciphertext buffered token=1006376167 nonce_prefix=3bf2dc81
[mlkem_channel] ciphertext buffered token=144994392 nonce_prefix=f020cb7d
[mlkem_channel] ciphertext refused token=3755073477: ciphertext buffer full
[mlkem_channel] ciphertext buffered token=24499643 nonce_prefix=25bb0135
[mlkem_channel] ciphertext buffered token=1197782051 nonce_prefix=1f259121
[mlkem_channel] ciphertext buffered token=1921857659 nonce_prefix=4995503a
[mlkem_channel] ciphertext buffered token=1244355857 nonce_prefix=76987478
[mlkem_channel] ciphertext buffered token=3127297953 nonce_prefix=0d388e22
[mlkem_channel] ciphertext buffered token=1171747451 nonce_prefix=1f078b88
[mlkem_channel] ciphertext buffered token=1422607911 nonce_prefix=61decab6
[mlkem_channel] ciphertext buffered token=2620845252 nonce_prefix=33cc1ba6
[mlkem_channel] ciphertext buffered token=4235809806 nonce_prefix=3a7de6e6
[mlkem_channel] ciphertext buffered token=3854089858 nonce_prefix=657d1183
[mlkem_channel] ciphertext refused token=2046196590: ciphertext buffer full
[mlkem_channel] ciphertext buffered token=537644807 nonce_prefix=a17fd3d9
[mlkem_channel] ciphertext buffered token=3439662037 nonce_prefix=95b33f80
[mlkem_channel] ciphertext buffered token=4076695454 nonce_prefix=a0bd6e0d
[mlkem_channel] ciphertext buffered token=3914385823 nonce_prefix=e76f3029
[mlkem_channel] ciphertext refused token=2715108971: ciphertext buffer full
[mlkem_channel] ciphertext buffered token=3640416937 nonce_prefix=3b64bc13
[mlkem_channel] ciphertext buffered token=3404174669 nonce_prefix=08894ea1
[mlkem_channel] ciphertext buffered token=3725058274 nonce_prefix=d18b0f6b
[mlkem_channel] ciphertext buffered token=1674097005 nonce_prefix=9b79a661
[mlkem_channel] ciphertext buffered token=3429611123 nonce_prefix=35717445
[mlkem_channel] ciphertext buffered token=971499509 nonce_prefix=a91a18bc
[mlkem_channel] ciphertext buffered token=3689181371 nonce_prefix=660778ab
[mlkem_channel] ciphertext buffered token=1067834520 nonce_prefix=763b660d
[mlkem_channel] ciphertext buffered token=1770857483 nonce_prefix=e404f532
[mlkem_channel] ciphertext buffered token=461284961 nonce_prefix=2f9bedd8
[mlkem_channel] ciphertext buffered token=4218816778 nonce_prefix=2a96f1de
[mlkem_channel] ciphertext buffered token=1424383751 nonce_prefix=8eace60b
[mlkem_channel] ciphertext refused token=3067544728: ciphertext buffer full
[mlkem_channel] ciphertext buffered token=2244511681 nonce_prefix=ed21a74f
[mlkem_channel] ciphertext buffered token=3247215739 nonce_prefix=27729f8b
[mlkem_channel] ciphertext buffered token=2159362139 nonce_prefix=7327bf66
[mlkem_channel] ciphertext buffered token=3328434861 nonce_prefix=63a632b6
[mlkem_channel] ciphertext buffered token=2371091763 nonce_prefix=45d230b7
[mlkem_channel] ciphertext refused token=3332478136: ciphertext buffer full
[mlkem_channel] ciphertext buffered token=1920810868 nonce_prefix=9ca0dde1
[mlkem_channel] ciphertext buffered token=803092781 nonce_prefix=9eb57798
[mlkem_channel] ciphertext buffered token=2912043949 nonce_prefix=8ad2a5d3
[mlkem_channel] ciphertext buffered token=642724618 nonce_prefix=f575f904
[mlkem_channel] ciphertext buffered token=4130153940 nonce_prefix=6aad5d23
[mlkem_channel] ciphertext buffered token=3204451261 nonce_prefix=e03e720d
[mlkem_channel] ciphertext buffered token=1852739194 nonce_prefix=ac947198
[mlkem_channel] ciphertext buffered token=2963234714 nonce_prefix=95c62a07
[mlkem_channel] ciphertext refused token=2210776019: ciphertext buffer full
[mlkem_channel] ciphertext buffered token=3449904891 nonce_prefix=7360dd15
[mlkem_channel] ciphertext buffered token=3543353222 nonce_prefix=4ef5e6ee
[mlkem_channel] ciphertext buffered token=919473427 nonce_prefix=26e45f33
[mlkem_channel] ciphertext buffered token=2188045333 nonce_prefix=8d5e34e4
[mlkem_channel] ciphertext buffered token=1784672411 nonce_prefix=51769873
[mlkem_channel] ciphertext buffered token=2117565908 nonce_prefix=4b17485b
[mlkem_channel] ciphertext buffered token=3627987745 nonce_prefix=df63db44
[mlkem_channel] ciphertext buffered token=1215696295 nonce_prefix=a8fc6b4e
[mlkem_channel] ciphertext buffered token=1697197142 nonce_prefix=65e52004
[mlkem_channel] ciphertext buffered token=2334240800 nonce_prefix=984836c3
[mlkem_channel] ciphertext buffered token=3306289132 nonce_prefix=5a622818
[mlkem_channel] ciphertext buffered token=2566280267 nonce_prefix=8a54a366
[mlkem_channel] ciphertext buffered token=3985675157 nonce_prefix=efdf52b9
[mlkem_channel] ciphertext refused token=1327177232: ciphertext buffer full
[mlkem_channel] ciphertext buffered token=1597149594 nonce_prefix=77890c17
[mlkem_channel] ciphertext buffered token=782772448 nonce_prefix=c5241e76
[mlkem_channel] ciphertext buffered token=1776742064 nonce_prefix=4df86d8c
[mlkem_channel] ciphertext buffered token=4105449595 nonce_prefix=7b74d2c9
[mlkem_channel] ciphertext buffered token=484888675 nonce_prefix=a42209e8
[mlkem_channel] ciphertext buffered token=1377837668 nonce_prefix=098d39f8
[mlkem_channel] ciphertext buffered token=1166716721 nonce_prefix=cdf2cdab
[mlkem_channel] ciphertext buffered token=1511593528 nonce_prefix=93a67c5a
[mlkem_channel] ciphertext buffered token=2218535439 nonce_prefix=ad721bfd
[mlkem_channel] ciphertext buffered token=1893802430 nonce_prefix=a34c289e
[mlkem_channel] ciphertext buffered token=3669686881 nonce_prefix=d1af70ca
[mlkem_channel] ciphertext buffered token=948110903 nonce_prefix=0c727a00
[mlkem_channel] ciphertext buffered token=1028001776 nonce_prefix=423e36d0
[mlkem_channel] ciphertext buffered token=3087108531 nonce_prefix=d3e59413
[mlkem_channel] ciphertext buffered token=2158902987 nonce_prefix=dc10258f
[mlkem_channel] ciphertext buffered token=3822376179 nonce_prefix=128b708d
[mlkem_channel] ciphertext buffered token=3137219675 nonce_prefix=489eafa1
[mlkem_channel] ciphertext buffered token=2878256127 nonce_prefix=f968253f
[mlkem_channel] ciphertext buffered token=1310579245 nonce_prefix=228953cc
[mlkem_channel] ciphertext buffered token=2781893456 nonce_prefix=a5797bf9
[mlkem_channel] ciphertext buffered token=2506288958 nonce_prefix=4c1d7395
[mlkem_channel] ciphertext buffered token=843559807 nonce_prefix=d09f872a
[mlkem_channel] ciphertext buffered token=1081929672 nonce_prefix=aa59b06d
[mlkem_channel] ciphertext buffered token=2240712054 nonce_prefix=753adead
[mlkem_channel] ciphertext buffered token=2049486875 nonce_prefix=c5670fda
[mlkem_channel] ciphertext buffered token=413774215 nonce_prefix=41c729b3
[mlkem_channel] ciphertext buffered token=998952593 nonce_prefix=70817152
[mlkem_channel] ciphertext buffered token=2892001464 nonce_prefix=999e6489
[mlkem_channel] ciphertext buffered token=1641178033 nonce_prefix=12e93c0c
[mlkem_channel] ciphertext buffered token=3574886387 nonce_prefix=45550467
[mlkem_channel] ciphertext buffered token=2844964904 nonce_prefix=d6051a69
[mlkem_channel] ciphertext buffered token=954280525 nonce_prefix=d6540147
[mlkem_channel] ciphertext buffered token=4104314057 nonce_prefix=4f9ccc79
[mlkem_channel] ciphertext buffered token=1272265234 nonce_prefix=012a1707
[mlkem_channel] ciphertext buffered token=3527583864 nonce_prefix=a828c94c
[mlkem_channel] ciphertext buffered token=955929007 nonce_prefix=a34bb37d
[mlkem_channel] ciphertext buffered token=2191298265 nonce_prefix=54408bc9
[mlkem_channel] ciphertext buffered token=1853318452 nonce_prefix=736d2eff
[mlkem_channel] ciphertext buffered token=1380427770 nonce_prefix=a3865aa2
[mlkem_channel] ciphertext buffered token=466270916 nonce_prefix=d9dd68f4
[mlkem_channel] ciphertext buffered token=2874687361 nonce_prefix=ad3804f1
[mlkem_channel] ciphertext buffered token=1339811886 nonce_prefix=a3ca11cf
[mlkem_channel] ciphertext buffered token=497287312 nonce_prefix=c00e2877
[mlkem_channel] ciphertext buffered token=2008284602 nonce_prefix=47e320b7
[mlkem_channel] ciphertext buffered token=1975447543 nonce_prefix=b6d8100e
[mlkem_channel] ciphertext buffered token=2199019972 nonce_prefix=cd97179d
[mlkem_channel] ciphertext buffered token=3184797878 nonce_prefix=3557e21d
[mlkem_channel] ciphertext buffered token=1533973404 nonce_prefix=171e278a
[mlkem_channel] ciphertext buffered token=1998688154 nonce_prefix=6e26e3e2
[mlkem_channel] ciphertext buffered token=259755921 nonce_prefix=66744ae2
[mlkem_channel] ciphertext buffered token=2164803104 nonce_prefix=cb774192
[mlkem_channel] ciphertext buffered token=571357889 nonce_prefix=3a348aff
[mlkem_channel] ciphertext buffered token=1163940376 nonce_prefix=7151a25d
[mlkem_channel] ciphertext buffered token=1514454535 nonce_prefix=40ed717e
[mlkem_channel] ciphertext buffered token=3819205904 nonce_prefix=6dc234c2
[mlkem_channel] ciphertext buffered token=3509933514 nonce_prefix=f9ca83eb
[mlkem_channel] ciphertext refused token=3797707242: ciphertext buffer full
[mlkem_channel] ciphertext buffered token=1506112068 nonce_prefix=70f84da0
[mlkem_channel] ciphertext buffered token=435510850 nonce_prefix=41e409e2
[mlkem_channel] ciphertext buffered token=207748134 nonce_prefix=872e64fc
[mlkem_channel] ciphertext buffered token=4172296985 nonce_prefix=0ff60a08
[mlkem_channel] ciphertext buffered token=3309288474 nonce_prefix=4b58d779
[mlkem_channel] ciphertext buffered token=209002242 nonce_prefix=4f16baca
[mlkem_channel] ciphertext buffered token=1023493102 nonce_prefix=0e257657
[mlkem_channel] ciphertext buffered token=3486438720 nonce_prefix=392c2a35
[mlkem_channel] ciphertext buffered token=1052626045 nonce_prefix=5332dcab
[mlkem_channel] ciphertext buffered token=2991017085 nonce_prefix=9a05d421
[mlkem_channel] ciphertext buffered token=1009514341 nonce_prefix=9ec55a6a
[mlkem_channel] ciphertext buffered token=931582321 nonce_prefix=3fd144b1
[mlkem_channel] ciphertext buffered token=398850442 nonce_prefix=6d4a0a80
[mlkem_channel] ciphertext buffered token=3282238134 nonce_prefix=d139ce12
[mlkem_channel] ciphertext buffered token=2727251646 nonce_prefix=cf26a031
[mlkem_channel] ciphertext buffered token=1444817557 nonce_prefix=4382da37
[mlkem_channel] ciphertext buffered token=2345511093 nonce_prefix=0cb636ef
[mlkem_channel] ciphertext buffered token=1029136573 nonce_prefix=9046a99d
[mlkem_channel] ciphertext buffered token=4169064399 nonce_prefix=8b63e23c
[mlkem_channel] ciphertext refused token=2722957722: ciphertext buffer full
[mlkem_channel] ciphertext buffered token=4013067507 nonce_prefix=0228ba1a
[mlkem_channel] ciphertext buffered token=350992733 nonce_prefix=4af138b5
[mlkem_channel] ciphertext buffered token=3591728622 nonce_prefix=359f5c65
[mlkem_channel] ciphertext buffered token=4067079277 nonce_prefix=294775c0
[mlkem_channel] ciphertext buffered token=1729883503 nonce_prefix=c1e78b62
[mlkem_channel] ciphertext buffered token=2650061500 nonce_prefix=a34326dc
[mlkem_channel] ciphertext buffered token=2043556968 nonce_prefix=1683c7b8
[mlkem_channel] ciphertext buffered token=677102442 nonce_prefix=70b3ada0
[mlkem_channel] ciphertext buffered token=44183262 nonce_prefix=e37cd6c6
[mlkem_channel] ciphertext buffered token=1651531682 nonce_prefix=9fcfc924
[mlkem_channel] ciphertext buffered token=1858168689 nonce_prefix=bed40797
[mlkem_channel] ciphertext buffered token=1201353143 nonce_prefix=93324f33
[mlkem_channel] ciphertext buffered token=2225255648 nonce_prefix=01d66cff
[mlkem_channel] ciphertext refused token=3449072153: ciphertext buffer full
[mlkem_channel] ciphertext buffered token=85570023 nonce_prefix=04e1fd9e
[mlkem_channel] ciphertext buffered token=22442563 nonce_prefix=d3c61bed
[mlkem_channel] ciphertext buffered token=2892417936 nonce_prefix=33cb9a37
[mlkem_channel] ciphertext buffered token=3011250290 nonce_prefix=84ca8964
[mlkem_channel] ciphertext buffered token=3625813126 nonce_prefix=87deedd8
[mlkem_channel] ciphertext buffered token=843654487 nonce_prefix=86bd89d8
[mlkem_channel] ciphertext buffered token=2801151317 nonce_prefix=174cf9f4
[mlkem_channel] ciphertext buffered token=3491890954 nonce_prefix=1c342472
[mlkem_channel] ciphertext buffered token=3538286667 nonce_prefix=fef13247
[mlkem_channel] ciphertext buffered token=3926654704 nonce_prefix=f5f3e633
[mlkem_channel] ciphertext buffered token=895244004 nonce_prefix=e92e1411
[mlkem_channel] ciphertext buffered token=961183754 nonce_prefix=3e1f0fd5
[mlkem_channel] ciphertext buffered token=1283479832 nonce_prefix=ee672eda
[mlkem_channel] ciphertext buffered token=402618177 nonce_prefix=de5826da
[mlkem_channel] ciphertext buffered token=1663839909 nonce_prefix=83f7ad62
[mlkem_channel] ciphertext buffered token=250278788 nonce_prefix=904b6216
[mlkem_channel] ciphertext buffered token=1799071488 nonce_prefix=52c8f4b6
[mlkem_channel] ciphertext buffered token=951778896 nonce_prefix=20d9811c
[mlkem_channel] ciphertext buffered token=2593656892 nonce_prefix=cf396216
[mlkem_channel] ciphertext buffered token=3196786968 nonce_prefix=3bfed1aa
[mlkem_channel] ciphertext buffered token=4101416598 nonce_prefix=a923a38a
[mlkem_channel] ciphertext buffered token=2331007360 nonce_prefix=89183c6f
[mlkem_channel] ciphertext buffered token=16661648 nonce_prefix=d42bf820
[mlkem_channel] ciphertext buffered token=2611976674 nonce_prefix=c052021b
[mlkem_channel] ciphertext buffered token=970795656 nonce_prefix=198c3b36
[mlkem_channel] ciphertext buffered token=1623080660 nonce_prefix=0adb79eb
[mlkem_channel] ciphertext buffered token=2769032472 nonce_prefix=71763da5
[mlkem_channel] ciphertext buffered token=4007194221 nonce_prefix=3bca3b66
[mlkem_channel] ciphertext buffered token=3707142287 nonce_prefix=97d88088
[mlkem_channel] ciphertext buffered token=846045188 nonce_prefix=acc58e4f
[mlkem_channel] ciphertext buffered token=2618839788 nonce_prefix=85c2f92d
[mlkem_channel] ciphertext buffered token=245226989 nonce_prefix=a2ef2f13
[mlkem_channel] ciphertext buffered token=3716743633 nonce_prefix=d44c7e9e
[mlkem_channel] ciphertext buffered token=464498237 nonce_prefix=8d691e0c
[mlkem_channel] ciphertext buffered token=1357847532 nonce_prefix=12d936dd
[mlkem_channel] ciphertext buffered token=1545216136 nonce_prefix=7dbdf043
[mlkem_channel] ciphertext buffered token=3557817990 nonce_prefix=588c68f1
[mlkem_channel] ciphertext buffered token=908404201 nonce_prefix=1911b38d
[mlkem_channel] ciphertext buffered token=1762955113 nonce_prefix=e5b85bff
[mlkem_channel] ciphertext buffered token=218266793 nonce_prefix=231c9689
[mlkem_channel] ciphertext buffered token=4027965041 nonce_prefix=13c388f2
[mlkem_channel] ciphertext buffered token=1603549681 nonce_prefix=a73a0e43
[mlkem_channel] ciphertext buffered token=3629275408 nonce_prefix=442da320
[mlkem_channel] ciphertext buffered token=3821578807 nonce_prefix=1fdcd8d0
[mlkem_channel] ciphertext buffered token=3843396376 nonce_prefix=f00e0652
[mlkem_channel] ciphertext refused token=3478750151: ciphertext buffer full
[mlkem_channel] ciphertext buffered token=1078427590 nonce_prefix=95ef544f
[mlkem_channel] ciphertext buffered token=3869134532 nonce_prefix=2a2e5cd5
[mlkem_channel] ciphertext buffered token=4245053813 nonce_prefix=0e1dbac7
[mlkem_channel] ciphertext buffered token=235779702 nonce_prefix=6aa74f17
[mlkem_channel] ciphertext buffered token=3204610071 nonce_prefix=8cf1dc61
[mlkem_channel] ciphertext buffered token=1295832843 nonce_prefix=77c0bc6f
[mlkem_channel] ciphertext buffered token=2441352371 nonce_prefix=457c6c9e
[mlkem_channel] ciphertext buffered token=2488155788 nonce_prefix=6e185790
[mlkem_channel] ciphertext buffered token=1600832190 nonce_prefix=fdee6eba
[mlkem_channel] ciphertext buffered token=1555029076 nonce_prefix=16ec3da2
[mlkem_channel] ciphertext buffered token=4028020696 nonce_prefix=e93a9426
[mlkem_channel] ciphertext buffered token=776366485 nonce_prefix=98704003
[mlkem_channel] ciphertext buffered token=1452519775 nonce_prefix=30e64a38
[mlkem_channel] ciphertext buffered token=3384632046 nonce_prefix=e10f4f2f
[mlkem_channel] ciphertext buffered token=533664663 nonce_prefix=49c87e27
[mlkem_channel] ciphertext buffered token=2480945293 nonce_prefix=6566f018
[mlkem_channel] ciphertext buffered token=1972092589 nonce_prefix=4f48102f
[mlkem_channel] ciphertext buffered token=1079301699 nonce_prefix=7f43ba01
[mlkem_channel] ciphertext buffered token=241379810 nonce_prefix=fb9966e8
[mlkem_channel] ciphertext buffered token=471658977 nonce_prefix=9b4072e7
[mlkem_channel] ciphertext buffered token=1902896235 nonce_prefix=8e536f99
[mlkem_channel] ciphertext buffered token=2686799204 nonce_prefix=6b7ecb56
[mlkem_channel] ciphertext buffered token=4187870965 nonce_prefix=791167c4
[mlkem_channel] ciphertext buffered token=1796327311 nonce_prefix=575a8782
[mlkem_channel] ciphertext buffered token=1842550063 nonce_prefix=6a66a951
[mlkem_channel] ciphertext buffered token=631145271 nonce_prefix=28eb6249
[mlkem_channel] ciphertext buffered token=4147900274 nonce_prefix=453c2ef9
[mlkem_channel] ciphertext buffered token=3857246181 nonce_prefix=7ddc56d3
[mlkem_channel] ciphertext buffered token=151507469 nonce_prefix=0dbd61e5
[mlkem_channel] ciphertext buffered token=3238851962 nonce_prefix=0cb406df
[mlkem_channel] ciphertext refused token=3978438373: ciphertext buffer full
[mlkem_channel] ciphertext refused token=3945861612: ciphertext buffer full
[mlkem_channel] ciphertext refused token=1319039918: ciphertext buffer full
[mlkem_channel] ciphertext refused token=1533325142: ciphertext buffer full
[mlkem_channel] ciphertext refused token=3617396319: ciphertext buffer full
[mlkem_channel] ciphertext refused token=3532642456: ciphertext buffer full
[mlkem_channel] ciphertext refused token=2494472747: ciphertext buffer full
[mlkem_channel] ciphertext refused token=1527598228: ciphertext buffer full
[mlkem_channel] ciphertext refused token=1430468765: ciphertext buffer full
[mlkem_channel] ciphertext refused token=3392554262: ciphertext buffer full
[mlkem_channel] ciphertext refused token=832458279: ciphertext buffer full
[mlkem_channel] ciphertext refused token=1270021846: ciphertext buffer full
[mlkem_channel] ciphertext refused token=2326883267: ciphertext buffer full
[mlkem_channel] ciphertext refused token=3234003421: ciphertext buffer full
[mlkem_channel] ciphertext refused token=2971017945: ciphertext buffer full
[mlkem_channel] ciphertext refused token=19581035: ciphertext buffer full
[mlkem_channel] ciphertext refused token=68009529: ciphertext buffer full
[mlkem_channel] ciphertext refused token=4024799631: ciphertext buffer full
[mlkem_channel] ciphertext refused token=1865812629: ciphertext buffer full
[mlkem_channel] ciphertext refused token=2785052900: ciphertext buffer full
[mlkem_channel] ciphertext refused token=3112192063: ciphertext buffer full
[mlkem_channel] ciphertext refused token=2414922107: ciphertext buffer full
[mlkem_channel] ciphertext refused token=3609661679: ciphertext buffer full
[mlkem_channel] ciphertext refused token=3621832799: ciphertext buffer full
[mlkem_channel] ciphertext refused token=3209906823: ciphertext buffer full
[mlkem_channel] ciphertext refused token=4206367504: ciphertext buffer full
[mlkem_channel] ciphertext refused token=3104474920: ciphertext buffer full
[mlkem_channel] ciphertext refused token=1333729379: ciphertext buffer full
[mlkem_channel] ciphertext refused token=1305192810: ciphertext buffer full
[mlkem_channel] ciphertext refused token=3163140962: ciphertext buffer full
[mlkem_channel] ciphertext refused token=1739653391: ciphertext buffer full
[mlkem_channel] ciphertext refused token=1961381330: ciphertext buffer full
[mlkem_channel] ciphertext refused token=733729420: ciphertext buffer full
[mlkem_channel] ciphertext refused token=2490712797: ciphertext buffer full
[mlkem_channel] ciphertext refused token=893074191: ciphertext buffer full
[mlkem_channel] ciphertext refused token=1166686249: ciphertext buffer full
[mlkem_channel] ciphertext refused token=147740695: ciphertext buffer full
[mlkem_channel] ciphertext refused token=1847457657: ciphertext buffer full
[mlkem_channel] ciphertext refused token=3760654206: ciphertext buffer full
[mlkem_channel] ciphertext refused token=1275583990: ciphertext buffer full
[mlkem_channel] ciphertext refused token=1061230084: ciphertext buffer full
[mlkem_channel] ciphertext refused token=3132230663: ciphertext buffer full
[mlkem_channel] ciphertext refused token=3150179285: ciphertext buffer full
[mlkem_channel] ciphertext refused token=196197465: ciphertext buffer full
[mlkem_channel] ciphertext refused token=4209827728: ciphertext buffer full
[mlkem_channel] ciphertext refused token=1871323138: ciphertext buffer full
[mlkem_channel] ciphertext refused token=554780574: ciphertext buffer full
[mlkem_channel] ciphertext refused token=440501374: ciphertext buffer full
[mlkem_channel] ciphertext refused token=2304719128: ciphertext buffer full
[mlkem_channel] ciphertext refused token=2322377741: ciphertext buffer full
[mlkem_channel] ciphertext refused token=1397329330: ciphertext buffer full
[mlkem_channel] ciphertext refused token=1448120151: ciphertext buffer full
[mlkem_channel] ciphertext refused token=2095663648: ciphertext buffer full
[mlkem_channel] ciphertext refused token=1273789699: ciphertext buffer full
[mlkem_channel] ciphertext refused token=1751639821: ciphertext buffer full
[mlkem_channel] ciphertext refused token=2184512930: ciphertext buffer full
[mlkem_channel] ciphertext refused token=3960958066: ciphertext buffer full
[mlkem_channel] ciphertext refused token=716197195: ciphertext buffer full
[mlkem_channel] ciphertext refused token=1782566639: ciphertext buffer full
[mlkem_channel] ciphertext refused token=2550120626: ciphertext buffer full
[mlkem_channel] ciphertext refused token=276725747: ciphertext buffer full
[mlkem_channel] ciphertext refused token=270146240: ciphertext buffer full
[mlkem_channel] ciphertext refused token=4051913730: ciphertext buffer full
[mlkem_channel] ciphertext refused token=1093097136: ciphertext buffer full
[mlkem_channel] ciphertext refused token=3426298550: ciphertext buffer full
[mlkem_channel] ciphertext refused token=3913287911: ciphertext buffer full
[mlkem_channel] ciphertext refused token=2122295199: ciphertext buffer full
[mlkem_channel] ciphertext refused token=101435236: ciphertext buffer full
[mlkem_channel] ciphertext refused token=2853755803: ciphertext buffer full
[mlkem_channel] ciphertext refused token=3735738241: ciphertext buffer full
[mlkem_channel] ciphertext refused token=2577917167: ciphertext buffer full
[mlkem_channel] ciphertext refused token=1172892895: ciphertext buffer full
[mlkem_channel] ciphertext refused token=1348392140: ciphertext buffer full
[mlkem_channel] ciphertext refused token=2319055147: ciphertext buffer full
[mlkem_channel] ciphertext refused token=1604961554: ciphertext buffer full
[mlkem_channel] ciphertext refused token=1690383367: ciphertext buffer full
[mlkem_channel] ciphertext refused token=262940832: ciphertext buffer full
[mlkem_channel] ciphertext refused token=24877243: ciphertext buffer full
[mlkem_channel] ciphertext refused token=428934201: ciphertext buffer full
[mlkem_channel] ciphertext refused token=2498429999: ciphertext buffer full
[mlkem_channel] ciphertext refused token=944049793: ciphertext buffer full
[mlkem_channel] ciphertext refused token=2425647413: ciphertext buffer full
[mlkem_channel] ciphertext refused token=3308866868: ciphertext buffer full
[mlkem_channel] ciphertext refused token=1881007176: ciphertext buffer full
[mlkem_channel] ciphertext refused token=987770904: ciphertext buffer full
[mlkem_channel] ciphertext refused token=4169025401: ciphertext buffer full
[mlkem_channel] ciphertext refused token=2902215457: ciphertext buffer full
[mlkem_channel] ciphertext refused token=2807837285: ciphertext buffer full
[mlkem_channel] ciphertext refused token=1047172969: ciphertext buffer full
[mlkem_channel] ciphertext refused token=3789127031: ciphertext buffer full
[mlkem_channel] ciphertext refused token=3253918368: ciphertext buffer full
[mlkem_channel] ciphertext refused token=3560594776: ciphertext buffer full
[mlkem_channel] ciphertext refused token=1849499340: ciphertext buffer full
[mlkem_channel] ciphertext refused token=3030495328: ciphertext buffer full
[mlkem_channel] ciphertext refused token=1965536897: ciphertext buffer full
[mlkem_channel] ciphertext refused token=2594668881: ciphertext buffer full
[mlkem_channel] ciphertext refused token=1403359277: ciphertext buffer full
[mlkem_channel] ciphertext refused token=4179770324: ciphertext buffer full
[mlkem_channel] ciphertext refused token=656581330: ciphertext buffer full
[mlkem_channel] ciphertext refused token=1188609509: ciphertext buffer full
[mlkem_channel] ciphertext refused token=1037957250: ciphertext buffer full
[mlkem_channel] ciphertext refused token=581120005: ciphertext buffer full
[mlkem_channel] ciphertext refused token=3227425982: ciphertext buffer full
[mlkem_channel] ciphertext refused token=3833202284: ciphertext buffer full
[mlkem_channel] ciphertext refused token=613425007: ciphertext buffer full
[mlkem_channel] ciphertext refused token=2905746608: ciphertext buffer full
[mlkem_channel] ciphertext refused token=2985846649: ciphertext buffer full
[mlkem_channel] ciphertext refused token=1917052920: ciphertext buffer full
[mlkem_channel] ciphertext refused token=948602401: ciphertext buffer full
[mlkem_channel] ciphertext refused token=3751332304: ciphertext buffer full
[mlkem_channel] ciphertext refused token=2371212162: ciphertext buffer full
[mlkem_channel] ciphertext refused token=1913270825: ciphertext buffer full
[mlkem_channel] ciphertext refused token=429881519: ciphertext buffer full
[mlkem_channel] ciphertext refused token=1669821841: ciphertext buffer full
[mlkem_channel] ciphertext refused token=3042756655: ciphertext buffer full
[mlkem_channel] ciphertext refused token=4201957610: ciphertext buffer full
[mlkem_channel] ciphertext refused token=1507569095: ciphertext buffer full
[mlkem_channel] ciphertext refused token=729954691: ciphertext buffer full
[mlkem_channel] ciphertext refused token=2683237047: ciphertext buffer full
[mlkem_channel] ciphertext refused token=1466161359: ciphertext buffer full
[mlkem_channel] ciphertext refused token=1660263906: ciphertext buffer full
[mlkem_channel] ciphertext refused token=361612584: ciphertext buffer full
[mlkem_channel] ciphertext refused token=2112627564: ciphertext buffer full
[mlkem_channel] ciphertext refused token=3360774035: ciphertext buffer full
[mlkem_channel] ciphertext refused token=1691389202: ciphertext buffer full
[mlkem_channel] ciphertext refused token=463517246: ciphertext buffer full
[mlkem_channel] ciphertext refused token=2347083805: ciphertext buffer full
[mlkem_channel] ciphertext refused token=1735305745: ciphertext buffer full
[mlkem_channel] ciphertext refused token=3302412570: ciphertext buffer full
[mlkem_channel] ciphertext refused token=3530448772: ciphertext buffer full
[mlkem_channel] ciphertext refused token=3976568173: ciphertext buffer full
[mlkem_channel] ciphertext refused token=2288836117: ciphertext buffer full
[mlkem_channel] ciphertext refused token=1879795851: ciphertext buffer full
[mlkem_channel] ciphertext refused token=2118609648: ciphertext buffer full
[mlkem_channel] ciphertext refused token=4042124765: ciphertext buffer full
[mlkem_channel] ciphertext refused token=3571378114: ciphertext buffer full
[mlkem_channel] ciphertext refused token=269509261: ciphertext buffer full
[mlkem_channel] ciphertext refused token=2590152255: ciphertext buffer full
[mlkem_channel] ciphertext refused token=1229799714: ciphertext buffer full
[mlkem_channel] ciphertext refused token=887778711: ciphertext buffer full
[mlkem_channel] ciphertext refused token=1016442754: ciphertext buffer full
[mlkem_channel] ciphertext refused token=1143692784: ciphertext buffer full
[mlkem_channel] ciphertext refused token=2864473859: ciphertext buffer full
[mlkem_channel] ciphertext refused token=403334530: ciphertext buffer full
[mlkem_channel] ciphertext refused token=2534962992: ciphertext buffer full
[mlkem_channel] ciphertext refused token=4168461070: ciphertext buffer full
[mlkem_channel] ciphertext refused token=3464154846: ciphertext buffer full
[mlkem_channel] ciphertext refused token=3326459412: ciphertext buffer full
[mlkem_channel] ciphertext refused token=1059937960: ciphertext buffer full
[mlkem_channel] ciphertext refused token=1432373410: ciphertext buffer full
[mlkem_channel] ciphertext refused token=1807363602: ciphertext buffer full
[mlkem_channel] ciphertext refused token=828474484: ciphertext buffer full
[mlkem_channel] ciphertext refused token=3093955701: ciphertext buffer full
[mlkem_channel] ciphertext refused token=2081358391: ciphertext buffer full
[mlkem_channel] ciphertext refused token=479702403: ciphertext buffer full
[mlkem_channel] ciphertext refused token=3907649636: ciphertext buffer full
[mlkem_channel] ciphertext refused token=2604582707: ciphertext buffer full
[mlkem_channel] ciphertext refused token=2107987783: ciphertext buffer full
[mlkem_channel] ciphertext refused token=2807756360: ciphertext buffer full
[mlkem_channel] ciphertext refused token=33886771: ciphertext buffer full
[mlkem_channel] ciphertext refused token=2609060746: ciphertext buffer full
[mlkem_channel] ciphertext refused token=3084403669: ciphertext buffer full
[mlkem_channel] ciphertext refused token=608872750: ciphertext buffer full
[mlkem_channel] ciphertext refused token=2555005009: ciphertext buffer full
[mlkem_channel] ciphertext refused token=475219106: ciphertext buffer full
[mlkem_channel] ciphertext refused token=2827498676: ciphertext buffer full
[mlkem_channel] ciphertext refused token=2781597009: ciphertext buffer full
[mlkem_channel] ciphertext refused token=1112972600: ciphertext buffer full
[mlkem_channel] ciphertext refused token=3760429308: ciphertext buffer full
[mlkem_channel] ciphertext refused token=3692466149: ciphertext buffer full
[mlkem_channel] ciphertext refused token=1342871506: ciphertext buffer full
[mlkem_channel] ciphertext refused token=4245778514: ciphertext buffer full
[mlkem_channel] ciphertext refused token=1909300495: ciphertext buffer full
[mlkem_channel] ciphertext refused token=2063705071: ciphertext buffer full
[mlkem_channel] ciphertext refused token=2211716802: ciphertext buffer full
[mlkem_channel] ciphertext refused token=2299293978: ciphertext buffer full
[mlkem_channel] ciphertext refused token=3282246567: ciphertext buffer full
[mlkem_channel] ciphertext refused token=3965325159: ciphertext buffer full
[mlkem_channel] ciphertext refused token=2830266306: ciphertext buffer full
[mlkem_channel] ciphertext refused token=2964564104: ciphertext buffer full
[mlkem_channel] ciphertext refused token=1256797424: ciphertext buffer full
[mlkem_channel] ciphertext refused token=1861447866: ciphertext buffer full
[mlkem_channel] ciphertext refused token=465328854: ciphertext buffer full
[mlkem_channel] ciphertext refused token=1340856480: ciphertext buffer full
[mlkem_channel] ciphertext refused token=792282440: ciphertext buffer full
[mlkem_channel] ciphertext refused token=3675364175: ciphertext buffer full
[mlkem_channel] ciphertext refused token=681908878: ciphertext buffer full
[mlkem_channel] ciphertext refused token=578965144: ciphertext buffer full
[mlkem_channel] ciphertext refused token=2779861068: ciphertext buffer full
[mlkem_channel] ciphertext refused token=567080140: ciphertext buffer full
[mlkem_channel] ciphertext refused token=565031496: ciphertext buffer full
[mlkem_channel] ciphertext refused token=379784051: ciphertext buffer full
[mlkem_channel] ciphertext refused token=3396640948: ciphertext buffer full
[mlkem_channel] ciphertext refused token=1052654176: ciphertext buffer full
[mlkem_channel] ciphertext refused token=1395519208: ciphertext buffer full
[mlkem_channel] ciphertext refused token=2999560593: ciphertext buffer full
[mlkem_channel] ciphertext refused token=625139995: ciphertext buffer full
[mlkem_channel] ciphertext refused token=797402157: ciphertext buffer full
[mlkem_channel] ciphertext refused token=920450281: ciphertext buffer full
[mlkem_channel] ciphertext refused token=2649570523: ciphertext buffer full
[mlkem_channel] ciphertext refused token=1944847382: ciphertext buffer full
[mlkem_channel] ciphertext refused token=3253941427: ciphertext buffer full
[mlkem_channel] ciphertext refused token=1510102128: ciphertext buffer full
[mlkem_channel] ciphertext refused token=3663013304: ciphertext buffer full
[mlkem_channel] ciphertext refused token=3890355483: ciphertext buffer full
[mlkem_channel] ciphertext refused token=4043889248: ciphertext buffer full
[mlkem_channel] ciphertext refused token=2777698835: ciphertext buffer full
[mlkem_channel] ciphertext refused token=842061499: ciphertext buffer full
[mlkem_channel] ciphertext refused token=3097750917: ciphertext buffer full
[mlkem_channel] ciphertext refused token=1678680014: ciphertext buffer full
[mlkem_channel] ciphertext refused token=2286359176: ciphertext buffer full
[mlkem_channel] ciphertext refused token=2602890639: ciphertext buffer full
[mlkem_channel] ciphertext refused token=2819904552: ciphertext buffer full
[mlkem_channel] ciphertext refused token=1857260335: ciphertext buffer full
[mlkem_channel] ciphertext refused token=4089722759: ciphertext buffer full
[mlkem_channel] ciphertext refused token=2771533405: ciphertext buffer full
[mlkem_channel] ciphertext refused token=3621539047: ciphertext buffer full
[mlkem_channel] ciphertext refused token=2533216526: ciphertext buffer full
[mlkem_channel] ciphertext refused token=1617900971: ciphertext buffer full
[mlkem_channel] ciphertext refused token=1973792843: ciphertext buffer full
[mlkem_channel] ciphertext refused token=307194684: ciphertext buffer full
[mlkem_channel] ciphertext refused token=3626003882: ciphertext buffer full
[mlkem_channel] ciphertext refused token=2950109462: ciphertext buffer full
[mlkem_channel] ciphertext refused token=583587924: ciphertext buffer full
[mlkem_channel] ciphertext refused token=452672586: ciphertext buffer full
[mlkem_channel] ciphertext refused token=490266933: ciphertext buffer full
[mlkem_channel] ciphertext refused token=3682095451: ciphertext buffer full
[mlkem_channel] ciphertext refused token=974346659: ciphertext buffer full
[mlkem_channel] ciphertext refused token=4130461109: ciphertext buffer full
[mlkem_channel] ciphertext refused token=3902421763: ciphertext buffer full
[mlkem_channel] ciphertext refused token=1798741187: ciphertext buffer full
[mlkem_channel] ciphertext refused token=567057319: ciphertext buffer full
[mlkem_channel] ciphertext refused token=284168933: ciphertext buffer full
[mlkem_channel] ciphertext refused token=932331579: ciphertext buffer full
[mlkem_channel] ciphertext refused token=2135577402: ciphertext buffer full
[mlkem_channel] ciphertext refused token=4102112049: ciphertext buffer full
[mlkem_channel] ciphertext refused token=1805341781: ciphertext buffer full
[mlkem_channel] ciphertext refused token=289976624: ciphertext buffer full
[mlkem_channel] ciphertext refused token=70819372: ciphertext buffer full
[mlkem_channel] ciphertext refused token=1594843719: ciphertext buffer full
[mlkem_channel] ciphertext refused token=2225572010: ciphertext buffer full
[mlkem_channel] ciphertext refused token=320766528: ciphertext buffer full
[mlkem_channel] ciphertext refused token=3245489582: ciphertext buffer full
[mlkem_channel] ciphertext refused token=3907152583: ciphertext buffer full
[mlkem_channel] ciphertext refused token=3203793699: ciphertext buffer full
[mlkem_channel] ciphertext refused token=2878415860: ciphertext buffer full
[mlkem_channel] ciphertext refused token=1261083944: ciphertext buffer full
[mlkem_channel] ciphertext refused token=2334213363: ciphertext buffer full
[mlkem_channel] ciphertext refused token=345797416: ciphertext buffer full
[mlkem_channel] ciphertext refused token=220975436: ciphertext buffer full
[mlkem_channel] ciphertext refused token=3067555722: ciphertext buffer full
[mlkem_channel] ciphertext refused token=2349285526: ciphertext buffer full
[mlkem_channel] ciphertext refused token=3223772938: ciphertext buffer full
[mlkem_channel] ciphertext refused token=2949418775: ciphertext buffer full
[mlkem_channel] ciphertext refused token=3297584738: ciphertext buffer full
[mlkem_channel] ciphertext refused token=2352102050: ciphertext buffer full
[mlkem_channel] ciphertext refused token=777723210: ciphertext buffer full
[mlkem_channel] ciphertext refused token=2026890953: ciphertext buffer full
[mlkem_channel] ciphertext refused token=854788390: ciphertext buffer full
[mlkem_channel] ciphertext refused token=192826710: ciphertext buffer full
[mlkem_channel] ciphertext refused token=821365900: ciphertext buffer full
[mlkem_channel] ciphertext refused token=1029824166: ciphertext buffer full
[mlkem_channel] ciphertext refused token=727462515: ciphertext buffer full
[mlkem_channel] ciphertext refused token=169883002: ciphertext buffer full
[mlkem_channel] ciphertext refused token=786863299: ciphertext buffer full
[mlkem_channel] ciphertext refused token=2350522594: ciphertext buffer full
[mlkem_channel] ciphertext refused token=2338255053: ciphertext buffer full
[mlkem_channel] ciphertext refused token=664219545: ciphertext buffer full
[mlkem_channel] ciphertext refused token=2123118752: ciphertext buffer full
[mlkem_channel] ciphertext refused token=530492950: ciphertext buffer full
[mlkem_channel] ciphertext refused token=2414992718: ciphertext buffer full
[mlkem_channel] ciphertext refused token=782584174: ciphertext buffer full
[mlkem_channel] ciphertext refused token=3035551034: ciphertext buffer full
[mlkem_channel] ciphertext refused token=2584904187: ciphertext buffer full
[mlkem_channel] ciphertext refused token=47231920: ciphertext buffer full
[mlkem_channel] ciphertext refused token=3846225155: ciphertext buffer full
[mlkem_channel] ciphertext refused token=2301469040: ciphertext buffer full
[mlkem_channel] ciphertext refused token=2738410705: ciphertext buffer full
[mlkem_channel] ciphertext refused token=609126612: ciphertext buffer full
[mlkem_channel] ciphertext refused token=951834115: ciphertext buffer full
[mlkem_channel] ciphertext refused token=2759711955: ciphertext buffer full
[mlkem_channel] ciphertext refused token=2347284613: ciphertext buffer full
[mlkem_channel] ciphertext refused token=1947588472: ciphertext buffer full
[mlkem_channel] ciphertext refused token=3986190318: ciphertext buffer full
[mlkem_channel] ciphertext refused token=3696788267: ciphertext buffer full
[mlkem_channel] ciphertext refused token=1803272566: ciphertext buffer full
[mlkem_channel] ciphertext refused token=162760693: ciphertext buffer full
[mlkem_channel] ciphertext refused token=3796258029: ciphertext buffer full
[mlkem_channel] ciphertext refused token=1484456626: ciphertext buffer full
[mlkem_channel] ciphertext refused token=836611062: ciphertext buffer full
[mlkem_channel] ciphertext refused token=2055088581: ciphertext buffer full
[mlkem_channel] ciphertext refused token=1889099778: ciphertext buffer full
[mlkem_channel] ciphertext refused token=4001589969: ciphertext buffer full
[mlkem_channel] ciphertext refused token=3821461160: ciphertext buffer full
[mlkem_channel] ciphertext refused token=4004414575: ciphertext buffer full
[mlkem_channel] ciphertext refused token=769980378: ciphertext buffer full
[mlkem_channel] ciphertext refused token=755766692: ciphertext buffer full
[mlkem_channel] ciphertext refused token=1694538687: ciphertext buffer full
[mlkem_channel] ciphertext refused token=2178803562: ciphertext buffer full
[mlkem_channel] ciphertext refused token=171007348: ciphertext buffer full
[mlkem_channel] ciphertext refused token=3032472975: ciphertext buffer full
[mlkem_channel] ciphertext refused token=3610878629: ciphertext buffer full
[mlkem_channel] ciphertext refused token=404820910: ciphertext buffer full
[mlkem_channel] ciphertext refused token=1399144924: ciphertext buffer full
[mlkem_channel] ciphertext refused token=3910337278: ciphertext buffer full
[mlkem_channel] ciphertext refused token=1568537115: ciphertext buffer full
[mlkem_channel] ciphertext refused token=3758575644: ciphertext buffer full
[mlkem_channel] ciphertext refused token=1897499720: ciphertext buffer full
[mlkem_channel] ciphertext refused token=3981852325: ciphertext buffer full
[mlkem_channel] ciphertext refused token=168412847: ciphertext buffer full
[mlkem_channel] ciphertext refused token=613835971: ciphertext buffer full
[mlkem_channel] ciphertext refused token=3450876795: ciphertext buffer full
[mlkem_channel] ciphertext refused token=1566601180: ciphertext buffer full
[mlkem_channel] ciphertext refused token=363132253: ciphertext buffer full
[mlkem_channel] ciphertext refused token=3144744854: ciphertext buffer full
[mlkem_channel] ciphertext refused token=3211149295: ciphertext buffer full
[mlkem_channel] ciphertext refused token=1894425865: ciphertext buffer full
[mlkem_channel] ciphertext refused token=3583082073: ciphertext buffer full
[mlkem_channel] ciphertext refused token=1753496734: ciphertext buffer full
[mlkem_channel] ciphertext refused token=215017536: ciphertext buffer full
[mlkem_channel] ciphertext refused token=1859101335: ciphertext buffer full
[mlkem_channel] ciphertext refused token=3855321524: ciphertext buffer full
[mlkem_channel] ciphertext refused token=20333936: ciphertext buffer full
[mlkem_channel] ciphertext refused token=3957988636: ciphertext buffer full
[mlkem_channel] ciphertext refused token=912497726: ciphertext buffer full
[mlkem_channel] ciphertext refused token=1652682303: ciphertext buffer full
[mlkem_channel] ciphertext refused token=3472465105: ciphertext buffer full
[mlkem_channel] ciphertext refused token=3871122183: ciphertext buffer full
[mlkem_channel] ciphertext refused token=3216838845: ciphertext buffer full
[mlkem_channel] ciphertext refused token=3467475355: ciphertext buffer full
[mlkem_channel] ciphertext refused token=757980950: ciphertext buffer full
[mlkem_channel] ciphertext refused token=2904429482: ciphertext buffer full
[mlkem_channel] ciphertext refused token=47244089: ciphertext buffer full
[mlkem_channel] ciphertext refused token=169928105: ciphertext buffer full
[mlkem_channel] ciphertext refused token=3469556021: ciphertext buffer full
[mlkem_channel] ciphertext refused token=3650445193: ciphertext buffer full
[mlkem_channel] ciphertext refused token=2744501871: ciphertext buffer full
[mlkem_channel] ciphertext refused token=2119920752: ciphertext buffer full
[mlkem_channel] ciphertext refused token=302185208: ciphertext buffer full
[mlkem_channel] ciphertext refused token=204711459: ciphertext buffer full
[mlkem_channel] ciphertext refused token=2554527504: ciphertext buffer full
[mlkem_channel] ciphertext refused token=3096999240: ciphertext buffer full
[mlkem_channel] ciphertext refused token=1222928233: ciphertext buffer full
[mlkem_channel] ciphertext refused token=1688493821: ciphertext buffer full
[mlkem_channel] ciphertext refused token=22692181: ciphertext buffer full
[mlkem_channel] ciphertext refused token=2470318044: ciphertext buffer full
[mlkem_channel] ciphertext refused token=3656547090: ciphertext buffer full
[mlkem_channel] ciphertext refused token=928491691: ciphertext buffer full
[mlkem_channel] ciphertext refused token=3983080910: ciphertext buffer full
[mlkem_channel] ciphertext refused token=1241260239: ciphertext buffer full
[mlkem_channel] ciphertext refused token=3417903833: ciphertext buffer full
[mlkem_channel] ciphertext refused token=1710599960: ciphertext buffer full
[mlkem_channel] ciphertext refused token=2439844909: ciphertext buffer full
[mlkem_channel] ciphertext refused token=2109817970: ciphertext buffer full
[mlkem_channel] ciphertext refused token=3601875232: ciphertext buffer full
[mlkem_channel] ciphertext refused token=2891468957: ciphertext buffer full
[mlkem_channel] ciphertext refused token=3523528042: ciphertext buffer full
[mlkem_channel] ciphertext refused token=1498945831: ciphertext buffer full
[mlkem_channel] ciphertext refused token=38738858: ciphertext buffer full
[mlkem_channel] ciphertext refused token=3489492257: ciphertext buffer full
[mlkem_channel] ciphertext refused token=2789514559: ciphertext buffer full
[mlkem_channel] ciphertext refused token=3519738927: ciphertext buffer full
[mlkem_channel] ciphertext refused token=2884967425: ciphertext buffer full
[mlkem_channel] ciphertext refused token=1523267526: ciphertext buffer full
[mlkem_channel] ciphertext refused token=2263076573: ciphertext buffer full
[mlkem_channel] ciphertext refused token=3450624969: ciphertext buffer full
[mlkem_channel] ciphertext refused token=2787911889: ciphertext buffer full
[mlkem_channel] ciphertext refused token=3555990901: ciphertext buffer full
[mlkem_channel] ciphertext refused token=3911567295: ciphertext buffer full
[mlkem_channel] ciphertext refused token=989548111: ciphertext buffer full
[mlkem_channel] ciphertext refused token=93878559: ciphertext buffer full
[mlkem_channel] ciphertext refused token=4207456039: ciphertext buffer full
[mlkem_channel] ciphertext refused token=4282149783: ciphertext buffer full
[mlkem_channel] ciphertext refused token=627594549: ciphertext buffer full
[mlkem_channel] ciphertext refused token=3079536302: ciphertext buffer full
[mlkem_channel] ciphertext refused token=3401941201: ciphertext buffer full
[mlkem_channel] ciphertext refused token=930407555: ciphertext buffer full
[mlkem_channel] ciphertext refused token=908414484: ciphertext buffer full
[mlkem_channel] ciphertext refused token=4243142253: ciphertext buffer full
[mlkem_channel] ciphertext refused token=1877980456: ciphertext buffer full
[mlkem_channel] ciphertext refused token=1612653638: ciphertext buffer full
[mlkem_channel] ciphertext refused token=3084662226: ciphertext buffer full
[mlkem_channel] ciphertext refused token=858733020: ciphertext buffer full
[mlkem_channel] ciphertext refused token=936179162: ciphertext buffer full
[mlkem_channel] ciphertext refused token=2809665493: ciphertext buffer full
[mlkem_channel] ciphertext refused token=1839733692: ciphertext buffer full
[mlkem_channel] ciphertext refused token=283461246: ciphertext buffer full
[mlkem_channel] ciphertext refused token=344281240: ciphertext buffer full
[mlkem_channel] ciphertext refused token=380819634: ciphertext buffer full
[mlkem_channel] ciphertext refused token=3612984217: ciphertext buffer full
[mlkem_channel] ciphertext refused token=4178795589: ciphertext buffer full
[mlkem_channel] ciphertext refused token=2845619185: ciphertext buffer full
[mlkem_channel] ciphertext refused token=442409823: ciphertext buffer full
[mlkem_channel] ciphertext refused token=62160687: ciphertext buffer full
[mlkem_channel] ciphertext refused token=3134325854: ciphertext buffer full
[mlkem_channel] ciphertext refused token=2145521525: ciphertext buffer full
[mlkem_channel] ciphertext refused token=3381150546: ciphertext buffer full
[mlkem_channel] ciphertext refused token=3046726898: ciphertext buffer full
[mlkem_channel] ciphertext refused token=836384180: ciphertext buffer full
[mlkem_channel] ciphertext refused token=3167422656: ciphertext buffer full
[mlkem_channel] ciphertext refused token=2488819511: ciphertext buffer full
[mlkem_channel] ciphertext refused token=2905355536: ciphertext buffer full
[mlkem_channel] ciphertext refused token=1355496178: ciphertext buffer full
[mlkem_channel] ciphertext refused token=4271897771: ciphertext buffer full
[mlkem_channel] ciphertext refused token=3282118826: ciphertext buffer full
[mlkem_channel] ciphertext refused token=3497542040: ciphertext buffer full
[mlkem_channel] ciphertext refused token=3699123198: ciphertext buffer full
[mlkem_channel] ciphertext refused token=3559326282: ciphertext buffer full
[mlkem_channel] ciphertext refused token=3789870842: ciphertext buffer full
[mlkem_channel] ciphertext refused token=690902729: ciphertext buffer full
[mlkem_channel] ciphertext refused token=3047906522: ciphertext buffer full
[mlkem_channel] ciphertext refused token=726496160: ciphertext buffer full
[mlkem_channel] ciphertext refused token=2570565614: ciphertext buffer full
[mlkem_channel] ciphertext refused token=2137715893: ciphertext buffer full
[mlkem_channel] ciphertext refused token=2430942111: ciphertext buffer full
[mlkem_channel] ciphertext refused token=3810918312: ciphertext buffer full
[mlkem_channel] ciphertext refused token=2043148909: ciphertext buffer full
[mlkem_channel] ciphertext refused token=647674234: ciphertext buffer full
[mlkem_channel] ciphertext refused token=703606875: ciphertext buffer full
[mlkem_channel] ciphertext refused token=684448789: ciphertext buffer full
[mlkem_channel] ciphertext refused token=1798737458: ciphertext buffer full
[mlkem_channel] ciphertext refused token=2564203707: ciphertext buffer full
[mlkem_channel] ciphertext refused token=1043043202: ciphertext buffer full
[mlkem_channel] ciphertext refused token=2854563621: ciphertext buffer full
[mlkem_channel] ciphertext refused token=2106204909: ciphertext buffer full
[mlkem_channel] ciphertext refused token=2158220033: ciphertext buffer full
[mlkem_channel] ciphertext refused token=887628355: ciphertext buffer full
[mlkem_channel] ciphertext refused token=3219869960: ciphertext buffer full
[mlkem_channel] ciphertext refused token=3368109675: ciphertext buffer full
[mlkem_channel] ciphertext refused token=1482737148: ciphertext buffer full
[mlkem_channel] ciphertext refused token=1533774091: ciphertext buffer full
[mlkem_channel] ciphertext refused token=1915578069: ciphertext buffer full
[mlkem_channel] ciphertext refused token=3459851239: ciphertext buffer full
[mlkem_channel] ciphertext refused token=1607377288: ciphertext buffer full
[mlkem_channel] ciphertext refused token=387048332: ciphertext buffer full
[mlkem_channel] ciphertext refused token=3622535511: ciphertext buffer full
[mlkem_channel] ciphertext refused token=3942942512: ciphertext buffer full
[mlkem_channel] ciphertext refused token=3707812172: ciphertext buffer full
[mlkem_channel] ciphertext refused token=2345766279: ciphertext buffer full
[mlkem_channel] ciphertext refused token=1463866218: ciphertext buffer full
[mlkem_channel] ciphertext refused token=1561052539: ciphertext buffer full
[mlkem_channel] ciphertext refused token=464747953: ciphertext buffer full
[mlkem_channel] ciphertext refused token=3841845222: ciphertext buffer full
[mlkem_channel] ciphertext refused token=1733023691: ciphertext buffer full
[mlkem_channel] ciphertext refused token=275212102: ciphertext buffer full
[mlkem_channel] ciphertext refused token=3229910755: ciphertext buffer full
[mlkem_channel] ciphertext refused token=3501118567: ciphertext buffer full
[mlkem_channel] ciphertext refused token=2956928016: ciphertext buffer full
[mlkem_channel] ciphertext refused token=2796778772: ciphertext buffer full
[mlkem_channel] ciphertext refused token=2012198707: ciphertext buffer full
[mlkem_channel] ciphertext refused token=1992744410: ciphertext buffer full
[mlkem_channel] ciphertext refused token=70109354: ciphertext buffer full
[mlkem_channel] ciphertext refused token=3771437698: ciphertext buffer full
[mlkem_channel] ciphertext refused token=1136823862: ciphertext buffer full
[mlkem_channel] ciphertext refused token=1598549940: ciphertext buffer full
[mlkem_channel] ciphertext refused token=1366595588: ciphertext buffer full
[mlkem_channel] ciphertext refused token=3836497950: ciphertext buffer full
[mlkem_channel] ciphertext refused token=3020356312: ciphertext buffer full
[mlkem_channel] ciphertext refused token=1475801069: ciphertext buffer full
[mlkem_channel] ciphertext refused token=936849562: ciphertext buffer full
[mlkem_channel] ciphertext refused token=3767782774: ciphertext buffer full
[mlkem_channel] ciphertext refused token=1359638972: ciphertext buffer full
[mlkem_channel] ciphertext refused token=2192155789: ciphertext buffer full
[mlkem_channel] ciphertext refused token=3887774157: ciphertext buffer full
[mlkem_channel] ciphertext refused token=957128949: ciphertext buffer full
[mlkem_channel] ciphertext refused token=3240357580: ciphertext buffer full
[mlkem_channel] ciphertext refused token=3885489476: ciphertext buffer full
[mlkem_channel] ciphertext refused token=2812445305: ciphertext buffer full
[mlkem_channel] ciphertext refused token=2428140592: ciphertext buffer full
[mlkem_channel] ciphertext refused token=3722899974: ciphertext buffer full
[mlkem_channel] ciphertext refused token=539943202: ciphertext buffer full
[mlkem_channel] ciphertext refused token=1546412784: ciphertext buffer full
[mlkem_channel] ciphertext refused token=10460866: ciphertext buffer full
[mlkem_channel] ciphertext refused token=1994500293: ciphertext buffer full
[mlkem_channel] ciphertext refused token=3803444027: ciphertext buffer full
[mlkem_channel] ciphertext refused token=3566785282: ciphertext buffer full
[mlkem_channel] ciphertext refused token=1081636241: ciphertext buffer full
[mlkem_channel] ciphertext refused token=3329673329: ciphertext buffer full
[mlkem_channel] ciphertext refused token=211738225: ciphertext buffer full
[mlkem_channel] ciphertext refused token=3487841725: ciphertext buffer full
[mlkem_channel] ciphertext refused token=3467279929: ciphertext buffer full
[mlkem_channel] ciphertext refused token=2722692136: ciphertext buffer full
[mlkem_channel] ciphertext refused token=4185571856: ciphertext buffer full
[mlkem_channel] ciphertext refused token=1011878402: ciphertext buffer full
[mlkem_channel] ciphertext refused token=2233829822: ciphertext buffer full
[mlkem_channel] ciphertext refused token=1602050652: ciphertext buffer full
[mlkem_channel] ciphertext refused token=3710077067: ciphertext buffer full
[mlkem_channel] ciphertext refused token=3562635569: ciphertext buffer full
[mlkem_channel] ciphertext refused token=642922457: ciphertext buffer full
[mlkem_channel] ciphertext refused token=1278612610: ciphertext buffer full
[mlkem_channel] ciphertext refused token=2201062280: ciphertext buffer full
[mlkem_channel] ciphertext refused token=3652374267: ciphertext buffer full
[mlkem_channel] ciphertext refused token=2888066197: ciphertext buffer full
[mlkem_channel] ciphertext refused token=3278951795: ciphertext buffer full
[mlkem_channel] ciphertext refused token=557156620: ciphertext buffer full
[mlkem_channel] ciphertext refused token=865226988: ciphertext buffer full
[mlkem_channel] ciphertext refused token=1057612390: ciphertext buffer full
[mlkem_channel] ciphertext refused token=2240911334: ciphertext buffer full
[mlkem_channel] ciphertext refused token=1970972052: ciphertext buffer full
[mlkem_channel] ciphertext refused token=1835457819: ciphertext buffer full
[mlkem_channel] ciphertext refused token=791445428: ciphertext buffer full
[mlkem_channel] ciphertext refused token=4129934746: ciphertext buffer full
[mlkem_channel] ciphertext refused token=2915561757: ciphertext buffer full
[mlkem_channel] ciphertext refused token=193814371: ciphertext buffer full
[mlkem_channel] ciphertext refused token=3203747501: ciphertext buffer full
[mlkem_channel] ciphertext refused token=3211851145: ciphertext buffer full
[mlkem_channel] ciphertext refused token=112614929: ciphertext buffer full
[mlkem_channel] ciphertext refused token=4104010854: ciphertext buffer full
[mlkem_channel] ciphertext refused token=4267616771: ciphertext buffer full
[mlkem_channel] ciphertext refused token=3119264179: ciphertext buffer full
[mlkem_channel] ciphertext refused token=1235881762: ciphertext buffer full
[mlkem_channel] ciphertext refused token=2569680754: ciphertext buffer full
[mlkem_channel] ciphertext refused token=99776400: ciphertext buffer full
[mlkem_channel] ciphertext refused token=2850953438: ciphertext buffer full
[mlkem_channel] ciphertext refused token=31770583: ciphertext buffer full
[mlkem_channel] ciphertext refused token=2192339306: ciphertext buffer full
[mlkem_channel] ciphertext refused token=1762886111: ciphertext buffer full
[mlkem_channel] ciphertext refused token=3019235012: ciphertext buffer full
[mlkem_channel] ciphertext refused token=2044453015: ciphertext buffer full
[mlkem_channel] ciphertext refused token=1568069801: ciphertext buffer full
[mlkem_channel] ciphertext refused token=1400125672: ciphertext buffer full
[mlkem_channel] ciphertext refused token=2241998637: ciphertext buffer full
[mlkem_channel] ciphertext refused token=3760855591: ciphertext buffer full
[mlkem_channel] ciphertext refused token=1382809140: ciphertext buffer full
[mlkem_channel] ciphertext refused token=3069557380: ciphertext buffer full
[mlkem_channel] ciphertext refused token=1787719679: ciphertext buffer full
[mlkem_channel] ciphertext refused token=2027608714: ciphertext buffer full
[mlkem_channel] ciphertext refused token=3516665194: ciphertext buffer full
[mlkem_channel] ciphertext refused token=1307872429: ciphertext buffer full
[mlkem_channel] ciphertext refused token=3678121487: ciphertext buffer full
[mlkem_channel] ciphertext refused token=2678692584: ciphertext buffer full
[mlkem_channel] ciphertext refused token=1479317671: ciphertext buffer full
[mlkem_channel] ciphertext refused token=2830170964: ciphertext buffer full
[mlkem_channel] ciphertext refused token=3986530439: ciphertext buffer full
[mlkem_channel] ciphertext refused token=2972831527: ciphertext buffer full
[mlkem_channel] ciphertext refused token=2398089282: ciphertext buffer full
[mlkem_channel] ciphertext refused token=514337372: ciphertext buffer full
[mlkem_channel] ciphertext refused token=4003048697: ciphertext buffer full
[mlkem_channel] ciphertext refused token=1560944828: ciphertext buffer full
[mlkem_channel] ciphertext refused token=3269013836: ciphertext buffer full
[mlkem_channel] ciphertext refused token=723875683: ciphertext buffer full
[mlkem_channel] ciphertext refused token=763231779: ciphertext buffer full
[mlkem_channel] ciphertext refused token=3248391643: ciphertext buffer full
[mlkem_channel] ciphertext refused token=424977424: ciphertext buffer full
[mlkem_channel] ciphertext refused token=2995385287: ciphertext buffer full
[mlkem_channel] ciphertext refused token=839999102: ciphertext buffer full
[mlkem_channel] ciphertext refused token=463743012: ciphertext buffer full
[mlkem_channel] ciphertext refused token=3965840140: ciphertext buffer full
[mlkem_channel] ciphertext refused token=3266884232: ciphertext buffer full
[mlkem_channel] ciphertext refused token=2749865265: ciphertext buffer full
[mlkem_channel] ciphertext refused token=2155780071: ciphertext buffer full
[mlkem_channel] ciphertext refused token=3531787290: ciphertext buffer full
[mlkem_channel] ciphertext refused token=1242437906: ciphertext buffer full
[mlkem_channel] ciphertext refused token=2427482467: ciphertext buffer full
[mlkem_channel] ciphertext refused token=2990545299: ciphertext buffer full
[mlkem_channel] ciphertext refused token=2763775829: ciphertext buffer full
[mlkem_channel] ciphertext refused token=901873482: ciphertext buffer full
[mlkem_channel] ciphertext refused token=305026247: ciphertext buffer full
[mlkem_channel] ciphertext refused token=1306402852: ciphertext buffer full
[mlkem_channel] ciphertext refused token=1159285131: ciphertext buffer full
[mlkem_channel] ciphertext refused token=1161485205: ciphertext buffer full
[mlkem_channel] ciphertext refused token=2096076614: ciphertext buffer full
[mlkem_channel] ciphertext refused token=3400772232: ciphertext buffer full
[mlkem_channel] ciphertext refused token=293031666: ciphertext buffer full
[mlkem_channel] ciphertext refused token=4288420128: ciphertext buffer full
[mlkem_channel] ciphertext refused token=773263005: ciphertext buffer full
[mlkem_channel] ciphertext refused token=1493949174: ciphertext buffer full
[mlkem_channel] ciphertext refused token=3850375287: ciphertext buffer full
[mlkem_channel] ciphertext refused token=3185760515: ciphertext buffer full
[mlkem_channel] ciphertext refused token=2415467540: ciphertext buffer full
[mlkem_channel] ciphertext refused token=800524178: ciphertext buffer full
[mlkem_channel] ciphertext refused token=2862637660: ciphertext buffer full
[mlkem_channel] ciphertext refused token=1322177936: ciphertext buffer full
[mlkem_channel] ciphertext refused token=4020495025: ciphertext buffer full
[mlkem_channel] ciphertext refused token=4096120258: ciphertext buffer full
[mlkem_channel] ciphertext refused token=1538342319: ciphertext buffer full
[mlkem_channel] ciphertext refused token=2382329503: ciphertext buffer full
[mlkem_channel] ciphertext refused token=1809452551: ciphertext buffer full
[mlkem_channel] ciphertext refused token=2074624706: ciphertext buffer full
[mlkem_channel] ciphertext refused token=4058140363: ciphertext buffer full
[mlkem_channel] ciphertext refused token=1701100279: ciphertext buffer full
[mlkem_channel] ciphertext refused token=450762345: ciphertext buffer full
[mlkem_channel] ciphertext refused token=2034980962: ciphertext buffer full
[mlkem_channel] ciphertext refused token=1632372146: ciphertext buffer full
[mlkem_channel] ciphertext refused token=339193276: ciphertext buffer full
[mlkem_channel] ciphertext refused token=4174116199: ciphertext buffer full
[mlkem_channel] ciphertext refused token=397766502: ciphertext buffer full
[mlkem_channel] ciphertext refused token=1045851033: ciphertext buffer full
[mlkem_channel] ciphertext refused token=3797703538: ciphertext buffer full
[mlkem_channel] ciphertext refused token=3734307908: ciphertext buffer full
[mlkem_channel] ciphertext refused token=152086754: ciphertext buffer full
[mlkem_channel] ciphertext refused token=508903682: ciphertext buffer full
[mlkem_channel] ciphertext refused token=4112140557: ciphertext buffer full
[mlkem_channel] ciphertext refused token=1802219949: ciphertext buffer full
[mlkem_channel] ciphertext refused token=2958180838: ciphertext buffer full
[mlkem_channel] ciphertext refused token=2216037495: ciphertext buffer full
[mlkem_channel] ciphertext refused token=1489355714: ciphertext buffer full
[mlkem_channel] ciphertext refused token=3958389031: ciphertext buffer full
[mlkem_channel] ciphertext refused token=3370477277: ciphertext buffer full
[mlkem_channel] ciphertext refused token=3059198276: ciphertext buffer full
[mlkem_channel] ciphertext refused token=4120432293: ciphertext buffer full
[mlkem_channel] ciphertext refused token=1339249038: ciphertext buffer full
[mlkem_channel] ciphertext refused token=3250860766: ciphertext buffer full
[mlkem_channel] ciphertext refused token=3800935216: ciphertext buffer full
[mlkem_channel] ciphertext refused token=3073519131: ciphertext buffer full
[mlkem_channel] ciphertext refused token=2579894088: ciphertext buffer full
[mlkem_channel] ciphertext refused token=1976600273: ciphertext buffer full
[mlkem_channel] ciphertext refused token=1219742246: ciphertext buffer full
[mlkem_channel] ciphertext refused token=461702521: ciphertext buffer full
[mlkem_channel] ciphertext refused token=1416611968: ciphertext buffer full
[mlkem_channel] ciphertext refused token=2901945413: ciphertext buffer full
[mlkem_channel] ciphertext refused token=3437253011: ciphertext buffer full
[mlkem_channel] ciphertext refused token=4143144547: ciphertext buffer full
[mlkem_channel] ciphertext refused token=3873024284: ciphertext buffer full
[mlkem_channel] ciphertext refused token=311441309: ciphertext buffer full
[mlkem_channel] ciphertext refused token=993756215: ciphertext buffer full
[mlkem_channel] ciphertext refused token=3384911516: ciphertext buffer full
[mlkem_channel] ciphertext refused token=2364965890: ciphertext buffer full
[mlkem_channel] ciphertext refused token=2420493550: ciphertext buffer full
[mlkem_channel] ciphertext refused token=4243314333: ciphertext buffer full
[mlkem_channel] ciphertext refused token=3157717618: ciphertext buffer full
[mlkem_channel] ciphertext refused token=997803397: ciphertext buffer full
[mlkem_channel] ciphertext refused token=3120900818: ciphertext buffer full
[mlkem_channel] ciphertext refused token=3001853816: ciphertext buffer full
[mlkem_channel] ciphertext refused token=1570345378: ciphertext buffer full
[mlkem_channel] ciphertext refused token=17653348: ciphertext buffer full
[mlkem_channel] ciphertext refused token=3648480704: ciphertext buffer full
[mlkem_channel] ciphertext refused token=1109537728: ciphertext buffer full
[mlkem_channel] ciphertext refused token=1145542509: ciphertext buffer full
[mlkem_channel] ciphertext refused token=3813799025: ciphertext buffer full
[mlkem_channel] ciphertext refused token=2353995711: ciphertext buffer full
[mlkem_channel] ciphertext refused token=1533067157: ciphertext buffer full
[mlkem_channel] ciphertext refused token=1819104196: ciphertext buffer full
[mlkem_channel] ciphertext refused token=574291399: ciphertext buffer full
[mlkem_channel] ciphertext refused token=2906474105: ciphertext buffer full
[mlkem_channel] ciphertext refused token=478159908: ciphertext buffer full
[mlkem_channel] ciphertext refused token=1848126702: ciphertext buffer full
[mlkem_channel] ciphertext refused token=889720117: ciphertext buffer full
[mlkem_channel] ciphertext refused token=3764610654: ciphertext buffer full
[mlkem_channel] ciphertext refused token=1194970085: ciphertext buffer full
[mlkem_channel] ciphertext refused token=2785041804: ciphertext buffer full
[mlkem_channel] ciphertext refused token=2936191926: ciphertext buffer full
[mlkem_channel] ciphertext refused token=2586582429: ciphertext buffer full
[mlkem_channel] ciphertext refused token=3815805032: ciphertext buffer full
[mlkem_channel] ciphertext refused token=3495576162: ciphertext buffer full
[mlkem_channel] ciphertext refused token=2064805889: ciphertext buffer full
[mlkem_channel] ciphertext refused token=1295639609: ciphertext buffer full
[mlkem_channel] ciphertext refused token=1416417212: ciphertext buffer full
[mlkem_channel] ciphertext refused token=3261856263: ciphertext buffer full
[mlkem_channel] ciphertext refused token=2896503411: ciphertext buffer full
[mlkem_channel] ciphertext refused token=847625325: ciphertext buffer full
[mlkem_channel] ciphertext refused token=458455776: ciphertext buffer full
[mlkem_channel] ciphertext refused token=1018839652: ciphertext buffer full
[mlkem_channel] ciphertext refused token=3099286148: ciphertext buffer full
[mlkem_channel] ciphertext refused token=3579846571: ciphertext buffer full
[mlkem_channel] ciphertext refused token=1243615817: ciphertext buffer full
[mlkem_channel] ciphertext refused token=1542279251: ciphertext buffer full
[mlkem_channel] ciphertext refused token=1384214352: ciphertext buffer full
[mlkem_channel] ciphertext refused token=2070422346: ciphertext buffer full
[mlkem_channel] ciphertext refused token=1872766218: ciphertext buffer full
[mlkem_channel] ciphertext refused token=1071933427: ciphertext buffer full
[mlkem_channel] ciphertext refused token=3579409059: ciphertext buffer full
[mlkem_channel] ciphertext refused token=2313143709: ciphertext buffer full
[mlkem_channel] ciphertext refused token=3327961563: ciphertext buffer full
[mlkem_channel] ciphertext refused token=2224138863: ciphertext buffer full
[mlkem_channel] ciphertext refused token=62068044: ciphertext buffer full
[mlkem_channel] ciphertext refused token=3457654639: ciphertext buffer full
[mlkem_channel] ciphertext refused token=1393464046: ciphertext buffer full
[mlkem_channel] ciphertext refused token=330916842: ciphertext buffer full
[mlkem_channel] ciphertext refused token=2975065530: ciphertext buffer full
[mlkem_channel] ciphertext refused token=3173242543: ciphertext buffer full
[mlkem_channel] ciphertext refused token=2890168608: ciphertext buffer full
[mlkem_channel] ciphertext refused token=2208339793: ciphertext buffer full
[mlkem_channel] ciphertext refused token=2383368517: ciphertext buffer full
[mlkem_channel] ciphertext refused token=126253120: ciphertext buffer full
[mlkem_channel] ciphertext refused token=4175250547: ciphertext buffer full
[mlkem_channel] ciphertext refused token=2234223649: ciphertext buffer full
[mlkem_channel] ciphertext refused token=4026304868: ciphertext buffer full
[mlkem_channel] ciphertext refused token=3935002218: ciphertext buffer full
[mlkem_channel] ciphertext refused token=306169938: ciphertext buffer full
[mlkem_channel] ciphertext refused token=3107582332: ciphertext buffer full
[mlkem_channel] ciphertext refused token=4250457923: ciphertext buffer full
[mlkem_channel] ciphertext refused token=1795694571: ciphertext buffer full
[mlkem_channel] ciphertext refused token=3512197828: ciphertext buffer full
[mlkem_channel] ciphertext refused token=997413950: ciphertext buffer full
[mlkem_channel] ciphertext refused token=4172857405: ciphertext buffer full
[mlkem_channel] ciphertext refused token=2361086075: ciphertext buffer full
[mlkem_channel] ciphertext refused token=329726637: ciphertext buffer full
[mlkem_channel] ciphertext refused token=94130802: ciphertext buffer full
[mlkem_channel] ciphertext refused token=1276103170: ciphertext buffer full
[mlkem_channel] ciphertext refused token=1554123289: ciphertext buffer full
[mlkem_channel] ciphertext refused token=855280333: ciphertext buffer full
[mlkem_channel] ciphertext refused token=2438746930: ciphertext buffer full
[mlkem_channel] ciphertext refused token=1918476632: ciphertext buffer full
[mlkem_channel] ciphertext refused token=1994840285: ciphertext buffer full
[mlkem_channel] ciphertext refused token=3969024401: ciphertext buffer full
[mlkem_channel] ciphertext refused token=425920221: ciphertext buffer full
[mlkem_channel] ciphertext refused token=2257975899: ciphertext buffer full
[mlkem_channel] ciphertext refused token=1258256727: ciphertext buffer full
[mlkem_channel] ciphertext refused token=3215249876: ciphertext buffer full
[mlkem_channel] ciphertext refused token=3796433383: ciphertext buffer full
[mlkem_channel] ciphertext refused token=3361466140: ciphertext buffer full
[mlkem_channel] ciphertext refused token=1242807895: ciphertext buffer full
[mlkem_channel] ciphertext refused token=2565059622: ciphertext buffer full
[mlkem_channel] ciphertext refused token=1708086862: ciphertext buffer full
[mlkem_channel] ciphertext refused token=3614823467: ciphertext buffer full
[mlkem_channel] ciphertext refused token=3829085002: ciphertext buffer full
[mlkem_channel] ciphertext refused token=927189220: ciphertext buffer full
[mlkem_channel] ciphertext refused token=2017490317: ciphertext buffer full
[mlkem_channel] ciphertext refused token=4195555957: ciphertext buffer full
[mlkem_channel] ciphertext refused token=1465428049: ciphertext buffer full
[mlkem_channel] ciphertext refused token=1010156048: ciphertext buffer full
[mlkem_channel] ciphertext refused token=422119248: ciphertext buffer full
[mlkem_channel] ciphertext refused token=2565089253: ciphertext buffer full
[mlkem_channel] ciphertext refused token=2011545121: ciphertext buffer full
[mlkem_channel] ciphertext refused token=3833668984: ciphertext buffer full
[mlkem_channel] ciphertext refused token=239889840: ciphertext buffer full
[mlkem_channel] ciphertext refused token=4234586622: ciphertext buffer full
[mlkem_channel] ciphertext refused token=2814474099: ciphertext buffer full
[mlkem_channel] ciphertext refused token=355713118: ciphertext buffer full
[mlkem_channel] ciphertext refused token=3192022106: ciphertext buffer full
[mlkem_channel] ciphertext refused token=2231409500: ciphertext buffer full
[mlkem_channel] ciphertext refused token=3874826154: ciphertext buffer full
[mlkem_channel] ciphertext refused token=1342502842: ciphertext buffer full
[mlkem_channel] ciphertext refused token=1669696736: ciphertext buffer full
[mlkem_channel] ciphertext refused token=521715447: ciphertext buffer full
[mlkem_channel] ciphertext refused token=1476927764: ciphertext buffer full
[mlkem_channel] ciphertext refused token=804783592: ciphertext buffer full
[mlkem_channel] ciphertext refused token=4161550498: ciphertext buffer full
[mlkem_channel] ciphertext refused token=1854051258: ciphertext buffer full
[mlkem_channel] ciphertext refused token=4267988300: ciphertext buffer full
[mlkem_channel] ciphertext refused token=3116495416: ciphertext buffer full
[mlkem_channel] ciphertext refused token=4204213025: ciphertext buffer full
[mlkem_channel] ciphertext refused token=3564758289: ciphertext buffer full
[mlkem_channel] ciphertext refused token=4112994953: ciphertext buffer full
[mlkem_channel] ciphertext refused token=91243926: ciphertext buffer full
[mlkem_channel] ciphertext refused token=1339065383: ciphertext buffer full
[mlkem_channel] ciphertext refused token=985579323: ciphertext buffer full
[mlkem_channel] ciphertext refused token=1236024004: ciphertext buffer full
[mlkem_channel] ciphertext refused token=682099320: ciphertext buffer full
[mlkem_channel] ciphertext refused token=2501978083: ciphertext buffer full
[mlkem_channel] ciphertext refused token=2450614593: ciphertext buffer full
[mlkem_channel] ciphertext refused token=4230922642: ciphertext buffer full
[mlkem_channel] ciphertext refused token=3298726100: ciphertext buffer full
[mlkem_channel] ciphertext refused token=1371608135: ciphertext buffer full
[mlkem_channel] ciphertext refused token=241469389: ciphertext buffer full
[mlkem_channel] ciphertext refused token=3719520820: ciphertext buffer full
[mlkem_channel] ciphertext refused token=3585181882: ciphertext buffer full
[mlkem_channel] ciphertext refused token=2069767268: ciphertext buffer full
[mlkem_channel] ciphertext refused token=687103109: ciphertext buffer full
[mlkem_channel] ciphertext refused token=3674356821: ciphertext buffer full
[mlkem_channel] ciphertext refused token=305582449: ciphertext buffer full
[mlkem_channel] ciphertext refused token=506637975: ciphertext buffer full
[mlkem_channel] ciphertext refused token=2214040466: ciphertext buffer full
[mlkem_channel] ciphertext refused token=3852722236: ciphertext buffer full
[mlkem_channel] ciphertext refused token=4028667041: ciphertext buffer full
[mlkem_channel] ciphertext refused token=1044016700: ciphertext buffer full
[mlkem_channel] ciphertext refused token=4081957102: ciphertext buffer full
[mlkem_channel] ciphertext refused token=2981642542: ciphertext buffer full
[mlkem_channel] ciphertext refused token=4213705342: ciphertext buffer full
[mlkem_channel] ciphertext refused token=4018033530: ciphertext buffer full
[mlkem_channel] ciphertext refused token=89693223: ciphertext buffer full
[mlkem_channel] ciphertext refused token=3112394971: ciphertext buffer full
[mlkem_channel] ciphertext refused token=4157416585: ciphertext buffer full
[mlkem_channel] ciphertext refused token=606723587: ciphertext buffer full
[mlkem_channel] ciphertext refused token=907681956: ciphertext buffer full
[mlkem_channel] ciphertext refused token=2830890468: ciphertext buffer full
[mlkem_channel] ciphertext refused token=275039507: ciphertext buffer full
[mlkem_channel] ciphertext refused token=3530690839: ciphertext buffer full
[mlkem_channel] ciphertext refused token=35694496: ciphertext buffer full
[mlkem_channel] ciphertext refused token=771564175: ciphertext buffer full
[mlkem_channel] ciphertext refused token=3715173445: ciphertext buffer full
[mlkem_channel] ciphertext refused token=2611033818: ciphertext buffer full
[mlkem_channel] ciphertext refused token=87099555: ciphertext buffer full
[mlkem_channel] ciphertext refused token=872805808: ciphertext buffer full
[mlkem_channel] ciphertext refused token=4152569843: ciphertext buffer full
[mlkem_channel] ciphertext refused token=998829762: ciphertext buffer full
[mlkem_channel] ciphertext refused token=1950725955: ciphertext buffer full
[mlkem_channel] ciphertext refused token=651264528: ciphertext buffer full
[mlkem_channel] ciphertext refused token=2328590120: ciphertext buffer full
[mlkem_channel] ciphertext refused token=3738587943: ciphertext buffer full
[mlkem_channel] ciphertext refused token=3342632041: ciphertext buffer full
[mlkem_channel] ciphertext refused token=1891197475: ciphertext buffer full
[mlkem_channel] ciphertext refused token=3905936972: ciphertext buffer full
[mlkem_channel] ciphertext refused token=3414027039: ciphertext buffer full
[mlkem_channel] ciphertext refused token=1829055220: ciphertext buffer full
[mlkem_channel] ciphertext refused token=2516093671: ciphertext buffer full
[mlkem_channel] ciphertext refused token=3764752268: ciphertext buffer full
[mlkem_channel] ciphertext refused token=1666915495: ciphertext buffer full
[mlkem_channel] ciphertext refused token=4161946912: ciphertext buffer full
[mlkem_channel] ciphertext refused token=3679996314: ciphertext buffer full
[mlkem_channel] ciphertext refused token=1784092379: ciphertext buffer full
[mlkem_channel] ciphertext refused token=360627986: ciphertext buffer full
[mlkem_channel] ciphertext refused token=526312358: ciphertext buffer full
[mlkem_channel] ciphertext refused token=2064697571: ciphertext buffer full
[mlkem_channel] ciphertext refused token=234994868: ciphertext buffer full
[mlkem_channel] ciphertext refused token=1130495057: ciphertext buffer full
[mlkem_channel] ciphertext refused token=12274967: ciphertext buffer full
[mlkem_channel] ciphertext refused token=2691077214: ciphertext buffer full
[mlkem_channel] ciphertext refused token=1632906104: ciphertext buffer full
[mlkem_channel] ciphertext refused token=3780100480: ciphertext buffer full
[mlkem_channel] ciphertext refused token=2407020886: ciphertext buffer full
[mlkem_channel] ciphertext refused token=821200401: ciphertext buffer full
[mlkem_channel] ciphertext refused token=232437463: ciphertext buffer full
[mlkem_channel] ciphertext refused token=1685270265: ciphertext buffer full
[mlkem_channel] ciphertext refused token=2390473282: ciphertext buffer full
[mlkem_channel] ciphertext refused token=1867825274: ciphertext buffer full
[mlkem_channel] ciphertext refused token=2087558013: ciphertext buffer full
[mlkem_channel] ciphertext refused token=2409345142: ciphertext buffer full
[mlkem_channel] ciphertext refused token=3325788152: ciphertext buffer full
[mlkem_channel] ciphertext refused token=3383863980: ciphertext buffer full
[mlkem_channel] ciphertext refused token=1112684690: ciphertext buffer full
[mlkem_channel] ciphertext refused token=787344336: ciphertext buffer full
[mlkem_channel] ciphertext refused token=2744601628: ciphertext buffer full
[mlkem_channel] ciphertext refused token=3005544328: ciphertext buffer full
[mlkem_channel] ciphertext refused token=2119406807: ciphertext buffer full
[mlkem_channel] ciphertext refused token=3789611450: ciphertext buffer full
[mlkem_channel] ciphertext refused token=2737083463: ciphertext buffer full
[mlkem_channel] ciphertext refused token=2231455788: ciphertext buffer full
[mlkem_channel] ciphertext refused token=1194786008: ciphertext buffer full
[mlkem_channel] ciphertext refused token=2983568136: ciphertext buffer full
[mlkem_channel] ciphertext refused token=1032215735: ciphertext buffer full
[mlkem_channel] ciphertext refused token=349825352: ciphertext buffer full
[mlkem_channel] ciphertext refused token=666200534: ciphertext buffer full
[mlkem_channel] ciphertext refused token=2389827098: ciphertext buffer full
[mlkem_channel] ciphertext refused token=129380807: ciphertext buffer full
[mlkem_channel] ciphertext refused token=99589744: ciphertext buffer full
[mlkem_channel] ciphertext refused token=2293422206: ciphertext buffer full
[mlkem_channel] ciphertext refused token=2920672150: ciphertext buffer full
[mlkem_channel] ciphertext refused token=3597091083: ciphertext buffer full
[mlkem_channel] ciphertext refused token=1775805859: ciphertext buffer full
[mlkem_channel] ciphertext refused token=3415826660: ciphertext buffer full
[mlkem_channel] ciphertext refused token=3305636798: ciphertext buffer full
[mlkem_channel] ciphertext refused token=4284487887: ciphertext buffer full
[mlkem_channel] ciphertext refused token=157859919: ciphertext buffer full
[mlkem_channel] ciphertext refused token=842401736: ciphertext buffer full
[mlkem_channel] ciphertext refused token=2405968582: ciphertext buffer full
[mlkem_channel] ciphertext refused token=2646536173: ciphertext buffer full
[mlkem_channel] ciphertext refused token=742152151: ciphertext buffer full
[mlkem_channel] ciphertext refused token=3688900942: ciphertext buffer full
[mlkem_channel] ciphertext refused token=3658446905: ciphertext buffer full
[mlkem_channel] ciphertext refused token=291849646: ciphertext buffer full
[mlkem_channel] ciphertext refused token=3323797929: ciphertext buffer full
[mlkem_channel] ciphertext refused token=1527980938: ciphertext buffer full
[mlkem_channel] ciphertext refused token=2907774211: ciphertext buffer full
[mlkem_channel] ciphertext refused token=3929811121: ciphertext buffer full
[mlkem_channel] ciphertext refused token=4127464390: ciphertext buffer full
[mlkem_channel] ciphertext refused token=1098562455: ciphertext buffer full
[mlkem_channel] ciphertext refused token=1529207127: ciphertext buffer full
[mlkem_channel] ciphertext refused token=4077477607: ciphertext buffer full
[mlkem_channel] ciphertext refused token=3252810115: ciphertext buffer full
[mlkem_channel] ciphertext refused token=1518984368: ciphertext buffer full
[mlkem_channel] ciphertext refused token=3937763961: ciphertext buffer full
[mlkem_channel] ciphertext refused token=1496583764: ciphertext buffer full
[mlkem_channel] ciphertext refused token=857306021: ciphertext buffer full
[mlkem_channel] ciphertext refused token=1801255756: ciphertext buffer full
[mlkem_channel] ciphertext refused token=3883482130: ciphertext buffer full
[mlkem_channel] ciphertext refused token=1209090520: ciphertext buffer full
[mlkem_channel] ciphertext refused token=2681673534: ciphertext buffer full
[mlkem_channel] ciphertext refused token=1382962226: ciphertext buffer full
[mlkem_channel] ciphertext refused token=3098861309: ciphertext buffer full
[mlkem_channel] ciphertext refused token=930717390: ciphertext buffer full
[mlkem_channel] ciphertext refused token=1336145025: ciphertext buffer full
[mlkem_channel] ciphertext refused token=3309344365: ciphertext buffer full
[mlkem_channel] ciphertext refused token=2313779338: ciphertext buffer full
[mlkem_channel] ciphertext refused token=4003422589: ciphertext buffer full
[mlkem_channel] ciphertext refused token=2227896471: ciphertext buffer full
[mlkem_channel] ciphertext refused token=1287806538: ciphertext buffer full
[mlkem_channel] ciphertext refused token=817591282: ciphertext buffer full
[mlkem_channel] ciphertext refused token=791335161: ciphertext buffer full
[mlkem_channel] ciphertext refused token=2525057143: ciphertext buffer full
[mlkem_channel] ciphertext refused token=1667761115: ciphertext buffer full
[mlkem_channel] ciphertext refused token=962531927: ciphertext buffer full
[mlkem_channel] ciphertext refused token=618718190: ciphertext buffer full
[mlkem_channel] ciphertext refused token=2124598472: ciphertext buffer full
[mlkem_channel] ciphertext refused token=753975915: ciphertext buffer full
[mlkem_channel] ciphertext refused token=4013329635: ciphertext buffer full
[mlkem_channel] ciphertext refused token=2781499511: ciphertext buffer full
[mlkem_channel] ciphertext refused token=1551592436: ciphertext buffer full
[mlkem_channel] ciphertext refused token=3659935455: ciphertext buffer full
[mlkem_channel] ciphertext refused token=3965936376: ciphertext buffer full
[mlkem_channel] ciphertext refused token=223979744: ciphertext buffer full
[mlkem_channel] ciphertext refused token=1949864738: ciphertext buffer full
[mlkem_channel] ciphertext refused token=3070906115: ciphertext buffer full
[mlkem_channel] ciphertext refused token=2366855976: ciphertext buffer full
[mlkem_channel] ciphertext refused token=2534821470: ciphertext buffer full
[mlkem_channel] ciphertext refused token=697706391: ciphertext buffer full
[mlkem_channel] ciphertext refused token=27977918: ciphertext buffer full
[mlkem_channel] ciphertext refused token=1782635160: ciphertext buffer full
[mlkem_channel] ciphertext refused token=4316618: ciphertext buffer full
[mlkem_channel] ciphertext refused token=1913999308: ciphertext buffer full
[mlkem_channel] ciphertext refused token=2770560852: ciphertext buffer full
[mlkem_channel] ciphertext refused token=751052020: ciphertext buffer full
[mlkem_channel] ciphertext refused token=1986962228: ciphertext buffer full
[mlkem_channel] ciphertext refused token=788874083: ciphertext buffer full
[mlkem_channel] ciphertext refused token=667866642: ciphertext buffer full
[mlkem_channel] ciphertext refused token=3266923357: ciphertext buffer full
[mlkem_channel] ciphertext refused token=2429462777: ciphertext buffer full
[mlkem_channel] ciphertext refused token=797259025: ciphertext buffer full
[mlkem_channel] ciphertext refused token=2409089354: ciphertext buffer full
[mlkem_channel] ciphertext refused token=3264532191: ciphertext buffer full
[mlkem_channel] ciphertext refused token=2650283619: ciphertext buffer full
[mlkem_channel] ciphertext refused token=1241525603: ciphertext buffer full
[mlkem_channel] ciphertext refused token=3570959863: ciphertext buffer full
[mlkem_channel] ciphertext refused token=813107882: ciphertext buffer full
[mlkem_channel] ciphertext refused token=2493783605: ciphertext buffer full
[mlkem_channel] ciphertext refused token=1677264075: ciphertext buffer full
[mlkem_channel] ciphertext refused token=930003641: ciphertext buffer full
[mlkem_channel] ciphertext refused token=1820297500: ciphertext buffer full
[mlkem_channel] ciphertext refused token=4076072445: ciphertext buffer full
[mlkem_channel] ciphertext refused token=11848576: ciphertext buffer full
[mlkem_channel] ciphertext refused token=1854488164: ciphertext buffer full
[mlkem_channel] ciphertext refused token=489240851: ciphertext buffer full
[mlkem_channel] ciphertext refused token=2022802222: ciphertext buffer full
[mlkem_channel] ciphertext refused token=1995546471: ciphertext buffer full
[mlkem_channel] ciphertext refused token=4226847569: ciphertext buffer full
[mlkem_channel] ciphertext refused token=315134503: ciphertext buffer full
[mlkem_channel] ciphertext refused token=2472743167: ciphertext buffer full
[mlkem_channel] ciphertext refused token=3376364052: ciphertext buffer full
[mlkem_channel] ciphertext refused token=109434157: ciphertext buffer full
[mlkem_channel] ciphertext refused token=1443987542: ciphertext buffer full
[mlkem_channel] ciphertext refused token=1320828964: ciphertext buffer full
[mlkem_channel] ciphertext refused token=794840374: ciphertext buffer full
[mlkem_channel] ciphertext refused token=16334672: ciphertext buffer full
[mlkem_channel] ciphertext refused token=4098213041: ciphertext buffer full
[mlkem_channel] ciphertext refused token=3127811079: ciphertext buffer full
[mlkem_channel] ciphertext refused token=2853443331: ciphertext buffer full
[mlkem_channel] ciphertext refused token=1460308057: ciphertext buffer full
[mlkem_channel] ciphertext refused token=3530146074: ciphertext buffer full
[mlkem_channel] ciphertext refused token=2838191852: ciphertext buffer full
[mlkem_channel] ciphertext refused token=3170117607: ciphertext buffer full
[mlkem_channel] ciphertext refused token=2924324272: ciphertext buffer full
[mlkem_channel] ciphertext refused token=1131690520: ciphertext buffer full
[mlkem_channel] ciphertext refused token=817174911: ciphertext buffer full
[mlkem_channel] ciphertext refused token=211167427: ciphertext buffer full
[mlkem_channel] ciphertext refused token=2738567551: ciphertext buffer full
[mlkem_channel] ciphertext refused token=1760419596: ciphertext buffer full
[mlkem_channel] ciphertext refused token=3267254444: ciphertext buffer full
[mlkem_channel] ciphertext refused token=44657835: ciphertext buffer full
[mlkem_channel] ciphertext refused token=2854071346: ciphertext buffer full
[mlkem_channel] ciphertext refused token=1026014226: ciphertext buffer full
[mlkem_channel] ciphertext refused token=504184260: ciphertext buffer full
[mlkem_channel] ciphertext refused token=4093601311: ciphertext buffer full
[mlkem_channel] ciphertext refused token=1885750441: ciphertext buffer full
[mlkem_channel] ciphertext refused token=290587090: ciphertext buffer full
[mlkem_channel] ciphertext refused token=2967186998: ciphertext buffer full
[mlkem_channel] ciphertext refused token=3641066705: ciphertext buffer full
[mlkem_channel] ciphertext refused token=1733740776: ciphertext buffer full
[mlkem_channel] ciphertext refused token=36853685: ciphertext buffer full
[mlkem_channel] ciphertext refused token=2228895895: ciphertext buffer full
[mlkem_channel] ciphertext refused token=786313314: ciphertext buffer full
[mlkem_channel] ciphertext refused token=2899832821: ciphertext buffer full
[mlkem_channel] ciphertext refused token=3182618251: ciphertext buffer full
[mlkem_channel] ciphertext refused token=2179889699: ciphertext buffer full
[mlkem_channel] ciphertext refused token=1900427084: ciphertext buffer full
[mlkem_channel] ciphertext refused token=464591728: ciphertext buffer full
[mlkem_channel] ciphertext refused token=2596222476: ciphertext buffer full
[mlkem_channel] ciphertext refused token=4215138234: ciphertext buffer full
[mlkem_channel] ciphertext refused token=1425010220: ciphertext buffer full
[mlkem_channel] ciphertext refused token=344391287: ciphertext buffer full
[mlkem_channel] ciphertext refused token=164500132: ciphertext buffer full
[mlkem_channel] ciphertext refused token=3216491605: ciphertext buffer full
[mlkem_channel] ciphertext refused token=1581255620: ciphertext buffer full
[mlkem_channel] ciphertext refused token=409396148: ciphertext buffer full
[mlkem_channel] ciphertext refused token=415906184: ciphertext buffer full
[mlkem_channel] ciphertext refused token=2114600711: ciphertext buffer full
[mlkem_channel] ciphertext refused token=1237803320: ciphertext buffer full
[mlkem_channel] ciphertext refused token=3771033427: ciphertext buffer full
[mlkem_channel] ciphertext refused token=3215510398: ciphertext buffer full
[mlkem_channel] ciphertext refused token=3014789092: ciphertext buffer full
[mlkem_channel] ciphertext refused token=3541530548: ciphertext buffer full
[mlkem_channel] ciphertext refused token=2472622840: ciphertext buffer full
[mlkem_channel] ciphertext refused token=629516160: ciphertext buffer full
[mlkem_channel] ciphertext refused token=1428978335: ciphertext buffer full
[mlkem_channel] ciphertext refused token=3202903141: ciphertext buffer full
[mlkem_channel] ciphertext refused token=1190101958: ciphertext buffer full
[mlkem_channel] ciphertext refused token=485067169: ciphertext buffer full
[mlkem_channel] ciphertext refused token=4210067883: ciphertext buffer full
[mlkem_channel] ciphertext refused token=2803569011: ciphertext buffer full
[mlkem_channel] ciphertext refused token=1790170003: ciphertext buffer full
[mlkem_channel] ciphertext refused token=1288984205: ciphertext buffer full
[mlkem_channel] ciphertext refused token=2659465607: ciphertext buffer full
[mlkem_channel] ciphertext refused token=1876789601: ciphertext buffer full
[mlkem_channel] ciphertext refused token=948089400: ciphertext buffer full
[mlkem_channel] ciphertext refused token=2682520570: ciphertext buffer full
[mlkem_channel] ciphertext refused token=2212037189: ciphertext buffer full
[mlkem_channel] ciphertext refused token=3646644476: ciphertext buffer full
[mlkem_channel] ciphertext refused token=1182774121: ciphertext buffer full
[mlkem_channel] ciphertext refused token=3344338159: ciphertext buffer full
[mlkem_channel] ciphertext refused token=451537451: ciphertext buffer full
[mlkem_channel] ciphertext refused token=3844362388: ciphertext buffer full
[mlkem_channel] ciphertext refused token=3585948746: ciphertext buffer full
[mlkem_channel] ciphertext refused token=3310923817: ciphertext buffer full
[mlkem_channel] ciphertext refused token=4011632696: ciphertext buffer full
[mlkem_channel] ciphertext refused token=3380823977: ciphertext buffer full
[mlkem_channel] ciphertext refused token=1797408703: ciphertext buffer full
[mlkem_channel] ciphertext refused token=55375596: ciphertext buffer full
[mlkem_channel] ciphertext refused token=3983613185: ciphertext buffer full
[mlkem_channel] ciphertext refused token=1419699320: ciphertext buffer full
[mlkem_channel] ciphertext refused token=123063188: ciphertext buffer full
[mlkem_channel] ciphertext refused token=3338666263: ciphertext buffer full
[mlkem_channel] ciphertext refused token=171617306: ciphertext buffer full
[mlkem_channel] ciphertext refused token=1944112135: ciphertext buffer full
[mlkem_channel] ciphertext refused token=3330178883: ciphertext buffer full
[mlkem_channel] ciphertext refused token=3753329775: ciphertext buffer full
[mlkem_channel] ciphertext refused token=3034085803: ciphertext buffer full
[mlkem_channel] ciphertext refused token=2510575123: ciphertext buffer full
[mlkem_channel] ciphertext refused token=2841583145: ciphertext buffer full
[mlkem_channel] ciphertext refused token=1137904842: ciphertext buffer full
[mlkem_channel] ciphertext refused token=889356882: ciphertext buffer full
[mlkem_channel] ciphertext refused token=1951918128: ciphertext buffer full
[mlkem_channel] ciphertext refused token=1644460677: ciphertext buffer full
[mlkem_channel] ciphertext refused token=2037463612: ciphertext buffer full
[mlkem_channel] ciphertext refused token=3193734405: ciphertext buffer full
[mlkem_channel] ciphertext refused token=3506304701: ciphertext buffer full
[mlkem_channel] ciphertext refused token=1647068175: ciphertext buffer full
[mlkem_channel] ciphertext refused token=1455784588: ciphertext buffer full
[mlkem_channel] ciphertext refused token=16327543: ciphertext buffer full
[mlkem_channel] ciphertext refused token=627803044: ciphertext buffer full
[mlkem_channel] ciphertext refused token=1394947568: ciphertext buffer full
[mlkem_channel] ciphertext refused token=2983348370: ciphertext buffer full
[mlkem_channel] ciphertext refused token=3259774950: ciphertext buffer full
[mlkem_channel] ciphertext refused token=1907415450: ciphertext buffer full
[mlkem_channel] ciphertext refused token=2876410260: ciphertext buffer full
[mlkem_channel] ciphertext refused token=2491343245: ciphertext buffer full
[mlkem_channel] ciphertext refused token=2420059083: ciphertext buffer full
[mlkem_channel] ciphertext refused token=417347734: ciphertext buffer full
[mlkem_channel] ciphertext refused token=2124787659: ciphertext buffer full
[mlkem_channel] ciphertext refused token=1943482756: ciphertext buffer full
[mlkem_channel] ciphertext refused token=1415913041: ciphertext buffer full
[mlkem_channel] ciphertext refused token=4259655942: ciphertext buffer full
[mlkem_channel] ciphertext refused token=2802509290: ciphertext buffer full
[mlkem_channel] ciphertext refused token=1083057722: ciphertext buffer full
[mlkem_channel] ciphertext refused token=980627819: ciphertext buffer full
[mlkem_channel] ciphertext refused token=2399457643: ciphertext buffer full
[mlkem_channel] ciphertext refused token=2118781622: ciphertext buffer full
[mlkem_channel] ciphertext refused token=909358419: ciphertext buffer full
[mlkem_channel] ciphertext refused token=3233800350: ciphertext buffer full
[mlkem_channel] ciphertext refused token=2572123636: ciphertext buffer full
[mlkem_channel] ciphertext refused token=2675444686: ciphertext buffer full
[mlkem_channel] ciphertext refused token=3206182902: ciphertext buffer full
[mlkem_channel] ciphertext refused token=2488656715: ciphertext buffer full
[mlkem_channel] ciphertext refused token=425239564: ciphertext buffer full
[mlkem_channel] ciphertext refused token=611155169: ciphertext buffer full
[mlkem_channel] ciphertext refused token=3146917663: ciphertext buffer full
[mlkem_channel] ciphertext refused token=1572105502: ciphertext buffer full
[mlkem_channel] ciphertext refused token=4010906211: ciphertext buffer full
[mlkem_channel] ciphertext refused token=2369954861: ciphertext buffer full
[mlkem_channel] ciphertext refused token=3624126364: ciphertext buffer full
[mlkem_channel] ciphertext refused token=2986374466: ciphertext buffer full
[mlkem_channel] ciphertext refused token=358306922: ciphertext buffer full
[mlkem_channel] ciphertext refused token=1337682624: ciphertext buffer full
[mlkem_channel] ciphertext refused token=2364052024: ciphertext buffer full
[mlkem_channel] ciphertext refused token=761911955: ciphertext buffer full
[mlkem_channel] ciphertext refused token=2197205361: ciphertext buffer full
[mlkem_channel] ciphertext refused token=2549104825: ciphertext buffer full
[mlkem_channel] ciphertext refused token=3507898597: ciphertext buffer full
[mlkem_channel] ciphertext refused token=1193593314: ciphertext buffer full
[mlkem_channel] ciphertext refused token=3777589787: ciphertext buffer full
[mlkem_channel] ciphertext refused token=3550297116: ciphertext buffer full
[mlkem_channel] ciphertext refused token=131471757: ciphertext buffer full
[mlkem_channel] ciphertext refused token=3471400361: ciphertext buffer full
[mlkem_channel] ciphertext refused token=4191338748: ciphertext buffer full
[mlkem_channel] ciphertext refused token=2240727504: ciphertext buffer full
[mlkem_channel] ciphertext refused token=1209937173: ciphertext buffer full
[mlkem_channel] ciphertext refused token=1307344919: ciphertext buffer full
[mlkem_channel] ciphertext refused token=4022699471: ciphertext buffer full
[mlkem_channel] ciphertext refused token=2055977574: ciphertext buffer full
[mlkem_channel] ciphertext refused token=3715382986: ciphertext buffer full
[mlkem_channel] ciphertext refused token=1846747067: ciphertext buffer full
[mlkem_channel] ciphertext refused token=2212406301: ciphertext buffer full
[mlkem_channel] ciphertext refused token=681719844: ciphertext buffer full
[mlkem_channel] ciphertext refused token=3374978992: ciphertext buffer full
[mlkem_channel] ciphertext refused token=1131455084: ciphertext buffer full
[mlkem_channel] ciphertext refused token=3884289710: ciphertext buffer full
[mlkem_channel] ciphertext refused token=3942434505: ciphertext buffer full
[mlkem_channel] ciphertext refused token=2357914176: ciphertext buffer full
[mlkem_channel] ciphertext refused token=4054498446: ciphertext buffer full
[mlkem_channel] ciphertext refused token=4097366433: ciphertext buffer full
[mlkem_channel] ciphertext refused token=2634372626: ciphertext buffer full
[mlkem_channel] ciphertext refused token=3203856473: ciphertext buffer full
[mlkem_channel] ciphertext refused token=2329173037: ciphertext buffer full
[mlkem_channel] ciphertext refused token=25858150: ciphertext buffer full
[mlkem_channel] ciphertext refused token=2818046001: ciphertext buffer full
[mlkem_channel] ciphertext refused token=2193317585: ciphertext buffer full
[mlkem_channel] ciphertext refused token=708228565: ciphertext buffer full
[mlkem_channel] ciphertext refused token=828163943: ciphertext buffer full
[mlkem_channel] ciphertext refused token=2837308400: ciphertext buffer full
[mlkem_channel] ciphertext refused token=3499270113: ciphertext buffer full
[mlkem_channel] ciphertext refused token=3102900019: ciphertext buffer full
[mlkem_channel] ciphertext refused token=3748951999: ciphertext buffer full
[mlkem_channel] ciphertext refused token=95998021: ciphertext buffer full
[mlkem_channel] ciphertext refused token=1505009553: ciphertext buffer full
[mlkem_channel] ciphertext refused token=2518161900: ciphertext buffer full
[mlkem_channel] ciphertext refused token=3224282389: ciphertext buffer full
[mlkem_channel] ciphertext refused token=3907159816: ciphertext buffer full
[mlkem_channel] ciphertext refused token=593753110: ciphertext buffer full
[mlkem_channel] ciphertext refused token=1184795627: ciphertext buffer full
[mlkem_channel] ciphertext refused token=2309245388: ciphertext buffer full
[mlkem_channel] ciphertext refused token=1809951168: ciphertext buffer full
[mlkem_channel] ciphertext refused token=2300524905: ciphertext buffer full
[mlkem_channel] ciphertext refused token=4082813737: ciphertext buffer full
[mlkem_channel] ciphertext refused token=509982780: ciphertext buffer full
[mlkem_channel] ciphertext refused token=1821371567: ciphertext buffer full
[mlkem_channel] ciphertext refused token=1289551733: ciphertext buffer full
[mlkem_channel] ciphertext refused token=3378273376: ciphertext buffer full
[mlkem_channel] ciphertext refused token=3370736188: ciphertext buffer full
[mlkem_channel] ciphertext refused token=537285956: ciphertext buffer full
[mlkem_channel] ciphertext refused token=2444985208: ciphertext buffer full
[mlkem_channel] ciphertext refused token=1310358192: ciphertext buffer full
[mlkem_channel] ciphertext refused token=845893712: ciphertext buffer full
[mlkem_channel] ciphertext refused token=2295143030: ciphertext buffer full
[mlkem_channel] ciphertext refused token=1202845532: ciphertext buffer full
[mlkem_channel] ciphertext refused token=1824691265: ciphertext buffer full
[mlkem_channel] ciphertext refused token=3236174160: ciphertext buffer full
[mlkem_channel] ciphertext refused token=3721240393: ciphertext buffer full
[mlkem_channel] ciphertext refused token=1391684411: ciphertext buffer full
[mlkem_channel] ciphertext refused token=2028394670: ciphertext buffer full
[mlkem_channel] ciphertext refused token=24255281: ciphertext buffer full
[mlkem_channel] ciphertext refused token=2711587906: ciphertext buffer full
[mlkem_channel] ciphertext refused token=856105595: ciphertext buffer full
[mlkem_channel] ciphertext refused token=3158759354: ciphertext buffer full
[mlkem_channel] ciphertext refused token=2654719733: ciphertext buffer full
[mlkem_channel] ciphertext refused token=2278034139: ciphertext buffer full
[mlkem_channel] ciphertext refused token=2218445012: ciphertext buffer full
[mlkem_channel] ciphertext refused token=2118744974: ciphertext buffer full
[mlkem_channel] ciphertext refused token=3097211606: ciphertext buffer full
[mlkem_channel] ciphertext refused token=303158329: ciphertext buffer full
[mlkem_channel] ciphertext refused token=3543358283: ciphertext buffer full
[mlkem_channel] ciphertext refused token=255381408: ciphertext buffer full
[mlkem_channel] ciphertext refused token=855620373: ciphertext buffer full
[mlkem_channel] ciphertext refused token=1401547054: ciphertext buffer full
[mlkem_channel] ciphertext refused token=325255399: ciphertext buffer full
[mlkem_channel] ciphertext refused token=593464598: ciphertext buffer full
[mlkem_channel] ciphertext refused token=3421273754: ciphertext buffer full
[mlkem_channel] ciphertext refused token=3949813561: ciphertext buffer full
[mlkem_channel] ciphertext refused token=2701933793: ciphertext buffer full
[mlkem_channel] ciphertext refused token=3791390984: ciphertext buffer full
[mlkem_channel] ciphertext refused token=1076473136: ciphertext buffer full
[mlkem_channel] ciphertext refused token=2757678250: ciphertext buffer full
[mlkem_channel] ciphertext refused token=4005249577: ciphertext buffer full
[mlkem_channel] ciphertext refused token=3933506166: ciphertext buffer full
[mlkem_channel] ciphertext refused token=2336618856: ciphertext buffer full
[mlkem_channel] ciphertext refused token=360596782: ciphertext buffer full
[mlkem_channel] ciphertext refused token=2393657065: ciphertext buffer full
[mlkem_channel] ciphertext refused token=4271196289: ciphertext buffer full
[mlkem_channel] ciphertext refused token=175720068: ciphertext buffer full
[mlkem_channel] ciphertext refused token=37678327: ciphertext buffer full
[mlkem_channel] ciphertext refused token=1970397916: ciphertext buffer full
[mlkem_channel] ciphertext refused token=757943477: ciphertext buffer full
[mlkem_channel] ciphertext refused token=1733346387: ciphertext buffer full
[mlkem_channel] ciphertext refused token=2902475562: ciphertext buffer full
[mlkem_channel] ciphertext refused token=4276349472: ciphertext buffer full
[mlkem_channel] ciphertext refused token=1669377892: ciphertext buffer full
[mlkem_channel] ciphertext refused token=2490587803: ciphertext buffer full
[mlkem_channel] ciphertext refused token=1570305725: ciphertext buffer full
[mlkem_channel] ciphertext refused token=4022924583: ciphertext buffer full
[mlkem_channel] ciphertext refused token=2649486619: ciphertext buffer full
[mlkem_channel] ciphertext refused token=2089523276: ciphertext buffer full
[mlkem_channel] ciphertext refused token=2056366661: ciphertext buffer full
[mlkem_channel] ciphertext refused token=2520010333: ciphertext buffer full
[mlkem_channel] ciphertext refused token=2442096686: ciphertext buffer full
[mlkem_channel] ciphertext refused token=1744771395: ciphertext buffer full
[mlkem_channel] ciphertext refused token=3064996571: ciphertext buffer full
[mlkem_channel] ciphertext refused token=3771399353: ciphertext buffer full
[mlkem_channel] ciphertext refused token=3711515192: ciphertext buffer full
[mlkem_channel] ciphertext refused token=1396329681: ciphertext buffer full
[mlkem_channel] ciphertext refused token=2043379079: ciphertext buffer full
[mlkem_channel] ciphertext refused token=420874158: ciphertext buffer full
[mlkem_channel] ciphertext refused token=4183809616: ciphertext buffer full
[mlkem_channel] ciphertext refused token=247901273: ciphertext buffer full
[mlkem_channel] ciphertext refused token=3041760238: ciphertext buffer full
[mlkem_channel] ciphertext refused token=3223064672: ciphertext buffer full
[mlkem_channel] ciphertext refused token=2879885265: ciphertext buffer full
[mlkem_channel] ciphertext refused token=2493413187: ciphertext buffer full
[mlkem_channel] ciphertext refused token=2987704971: ciphertext buffer full
[mlkem_channel] ciphertext refused token=169355257: ciphertext buffer full
[mlkem_channel] ciphertext refused token=2050869792: ciphertext buffer full
[mlkem_channel] ciphertext refused token=2764416955: ciphertext buffer full
[mlkem_channel] ciphertext refused token=2587485615: ciphertext buffer full
[mlkem_channel] ciphertext refused token=4106600830: ciphertext buffer full
[mlkem_channel] ciphertext refused token=4045141986: ciphertext buffer full
[mlkem_channel] ciphertext refused token=2394522877: ciphertext buffer full
[mlkem_channel] ciphertext refused token=1413596307: ciphertext buffer full
[mlkem_channel] ciphertext refused token=704117628: ciphertext buffer full
[mlkem_channel] ciphertext refused token=244686149: ciphertext buffer full
[mlkem_channel] ciphertext refused token=4028787180: ciphertext buffer full
[mlkem_channel] ciphertext refused token=2492907007: ciphertext buffer full
[mlkem_channel] ciphertext refused token=3856346175: ciphertext buffer full
[mlkem_channel] ciphertext refused token=274125050: ciphertext buffer full
[mlkem_channel] ciphertext refused token=2638891871: ciphertext buffer full
[mlkem_channel] ciphertext refused token=175017702: ciphertext buffer full
[mlkem_channel] ciphertext refused token=4222757682: ciphertext buffer full
[mlkem_channel] ciphertext refused token=4057790425: ciphertext buffer full
[mlkem_channel] ciphertext refused token=3711676448: ciphertext buffer full
[mlkem_channel] ciphertext refused token=1198990462: ciphertext buffer full
[mlkem_channel] ciphertext refused token=269090189: ciphertext buffer full
[mlkem_channel] ciphertext refused token=2636358142: ciphertext buffer full
[mlkem_channel] ciphertext refused token=2624267123: ciphertext buffer full
[mlkem_channel] ciphertext refused token=2755084277: ciphertext buffer full
[mlkem_channel] ciphertext refused token=3632133423: ciphertext buffer full
[mlkem_channel] ciphertext refused token=153591277: ciphertext buffer full
[mlkem_channel] ciphertext refused token=3658306141: ciphertext buffer full
[mlkem_channel] ciphertext refused token=21613100: ciphertext buffer full
[mlkem_channel] ciphertext refused token=4280185564: ciphertext buffer full
[mlkem_channel] ciphertext refused token=10462408: ciphertext buffer full
[mlkem_channel] ciphertext refused token=4122304839: ciphertext buffer full
[mlkem_channel] ciphertext refused token=4227446223: ciphertext buffer full
[mlkem_channel] ciphertext refused token=55406089: ciphertext buffer full
[mlkem_channel] ciphertext refused token=3244500893: ciphertext buffer full
[mlkem_channel] ciphertext refused token=2896035710: ciphertext buffer full
[mlkem_channel] ciphertext refused token=2968277591: ciphertext buffer full
[mlkem_channel] ciphertext refused token=3052151037: ciphertext buffer full
[mlkem_channel] ciphertext refused token=760298488: ciphertext buffer full
[mlkem_channel] ciphertext refused token=1061140085: ciphertext buffer full
[mlkem_channel] ciphertext refused token=3062968328: ciphertext buffer full
[mlkem_channel] ciphertext refused token=3949494883: ciphertext buffer full
[mlkem_channel] ciphertext refused token=959722711: ciphertext buffer full
[mlkem_channel] ciphertext refused token=3656754535: ciphertext buffer full
[mlkem_channel] ciphertext refused token=2039453609: ciphertext buffer full
[mlkem_channel] ciphertext refused token=2742707704: ciphertext buffer full
[mlkem_channel] ciphertext refused token=192581020: ciphertext buffer full
[mlkem_channel] ciphertext refused token=1232206325: ciphertext buffer full
[mlkem_channel] ciphertext refused token=1474602366: ciphertext buffer full
[mlkem_channel] ciphertext refused token=319390624: ciphertext buffer full
[mlkem_channel] ciphertext refused token=3899345549: ciphertext buffer full
[mlkem_channel] ciphertext refused token=3456354341: ciphertext buffer full
[mlkem_channel] ciphertext refused token=1127004044: ciphertext buffer full
[mlkem_channel] ciphertext refused token=1828385729: ciphertext buffer full
[mlkem_channel] ciphertext refused token=4291981028: ciphertext buffer full
[mlkem_channel] ciphertext refused token=3371678826: ciphertext buffer full
[mlkem_channel] ciphertext refused token=62296633: ciphertext buffer full
[mlkem_channel] ciphertext refused token=4141131476: ciphertext buffer full
[mlkem_channel] ciphertext refused token=3601712540: ciphertext buffer full
[mlkem_channel] ciphertext refused token=4226316118: ciphertext buffer full
[mlkem_channel] ciphertext refused token=3597117960: ciphertext buffer full
[mlkem_channel] ciphertext refused token=1947841378: ciphertext buffer full
[mlkem_channel] ciphertext refused token=3654662547: ciphertext buffer full
[mlkem_channel] ciphertext refused token=3400094993: ciphertext buffer full
[mlkem_channel] ciphertext refused token=2636500480: ciphertext buffer full
[mlkem_channel] ciphertext refused token=4012479201: ciphertext buffer full
[mlkem_channel] ciphertext refused token=23350437: ciphertext buffer full
[mlkem_channel] ciphertext refused token=4116364408: ciphertext buffer full
[mlkem_channel] ciphertext refused token=2514735747: ciphertext buffer full
[mlkem_channel] ciphertext refused token=2114150611: ciphertext buffer full
[mlkem_channel] ciphertext refused token=3125140492: ciphertext buffer full
[mlkem_channel] ciphertext refused token=3584773095: ciphertext buffer full
[mlkem_channel] ciphertext refused token=2613695873: ciphertext buffer full
[mlkem_channel] ciphertext refused token=3305691123: ciphertext buffer full
[mlkem_channel] ciphertext refused token=3669229736: ciphertext buffer full
[mlkem_channel] ciphertext refused token=2145706262: ciphertext buffer full
[mlkem_channel] ciphertext refused token=735116838: ciphertext buffer full
[mlkem_channel] ciphertext refused token=261437274: ciphertext buffer full
[mlkem_channel] ciphertext refused token=417499391: ciphertext buffer full
[mlkem_channel] ciphertext refused token=1987837467: ciphertext buffer full
[mlkem_channel] ciphertext refused token=3039460441: ciphertext buffer full
[mlkem_channel] ciphertext refused token=564373920: ciphertext buffer full
[mlkem_channel] ciphertext refused token=3195501878: ciphertext buffer full
[mlkem_channel] ciphertext refused token=1643491832: ciphertext buffer full
[mlkem_channel] ciphertext refused token=3534466740: ciphertext buffer full
[mlkem_channel] ciphertext refused token=2106662117: ciphertext buffer full
[mlkem_channel] ciphertext refused token=2906077103: ciphertext buffer full
[mlkem_channel] ciphertext refused token=3961314220: ciphertext buffer full
[mlkem_channel] ciphertext refused token=770569920: ciphertext buffer full
[mlkem_channel] ciphertext refused token=4186846471: ciphertext buffer full
[mlkem_channel] ciphertext refused token=2157250646: ciphertext buffer full
[mlkem_channel] ciphertext refused token=3618822500: ciphertext buffer full
[mlkem_channel] ciphertext refused token=1374609343: ciphertext buffer full
[mlkem_channel] ciphertext refused token=1612045351: ciphertext buffer full
[mlkem_channel] ciphertext refused token=2841324411: ciphertext buffer full
[mlkem_channel] ciphertext refused token=1626061128: ciphertext buffer full
[mlkem_channel] ciphertext refused token=3461120274: ciphertext buffer full
[mlkem_channel] ciphertext refused token=1773144819: ciphertext buffer full
[mlkem_channel] ciphertext refused token=1017799717: ciphertext buffer full
[mlkem_channel] ciphertext refused token=1918269306: ciphertext buffer full
[mlkem_channel] ciphertext refused token=186528923: ciphertext buffer full
[mlkem_channel] ciphertext refused token=4169333319: ciphertext buffer full
[mlkem_channel] ciphertext refused token=2232488367: ciphertext buffer full
[mlkem_channel] ciphertext refused token=187393139: ciphertext buffer full
[mlkem_channel] ciphertext refused token=3433739250: ciphertext buffer full
[mlkem_channel] ciphertext refused token=61034033: ciphertext buffer full
[mlkem_channel] ciphertext refused token=8465446: ciphertext buffer full
[mlkem_channel] ciphertext refused token=2996052365: ciphertext buffer full
[mlkem_channel] ciphertext refused token=2017847217: ciphertext buffer full
[mlkem_channel] ciphertext refused token=2082136764: ciphertext buffer full
[mlkem_channel] ciphertext refused token=2267224640: ciphertext buffer full
[mlkem_channel] ciphertext refused token=1155276549: ciphertext buffer full
[mlkem_channel] ciphertext refused token=1016124393: ciphertext buffer full
[mlkem_channel] ciphertext refused token=1984212718: ciphertext buffer full
[mlkem_channel] ciphertext refused token=3818058265: ciphertext buffer full
[mlkem_channel] ciphertext refused token=3125320091: ciphertext buffer full
[mlkem_channel] ciphertext refused token=315815211: ciphertext buffer full
[mlkem_channel] ciphertext refused token=465819777: ciphertext buffer full
[mlkem_channel] ciphertext refused token=3756332937: ciphertext buffer full
[mlkem_channel] ciphertext refused token=3114068893: ciphertext buffer full
[mlkem_channel] ciphertext refused token=1305246420: ciphertext buffer full
[mlkem_channel] ciphertext refused token=2996475334: ciphertext buffer full
[mlkem_channel] ciphertext refused token=2924407288: ciphertext buffer full
[mlkem_channel] ciphertext refused token=2974718343: ciphertext buffer full
[mlkem_channel] ciphertext refused token=1717806233: ciphertext buffer full
[mlkem_channel] ciphertext refused token=377402579: ciphertext buffer full
[mlkem_channel] ciphertext refused token=1604118578: ciphertext buffer full
[mlkem_channel] ciphertext refused token=3305323808: ciphertext buffer full
[mlkem_channel] ciphertext refused token=823976412: ciphertext buffer full
[mlkem_channel] ciphertext refused token=776762199: ciphertext buffer full
[mlkem_channel] ciphertext refused token=160870804: ciphertext buffer full
[mlkem_channel] ciphertext refused token=2219884957: ciphertext buffer full
[mlkem_channel] ciphertext refused token=3515855159: ciphertext buffer full
[mlkem_channel] ciphertext refused token=1338293902: ciphertext buffer full
[mlkem_channel] ciphertext refused token=2577769380: ciphertext buffer full
[mlkem_channel] ciphertext refused token=873016853: ciphertext buffer full
[mlkem_channel] ciphertext refused token=1771601967: ciphertext buffer full
[mlkem_channel] ciphertext refused token=1722126703: ciphertext buffer full
[mlkem_channel] ciphertext refused token=2463500054: ciphertext buffer full
[mlkem_channel] ciphertext refused token=697508646: ciphertext buffer full
[mlkem_channel] ciphertext refused token=2843259120: ciphertext buffer full
[mlkem_channel] ciphertext refused token=3279762047: ciphertext buffer full
[mlkem_channel] ciphertext refused token=993775307: ciphertext buffer full
[mlkem_channel] ciphertext refused token=3050955664: ciphertext buffer full
[mlkem_channel] ciphertext refused token=2541670857: ciphertext buffer full
[mlkem_channel] ciphertext refused token=1459358709: ciphertext buffer full
[mlkem_channel] ciphertext refused token=252847759: ciphertext buffer full
[mlkem_channel] ciphertext refused token=2962770666: ciphertext buffer full
[mlkem_channel] ciphertext refused token=4045891776: ciphertext buffer full
[mlkem_channel] ciphertext refused token=1055269551: ciphertext buffer full
[mlkem_channel] ciphertext refused token=3983562633: ciphertext buffer full
[mlkem_channel] ciphertext refused token=2064264150: ciphertext buffer full
[mlkem_channel] ciphertext refused token=2098102326: ciphertext buffer full
[mlkem_channel] ciphertext refused token=2276777859: ciphertext buffer full
[mlkem_channel] ciphertext refused token=970605572: ciphertext buffer full
[mlkem_channel] ciphertext refused token=2318425498: ciphertext buffer full
[mlkem_channel] ciphertext refused token=1904026351: ciphertext buffer full
[mlkem_channel] ciphertext refused token=2873431078: ciphertext buffer full
[mlkem_channel] ciphertext refused token=1375211645: ciphertext buffer full
[mlkem_channel] ciphertext refused token=428945495: ciphertext buffer full
[mlkem_channel] ciphertext refused token=3260951105: ciphertext buffer full
[mlkem_channel] ciphertext refused token=2047330282: ciphertext buffer full
[mlkem_channel] ciphertext refused token=954373302: ciphertext buffer full
[mlkem_channel] ciphertext refused token=1292308770: ciphertext buffer full
[mlkem_channel] ciphertext refused token=1725445939: ciphertext buffer full
[mlkem_channel] ciphertext refused token=940185042: ciphertext buffer full
[mlkem_channel] ciphertext refused token=3282926847: ciphertext buffer full
[mlkem_channel] ciphertext refused token=1980477490: ciphertext buffer full
[mlkem_channel] ciphertext refused token=2325099699: ciphertext buffer full
[mlkem_channel] ciphertext refused token=2988939525: ciphertext buffer full
[mlkem_channel] ciphertext refused token=120082717: ciphertext buffer full
[mlkem_channel] ciphertext refused token=1607551266: ciphertext buffer full
[mlkem_channel] ciphertext refused token=666595798: ciphertext buffer full
[mlkem_channel] ciphertext refused token=3373237917: ciphertext buffer full
[mlkem_channel] ciphertext refused token=2221809196: ciphertext buffer full
[mlkem_channel] ciphertext refused token=182428516: ciphertext buffer full
[mlkem_channel] ciphertext refused token=2298108585: ciphertext buffer full
[mlkem_channel] ciphertext refused token=32333214: ciphertext buffer full
[mlkem_channel] ciphertext refused token=2776127959: ciphertext buffer full
[mlkem_channel] ciphertext refused token=210322762: ciphertext buffer full
[mlkem_channel] ciphertext refused token=3937971851: ciphertext buffer full
[mlkem_channel] ciphertext refused token=2906912264: ciphertext buffer full
[mlkem_channel] ciphertext refused token=1256217804: ciphertext buffer full
[mlkem_channel] ciphertext refused token=1762811281: ciphertext buffer full
[mlkem_channel] ciphertext refused token=383160103: ciphertext buffer full
[mlkem_channel] ciphertext refused token=2164343667: ciphertext buffer full
[mlkem_channel] ciphertext refused token=1729945199: ciphertext buffer full
[mlkem_channel] ciphertext refused token=1009177258: ciphertext buffer full
[mlkem_channel] ciphertext refused token=1707821723: ciphertext buffer full
[mlkem_channel] ciphertext refused token=3972940831: ciphertext buffer full
[mlkem_channel] ciphertext refused token=1900150930: ciphertext buffer full
[mlkem_channel] ciphertext refused token=434350830: ciphertext buffer full
[mlkem_channel] ciphertext refused token=2089140845: ciphertext buffer full
[mlkem_channel] ciphertext refused token=858204737: ciphertext buffer full
[mlkem_channel] ciphertext refused token=2460102728: ciphertext buffer full
[mlkem_channel] ciphertext refused token=4271690381: ciphertext buffer full
[mlkem_channel] ciphertext refused token=3253898796: ciphertext buffer full
[mlkem_channel] ciphertext refused token=1652112198: ciphertext buffer full
[mlkem_channel] ciphertext refused token=425116354: ciphertext buffer full
[mlkem_channel] ciphertext refused token=4005072649: ciphertext buffer full
[mlkem_channel] ciphertext refused token=853188750: ciphertext buffer full
[mlkem_channel] ciphertext refused token=2920752823: ciphertext buffer full
[mlkem_channel] ciphertext refused token=1089811122: ciphertext buffer full
[mlkem_channel] ciphertext refused token=2571651858: ciphertext buffer full
[mlkem_channel] ciphertext refused token=622735051: ciphertext buffer full
[mlkem_channel] ciphertext refused token=1841414673: ciphertext buffer full
[mlkem_channel] ciphertext refused token=3787248541: ciphertext buffer full
[mlkem_channel] ciphertext refused token=3523206031: ciphertext buffer full
[mlkem_channel] ciphertext refused token=1954674366: ciphertext buffer full
[mlkem_channel] ciphertext refused token=1756327425: ciphertext buffer full
[mlkem_channel] ciphertext refused token=1486049063: ciphertext buffer full
[mlkem_channel] ciphertext refused token=909443846: ciphertext buffer full
[mlkem_channel] ciphertext refused token=3427252123: ciphertext buffer full
[mlkem_channel] ciphertext refused token=845815829: ciphertext buffer full
[mlkem_channel] ciphertext refused token=1507358467: ciphertext buffer full
[mlkem_channel] ciphertext refused token=1185357202: ciphertext buffer full
[mlkem_channel] ciphertext refused token=3283491989: ciphertext buffer full
[mlkem_channel] ciphertext refused token=2188248372: ciphertext buffer full
[mlkem_channel] ciphertext refused token=76769148: ciphertext buffer full
[mlkem_channel] ciphertext refused token=4004377309: ciphertext buffer full
[mlkem_channel] ciphertext refused token=2426619103: ciphertext buffer full
[mlkem_channel] ciphertext refused token=2212589503: ciphertext buffer full
[mlkem_channel] ciphertext refused token=81894093: ciphertext buffer full
[mlkem_channel] ciphertext refused token=374168929: ciphertext buffer full
[mlkem_channel] ciphertext refused token=4068530478: ciphertext buffer full
[mlkem_channel] ciphertext refused token=3704198676: ciphertext buffer full
[mlkem_channel] ciphertext refused token=1848125023: ciphertext buffer full
[mlkem_channel] ciphertext refused token=363757535: ciphertext buffer full
[mlkem_channel] ciphertext refused token=1555466593: ciphertext buffer full
[mlkem_channel] ciphertext refused token=3232880532: ciphertext buffer full
[mlkem_channel] ciphertext refused token=3127158584: ciphertext buffer full
[mlkem_channel] ciphertext refused token=3528700050: ciphertext buffer full
[mlkem_channel] ciphertext refused token=177160276: ciphertext buffer full
[mlkem_channel] ciphertext refused token=3648962352: ciphertext buffer full
[mlkem_channel] ciphertext refused token=3636987295: ciphertext buffer full
[mlkem_channel] ciphertext refused token=1463700767: ciphertext buffer full
[mlkem_channel] ciphertext refused token=2907000368: ciphertext buffer full
[mlkem_channel] ciphertext refused token=1340795128: ciphertext buffer full
[mlkem_channel] ciphertext refused token=2720901561: ciphertext buffer full
[mlkem_channel] ciphertext refused token=2036332280: ciphertext buffer full
[mlkem_channel] ciphertext refused token=917955166: ciphertext buffer full
[mlkem_channel] ciphertext refused token=2188214168: ciphertext buffer full
[mlkem_channel] ciphertext refused token=3937870684: ciphertext buffer full
[mlkem_channel] ciphertext refused token=1588098881: ciphertext buffer full
[mlkem_channel] ciphertext refused token=246495887: ciphertext buffer full
[mlkem_channel] ciphertext refused token=2517511906: ciphertext buffer full
[mlkem_channel] ciphertext refused token=3790093309: ciphertext buffer full
[mlkem_channel] ciphertext refused token=1804369602: ciphertext buffer full
[mlkem_channel] ciphertext refused token=152375058: ciphertext buffer full
[mlkem_channel] ciphertext refused token=176065431: ciphertext buffer full
[mlkem_channel] ciphertext refused token=2082933336: ciphertext buffer full
[mlkem_channel] ciphertext refused token=2798668017: ciphertext buffer full
[mlkem_channel] ciphertext refused token=2991111209: ciphertext buffer full
[mlkem_channel] ciphertext refused token=2341744113: ciphertext buffer full
[mlkem_channel] ciphertext refused token=2107514528: ciphertext buffer full
[mlkem_channel] ciphertext refused token=2618668002: ciphertext buffer full
[mlkem_channel] ciphertext refused token=1115128340: ciphertext buffer full
[mlkem_channel] ciphertext refused token=1444579921: ciphertext buffer full
[mlkem_channel] ciphertext refused token=3005333334: ciphertext buffer full
[mlkem_channel] ciphertext refused token=132739727: ciphertext buffer full
[mlkem_channel] ciphertext refused token=609485998: ciphertext buffer full
[mlkem_channel] ciphertext refused token=3398242064: ciphertext buffer full
[mlkem_channel] ciphertext refused token=2594448679: ciphertext buffer full
[mlkem_channel] ciphertext refused token=1961028828: ciphertext buffer full
[mlkem_channel] ciphertext refused token=235758529: ciphertext buffer full
[mlkem_channel] ciphertext refused token=2624807134: ciphertext buffer full
[mlkem_channel] ciphertext refused token=4249820403: ciphertext buffer full
[mlkem_channel] ciphertext refused token=4207837821: ciphertext buffer full
[mlkem_channel] ciphertext refused token=529909231: ciphertext buffer full
[mlkem_channel] ciphertext refused token=2084481110: ciphertext buffer full
[mlkem_channel] ciphertext refused token=429053980: ciphertext buffer full
[mlkem_channel] ciphertext refused token=1738613151: ciphertext buffer full
[mlkem_channel] ciphertext refused token=3260958683: ciphertext buffer full
[mlkem_channel] ciphertext refused token=2226143446: ciphertext buffer full
[mlkem_channel] ciphertext refused token=3035925659: ciphertext buffer full
[mlkem_channel] ciphertext refused token=2973388335: ciphertext buffer full
[mlkem_channel] ciphertext refused token=1518193822: ciphertext buffer full
[mlkem_channel] ciphertext refused token=4059910215: ciphertext buffer full
[mlkem_channel] ciphertext refused token=3416330261: ciphertext buffer full
[mlkem_channel] ciphertext refused token=833404337: ciphertext buffer full
[mlkem_channel] ciphertext refused token=4262651427: ciphertext buffer full
[mlkem_channel] ciphertext refused token=2083929791: ciphertext buffer full
[mlkem_channel] ciphertext refused token=3596817983: ciphertext buffer full
[mlkem_channel] ciphertext refused token=2695732231: ciphertext buffer full
[mlkem_channel] ciphertext refused token=1512512308: ciphertext buffer full
[mlkem_channel] ciphertext refused token=3901268792: ciphertext buffer full
[mlkem_channel] ciphertext refused token=4140129544: ciphertext buffer full
[mlkem_channel] ciphertext refused token=3287268034: ciphertext buffer full
[mlkem_channel] ciphertext refused token=1335610968: ciphertext buffer full
[mlkem_channel] ciphertext refused token=2673557812: ciphertext buffer full
[mlkem_channel] ciphertext refused token=2452163481: ciphertext buffer full
[mlkem_channel] ciphertext refused token=2861569996: ciphertext buffer full
[mlkem_channel] ciphertext refused token=1033357243: ciphertext buffer full
[mlkem_channel] ciphertext refused token=1926295698: ciphertext buffer full
[mlkem_channel] ciphertext refused token=3432469538: ciphertext buffer full
[mlkem_channel] ciphertext refused token=1735139556: ciphertext buffer full
[mlkem_channel] ciphertext refused token=3639576812: ciphertext buffer full
[mlkem_channel] ciphertext refused token=3318857747: ciphertext buffer full
[mlkem_channel] ciphertext refused token=1963482234: ciphertext buffer full
[mlkem_channel] ciphertext refused token=2787256247: ciphertext buffer full
[mlkem_channel] ciphertext refused token=203114429: ciphertext buffer full
[mlkem_channel] ciphertext refused token=252847585: ciphertext buffer full
[mlkem_channel] ciphertext refused token=2871296844: ciphertext buffer full
[mlkem_channel] ciphertext refused token=2139933752: ciphertext buffer full
[mlkem_channel] ciphertext refused token=3319198548: ciphertext buffer full
[mlkem_channel] ciphertext refused token=3310317479: ciphertext buffer full
[mlkem_channel] ciphertext refused token=2558247638: ciphertext buffer full
[mlkem_channel] ciphertext refused token=2149481578: ciphertext buffer full
[mlkem_channel] ciphertext refused token=2058121526: ciphertext buffer full
[mlkem_channel] ciphertext refused token=3409506317: ciphertext buffer full
[mlkem_channel] ciphertext refused token=64593851: ciphertext buffer full
[mlkem_channel] ciphertext refused token=1827270062: ciphertext buffer full
[mlkem_channel] ciphertext refused token=2440366162: ciphertext buffer full
[mlkem_channel] ciphertext refused token=3580647097: ciphertext buffer full
[mlkem_channel] ciphertext refused token=2685190084: ciphertext buffer full
[mlkem_channel] ciphertext refused token=4011554627: ciphertext buffer full
[mlkem_channel] ciphertext refused token=1524593219: ciphertext buffer full
[mlkem_channel] ciphertext refused token=827767454: ciphertext buffer full
[mlkem_channel] ciphertext refused token=1411637956: ciphertext buffer full
[mlkem_channel] ciphertext refused token=230436924: ciphertext buffer full
[mlkem_channel] ciphertext refused token=1685902088: ciphertext buffer full
[mlkem_channel] ciphertext refused token=2206643819: ciphertext buffer full
[mlkem_channel] ciphertext refused token=4135378548: ciphertext buffer full
[mlkem_channel] ciphertext refused token=1657685270: ciphertext buffer full
[mlkem_channel] ciphertext refused token=906495168: ciphertext buffer full
[mlkem_channel] ciphertext refused token=1726575045: ciphertext buffer full
[mlkem_channel] ciphertext refused token=1593774045: ciphertext buffer full
[mlkem_channel] ciphertext refused token=2139303257: ciphertext buffer full
[mlkem_channel] ciphertext refused token=2977091433: ciphertext buffer full
[mlkem_channel] ciphertext refused token=179051428: ciphertext buffer full
[mlkem_channel] ciphertext refused token=3890473886: ciphertext buffer full
[mlkem_channel] ciphertext refused token=554288080: ciphertext buffer full
[mlkem_channel] ciphertext refused token=897781127: ciphertext buffer full
[mlkem_channel] ciphertext refused token=2534414845: ciphertext buffer full
[mlkem_channel] ciphertext refused token=871519185: ciphertext buffer full
[mlkem_channel] ciphertext refused token=830771442: ciphertext buffer full
[mlkem_channel] ciphertext refused token=1095346013: ciphertext buffer full
[mlkem_channel] ciphertext refused token=2811758677: ciphertext buffer full
[mlkem_channel] ciphertext refused token=1533341696: ciphertext buffer full
[mlkem_channel] ciphertext refused token=3998088701: ciphertext buffer full
[mlkem_channel] ciphertext refused token=1051835051: ciphertext buffer full
[mlkem_channel] ciphertext refused token=2291672410: ciphertext buffer full
[mlkem_channel] ciphertext refused token=3610844896: ciphertext buffer full
[mlkem_channel] ciphertext refused token=4261684324: ciphertext buffer full
[mlkem_channel] ciphertext refused token=85621575: ciphertext buffer full
[mlkem_channel] ciphertext refused token=416729317: ciphertext buffer full
[mlkem_channel] ciphertext refused token=2746248250: ciphertext buffer full
[mlkem_channel] ciphertext refused token=2062195321: ciphertext buffer full
[mlkem_channel] ciphertext refused token=3849140183: ciphertext buffer full
[mlkem_channel] ciphertext refused token=2069379398: ciphertext buffer full
[mlkem_channel] ciphertext refused token=4217840082: ciphertext buffer full
[mlkem_channel] ciphertext refused token=1271999073: ciphertext buffer full
[mlkem_channel] ciphertext refused token=990952662: ciphertext buffer full
[mlkem_channel] ciphertext refused token=95151774: ciphertext buffer full
[mlkem_channel] ciphertext refused token=3103244947: ciphertext buffer full
[mlkem_channel] ciphertext refused token=1838433630: ciphertext buffer full
[mlkem_channel] ciphertext refused token=4291269652: ciphertext buffer full
[mlkem_channel] ciphertext refused token=3213674336: ciphertext buffer full
[mlkem_channel] ciphertext refused token=82656086: ciphertext buffer full
[mlkem_channel] ciphertext refused token=4168581648: ciphertext buffer full
[mlkem_channel] ciphertext refused token=630166620: ciphertext buffer full
[mlkem_channel] ciphertext refused token=1502714398: ciphertext buffer full
[mlkem_channel] ciphertext refused token=3062962415: ciphertext buffer full
[mlkem_channel] ciphertext refused token=1108626635: ciphertext buffer full
[mlkem_channel] ciphertext refused token=325539660: ciphertext buffer full
[mlkem_channel] ciphertext refused token=934840928: ciphertext buffer full
[mlkem_channel] ciphertext refused token=1052738672: ciphertext buffer full
[mlkem_channel] ciphertext refused token=3221756929: ciphertext buffer full
[mlkem_channel] ciphertext refused token=3806426137: ciphertext buffer full
[mlkem_channel] ciphertext refused token=547228056: ciphertext buffer full
[mlkem_channel] ciphertext refused token=367021347: ciphertext buffer full
[mlkem_channel] ciphertext refused token=2447670813: ciphertext buffer full
[mlkem_channel] ciphertext refused token=1884031481: ciphertext buffer full
[mlkem_channel] ciphertext refused token=3879416130: ciphertext buffer full
[mlkem_channel] ciphertext refused token=1567711263: ciphertext buffer full
[mlkem_channel] ciphertext refused token=1574064580: ciphertext buffer full
[mlkem_channel] ciphertext refused token=2771978015: ciphertext buffer full
[mlkem_channel] ciphertext refused token=1207946416: ciphertext buffer full
[mlkem_channel] ciphertext refused token=3403316797: ciphertext buffer full
[mlkem_channel] ciphertext refused token=235303622: ciphertext buffer full
[mlkem_channel] ciphertext refused token=3746535437: ciphertext buffer full
[mlkem_channel] ciphertext refused token=1353161622: ciphertext buffer full
[mlkem_channel] ciphertext refused token=3329810345: ciphertext buffer full
[mlkem_channel] ciphertext refused token=2316373619: ciphertext buffer full
[mlkem_channel] ciphertext refused token=3898879816: ciphertext buffer full
[mlkem_channel] ciphertext refused token=573911451: ciphertext buffer full
[mlkem_channel] ciphertext refused token=362406778: ciphertext buffer full
[mlkem_channel] ciphertext refused token=3294582600: ciphertext buffer full
[mlkem_channel] ciphertext refused token=1318760381: ciphertext buffer full
[mlkem_channel] ciphertext refused token=4255084725: ciphertext buffer full
[mlkem_channel] ciphertext refused token=1603588578: ciphertext buffer full
[mlkem_channel] ciphertext refused token=428038146: ciphertext buffer full
[mlkem_channel] ciphertext refused token=3399712167: ciphertext buffer full
[mlkem_channel] ciphertext refused token=2074610155: ciphertext buffer full
[mlkem_channel] ciphertext refused token=2965758093: ciphertext buffer full
[mlkem_channel] ciphertext refused token=1292410178: ciphertext buffer full
[mlkem_channel] ciphertext refused token=264105642: ciphertext buffer full
[mlkem_channel] ciphertext refused token=4264649200: ciphertext buffer full
[mlkem_channel] ciphertext refused token=3786797146: ciphertext buffer full
[mlkem_channel] ciphertext refused token=4122975305: ciphertext buffer full
[mlkem_channel] ciphertext refused token=1585911602: ciphertext buffer full
[mlkem_channel] ciphertext refused token=972414028: ciphertext buffer full
[mlkem_channel] ciphertext refused token=2931501282: ciphertext buffer full
[mlkem_channel] ciphertext refused token=420850690: ciphertext buffer full
[mlkem_channel] ciphertext refused token=2095246669: ciphertext buffer full
[mlkem_channel] ciphertext refused token=458090471: ciphertext buffer full
[mlkem_channel] ciphertext refused token=1311243832: ciphertext buffer full
[mlkem_channel] ciphertext refused token=1052017029: ciphertext buffer full
[mlkem_channel] ciphertext refused token=1795775679: ciphertext buffer full
[mlkem_channel] ciphertext refused token=3790020137: ciphertext buffer full
[mlkem_channel] ciphertext refused token=2421100753: ciphertext buffer full
[mlkem_channel] ciphertext refused token=433991001: ciphertext buffer full
[mlkem_channel] ciphertext refused token=1449811088: ciphertext buffer full
[mlkem_channel] ciphertext refused token=4023547998: ciphertext buffer full
[mlkem_channel] ciphertext refused token=3834812432: ciphertext buffer full
[mlkem_channel] ciphertext refused token=2066865228: ciphertext buffer full
[mlkem_channel] ciphertext refused token=4081344309: ciphertext buffer full
[mlkem_channel] ciphertext refused token=4203156607: ciphertext buffer full
[mlkem_channel] ciphertext refused token=4208686814: ciphertext buffer full
[mlkem_channel] ciphertext refused token=2822189121: ciphertext buffer full
[mlkem_channel] ciphertext refused token=1620703934: ciphertext buffer full
[mlkem_channel] ciphertext refused token=368726138: ciphertext buffer full
[mlkem_channel] ciphertext refused token=1318350248: ciphertext buffer full
[mlkem_channel] ciphertext refused token=353587134: ciphertext buffer full
[mlkem_channel] ciphertext refused token=103354685: ciphertext buffer full
[mlkem_channel] ciphertext refused token=3734906989: ciphertext buffer full
[mlkem_channel] ciphertext refused token=3753080652: ciphertext buffer full
[mlkem_channel] ciphertext refused token=3520242784: ciphertext buffer full
[mlkem_channel] ciphertext refused token=3808103094: ciphertext buffer full
[mlkem_channel] ciphertext refused token=526589742: ciphertext buffer full
[mlkem_channel] ciphertext refused token=3756074774: ciphertext buffer full
[mlkem_channel] ciphertext refused token=3881467067: ciphertext buffer full
[mlkem_channel] ciphertext refused token=1823983417: ciphertext buffer full
[mlkem_channel] ciphertext refused token=3605022877: ciphertext buffer full
[mlkem_channel] ciphertext refused token=960718671: ciphertext buffer full
[mlkem_channel] ciphertext refused token=51193273: ciphertext buffer full
[mlkem_channel] ciphertext refused token=2844382211: ciphertext buffer full
[mlkem_channel] ciphertext refused token=2602354124: ciphertext buffer full
[mlkem_channel] ciphertext refused token=4237644560: ciphertext buffer full
[mlkem_channel] ciphertext refused token=1519009558: ciphertext buffer full
[mlkem_channel] ciphertext refused token=4198366421: ciphertext buffer full
[mlkem_channel] ciphertext refused token=3286637558: ciphertext buffer full
[mlkem_channel] ciphertext refused token=2934727660: ciphertext buffer full
[mlkem_channel] ciphertext refused token=845197385: ciphertext buffer full
[mlkem_channel] ciphertext refused token=84550085: ciphertext buffer full
[mlkem_channel] ciphertext refused token=4265992112: ciphertext buffer full
[mlkem_channel] ciphertext refused token=4158472787: ciphertext buffer full
[mlkem_channel] ciphertext refused token=1361440920: ciphertext buffer full
[mlkem_channel] ciphertext refused token=637936050: ciphertext buffer full
[mlkem_channel] ciphertext refused token=3219361531: ciphertext buffer full
[mlkem_channel] ciphertext refused token=377252178: ciphertext buffer full
[mlkem_channel] ciphertext refused token=137041344: ciphertext buffer full
[mlkem_channel] ciphertext refused token=1517894882: ciphertext buffer full
[mlkem_channel] ciphertext refused token=630546006: ciphertext buffer full
[mlkem_channel] ciphertext refused token=1562781976: ciphertext buffer full
[mlkem_channel] ciphertext refused token=3229527335: ciphertext buffer full
[mlkem_channel] ciphertext refused token=1671425369: ciphertext buffer full
[mlkem_channel] ciphertext refused token=1985987701: ciphertext buffer full
[mlkem_channel] ciphertext refused token=2243462198: ciphertext buffer full
[mlkem_channel] ciphertext refused token=2366751712: ciphertext buffer full
[mlkem_channel] ciphertext refused token=2627374661: ciphertext buffer full
[mlkem_channel] ciphertext refused token=1434749020: ciphertext buffer full
[mlkem_channel] ciphertext refused token=1147133810: ciphertext buffer full
[mlkem_channel] ciphertext refused token=1961121003: ciphertext buffer full
[mlkem_channel] ciphertext refused token=1135482773: ciphertext buffer full
[mlkem_channel] ciphertext refused token=3808787694: ciphertext buffer full
[mlkem_channel] ciphertext refused token=353576490: ciphertext buffer full
[mlkem_channel] ciphertext refused token=39958354: ciphertext buffer full
[mlkem_channel] ciphertext refused token=1320295559: ciphertext buffer full
[mlkem_channel] ciphertext refused token=102468130: ciphertext buffer full
[mlkem_channel] ciphertext refused token=3478251349: ciphertext buffer full
[mlkem_channel] ciphertext refused token=1193560036: ciphertext buffer full
[mlkem_channel] ciphertext refused token=2043578293: ciphertext buffer full
[mlkem_channel] ciphertext refused token=2413416970: ciphertext buffer full
[mlkem_channel] ciphertext refused token=840449019: ciphertext buffer full
[mlkem_channel] ciphertext refused token=3207648540: ciphertext buffer full
[mlkem_channel] ciphertext refused token=511223882: ciphertext buffer full
[mlkem_channel] ciphertext refused token=4211306475: ciphertext buffer full
[mlkem_channel] ciphertext refused token=3911434734: ciphertext buffer full
[mlkem_channel] ciphertext refused token=1603813422: ciphertext buffer full
[mlkem_channel] ciphertext refused token=1508186361: ciphertext buffer full
[mlkem_channel] ciphertext refused token=1634940180: ciphertext buffer full
[mlkem_channel] ciphertext refused token=2904857017: ciphertext buffer full
[mlkem_channel] ciphertext refused token=3318316472: ciphertext buffer full
[mlkem_channel] ciphertext refused token=1945274086: ciphertext buffer full
[mlkem_channel] ciphertext refused token=3833171309: ciphertext buffer full
[mlkem_channel] ciphertext refused token=2937110853: ciphertext buffer full
[mlkem_channel] ciphertext refused token=2849227710: ciphertext buffer full
[mlkem_channel] ciphertext refused token=2751608769: ciphertext buffer full
[mlkem_channel] ciphertext refused token=470082905: ciphertext buffer full
[mlkem_channel] ciphertext refused token=1116046213: ciphertext buffer full
[mlkem_channel] ciphertext refused token=2390822518: ciphertext buffer full
[mlkem_channel] ciphertext refused token=3307984803: ciphertext buffer full
[mlkem_channel] ciphertext refused token=109188968: ciphertext buffer full
[mlkem_channel] ciphertext refused token=3394400347: ciphertext buffer full
[mlkem_channel] ciphertext refused token=3313149069: ciphertext buffer full
[mlkem_channel] ciphertext refused token=365998272: ciphertext buffer full
[mlkem_channel] ciphertext refused token=473145090: ciphertext buffer full
[mlkem_channel] ciphertext refused token=3523676917: ciphertext buffer full
[mlkem_channel] ciphertext refused token=3159437435: ciphertext buffer full
[mlkem_channel] ciphertext refused token=3913072460: ciphertext buffer full
[mlkem_channel] ciphertext refused token=1516078590: ciphertext buffer full
[mlkem_channel] ciphertext refused token=3396968174: ciphertext buffer full
[mlkem_channel] ciphertext refused token=1789238990: ciphertext buffer full
[mlkem_channel] ciphertext refused token=816611377: ciphertext buffer full
[mlkem_channel] ciphertext refused token=1965528114: ciphertext buffer full
[mlkem_channel] ciphertext refused token=1324892594: ciphertext buffer full
[mlkem_channel] ciphertext refused token=1417062359: ciphertext buffer full
[mlkem_channel] ciphertext refused token=3463542799: ciphertext buffer full
[mlkem_channel] ciphertext refused token=3332989032: ciphertext buffer full
[mlkem_channel] ciphertext refused token=2025563485: ciphertext buffer full
[mlkem_channel] ciphertext refused token=2478288408: ciphertext buffer full
[mlkem_channel] ciphertext refused token=11045052: ciphertext buffer full
[mlkem_channel] ciphertext refused token=2078215686: ciphertext buffer full
[mlkem_channel] ciphertext refused token=1471073962: ciphertext buffer full
[mlkem_channel] ciphertext refused token=4095249382: ciphertext buffer full
[mlkem_channel] ciphertext refused token=1288339156: ciphertext buffer full
[mlkem_channel] ciphertext refused token=3114793580: ciphertext buffer full
[mlkem_channel] ciphertext refused token=3271687211: ciphertext buffer full
[mlkem_channel] ciphertext refused token=3508985812: ciphertext buffer full
[mlkem_channel] ciphertext refused token=1278374204: ciphertext buffer full
[mlkem_channel] ciphertext refused token=2005302735: ciphertext buffer full
[mlkem_channel] ciphertext refused token=1234876808: ciphertext buffer full
[mlkem_channel] ciphertext refused token=556803242: ciphertext buffer full
[mlkem_channel] ciphertext refused token=3531251572: ciphertext buffer full
[mlkem_channel] ciphertext refused token=645550225: ciphertext buffer full
[mlkem_channel] ciphertext refused token=1905827558: ciphertext buffer full
[mlkem_channel] ciphertext refused token=1158286748: ciphertext buffer full
[mlkem_channel] ciphertext refused token=4241992582: ciphertext buffer full
[mlkem_channel] ciphertext refused token=2067721909: ciphertext buffer full
[mlkem_channel] ciphertext refused token=85318776: ciphertext buffer full
[mlkem_channel] ciphertext refused token=2340296894: ciphertext buffer full
[mlkem_channel] ciphertext refused token=1608893794: ciphertext buffer full
[mlkem_channel] ciphertext refused token=2339387798: ciphertext buffer full
[mlkem_channel] ciphertext refused token=2869201717: ciphertext buffer full
[mlkem_channel] ciphertext refused token=2883100025: ciphertext buffer full
[mlkem_channel] ciphertext refused token=3418683608: ciphertext buffer full
[mlkem_channel] ciphertext refused token=601295015: ciphertext buffer full
[mlkem_channel] ciphertext refused token=4265870424: ciphertext buffer full
[mlkem_channel] ciphertext refused token=3996696450: ciphertext buffer full
[mlkem_channel] ciphertext refused token=1955634368: ciphertext buffer full
[mlkem_channel] ciphertext refused token=3035989884: ciphertext buffer full
[mlkem_channel] ciphertext refused token=2764984182: ciphertext buffer full
[mlkem_channel] ciphertext refused token=1254945406: ciphertext buffer full
[mlkem_channel] ciphertext refused token=1420507286: ciphertext buffer full
[mlkem_channel] ciphertext refused token=206700504: ciphertext buffer full
[mlkem_channel] ciphertext refused token=2090435411: ciphertext buffer full
[mlkem_channel] ciphertext refused token=3676127985: ciphertext buffer full
[mlkem_channel] ciphertext refused token=2561986888: ciphertext buffer full
[mlkem_channel] ciphertext refused token=727617600: ciphertext buffer full
[mlkem_channel] ciphertext refused token=2222481308: ciphertext buffer full
[mlkem_channel] ciphertext refused token=4184611318: ciphertext buffer full
[mlkem_channel] ciphertext refused token=4146555: ciphertext buffer full
[mlkem_channel] ciphertext refused token=773392526: ciphertext buffer full
[mlkem_channel] ciphertext refused token=758875930: ciphertext buffer full
[mlkem_channel] ciphertext refused token=701719507: ciphertext buffer full
[mlkem_channel] ciphertext refused token=2851075750: ciphertext buffer full
[mlkem_channel] ciphertext refused token=3096615457: ciphertext buffer full
[mlkem_channel] ciphertext refused token=1174789975: ciphertext buffer full
[mlkem_channel] ciphertext refused token=379245609: ciphertext buffer full
[mlkem_channel] ciphertext refused token=976623310: ciphertext buffer full
[mlkem_channel] ciphertext refused token=3564306220: ciphertext buffer full
[mlkem_channel] ciphertext refused token=1158530393: ciphertext buffer full
[mlkem_channel] ciphertext refused token=3392158181: ciphertext buffer full
[mlkem_channel] ciphertext refused token=1259605086: ciphertext buffer full
[mlkem_channel] ciphertext refused token=2131736012: ciphertext buffer full
[mlkem_channel] ciphertext refused token=1920689230: ciphertext buffer full
[mlkem_channel] ciphertext refused token=839715227: ciphertext buffer full
[mlkem_channel] ciphertext refused token=2590296857: ciphertext buffer full
[mlkem_channel] ciphertext refused token=1779819148: ciphertext buffer full
[mlkem_channel] ciphertext refused token=912068063: ciphertext buffer full
[mlkem_channel] ciphertext refused token=82943694: ciphertext buffer full
[mlkem_channel] ciphertext refused token=1546484599: ciphertext buffer full
[mlkem_channel] ciphertext refused token=3423818564: ciphertext buffer full
[mlkem_channel] ciphertext refused token=3900826129: ciphertext buffer full
[mlkem_channel] ciphertext refused token=1672691266: ciphertext buffer full
[mlkem_channel] ciphertext refused token=3841871398: ciphertext buffer full
[mlkem_channel] ciphertext refused token=2560470247: ciphertext buffer full
[mlkem_channel] ciphertext refused token=1809550213: ciphertext buffer full
[mlkem_channel] ciphertext refused token=2004534627: ciphertext buffer full
[mlkem_channel] ciphertext refused token=2382210526: ciphertext buffer full
[mlkem_channel] ciphertext refused token=3342388950: ciphertext buffer full
[mlkem_channel] ciphertext refused token=2599889885: ciphertext buffer full
[mlkem_channel] ciphertext refused token=4264026656: ciphertext buffer full
[mlkem_channel] ciphertext refused token=534083832: ciphertext buffer full
[mlkem_channel] ciphertext refused token=1745650527: ciphertext buffer full
[mlkem_channel] ciphertext refused token=2594847661: ciphertext buffer full
[mlkem_channel] ciphertext refused token=3594623866: ciphertext buffer full
[mlkem_channel] ciphertext refused token=308793120: ciphertext buffer full
[mlkem_channel] ciphertext refused token=2144922044: ciphertext buffer full
[mlkem_channel] ciphertext refused token=2378147338: ciphertext buffer full
[mlkem_channel] ciphertext refused token=3249539609: ciphertext buffer full
[mlkem_channel] ciphertext refused token=2598921451: ciphertext buffer full
[mlkem_channel] ciphertext refused token=2564464432: ciphertext buffer full
[mlkem_channel] ciphertext refused token=1651629110: ciphertext buffer full
[mlkem_channel] ciphertext refused token=3776608314: ciphertext buffer full
[mlkem_channel] ciphertext refused token=783234408: ciphertext buffer full
[mlkem_channel] ciphertext refused token=3247810289: ciphertext buffer full
[mlkem_channel] ciphertext refused token=1811508585: ciphertext buffer full
[mlkem_channel] ciphertext refused token=670048890: ciphertext buffer full
[mlkem_channel] ciphertext refused token=1507484783: ciphertext buffer full
[mlkem_channel] ciphertext refused token=677039953: ciphertext buffer full
[mlkem_channel] ciphertext refused token=3715741548: ciphertext buffer full
[mlkem_channel] ciphertext refused token=1479064549: ciphertext buffer full
[mlkem_channel] ciphertext refused token=2317011448: ciphertext buffer full
[mlkem_channel] ciphertext refused token=3885008416: ciphertext buffer full
[mlkem_channel] ciphertext refused token=878282971: ciphertext buffer full
[mlkem_channel] ciphertext refused token=2663669768: ciphertext buffer full
[mlkem_channel] ciphertext refused token=4166353743: ciphertext buffer full
[mlkem_channel] ciphertext refused token=42353777: ciphertext buffer full
[mlkem_channel] ciphertext refused token=3135620146: ciphertext buffer full
[mlkem_channel] ciphertext refused token=1925681937: ciphertext buffer full
[mlkem_channel] ciphertext refused token=2212364078: ciphertext buffer full
[mlkem_channel] ciphertext refused token=566439261: ciphertext buffer full
[mlkem_channel] ciphertext refused token=3213353270: ciphertext buffer full
[mlkem_channel] ciphertext refused token=1764051168: ciphertext buffer full
[mlkem_channel] ciphertext refused token=3393194565: ciphertext buffer full
[mlkem_channel] ciphertext refused token=1510350348: ciphertext buffer full
[mlkem_channel] ciphertext refused token=4031986585: ciphertext buffer full
[mlkem_channel] ciphertext refused token=654854169: ciphertext buffer full
[mlkem_channel] ciphertext refused token=3362198918: ciphertext buffer full
[mlkem_channel] ciphertext refused token=4093224483: ciphertext buffer full
[mlkem_channel] ciphertext refused token=1016146560: ciphertext buffer full
[mlkem_channel] ciphertext refused token=1568323888: ciphertext buffer full
[mlkem_channel] ciphertext refused token=876110439: ciphertext buffer full
[mlkem_channel] ciphertext refused token=1239021257: ciphertext buffer full
[mlkem_channel] ciphertext refused token=2101572054: ciphertext buffer full
[mlkem_channel] ciphertext refused token=525965268: ciphertext buffer full
[mlkem_channel] ciphertext refused token=1933305236: ciphertext buffer full
[mlkem_channel] ciphertext refused token=2762165731: ciphertext buffer full
[mlkem_channel] ciphertext refused token=62929498: ciphertext buffer full
[mlkem_channel] ciphertext refused token=112662563: ciphertext buffer full
[mlkem_channel] ciphertext refused token=701966251: ciphertext buffer full
[mlkem_channel] ciphertext refused token=1207053323: ciphertext buffer full
[mlkem_channel] ciphertext refused token=547628448: ciphertext buffer full
[mlkem_channel] ciphertext refused token=2730829525: ciphertext buffer full
[mlkem_channel] ciphertext refused token=2133400181: ciphertext buffer full
[mlkem_channel] ciphertext refused token=3262328276: ciphertext buffer full
[mlkem_channel] ciphertext refused token=455994559: ciphertext buffer full
[mlkem_channel] ciphertext refused token=2651384325: ciphertext buffer full
[mlkem_channel] ciphertext refused token=1502799424: ciphertext buffer full
[mlkem_channel] ciphertext refused token=4105476342: ciphertext buffer full
[mlkem_channel] ciphertext refused token=4128972745: ciphertext buffer full
[mlkem_channel] ciphertext refused token=3104802962: ciphertext buffer full
[mlkem_channel] ciphertext refused token=3633669007: ciphertext buffer full
[mlkem_channel] ciphertext refused token=3143611758: ciphertext buffer full
[mlkem_channel] ciphertext refused token=2870391336: ciphertext buffer full
[mlkem_channel] ciphertext refused token=25342398: ciphertext buffer full
[mlkem_channel] ciphertext refused token=4019428730: ciphertext buffer full
[mlkem_channel] ciphertext refused token=2788072146: ciphertext buffer full
[mlkem_channel] ciphertext refused token=2300141202: ciphertext buffer full
[mlkem_channel] ciphertext refused token=376589272: ciphertext buffer full
[mlkem_channel] ciphertext refused token=453385904: ciphertext buffer full
[mlkem_channel] ciphertext refused token=727833933: ciphertext buffer full
[mlkem_channel] ciphertext refused token=2567752278: ciphertext buffer full
[mlkem_channel] ciphertext refused token=2317683295: ciphertext buffer full
[mlkem_channel] ciphertext refused token=552620067: ciphertext buffer full
[mlkem_channel] ciphertext refused token=154523864: ciphertext buffer full
[mlkem_channel] ciphertext refused token=674053435: ciphertext buffer full
[mlkem_channel] ciphertext refused token=3853372387: ciphertext buffer full
[mlkem_channel] ciphertext refused token=1833128421: ciphertext buffer full
[mlkem_channel] ciphertext refused token=1693309080: ciphertext buffer full
[mlkem_channel] ciphertext refused token=3532447049: ciphertext buffer full
[mlkem_channel] ciphertext refused token=1412802401: ciphertext buffer full
[mlkem_channel] ciphertext refused token=4284806298: ciphertext buffer full
[mlkem_channel] ciphertext refused token=2254305595: ciphertext buffer full
[mlkem_channel] ciphertext refused token=2861362783: ciphertext buffer full
[mlkem_channel] ciphertext refused token=2423803508: ciphertext buffer full
[mlkem_channel] ciphertext refused token=727986009: ciphertext buffer full
[mlkem_channel] ciphertext refused token=584036065: ciphertext buffer full
[mlkem_channel] ciphertext refused token=314825077: ciphertext buffer full
[mlkem_channel] ciphertext refused token=2603549896: ciphertext buffer full
[mlkem_channel] ciphertext refused token=1792999079: ciphertext buffer full
[mlkem_channel] ciphertext refused token=2935340605: ciphertext buffer full
[mlkem_channel] ciphertext refused token=2927904616: ciphertext buffer full
[mlkem_channel] ciphertext refused token=3338818477: ciphertext buffer full
[mlkem_channel] ciphertext refused token=361087935: ciphertext buffer full
[mlkem_channel] ciphertext refused token=1754362590: ciphertext buffer full
[mlkem_channel] ciphertext refused token=4234272409: ciphertext buffer full
[mlkem_channel] ciphertext refused token=3202004760: ciphertext buffer full
[mlkem_channel] ciphertext refused token=3685413659: ciphertext buffer full
[mlkem_channel] ciphertext refused token=649929165: ciphertext buffer full
[mlkem_channel] ciphertext refused token=3719181500: ciphertext buffer full
[mlkem_channel] ciphertext refused token=2709912452: ciphertext buffer full
[mlkem_channel] ciphertext refused token=2692363070: ciphertext buffer full
[mlkem_channel] ciphertext refused token=2051294051: ciphertext buffer full
[mlkem_channel] ciphertext refused token=1284691579: ciphertext buffer full
[mlkem_channel] ciphertext refused token=1259081945: ciphertext buffer full
[mlkem_channel] ciphertext refused token=2171623426: ciphertext buffer full
[mlkem_channel] ciphertext refused token=228962115: ciphertext buffer full
[mlkem_channel] ciphertext refused token=2600547593: ciphertext buffer full
[mlkem_channel] ciphertext refused token=2936646048: ciphertext buffer full
[mlkem_channel] ciphertext refused token=168748673: ciphertext buffer full
[mlkem_channel] ciphertext refused token=1460052861: ciphertext buffer full
[mlkem_channel] ciphertext refused token=564624423: ciphertext buffer full
[mlkem_channel] ciphertext refused token=3488454450: ciphertext buffer full
[mlkem_channel] ciphertext refused token=2024250477: ciphertext buffer full
[mlkem_channel] ciphertext refused token=462926488: ciphertext buffer full
[mlkem_channel] ciphertext refused token=1362209006: ciphertext buffer full
[mlkem_channel] ciphertext refused token=3700170916: ciphertext buffer full
[mlkem_channel] ciphertext refused token=3097749231: ciphertext buffer full
[mlkem_channel] ciphertext refused token=3498158963: ciphertext buffer full
[mlkem_channel] ciphertext refused token=893858698: ciphertext buffer full
[mlkem_channel] ciphertext refused token=4198392523: ciphertext buffer full
[mlkem_channel] ciphertext refused token=2610583901: ciphertext buffer full
[mlkem_channel] ciphertext refused token=637495696: ciphertext buffer full
[mlkem_channel] ciphertext refused token=1084023526: ciphertext buffer full
[mlkem_channel] ciphertext refused token=3949082331: ciphertext buffer full
[mlkem_channel] ciphertext refused token=3032808327: ciphertext buffer full
[mlkem_channel] ciphertext refused token=553429791: ciphertext buffer full
[mlkem_channel] ciphertext refused token=2527725272: ciphertext buffer full
[mlkem_channel] ciphertext refused token=3056993637: ciphertext buffer full
[mlkem_channel] ciphertext refused token=2861151981: ciphertext buffer full
[mlkem_channel] ciphertext refused token=2678709857: ciphertext buffer full
[mlkem_channel] ciphertext refused token=4236340557: ciphertext buffer full
[mlkem_channel] ciphertext refused token=3784929158: ciphertext buffer full
[mlkem_channel] ciphertext refused token=2795111349: ciphertext buffer full
[mlkem_channel] ciphertext refused token=2279781755: ciphertext buffer full
[mlkem_channel] ciphertext refused token=2321143305: ciphertext buffer full
[mlkem_channel] ciphertext refused token=2730840632: ciphertext buffer full
[mlkem_channel] ciphertext refused token=3278645254: ciphertext buffer full
[mlkem_channel] ciphertext refused token=3986691085: ciphertext buffer full
[mlkem_channel] ciphertext refused token=560979980: ciphertext buffer full
[mlkem_channel] ciphertext refused token=3955163892: ciphertext buffer full
[mlkem_channel] ciphertext refused token=2080185393: ciphertext buffer full
[mlkem_channel] ciphertext refused token=101266147: ciphertext buffer full
[mlkem_channel] ciphertext refused token=954407175: ciphertext buffer full
[mlkem_channel] ciphertext refused token=4275474353: ciphertext buffer full
[mlkem_channel] ciphertext refused token=323795791: ciphertext buffer full
[mlkem_channel] ciphertext refused token=3088051037: ciphertext buffer full
[mlkem_channel] ciphertext refused token=2796608270: ciphertext buffer full
[mlkem_channel] ciphertext refused token=1858354014: ciphertext buffer full
[mlkem_channel] ciphertext refused token=861008737: ciphertext buffer full
[mlkem_channel] ciphertext refused token=3815868403: ciphertext buffer full
[mlkem_channel] ciphertext refused token=3444452940: ciphertext buffer full
[mlkem_channel] ciphertext refused token=3740906657: ciphertext buffer full
[mlkem_channel] ciphertext refused token=2544297034: ciphertext buffer full
[mlkem_channel] ciphertext refused token=2905390687: ciphertext buffer full
[mlkem_channel] ciphertext refused token=1865284284: ciphertext buffer full
[mlkem_channel] ciphertext refused token=2574190989: ciphertext buffer full
[mlkem_channel] ciphertext refused token=1998530946: ciphertext buffer full
[mlkem_channel] ciphertext refused token=141413145: ciphertext buffer full
[mlkem_channel] ciphertext refused token=755078330: ciphertext buffer full
[mlkem_channel] ciphertext refused token=281988869: ciphertext buffer full
[mlkem_channel] ciphertext refused token=2537541920: ciphertext buffer full
[mlkem_channel] ciphertext refused token=3671959640: ciphertext buffer full
[mlkem_channel] ciphertext refused token=680508667: ciphertext buffer full
[mlkem_channel] ciphertext refused token=3099643840: ciphertext buffer full
[mlkem_channel] ciphertext refused token=1207723033: ciphertext buffer full
[mlkem_channel] ciphertext refused token=2757358058: ciphertext buffer full
[mlkem_channel] ciphertext refused token=795395632: ciphertext buffer full
[mlkem_channel] ciphertext refused token=3350108119: ciphertext buffer full
[mlkem_channel] ciphertext refused token=4201356088: ciphertext buffer full
[mlkem_channel] ciphertext refused token=348148524: ciphertext buffer full
[mlkem_channel] ciphertext refused token=970198673: ciphertext buffer full
[mlkem_channel] ciphertext refused token=174963744: ciphertext buffer full
[mlkem_channel] ciphertext refused token=344310225: ciphertext buffer full
[mlkem_channel] ciphertext refused token=390313004: ciphertext buffer full
[mlkem_channel] ciphertext refused token=228772714: ciphertext buffer full
[mlkem_channel] ciphertext refused token=1736604301: ciphertext buffer full
[mlkem_channel] ciphertext refused token=4059018032: ciphertext buffer full
[mlkem_channel] ciphertext refused token=3148794631: ciphertext buffer full
[mlkem_channel] ciphertext refused token=3164291218: ciphertext buffer full
[mlkem_channel] ciphertext refused token=2112412026: ciphertext buffer full
[mlkem_channel] ciphertext refused token=200588839: ciphertext buffer full
[mlkem_channel] ciphertext refused token=3044345631: ciphertext buffer full
[mlkem_channel] ciphertext refused token=3541320635: ciphertext buffer full
[mlkem_channel] ciphertext refused token=161043543: ciphertext buffer full
[mlkem_channel] ciphertext refused token=1094154915: ciphertext buffer full
[mlkem_channel] ciphertext refused token=1466067417: ciphertext buffer full
[mlkem_channel] ciphertext refused token=1003034582: ciphertext buffer full
[mlkem_channel] ciphertext refused token=4187436969: ciphertext buffer full
[mlkem_channel] ciphertext refused token=241287832: ciphertext buffer full
[mlkem_channel] ciphertext refused token=1076966524: ciphertext buffer full
[mlkem_channel] ciphertext refused token=1915171290: ciphertext buffer full
[mlkem_channel] ciphertext refused token=3257284587: ciphertext buffer full
[mlkem_channel] ciphertext refused token=522906655: ciphertext buffer full
[mlkem_channel] ciphertext refused token=3935461234: ciphertext buffer full
[mlkem_channel] ciphertext refused token=3671068247: ciphertext buffer full
[mlkem_channel] ciphertext refused token=3281144817: ciphertext buffer full
[mlkem_channel] ciphertext refused token=487387192: ciphertext buffer full
[mlkem_channel] ciphertext refused token=3623045269: ciphertext buffer full
[mlkem_channel] ciphertext refused token=394492629: ciphertext buffer full
[mlkem_channel] ciphertext refused token=3126594107: ciphertext buffer full
[mlkem_channel] ciphertext refused token=648120995: ciphertext buffer full
[mlkem_channel] ciphertext refused token=4015645502: ciphertext buffer full
[mlkem_channel] ciphertext refused token=4294710028: ciphertext buffer full
[mlkem_channel] ciphertext refused token=2487973093: ciphertext buffer full
[mlkem_channel] ciphertext refused token=2310036289: ciphertext buffer full
[mlkem_channel] ciphertext refused token=3000360482: ciphertext buffer full
[mlkem_channel] ciphertext refused token=3052982966: ciphertext buffer full
[mlkem_channel] ciphertext refused token=3634281218: ciphertext buffer full
[mlkem_channel] ciphertext refused token=699263653: ciphertext buffer full
[mlkem_channel] ciphertext refused token=1011130816: ciphertext buffer full
[mlkem_channel] ciphertext refused token=1303286025: ciphertext buffer full
[mlkem_channel] ciphertext refused token=1048381468: ciphertext buffer full
[mlkem_channel] ciphertext refused token=160853027: ciphertext buffer full
[mlkem_channel] ciphertext refused token=1515275131: ciphertext buffer full
[mlkem_channel] ciphertext refused token=4136597134: ciphertext buffer full
[mlkem_channel] ciphertext refused token=3689472549: ciphertext buffer full
[mlkem_channel] ciphertext refused token=1037532979: ciphertext buffer full
[mlkem_channel] ciphertext refused token=3541056102: ciphertext buffer full
[mlkem_channel] ciphertext refused token=3657830635: ciphertext buffer full
[mlkem_channel] ciphertext refused token=3920975977: ciphertext buffer full
[mlkem_channel] ciphertext refused token=1583799221: ciphertext buffer full
[mlkem_channel] ciphertext refused token=2442678830: ciphertext buffer full
[mlkem_channel] ciphertext refused token=3674683664: ciphertext buffer full
[mlkem_channel] ciphertext refused token=1239150013: ciphertext buffer full
[mlkem_channel] ciphertext refused token=3745210298: ciphertext buffer full
[mlkem_channel] ciphertext refused token=3259919264: ciphertext buffer full
[mlkem_channel] ciphertext refused token=3315313860: ciphertext buffer full
[mlkem_channel] ciphertext refused token=4032051168: ciphertext buffer full
[mlkem_channel] ciphertext refused token=240504644: ciphertext buffer full
[mlkem_channel] ciphertext refused token=3560582441: ciphertext buffer full
[mlkem_channel] ciphertext refused token=3956733575: ciphertext buffer full
[mlkem_channel] ciphertext refused token=2748031358: ciphertext buffer full
[mlkem_channel] ciphertext refused token=269364537: ciphertext buffer full
[mlkem_channel] ciphertext refused token=3401230183: ciphertext buffer full
[mlkem_channel] ciphertext refused token=3476357690: ciphertext buffer full
[mlkem_channel] ciphertext refused token=519259195: ciphertext buffer full
[mlkem_channel] ciphertext refused token=2250976124: ciphertext buffer full
[mlkem_channel] ciphertext refused token=2998193314: ciphertext buffer full
[mlkem_channel] ciphertext refused token=417357978: ciphertext buffer full
[mlkem_channel] ciphertext refused token=1248140201: ciphertext buffer full
[mlkem_channel] ciphertext refused token=1238134116: ciphertext buffer full
[mlkem_channel] ciphertext refused token=1072257326: ciphertext buffer full
[mlkem_channel] ciphertext refused token=2303148356: ciphertext buffer full
[mlkem_channel] ciphertext refused token=2659104251: ciphertext buffer full
[mlkem_channel] ciphertext refused token=3742252984: ciphertext buffer full
[mlkem_channel] ciphertext refused token=4208159725: ciphertext buffer full
[mlkem_channel] ciphertext refused token=2896893338: ciphertext buffer full
[mlkem_channel] ciphertext refused token=16855964: ciphertext buffer full
[mlkem_channel] ciphertext refused token=3371004164: ciphertext buffer full
[mlkem_channel] ciphertext refused token=2061669527: ciphertext buffer full
[mlkem_channel] ciphertext refused token=1426504686: ciphertext buffer full
[mlkem_channel] ciphertext refused token=359899069: ciphertext buffer full
[mlkem_channel] ciphertext refused token=4029094145: ciphertext buffer full
[mlkem_channel] ciphertext refused token=1632812719: ciphertext buffer full
[mlkem_channel] ciphertext refused token=74004360: ciphertext buffer full
[mlkem_channel] ciphertext refused token=1962146645: ciphertext buffer full
[mlkem_channel] ciphertext refused token=191238312: ciphertext buffer full
[mlkem_channel] ciphertext refused token=3241917424: ciphertext buffer full
[mlkem_channel] ciphertext refused token=1193343470: ciphertext buffer full
[mlkem_channel] ciphertext refused token=4129737845: ciphertext buffer full
[mlkem_channel] ciphertext refused token=887746934: ciphertext buffer full
[mlkem_channel] ciphertext refused token=553084397: ciphertext buffer full
[mlkem_channel] ciphertext refused token=2076076693: ciphertext buffer full
[mlkem_channel] ciphertext refused token=2717923376: ciphertext buffer full
[mlkem_channel] ciphertext refused token=4231224902: ciphertext buffer full
[mlkem_channel] ciphertext refused token=4060619229: ciphertext buffer full
[mlkem_channel] ciphertext refused token=1884255959: ciphertext buffer full
[mlkem_channel] ciphertext refused token=1895816540: ciphertext buffer full
[mlkem_channel] ciphertext refused token=4136688149: ciphertext buffer full
[mlkem_channel] ciphertext refused token=466449500: ciphertext buffer full
[mlkem_channel] ciphertext refused token=4045731978: ciphertext buffer full
[mlkem_channel] ciphertext refused token=1203130446: ciphertext buffer full
[mlkem_channel] ciphertext refused token=2910316371: ciphertext buffer full
[mlkem_channel] ciphertext refused token=2637573015: ciphertext buffer full
[mlkem_channel] ciphertext refused token=1545182508: ciphertext buffer full
[mlkem_channel] ciphertext refused token=3229783294: ciphertext buffer full
[mlkem_channel] ciphertext refused token=780898671: ciphertext buffer full
[mlkem_channel] ciphertext refused token=20611213: ciphertext buffer full
[mlkem_channel] ciphertext refused token=4273746767: ciphertext buffer full
[mlkem_channel] ciphertext refused token=1405037784: ciphertext buffer full
[mlkem_channel] ciphertext refused token=2512283955: ciphertext buffer full
[mlkem_channel] ciphertext refused token=915782512: ciphertext buffer full
[mlkem_channel] ciphertext refused token=432202613: ciphertext buffer full
[mlkem_channel] ciphertext refused token=3303796072: ciphertext buffer full
[mlkem_channel] ciphertext refused token=1746907453: ciphertext buffer full
[mlkem_channel] ciphertext refused token=1795133926: ciphertext buffer full
[mlkem_channel] ciphertext refused token=4182399966: ciphertext buffer full
[mlkem_channel] ciphertext refused token=3326637554: ciphertext buffer full
[mlkem_channel] ciphertext refused token=1238565825: ciphertext buffer full
[mlkem_channel] ciphertext refused token=1609796781: ciphertext buffer full
[mlkem_channel] ciphertext refused token=2687287228: ciphertext buffer full
[mlkem_channel] ciphertext refused token=3026869114: ciphertext buffer full
[mlkem_channel] ciphertext refused token=1649984726: ciphertext buffer full
[mlkem_channel] ciphertext refused token=1389315042: ciphertext buffer full
[mlkem_channel] ciphertext refused token=3803263699: ciphertext buffer full
[mlkem_channel] ciphertext refused token=513943248: ciphertext buffer full
[mlkem_channel] ciphertext refused token=2514750385: ciphertext buffer full
[mlkem_channel] ciphertext refused token=4256186540: ciphertext buffer full
[mlkem_channel] ciphertext refused token=3835042007: ciphertext buffer full
[mlkem_channel] ciphertext refused token=2781772707: ciphertext buffer full
[mlkem_channel] ciphertext refused token=4044291529: ciphertext buffer full
[mlkem_channel] ciphertext refused token=1037043448: ciphertext buffer full
[mlkem_channel] ciphertext refused token=2989583997: ciphertext buffer full
[mlkem_channel] ciphertext refused token=3027230305: ciphertext buffer full
[mlkem_channel] ciphertext refused token=4156231820: ciphertext buffer full
[mlkem_channel] ciphertext refused token=2388977693: ciphertext buffer full
[mlkem_channel] ciphertext refused token=2486947931: ciphertext buffer full
[mlkem_channel] ciphertext refused token=1207817337: ciphertext buffer full
[mlkem_channel] ciphertext refused token=2470831187: ciphertext buffer full
[mlkem_channel] ciphertext refused token=2532687854: ciphertext buffer full
[mlkem_channel] ciphertext refused token=2836452065: ciphertext buffer full
[mlkem_channel] ciphertext refused token=2335411729: ciphertext buffer full
[mlkem_channel] ciphertext refused token=2593512895: ciphertext buffer full
[mlkem_channel] ciphertext refused token=1895283794: ciphertext buffer full
[mlkem_channel] ciphertext refused token=1080592576: ciphertext buffer full
[mlkem_channel] ciphertext refused token=481396541: ciphertext buffer full
[mlkem_channel] ciphertext refused token=2667553457: ciphertext buffer full
[mlkem_channel] ciphertext refused token=1954022788: ciphertext buffer full
[mlkem_channel] ciphertext refused token=2187732076: ciphertext buffer full
[mlkem_channel] ciphertext refused token=4113863116: ciphertext buffer full
[mlkem_channel] ciphertext refused token=774933515: ciphertext buffer full
[mlkem_channel] ciphertext refused token=1552001311: ciphertext buffer full
[mlkem_channel] ciphertext refused token=3375153760: ciphertext buffer full
[mlkem_channel] ciphertext refused token=272188646: ciphertext buffer full
[mlkem_channel] ciphertext refused token=988548750: ciphertext buffer full
[mlkem_channel] ciphertext refused token=3067989219: ciphertext buffer full
[mlkem_channel] ciphertext refused token=619216016: ciphertext buffer full
[mlkem_channel] ciphertext refused token=2091966826: ciphertext buffer full
[mlkem_channel] ciphertext refused token=1893179671: ciphertext buffer full
[mlkem_channel] ciphertext refused token=685667794: ciphertext buffer full
[mlkem_channel] ciphertext refused token=3415957204: ciphertext buffer full
[mlkem_channel] ciphertext refused token=3186193716: ciphertext buffer full
[mlkem_channel] ciphertext refused token=3742129972: ciphertext buffer full
[mlkem_channel] ciphertext refused token=1104431917: ciphertext buffer full
[mlkem_channel] ciphertext refused token=948736085: ciphertext buffer full
[mlkem_channel] ciphertext refused token=4115386965: ciphertext buffer full
[mlkem_channel] ciphertext refused token=1701574857: ciphertext buffer full
[mlkem_channel] ciphertext refused token=258566696: ciphertext buffer full
[mlkem_channel] ciphertext refused token=2088979083: ciphertext buffer full
[mlkem_channel] ciphertext refused token=753085496: ciphertext buffer full
[mlkem_channel] ciphertext refused token=99398204: ciphertext buffer full
[mlkem_channel] ciphertext refused token=925448562: ciphertext buffer full
[mlkem_channel] ciphertext refused token=3328201165: ciphertext buffer full
[mlkem_channel] ciphertext refused token=1092420256: ciphertext buffer full
[mlkem_channel] ciphertext buffered token=2724076076 nonce_prefix=451b2be5
[mlkem_channel] ciphertext buffered token=1499618954 nonce_prefix=7f6d6ddf
[mlkem_channel] ciphertext buffered token=1634467197 nonce_prefix=ebe00385
[mlkem_channel] ciphertext buffered token=1872545840 nonce_prefix=53de8e2c
[mlkem_channel] ciphertext buffered token=568065613 nonce_prefix=ae36ece1
[mlkem_channel] ciphertext buffered token=873949598 nonce_prefix=30df560b
[mlkem_channel] ciphertext buffered token=660629671 nonce_prefix=53486a60
[mlkem_channel] ciphertext buffered token=155919213 nonce_prefix=796417f3
[mlkem_channel] ciphertext buffered token=839027417 nonce_prefix=fc6c292a
[mlkem_channel] ciphertext buffered token=3070492668 nonce_prefix=5c274c75
[mlkem_channel] ciphertext buffered token=3102599053 nonce_prefix=68276f80
[mlkem_channel] ciphertext buffered token=1488465593 nonce_prefix=839de5f0
[mlkem_channel] ciphertext buffered token=1373170518 nonce_prefix=aafa9dba
[mlkem_channel] ciphertext buffered token=384102296 nonce_prefix=211310d5
[mlkem_channel] ciphertext buffered token=3904424491 nonce_prefix=8e3678fe
[mlkem_channel] ciphertext buffered token=1700433875 nonce_prefix=a7e145f4
[mlkem_channel] ciphertext buffered token=1789429965 nonce_prefix=bcb6e652
[mlkem_channel] ciphertext buffered token=2011574455 nonce_prefix=328f57d5
[mlkem_channel] ciphertext buffered token=3505328721 nonce_prefix=f5e6f16a
[mlkem_channel] ciphertext buffered token=1342920780 nonce_prefix=b890dc0e
[mlkem_channel] ciphertext buffered token=282398257 nonce_prefix=ea88d0db
[mlkem_channel] ciphertext buffered token=2998483871 nonce_prefix=3990e06f
[mlkem_channel] ciphertext buffered token=3594350410 nonce_prefix=b0dd0a61
[mlkem_channel] ciphertext buffered token=1134850823 nonce_prefix=1c1527d7
[mlkem_channel] ciphertext buffered token=2802290166 nonce_prefix=cbb6763d
[mlkem_channel] ciphertext buffered token=176705661 nonce_prefix=8b5e3bc6
[mlkem_channel] ciphertext buffered token=125109473 nonce_prefix=e548f66d
[mlkem_channel] ciphertext buffered token=3954720305 nonce_prefix=849db7b4
[mlkem_channel] ciphertext refused token=1096762890: ciphertext buffer full
[mlkem_channel] ciphertext buffered token=1403874733 nonce_prefix=4f5295f9
[mlkem_channel] ciphertext buffered token=1194368847 nonce_prefix=c1f10faa
[mlkem_channel] ciphertext buffered token=267477719 nonce_prefix=453f995a
[mlkem_channel] ciphertext buffered token=3510339277 nonce_prefix=25d70ea7
[mlkem_channel] ciphertext buffered token=623873225 nonce_prefix=3cd2e720
[mlkem_channel] ciphertext buffered token=44025479 nonce_prefix=691cad2d
[mlkem_channel] ciphertext buffered token=3277379429 nonce_prefix=20ac8367
[mlkem_channel] ciphertext buffered token=1914008801 nonce_prefix=05f8d282
[mlkem_channel] ciphertext buffered token=2517295137 nonce_prefix=58467c69
[mlkem_channel] ciphertext buffered token=2267136571 nonce_prefix=c3a59b2c
[mlkem_channel] ciphertext buffered token=2593178779 nonce_prefix=96f2b68f
[mlkem_channel] ciphertext buffered token=3907514894 nonce_prefix=622f09ec
[mlkem_channel] ciphertext buffered token=1600166958 nonce_prefix=d9d28c0a
[mlkem_channel] ciphertext refused token=2506251841: ciphertext buffer full
[mlkem_channel] ciphertext buffered token=2933652314 nonce_prefix=62732716
[mlkem_channel] ciphertext buffered token=3488875249 nonce_prefix=77bce4bd
[mlkem_channel] ciphertext buffered token=1102657547 nonce_prefix=6c66e5ad
[mlkem_channel] ciphertext buffered token=2379527635 nonce_prefix=336f4e13
[mlkem_channel] ciphertext buffered token=350452587 nonce_prefix=bf09eff3
[mlkem_channel] ciphertext buffered token=3650018885 nonce_prefix=cd5351eb
[mlkem_channel] ciphertext buffered token=2486236740 nonce_prefix=489cb138
[mlkem_channel] ciphertext buffered token=2740883727 nonce_prefix=04e0fa45
[mlkem_channel] ciphertext buffered token=1384478538 nonce_prefix=7f0439d0
[mlkem_channel] ciphertext buffered token=210762645 nonce_prefix=191bf9e3
[mlkem_channel] ciphertext refused token=1163589734: ciphertext buffer full
[mlkem_channel] ciphertext buffered token=1934063271 nonce_prefix=48883d13
[mlkem_channel] ciphertext buffered token=2855049845 nonce_prefix=cf326adb
[mlkem_channel] ciphertext buffered token=397520601 nonce_prefix=7d0dffaf
[mlkem_channel] ciphertext buffered token=2470337178 nonce_prefix=b54eb053
[mlkem_channel] ciphertext buffered token=2874270342 nonce_prefix=234fcb87
[mlkem_channel] ciphertext buffered token=2250501683 nonce_prefix=29086c40
[mlkem_channel] ciphertext buffered token=2686035217 nonce_prefix=65465302
[mlkem_channel] ciphertext buffered token=2637231247 nonce_prefix=49b5cc25
[mlkem_channel] ciphertext buffered token=1099256855 nonce_prefix=6cecf53f
[mlkem_channel] ciphertext buffered token=2702585550 nonce_prefix=dc92ef1f
[mlkem_channel] ciphertext buffered token=778806807 nonce_prefix=3224af14
[mlkem_channel] ciphertext buffered token=3966159198 nonce_prefix=d0ea11de
[mlkem_channel] ciphertext buffered token=960802103 nonce_prefix=f5b997af
[mlkem_channel] ciphertext buffered token=19616206 nonce_prefix=fcb7cd65
[mlkem_channel] ciphertext buffered token=1782704967 nonce_prefix=55483a51
[mlkem_channel] ciphertext buffered token=963373455 nonce_prefix=6c71055f
[mlkem_channel] ciphertext buffered token=3946605224 nonce_prefix=574a9e75
[mlkem_channel] ciphertext buffered token=2934412711 nonce_prefix=77bad356
[mlkem_channel] ciphertext buffered token=2552025890 nonce_prefix=dd59231b
[mlkem_channel] ciphertext buffered token=2997646425 nonce_prefix=ab6f04bb
[mlkem_channel] ciphertext buffered token=3828327026 nonce_prefix=a6c5de31
[mlkem_channel] ciphertext buffered token=138828356 nonce_prefix=ce51ad24
[mlkem_channel] ciphertext buffered token=600556872 nonce_prefix=9e7723df
[mlkem_channel] ciphertext buffered token=3565134055 nonce_prefix=4f4b69b0
[mlkem_channel] ciphertext buffered token=620925167 nonce_prefix=56559fff
[mlkem_channel] ciphertext buffered token=4049544062 nonce_prefix=f8050cf8
[mlkem_channel] ciphertext buffered token=2100629262 nonce_prefix=b74456cd
[mlkem_channel] ciphertext buffered token=1234306114 nonce_prefix=97f4ff3f
[mlkem_channel] ciphertext buffered token=1485278243 nonce_prefix=63464ee5
[mlkem_channel] ciphertext refused token=409873328: ciphertext buffer full
[mlkem_channel] ciphertext buffered token=439594918 nonce_prefix=fedbe8b3
[mlkem_channel] ciphertext buffered token=2977030086 nonce_prefix=46924f3a
[mlkem_channel] ciphertext buffered token=1025397040 nonce_prefix=eacdbed8
[mlkem_channel] ciphertext buffered token=403734049 nonce_prefix=f781af47
[mlkem_channel] ciphertext buffered token=2712808309 nonce_prefix=b3997957
[mlkem_channel] ciphertext buffered token=2046754890 nonce_prefix=f6fe2905
[mlkem_channel] ciphertext buffered token=1112169102 nonce_prefix=0da4ff46
[mlkem_channel] ciphertext buffered token=234882509 nonce_prefix=fd50063f
[mlkem_channel] ciphertext buffered token=2712883494 nonce_prefix=b7c45462
[mlkem_channel] ciphertext buffered token=3554626450 nonce_prefix=d1a9f607
[mlkem_channel] ciphertext buffered token=967538367 nonce_prefix=7afff24a
[mlkem_channel] ciphertext buffered token=4127237641 nonce_prefix=4b76cb1d
[mlkem_channel] ciphertext refused token=1552799130: ciphertext buffer full
[mlkem_channel] ciphertext buffered token=457814911 nonce_prefix=7829b472
[mlkem_channel] ciphertext buffered token=3363389567 nonce_prefix=6b541d3e
[mlkem_channel] ciphertext refused token=687864093: ciphertext buffer full
[mlkem_channel] ciphertext buffered token=1717552854 nonce_prefix=ccac9f1a
[mlkem_channel] ciphertext buffered token=1436763970 nonce_prefix=9f6b607c
[mlkem_channel] ciphertext buffered token=400207256 nonce_prefix=42e97ef0
[mlkem_channel] ciphertext buffered token=2793597897 nonce_prefix=867b1cd5
[mlkem_channel] ciphertext buffered token=2051609984 nonce_prefix=7340aa7e
[mlkem_channel] ciphertext buffered token=2412584809 nonce_prefix=5a9a067b
[mlkem_channel] ciphertext buffered token=1369234058 nonce_prefix=1f0bf8ce
[mlkem_channel] ciphertext buffered token=2284983665 nonce_prefix=4709e211
[mlkem_channel] ciphertext buffered token=3091095365 nonce_prefix=3b255a37
[mlkem_channel] ciphertext buffered token=1365153516 nonce_prefix=60a36b4c
[mlkem_channel] ciphertext buffered token=135760316 nonce_prefix=a8c55dcf
[mlkem_channel] ciphertext buffered token=2501509726 nonce_prefix=087ae586
[mlkem_channel] ciphertext buffered token=1879807536 nonce_prefix=4c175b66
[mlkem_channel] ciphertext buffered token=3785285753 nonce_prefix=03b26f43
[mlkem_channel] ciphertext buffered token=4287474250 nonce_prefix=c63c4e39
[mlkem_channel] ciphertext buffered token=1706317409 nonce_prefix=728b008a
[mlkem_channel] ciphertext buffered token=3857902540 nonce_prefix=67c822df
[mlkem_channel] ciphertext buffered token=3712550084 nonce_prefix=bb52df72
[mlkem_channel] ciphertext buffered token=3731542880 nonce_prefix=5f2bd0cb
[mlkem_channel] ciphertext buffered token=2690570231 nonce_prefix=8796f5a9
[mlkem_channel] ciphertext buffered token=1523974323 nonce_prefix=a549fe94
[mlkem_channel] ciphertext buffered token=2610991616 nonce_prefix=fcf27349
[mlkem_channel] ciphertext buffered token=4192707320 nonce_prefix=abb63a72
[mlkem_channel] ciphertext buffered token=3059835253 nonce_prefix=9463b6cb
[mlkem_channel] ciphertext buffered token=939290660 nonce_prefix=32e66ffb
[mlkem_channel] ciphertext buffered token=1869193051 nonce_prefix=a7216b7c
[mlkem_channel] ciphertext buffered token=3978259860 nonce_prefix=99b67eff
[mlkem_channel] ciphertext buffered token=354499129 nonce_prefix=7db12973
[mlkem_channel] ciphertext buffered token=2594872680 nonce_prefix=95c619dd
[mlkem_channel] ciphertext buffered token=2340860982 nonce_prefix=bbf4b5e6
[mlkem_channel] ciphertext buffered token=2009556898 nonce_prefix=5c5857ee
[mlkem_channel] ciphertext buffered token=2656120804 nonce_prefix=304febd4
[mlkem_channel] ciphertext buffered token=1755811678 nonce_prefix=d91cf406
[mlkem_channel] ciphertext buffered token=2248387711 nonce_prefix=17b1445d
[mlkem_channel] ciphertext buffered token=1467658260 nonce_prefix=a1121c7d
[mlkem_channel] ciphertext buffered token=4165523064 nonce_prefix=539d7cc2
[mlkem_channel] ciphertext buffered token=2274867212 nonce_prefix=0a78b938
[mlkem_channel] ciphertext buffered token=967682106 nonce_prefix=6c4ea88c
[mlkem_channel] ciphertext buffered token=846292441 nonce_prefix=f81e7ac5
[mlkem_channel] ciphertext buffered token=872773257 nonce_prefix=ad4c175a
[mlkem_channel] ciphertext buffered token=3280507052 nonce_prefix=22a661b2
[mlkem_channel] ciphertext buffered token=927698657 nonce_prefix=ecdbf618
[mlkem_channel] ciphertext buffered token=1375988710 nonce_prefix=3ac58c8f
[mlkem_channel] ciphertext buffered token=4244410247 nonce_prefix=3302b35d
[mlkem_channel] ciphertext buffered token=3995323798 nonce_prefix=aacb5b39
[mlkem_channel] ciphertext buffered token=896062260 nonce_prefix=a8e861ac
[mlkem_channel] ciphertext buffered token=1129123138 nonce_prefix=ca638ce6
[mlkem_channel] ciphertext buffered token=3702636191 nonce_prefix=d694a862
[mlkem_channel] ciphertext buffered token=1370245491 nonce_prefix=8e310120
[mlkem_channel] ciphertext buffered token=247611443 nonce_prefix=c4fc1842
[mlkem_channel] ciphertext buffered token=2545261829 nonce_prefix=abf2e3e5
[mlkem_channel] ciphertext buffered token=1298973620 nonce_prefix=ae1a1fea
[mlkem_channel] ciphertext buffered token=35809940 nonce_prefix=486fd9d7
[mlkem_channel] ciphertext buffered token=344598321 nonce_prefix=4af127b8
[mlkem_channel] ciphertext buffered token=4098703403 nonce_prefix=e5a4afdc
[mlkem_channel] ciphertext buffered token=4258208205 nonce_prefix=a9b7de0e
[mlkem_channel] ciphertext buffered token=3369862188 nonce_prefix=a09fe1d6
[mlkem_channel] ciphertext buffered token=4100767839 nonce_prefix=b34f509e
[mlkem_channel] ciphertext buffered token=1754700723 nonce_prefix=968f1d2e
[mlkem_channel] ciphertext buffered token=1661926463 nonce_prefix=4de11a00
[mlkem_channel] ciphertext buffered token=334202151 nonce_prefix=8f2fbabb
[mlkem_channel] ciphertext buffered token=2091217557 nonce_prefix=294e862c
[mlkem_channel] ciphertext buffered token=3280274571 nonce_prefix=cba825d4
[mlkem_channel] ciphertext buffered token=340289512 nonce_prefix=4006ffd6
[mlkem_channel] ciphertext buffered token=2947658244 nonce_prefix=c77c543a
[mlkem_channel] ciphertext buffered token=1454776601 nonce_prefix=05fbfe4a
[mlkem_channel] ciphertext buffered token=2488462254 nonce_prefix=b0eec09c
[mlkem_channel] ciphertext buffered token=2997029675 nonce_prefix=829a7a43
[mlkem_channel] ciphertext buffered token=2023959888 nonce_prefix=8f5c1b3f
[mlkem_channel] ciphertext buffered token=1153437897 nonce_prefix=a01b68f6
[mlkem_channel] ciphertext buffered token=1972899115 nonce_prefix=514c6532
[mlkem_channel] ciphertext buffered token=1681749068 nonce_prefix=6852fec3
[mlkem_channel] ciphertext buffered token=577148183 nonce_prefix=3c9cb7f3
[mlkem_channel] ciphertext buffered token=2550465411 nonce_prefix=0d751c9f
[mlkem_channel] ciphertext buffered token=3675227874 nonce_prefix=ed0baa53
[mlkem_channel] ciphertext buffered token=1360966587 nonce_prefix=4437a474
[mlkem_channel] ciphertext buffered token=4196834328 nonce_prefix=66349001
[mlkem_channel] ciphertext buffered token=2310508191 nonce_prefix=6f24b631
[mlkem_channel] ciphertext buffered token=2859587230 nonce_prefix=fd8aa999
[mlkem_channel] ciphertext buffered token=104555231 nonce_prefix=539b5d6a
[mlkem_channel] ciphertext buffered token=2542754713 nonce_prefix=6b99565e
[mlkem_channel] ciphertext buffered token=2293535278 nonce_prefix=170cb60a
[mlkem_channel] ciphertext buffered token=849734684 nonce_prefix=7daba6e3
[mlkem_channel] ciphertext buffered token=3290938559 nonce_prefix=28c5af8d
[mlkem_channel] ciphertext buffered token=4273696646 nonce_prefix=737368d7
[mlkem_channel] ciphertext buffered token=514163089 nonce_prefix=5317e73d
[mlkem_channel] ciphertext buffered token=3739531086 nonce_prefix=171e8171
[mlkem_channel] ciphertext buffered token=1742549506 nonce_prefix=94c4e244
[mlkem_channel] ciphertext buffered token=1293685242 nonce_prefix=2b82c86b
[mlkem_channel] ciphertext buffered token=2643301644 nonce_prefix=8ac5329a
[mlkem_channel] ciphertext buffered token=2086727509 nonce_prefix=e58758dd
[mlkem_channel] ciphertext buffered token=933889686 nonce_prefix=53b07644
[mlkem_channel] ciphertext buffered token=2281902031 nonce_prefix=cc4f43fd
[mlkem_channel] ciphertext buffered token=2821613678 nonce_prefix=0a091d4c
[mlkem_channel] ciphertext buffered token=2644402794 nonce_prefix=06d894a4
[mlkem_channel] ciphertext buffered token=4129066279 nonce_prefix=8abea7bc
[mlkem_channel] ciphertext buffered token=2900574885 nonce_prefix=5625cccd
[mlkem_channel] ciphertext buffered token=358309979 nonce_prefix=3e46168b
[mlkem_channel] ciphertext buffered token=3215789755 nonce_prefix=53d500bd
[mlkem_channel] ciphertext buffered token=3081398165 nonce_prefix=6c3601d8
[mlkem_channel] ciphertext buffered token=291331436 nonce_prefix=49b8442e
[mlkem_channel] ciphertext buffered token=3852789340 nonce_prefix=4bdc7305
[mlkem_channel] ciphertext buffered token=1785362895 nonce_prefix=ee6f7217
[mlkem_channel] ciphertext buffered token=1550661860 nonce_prefix=4aac0414
[mlkem_channel] ciphertext buffered token=2573192951 nonce_prefix=89cdc9c5
[mlkem_channel] ciphertext buffered token=3668179113 nonce_prefix=6c8929d9
[mlkem_channel] ciphertext buffered token=3066334319 nonce_prefix=a46fec01
[mlkem_channel] ciphertext buffered token=4228236852 nonce_prefix=91f23c9c
[mlkem_channel] ciphertext buffered token=611833865 nonce_prefix=d0a8575e
[mlkem_channel] ciphertext buffered token=1171484396 nonce_prefix=a35d9a9b
[mlkem_channel] ciphertext buffered token=374908286 nonce_prefix=61cdebe5
[mlkem_channel] ciphertext buffered token=1018163711 nonce_prefix=98a9b35e
[mlkem_channel] ciphertext buffered token=2393402297 nonce_prefix=0494970c
[mlkem_channel] ciphertext buffered token=954164435 nonce_prefix=e776d3da
[mlkem_channel] ciphertext buffered token=3722647728 nonce_prefix=5b060304
[mlkem_channel] ciphertext buffered token=3971979341 nonce_prefix=40757d25
[mlkem_channel] ciphertext buffered token=1004300040 nonce_prefix=41a09633
[mlkem_channel] ciphertext buffered token=2583437524 nonce_prefix=85ab5a71
[mlkem_channel] ciphertext buffered token=4255273447 nonce_prefix=5cb263f9
[mlkem_channel] ciphertext buffered token=1011607203 nonce_prefix=55f24fa5
[mlkem_channel] ciphertext buffered token=2127749996 nonce_prefix=866b177d
[mlkem_channel] ciphertext buffered token=1541227361 nonce_prefix=ba76273d
[mlkem_channel] ciphertext buffered token=3616765643 nonce_prefix=2a7d2ff4
[mlkem_channel] ciphertext buffered token=343937255 nonce_prefix=252b655d
[mlkem_channel] ciphertext buffered token=3004435239 nonce_prefix=e97f240f
[mlkem_channel] ciphertext buffered token=122084258 nonce_prefix=e36eb033
[mlkem_channel] ciphertext buffered token=3205320764 nonce_prefix=991aa16c
[mlkem_channel] ciphertext buffered token=2352727559 nonce_prefix=9abc796c
[mlkem_channel] ciphertext buffered token=719799860 nonce_prefix=26956c6a
[mlkem_channel] ciphertext buffered token=1108324486 nonce_prefix=7addc43e
[mlkem_channel] ciphertext buffered token=1900279168 nonce_prefix=4f339a8a
[mlkem_channel] ciphertext buffered token=3225319967 nonce_prefix=5415a1ad
[mlkem_channel] ciphertext buffered token=2185987988 nonce_prefix=1a2569a8
[mlkem_channel] ciphertext buffered token=2005678571 nonce_prefix=08a7358f
[mlkem_channel] ciphertext buffered token=3442811589 nonce_prefix=7b5b9a5b
[mlkem_channel] ciphertext buffered token=2344821452 nonce_prefix=17d61872
[mlkem_channel] ciphertext buffered token=4072528488 nonce_prefix=48f3dc87
[mlkem_channel] ciphertext buffered token=4089384260 nonce_prefix=f87cf87b
[mlkem_channel] ciphertext buffered token=1295574230 nonce_prefix=00721949
[mlkem_channel] ciphertext buffered token=876380943 nonce_prefix=2a8ad0ae
[mlkem_channel] ciphertext buffered token=3127395338 nonce_prefix=3851e7d3
[mlkem_channel] ciphertext buffered token=4221874091 nonce_prefix=51b9721d
[mlkem_channel] ciphertext buffered token=2368233388 nonce_prefix=3b82ef58
[mlkem_channel] ciphertext buffered token=619117850 nonce_prefix=9864a60b
[mlkem_channel] ciphertext buffered token=2330432645 nonce_prefix=b611d80e
[mlkem_channel] ciphertext buffered token=116660000 nonce_prefix=3b46d594
[mlkem_channel] ciphertext buffered token=445133862 nonce_prefix=b2ecdd73
[mlkem_channel] ciphertext buffered token=734587943 nonce_prefix=96e37afc
[mlkem_channel] ciphertext buffered token=1242985802 nonce_prefix=1f29a5eb
[mlkem_channel] ciphertext buffered token=4222907417 nonce_prefix=21c776df
[mlkem_channel] ciphertext buffered token=3834316542 nonce_prefix=c54f82f4
[mlkem_channel] ciphertext buffered token=1672682805 nonce_prefix=0e79dba7
[mlkem_channel] ciphertext buffered token=584244730 nonce_prefix=17dbec92
[mlkem_channel] ciphertext buffered token=1982586521 nonce_prefix=ca6484cc
[mlkem_channel] ciphertext buffered token=2482538516 nonce_prefix=ba64e709
[mlkem_channel] ciphertext buffered token=2860147594 nonce_prefix=b80e221b
[mlkem_channel] ciphertext buffered token=3385033581 nonce_prefix=63b1f2d8
[mlkem_channel] ciphertext buffered token=1841340614 nonce_prefix=73934d9a
[mlkem_channel] ciphertext buffered token=1539142007 nonce_prefix=15dfccd9
[mlkem_channel] ciphertext buffered token=737030268 nonce_prefix=f6ce0287
[mlkem_channel] ciphertext buffered token=3818865474 nonce_prefix=64d4b293
[mlkem_channel] ciphertext buffered token=3588600416 nonce_prefix=2908f7cb
[mlkem_channel] ciphertext refused token=1511223184: ciphertext buffer full
[mlkem_channel] ciphertext refused token=3114407628: ciphertext buffer full
[mlkem_channel] ciphertext refused token=3574576647: ciphertext buffer full
[mlkem_channel] ciphertext refused token=2853264810: ciphertext buffer full
[mlkem_channel] ciphertext refused token=3305789679: ciphertext buffer full
[mlkem_channel] ciphertext refused token=650522037: ciphertext buffer full
[mlkem_channel] ciphertext refused token=3965107072: ciphertext buffer full
[mlkem_channel] ciphertext refused token=1081627608: ciphertext buffer full
[mlkem_channel] ciphertext refused token=2137618062: ciphertext buffer full
[mlkem_channel] ciphertext refused token=3203218124: ciphertext buffer full
[mlkem_channel] ciphertext refused token=583950627: ciphertext buffer full
[mlkem_channel] ciphertext refused token=4056906963: ciphertext buffer full
[mlkem_channel] ciphertext refused token=2792433472: ciphertext buffer full
[mlkem_channel] ciphertext refused token=532557739: ciphertext buffer full
[mlkem_channel] ciphertext refused token=1209664985: ciphertext buffer full
[mlkem_channel] ciphertext refused token=3362418076: ciphertext buffer full
[mlkem_channel] ciphertext refused token=806451744: ciphertext buffer full
[mlkem_channel] ciphertext refused token=1049823755: ciphertext buffer full
[mlkem_channel] ciphertext refused token=319382293: ciphertext buffer full
[mlkem_channel] ciphertext refused token=60998480: ciphertext buffer full
[mlkem_channel] ciphertext refused token=1419351564: ciphertext buffer full
[mlkem_channel] ciphertext refused token=691387849: ciphertext buffer full
[mlkem_channel] ciphertext refused token=2591778961: ciphertext buffer full
[mlkem_channel] ciphertext refused token=3565546630: ciphertext buffer full
[mlkem_channel] ciphertext refused token=161429951: ciphertext buffer full
[mlkem_channel] ciphertext refused token=2249268665: ciphertext buffer full
[mlkem_channel] ciphertext refused token=2830083791: ciphertext buffer full
[mlkem_channel] ciphertext refused token=2310056861: ciphertext buffer full
[mlkem_channel] ciphertext refused token=1637561572: ciphertext buffer full
[mlkem_channel] ciphertext refused token=2912586841: ciphertext buffer full
[mlkem_channel] ciphertext refused token=2345831430: ciphertext buffer full
[mlkem_channel] ciphertext refused token=3966096081: ciphertext buffer full
[mlkem_channel] ciphertext refused token=3603819453: ciphertext buffer full
[mlkem_channel] ciphertext refused token=4282475139: ciphertext buffer full
[mlkem_channel] ciphertext refused token=3949456328: ciphertext buffer full
[mlkem_channel] ciphertext refused token=158167622: ciphertext buffer full
[mlkem_channel] ciphertext refused token=546984914: ciphertext buffer full
[mlkem_channel] ciphertext refused token=865900111: ciphertext buffer full
[mlkem_channel] ciphertext refused token=830811365: ciphertext buffer full
[mlkem_channel] ciphertext refused token=1185159766: ciphertext buffer full
[mlkem_channel] ciphertext refused token=3853790296: ciphertext buffer full
[mlkem_channel] ciphertext refused token=3396412213: ciphertext buffer full
[mlkem_channel] ciphertext refused token=395646893: ciphertext buffer full
[mlkem_channel] ciphertext refused token=3575531007: ciphertext buffer full
[mlkem_channel] ciphertext refused token=2245896316: ciphertext buffer full
[mlkem_channel] ciphertext refused token=843295808: ciphertext buffer full
[mlkem_channel] ciphertext refused token=836731413: ciphertext buffer full
[mlkem_channel] ciphertext refused token=2045216897: ciphertext buffer full
[mlkem_channel] ciphertext refused token=566649093: ciphertext buffer full
[mlkem_channel] ciphertext refused token=2490352404: ciphertext buffer full
[mlkem_channel] ciphertext refused token=2703321374: ciphertext buffer full
[mlkem_channel] ciphertext refused token=2746012699: ciphertext buffer full
[mlkem_channel] ciphertext refused token=2640483271: ciphertext buffer full
[mlkem_channel] ciphertext refused token=2497466079: ciphertext buffer full
[mlkem_channel] ciphertext refused token=198364367: ciphertext buffer full
[mlkem_channel] ciphertext refused token=3869619003: ciphertext buffer full
[mlkem_channel] ciphertext refused token=2384851105: ciphertext buffer full
[mlkem_channel] ciphertext refused token=3610430476: ciphertext buffer full
[mlkem_channel] ciphertext refused token=3223263849: ciphertext buffer full
[mlkem_channel] ciphertext refused token=2049214692: ciphertext buffer full
[mlkem_channel] ciphertext refused token=2709517646: ciphertext buffer full
[mlkem_channel] ciphertext refused token=611456795: ciphertext buffer full
[mlkem_channel] ciphertext refused token=3603954249: ciphertext buffer full
[mlkem_channel] ciphertext refused token=2825330192: ciphertext buffer full
[mlkem_channel] ciphertext refused token=2300222644: ciphertext buffer full
[mlkem_channel] ciphertext refused token=1066200444: ciphertext buffer full
[mlkem_channel] ciphertext refused token=155376169: ciphertext buffer full
[mlkem_channel] ciphertext refused token=3661731576: ciphertext buffer full
[mlkem_channel] ciphertext refused token=3445265570: ciphertext buffer full
[mlkem_channel] ciphertext refused token=155289350: ciphertext buffer full
[mlkem_channel] ciphertext refused token=657338528: ciphertext buffer full
[mlkem_channel] ciphertext refused token=2581930618: ciphertext buffer full
[mlkem_channel] ciphertext refused token=1441466421: ciphertext buffer full
[mlkem_channel] ciphertext refused token=1906286045: ciphertext buffer full
[mlkem_channel] ciphertext refused token=3051201703: ciphertext buffer full
[mlkem_channel] ciphertext refused token=3008168844: ciphertext buffer full
[mlkem_channel] ciphertext refused token=2205833172: ciphertext buffer full
[mlkem_channel] ciphertext refused token=3005212113: ciphertext buffer full
[mlkem_channel] ciphertext refused token=1123074641: ciphertext buffer full
[mlkem_channel] ciphertext refused token=1265741080: ciphertext buffer full
[mlkem_channel] ciphertext refused token=3665402947: ciphertext buffer full
[mlkem_channel] ciphertext refused token=1912423501: ciphertext buffer full
[mlkem_channel] ciphertext refused token=2572042677: ciphertext buffer full
[mlkem_channel] ciphertext refused token=770078811: ciphertext buffer full
[mlkem_channel] ciphertext refused token=2759621210: ciphertext buffer full
[mlkem_channel] ciphertext refused token=3731601896: ciphertext buffer full
[mlkem_channel] ciphertext refused token=247997197: ciphertext buffer full
[mlkem_channel] ciphertext refused token=451338154: ciphertext buffer full
[mlkem_channel] ciphertext refused token=1790365349: ciphertext buffer full
[mlkem_channel] ciphertext refused token=52124795: ciphertext buffer full
[mlkem_channel] ciphertext refused token=3126261921: ciphertext buffer full
[mlkem_channel] ciphertext refused token=2806893301: ciphertext buffer full
[mlkem_channel] ciphertext refused token=1485568557: ciphertext buffer full
[mlkem_channel] ciphertext refused token=2725535126: ciphertext buffer full
[mlkem_channel] ciphertext refused token=2319980909: ciphertext buffer full
[mlkem_channel] ciphertext refused token=1553463074: ciphertext buffer full
[mlkem_channel] ciphertext refused token=2985677172: ciphertext buffer full
[mlkem_channel] ciphertext refused token=1240304228: ciphertext buffer full
[mlkem_channel] ciphertext refused token=3862717390: ciphertext buffer full
[mlkem_channel] ciphertext refused token=1900279519: ciphertext buffer full
[mlkem_channel] ciphertext refused token=2535073056: ciphertext buffer full
[mlkem_channel] ciphertext refused token=5568659: ciphertext buffer full
[mlkem_channel] ciphertext refused token=2637664884: ciphertext buffer full
[mlkem_channel] ciphertext refused token=3034054373: ciphertext buffer full
[mlkem_channel] ciphertext refused token=541818024: ciphertext buffer full
[mlkem_channel] ciphertext refused token=1163696809: ciphertext buffer full
[mlkem_channel] ciphertext refused token=4280575355: ciphertext buffer full
[mlkem_channel] ciphertext refused token=2275396754: ciphertext buffer full
[mlkem_channel] ciphertext refused token=1655238341: ciphertext buffer full
[mlkem_channel] ciphertext refused token=1091822283: ciphertext buffer full
[mlkem_channel] ciphertext refused token=840789987: ciphertext buffer full
[mlkem_channel] ciphertext refused token=1200346842: ciphertext buffer full
[mlkem_channel] ciphertext refused token=1496541245: ciphertext buffer full
[mlkem_channel] ciphertext refused token=1115605254: ciphertext buffer full
[mlkem_channel] ciphertext refused token=3486156409: ciphertext buffer full
[mlkem_channel] ciphertext refused token=488093995: ciphertext buffer full
[mlkem_channel] ciphertext refused token=1397305812: ciphertext buffer full
[mlkem_channel] ciphertext refused token=2363800686: ciphertext buffer full
[mlkem_channel] ciphertext refused token=3105503301: ciphertext buffer full
[mlkem_channel] ciphertext refused token=2858823836: ciphertext buffer full
[mlkem_channel] ciphertext refused token=3669891934: ciphertext buffer full
[mlkem_channel] ciphertext refused token=2468233344: ciphertext buffer full
[mlkem_channel] ciphertext refused token=1208292472: ciphertext buffer full
[mlkem_channel] ciphertext refused token=3613434869: ciphertext buffer full
[mlkem_channel] ciphertext refused token=1332413776: ciphertext buffer full
[mlkem_channel] ciphertext refused token=1819543078: ciphertext buffer full
[mlkem_channel] ciphertext refused token=1270842130: ciphertext buffer full
[mlkem_channel] ciphertext refused token=653175652: ciphertext buffer full
[mlkem_channel] ciphertext refused token=3810114446: ciphertext buffer full
[mlkem_channel] ciphertext refused token=1770813776: ciphertext buffer full
[mlkem_channel] ciphertext refused token=2817687677: ciphertext buffer full
[mlkem_channel] ciphertext refused token=3790548135: ciphertext buffer full
[mlkem_channel] ciphertext refused token=1618880759: ciphertext buffer full
[mlkem_channel] ciphertext refused token=407172331: ciphertext buffer full
[mlkem_channel] ciphertext refused token=444519158: ciphertext buffer full
[mlkem_channel] ciphertext refused token=160242387: ciphertext buffer full
[mlkem_channel] ciphertext refused token=3148712673: ciphertext buffer full
[mlkem_channel] ciphertext refused token=699636406: ciphertext buffer full
[mlkem_channel] ciphertext refused token=572216353: ciphertext buffer full
[mlkem_channel] ciphertext refused token=1169197706: ciphertext buffer full
[mlkem_channel] ciphertext refused token=1453738375: ciphertext buffer full
[mlkem_channel] ciphertext refused token=2049242752: ciphertext buffer full
[mlkem_channel] ciphertext refused token=2109942587: ciphertext buffer full
[mlkem_channel] ciphertext refused token=2216105446: ciphertext buffer full
[mlkem_channel] ciphertext refused token=2577492765: ciphertext buffer full
[mlkem_channel] ciphertext refused token=1571294635: ciphertext buffer full
[mlkem_channel] ciphertext refused token=388192875: ciphertext buffer full
[mlkem_channel] ciphertext refused token=2522827134: ciphertext buffer full
[mlkem_channel] ciphertext refused token=3290506259: ciphertext buffer full
[mlkem_channel] ciphertext refused token=2290852601: ciphertext buffer full
[mlkem_channel] ciphertext refused token=3064606446: ciphertext buffer full
[mlkem_channel] ciphertext refused token=2272244448: ciphertext buffer full
[mlkem_channel] ciphertext refused token=3431353349: ciphertext buffer full
[mlkem_channel] ciphertext refused token=409674729: ciphertext buffer full
[mlkem_channel] ciphertext refused token=1696171124: ciphertext buffer full
[mlkem_channel] ciphertext refused token=2461682967: ciphertext buffer full
[mlkem_channel] ciphertext refused token=3012301130: ciphertext buffer full
[mlkem_channel] ciphertext refused token=2857411790: ciphertext buffer full
[mlkem_channel] ciphertext refused token=344840043: ciphertext buffer full
[mlkem_channel] ciphertext refused token=518886733: ciphertext buffer full
[mlkem_channel] ciphertext refused token=3714538487: ciphertext buffer full
[mlkem_channel] ciphertext refused token=2317214631: ciphertext buffer full
[mlkem_channel] ciphertext refused token=3248399916: ciphertext buffer full
[mlkem_channel] ciphertext refused token=790339998: ciphertext buffer full
[mlkem_channel] ciphertext refused token=732051262: ciphertext buffer full
[mlkem_channel] ciphertext refused token=3036320213: ciphertext buffer full
[mlkem_channel] ciphertext refused token=3915269578: ciphertext buffer full
[mlkem_channel] ciphertext refused token=934717962: ciphertext buffer full
[mlkem_channel] ciphertext refused token=4202709179: ciphertext buffer full
[mlkem_channel] ciphertext refused token=1061668144: ciphertext buffer full
[mlkem_channel] ciphertext refused token=3264325441: ciphertext buffer full
[mlkem_channel] ciphertext refused token=1602355808: ciphertext buffer full
[mlkem_channel] ciphertext refused token=1832295146: ciphertext buffer full
[mlkem_channel] ciphertext refused token=446397164: ciphertext buffer full
[mlkem_channel] ciphertext refused token=962168280: ciphertext buffer full
[mlkem_channel] ciphertext refused token=1235202868: ciphertext buffer full
[mlkem_channel] ciphertext refused token=4151292434: ciphertext buffer full
[mlkem_channel] ciphertext refused token=425285925: ciphertext buffer full
[mlkem_channel] ciphertext refused token=3455181398: ciphertext buffer full
[mlkem_channel] ciphertext refused token=2121711894: ciphertext buffer full
[mlkem_channel] ciphertext refused token=4104955986: ciphertext buffer full
[mlkem_channel] ciphertext refused token=3101148480: ciphertext buffer full
[mlkem_channel] ciphertext refused token=2365055119: ciphertext buffer full
[mlkem_channel] ciphertext refused token=2811394563: ciphertext buffer full
[mlkem_channel] ciphertext refused token=1514498283: ciphertext buffer full
[mlkem_channel] ciphertext refused token=3420574116: ciphertext buffer full
[mlkem_channel] ciphertext refused token=2069774618: ciphertext buffer full
[mlkem_channel] ciphertext refused token=2936624207: ciphertext buffer full
[mlkem_channel] ciphertext refused token=2693013716: ciphertext buffer full
[mlkem_channel] ciphertext refused token=1756096693: ciphertext buffer full
[mlkem_channel] ciphertext refused token=265300852: ciphertext buffer full
[mlkem_channel] ciphertext refused token=2850634541: ciphertext buffer full
[mlkem_channel] ciphertext refused token=1918786396: ciphertext buffer full
[mlkem_channel] ciphertext refused token=3197887230: ciphertext buffer full
[mlkem_channel] ciphertext refused token=416913452: ciphertext buffer full
[mlkem_channel] ciphertext refused token=1257083157: ciphertext buffer full
[mlkem_channel] ciphertext refused token=1740926663: ciphertext buffer full
[mlkem_channel] ciphertext refused token=1320112119: ciphertext buffer full
[mlkem_channel] ciphertext refused token=1273077770: ciphertext buffer full
[mlkem_channel] ciphertext refused token=3613982967: ciphertext buffer full
[mlkem_channel] ciphertext refused token=744479367: ciphertext buffer full
[mlkem_channel] ciphertext refused token=3628103227: ciphertext buffer full
[mlkem_channel] ciphertext refused token=2165273797: ciphertext buffer full
[mlkem_channel] ciphertext refused token=3539967481: ciphertext buffer full
[mlkem_channel] ciphertext refused token=164593812: ciphertext buffer full
[mlkem_channel] ciphertext refused token=468511159: ciphertext buffer full
[mlkem_channel] ciphertext refused token=1059338202: ciphertext buffer full
[mlkem_channel] ciphertext refused token=3338743039: ciphertext buffer full
[mlkem_channel] ciphertext refused token=2983684012: ciphertext buffer full
[mlkem_channel] ciphertext refused token=4086128734: ciphertext buffer full
[mlkem_channel] ciphertext refused token=1245152439: ciphertext buffer full
[mlkem_channel] ciphertext refused token=2520658691: ciphertext buffer full
[mlkem_channel] ciphertext refused token=4197889293: ciphertext buffer full
[mlkem_channel] ciphertext refused token=1702134073: ciphertext buffer full
[mlkem_channel] ciphertext refused token=1001411268: ciphertext buffer full
[mlkem_channel] ciphertext refused token=979688255: ciphertext buffer full
[mlkem_channel] ciphertext refused token=3048085883: ciphertext buffer full
[mlkem_channel] ciphertext refused token=3936727180: ciphertext buffer full
[mlkem_channel] ciphertext refused token=2861418869: ciphertext buffer full
[mlkem_channel] ciphertext refused token=892581306: ciphertext buffer full
[mlkem_channel] ciphertext refused token=995861289: ciphertext buffer full
[mlkem_channel] ciphertext refused token=3383191002: ciphertext buffer full
[mlkem_channel] ciphertext refused token=177451636: ciphertext buffer full
[mlkem_channel] ciphertext refused token=1430665401: ciphertext buffer full
[mlkem_channel] ciphertext refused token=726140752: ciphertext buffer full
[mlkem_channel] ciphertext refused token=2314228704: ciphertext buffer full
[mlkem_channel] ciphertext refused token=3352913842: ciphertext buffer full
[mlkem_channel] ciphertext refused token=1224066800: ciphertext buffer full
[mlkem_channel] ciphertext refused token=2180147143: ciphertext buffer full
[mlkem_channel] ciphertext refused token=979058056: ciphertext buffer full
[mlkem_channel] ciphertext refused token=2280664876: ciphertext buffer full
[mlkem_channel] ciphertext refused token=1218694010: ciphertext buffer full
[mlkem_channel] ciphertext refused token=1913847883: ciphertext buffer full
[mlkem_channel] ciphertext refused token=490341669: ciphertext buffer full
[mlkem_channel] ciphertext refused token=2853506668: ciphertext buffer full
[mlkem_channel] ciphertext refused token=1771045844: ciphertext buffer full
[mlkem_channel] ciphertext refused token=1651318208: ciphertext buffer full
[mlkem_channel] ciphertext refused token=1152626963: ciphertext buffer full
[mlkem_channel] ciphertext refused token=1909316653: ciphertext buffer full
[mlkem_channel] ciphertext refused token=3034384822: ciphertext buffer full
[mlkem_channel] ciphertext refused token=1719188591: ciphertext buffer full
[mlkem_channel] ciphertext refused token=1319800541: ciphertext buffer full
[mlkem_channel] ciphertext refused token=2353989826: ciphertext buffer full
[mlkem_channel] ciphertext refused token=791243987: ciphertext buffer full
[mlkem_channel] ciphertext refused token=1111862386: ciphertext buffer full
[mlkem_channel] ciphertext refused token=4022950261: ciphertext buffer full
[mlkem_channel] ciphertext refused token=2442879840: ciphertext buffer full
[mlkem_channel] ciphertext refused token=2024966317: ciphertext buffer full
[mlkem_channel] ciphertext refused token=1876537288: ciphertext buffer full
[mlkem_channel] ciphertext refused token=2802054264: ciphertext buffer full
[mlkem_channel] ciphertext refused token=4292548259: ciphertext buffer full
[mlkem_channel] ciphertext refused token=216224356: ciphertext buffer full
[mlkem_channel] ciphertext refused token=3287469693: ciphertext buffer full
[mlkem_channel] ciphertext refused token=1219534665: ciphertext buffer full
[mlkem_channel] ciphertext refused token=3245878396: ciphertext buffer full
[mlkem_channel] ciphertext refused token=3295089339: ciphertext buffer full
[mlkem_channel] ciphertext refused token=1175344522: ciphertext buffer full
[mlkem_channel] ciphertext refused token=3318240711: ciphertext buffer full
[mlkem_channel] ciphertext refused token=2569920596: ciphertext buffer full
[mlkem_channel] ciphertext refused token=161679054: ciphertext buffer full
[mlkem_channel] ciphertext refused token=4151243120: ciphertext buffer full
[mlkem_channel] ciphertext refused token=690933106: ciphertext buffer full
[mlkem_channel] ciphertext refused token=3019824285: ciphertext buffer full
[mlkem_channel] ciphertext refused token=2387097512: ciphertext buffer full
[mlkem_channel] ciphertext refused token=1556582278: ciphertext buffer full
[mlkem_channel] ciphertext refused token=2509138259: ciphertext buffer full
[mlkem_channel] ciphertext refused token=1503480155: ciphertext buffer full
[mlkem_channel] ciphertext refused token=1272596065: ciphertext buffer full
[mlkem_channel] ciphertext refused token=216167389: ciphertext buffer full
[mlkem_channel] ciphertext refused token=3691990359: ciphertext buffer full
[mlkem_channel] ciphertext refused token=4163667543: ciphertext buffer full
[mlkem_channel] ciphertext refused token=1540382585: ciphertext buffer full
[mlkem_channel] ciphertext refused token=2825709022: ciphertext buffer full
[mlkem_channel] ciphertext refused token=3130500310: ciphertext buffer full
[mlkem_channel] ciphertext refused token=3717317002: ciphertext buffer full
[mlkem_channel] ciphertext refused token=2414063263: ciphertext buffer full
[mlkem_channel] ciphertext refused token=1772402643: ciphertext buffer full
[mlkem_channel] ciphertext refused token=1801924320: ciphertext buffer full
[mlkem_channel] ciphertext refused token=1484475598: ciphertext buffer full
[mlkem_channel] ciphertext refused token=2443729490: ciphertext buffer full
[mlkem_channel] ciphertext refused token=3034401006: ciphertext buffer full
[mlkem_channel] ciphertext refused token=2069302857: ciphertext buffer full
[mlkem_channel] ciphertext refused token=3268707102: ciphertext buffer full
[mlkem_channel] ciphertext refused token=4070468612: ciphertext buffer full
[mlkem_channel] ciphertext refused token=4273256683: ciphertext buffer full
[mlkem_channel] ciphertext refused token=2553097275: ciphertext buffer full
[mlkem_channel] ciphertext refused token=366441062: ciphertext buffer full
[mlkem_channel] ciphertext refused token=2896237403: ciphertext buffer full
[mlkem_channel] ciphertext refused token=311497275: ciphertext buffer full
[mlkem_channel] ciphertext refused token=527972190: ciphertext buffer full
[mlkem_channel] ciphertext refused token=2555015607: ciphertext buffer full
[mlkem_channel] ciphertext refused token=953887662: ciphertext buffer full
[mlkem_channel] ciphertext refused token=3805195484: ciphertext buffer full
[mlkem_channel] ciphertext refused token=1219095545: ciphertext buffer full
[mlkem_channel] ciphertext refused token=2403769936: ciphertext buffer full
[mlkem_channel] ciphertext refused token=3120316180: ciphertext buffer full
[mlkem_channel] ciphertext refused token=3051874361: ciphertext buffer full
[mlkem_channel] ciphertext refused token=1408186538: ciphertext buffer full
[mlkem_channel] ciphertext refused token=3021859876: ciphertext buffer full
[mlkem_channel] ciphertext refused token=2237274412: ciphertext buffer full
[mlkem_channel] ciphertext refused token=1054151887: ciphertext buffer full
[mlkem_channel] ciphertext refused token=1248745029: ciphertext buffer full
[mlkem_channel] ciphertext refused token=2781089285: ciphertext buffer full
[mlkem_channel] ciphertext refused token=2850499238: ciphertext buffer full
[mlkem_channel] ciphertext refused token=4237015620: ciphertext buffer full
[mlkem_channel] ciphertext refused token=3177216606: ciphertext buffer full
[mlkem_channel] ciphertext refused token=2102428964: ciphertext buffer full
[mlkem_channel] ciphertext refused token=1776365585: ciphertext buffer full
[mlkem_channel] ciphertext refused token=2364897600: ciphertext buffer full
[mlkem_channel] ciphertext refused token=1437107910: ciphertext buffer full
[mlkem_channel] ciphertext refused token=3509857869: ciphertext buffer full
[mlkem_channel] ciphertext refused token=4144872709: ciphertext buffer full
[mlkem_channel] ciphertext refused token=1113945364: ciphertext buffer full
[mlkem_channel] ciphertext refused token=3061735746: ciphertext buffer full
[mlkem_channel] ciphertext refused token=3268943115: ciphertext buffer full
[mlkem_channel] ciphertext refused token=3830567755: ciphertext buffer full
[mlkem_channel] ciphertext refused token=1498764558: ciphertext buffer full
[mlkem_channel] ciphertext refused token=3624311989: ciphertext buffer full
[mlkem_channel] ciphertext refused token=3894473651: ciphertext buffer full
[mlkem_channel] ciphertext refused token=1047077042: ciphertext buffer full
[mlkem_channel] ciphertext refused token=797662727: ciphertext buffer full
[mlkem_channel] ciphertext refused token=601959914: ciphertext buffer full
[mlkem_channel] ciphertext refused token=4162523297: ciphertext buffer full
[mlkem_channel] ciphertext refused token=115129137: ciphertext buffer full
[mlkem_channel] ciphertext refused token=1796350821: ciphertext buffer full
[mlkem_channel] ciphertext refused token=3389185692: ciphertext buffer full
[mlkem_channel] ciphertext refused token=3028612230: ciphertext buffer full
[mlkem_channel] ciphertext refused token=3084009966: ciphertext buffer full
[mlkem_channel] ciphertext refused token=1980837195: ciphertext buffer full
[mlkem_channel] ciphertext refused token=1940236892: ciphertext buffer full
[mlkem_channel] ciphertext refused token=3251474001: ciphertext buffer full
[mlkem_channel] ciphertext refused token=3873135739: ciphertext buffer full
[mlkem_channel] ciphertext refused token=3763638249: ciphertext buffer full
[mlkem_channel] ciphertext refused token=1323527352: ciphertext buffer full
[mlkem_channel] ciphertext refused token=2776707620: ciphertext buffer full
[mlkem_channel] ciphertext refused token=829235073: ciphertext buffer full
[mlkem_channel] ciphertext refused token=2827870372: ciphertext buffer full
[mlkem_channel] ciphertext refused token=2002854170: ciphertext buffer full
[mlkem_channel] ciphertext refused token=3894414099: ciphertext buffer full
[mlkem_channel] ciphertext refused token=628534767: ciphertext buffer full
[mlkem_channel] ciphertext refused token=4175788461: ciphertext buffer full
[mlkem_channel] ciphertext refused token=225712717: ciphertext buffer full
[mlkem_channel] ciphertext refused token=3365406122: ciphertext buffer full
[mlkem_channel] ciphertext refused token=1195245723: ciphertext buffer full
[mlkem_channel] ciphertext refused token=3781369886: ciphertext buffer full
[mlkem_channel] ciphertext refused token=1685015497: ciphertext buffer full
[mlkem_channel] ciphertext refused token=3277869645: ciphertext buffer full
[mlkem_channel] ciphertext refused token=3545829282: ciphertext buffer full
[mlkem_channel] ciphertext refused token=3443810340: ciphertext buffer full
[mlkem_channel] ciphertext refused token=848584113: ciphertext buffer full
[mlkem_channel] ciphertext refused token=3526846075: ciphertext buffer full
[mlkem_channel] ciphertext refused token=3749944739: ciphertext buffer full
[mlkem_channel] ciphertext refused token=862536022: ciphertext buffer full
[mlkem_channel] ciphertext refused token=3570359043: ciphertext buffer full
[mlkem_channel] ciphertext refused token=3775260627: ciphertext buffer full
[mlkem_channel] ciphertext refused token=845501649: ciphertext buffer full
[mlkem_channel] ciphertext refused token=1111209396: ciphertext buffer full
[mlkem_channel] ciphertext refused token=1331467728: ciphertext buffer full
[mlkem_channel] ciphertext refused token=68070629: ciphertext buffer full
[mlkem_channel] ciphertext refused token=3146249582: ciphertext buffer full
[mlkem_channel] ciphertext refused token=769003612: ciphertext buffer full
[mlkem_channel] ciphertext refused token=2577924981: ciphertext buffer full
[mlkem_channel] ciphertext refused token=1278950210: ciphertext buffer full
[mlkem_channel] ciphertext refused token=140801046: ciphertext buffer full
[mlkem_channel] ciphertext refused token=2391591819: ciphertext buffer full
[mlkem_channel] ciphertext refused token=942055799: ciphertext buffer full
[mlkem_channel] ciphertext refused token=232196506: ciphertext buffer full
[mlkem_channel] ciphertext refused token=888645143: ciphertext buffer full
[mlkem_channel] ciphertext refused token=3986513845: ciphertext buffer full
[mlkem_channel] ciphertext refused token=3150032264: ciphertext buffer full
[mlkem_channel] ciphertext refused token=2309810761: ciphertext buffer full
[mlkem_channel] ciphertext refused token=4202230805: ciphertext buffer full
[mlkem_channel] ciphertext refused token=2874897319: ciphertext buffer full
[mlkem_channel] ciphertext refused token=1195777000: ciphertext buffer full
[mlkem_channel] ciphertext refused token=2637249891: ciphertext buffer full
[mlkem_channel] ciphertext refused token=1385937307: ciphertext buffer full
[mlkem_channel] ciphertext refused token=2683381980: ciphertext buffer full
[mlkem_channel] ciphertext refused token=2291269490: ciphertext buffer full
[mlkem_channel] ciphertext refused token=1714455542: ciphertext buffer full
[mlkem_channel] ciphertext refused token=2124467439: ciphertext buffer full
[mlkem_channel] ciphertext refused token=204137804: ciphertext buffer full
[mlkem_channel] ciphertext refused token=3650666262: ciphertext buffer full
[mlkem_channel] ciphertext refused token=1419137288: ciphertext buffer full
[mlkem_channel] ciphertext refused token=1919065442: ciphertext buffer full
[mlkem_channel] ciphertext refused token=3948736215: ciphertext buffer full
[mlkem_channel] ciphertext refused token=2443123588: ciphertext buffer full
[mlkem_channel] ciphertext refused token=3831801680: ciphertext buffer full
[mlkem_channel] ciphertext refused token=110275503: ciphertext buffer full
[mlkem_channel] ciphertext refused token=1405719980: ciphertext buffer full
[mlkem_channel] ciphertext refused token=3920688293: ciphertext buffer full
[mlkem_channel] ciphertext refused token=1622613395: ciphertext buffer full
[mlkem_channel] ciphertext refused token=3375322927: ciphertext buffer full
[mlkem_channel] ciphertext refused token=2052748602: ciphertext buffer full
[mlkem_channel] ciphertext refused token=3949456003: ciphertext buffer full
[mlkem_channel] ciphertext refused token=3176048961: ciphertext buffer full
[mlkem_channel] ciphertext refused token=2338548359: ciphertext buffer full
[mlkem_channel] ciphertext refused token=135997842: ciphertext buffer full
[mlkem_channel] ciphertext refused token=992418385: ciphertext buffer full
[mlkem_channel] ciphertext refused token=4118381862: ciphertext buffer full
[mlkem_channel] ciphertext refused token=497167928: ciphertext buffer full
[mlkem_channel] ciphertext refused token=3787274334: ciphertext buffer full
[mlkem_channel] ciphertext refused token=2568027092: ciphertext buffer full
[mlkem_channel] ciphertext refused token=2974889952: ciphertext buffer full
[mlkem_channel] ciphertext refused token=879118855: ciphertext buffer full
[mlkem_channel] ciphertext refused token=1749035569: ciphertext buffer full
[mlkem_channel] ciphertext refused token=2094530159: ciphertext buffer full
[mlkem_channel] ciphertext refused token=373122646: ciphertext buffer full
[mlkem_channel] ciphertext refused token=2477567184: ciphertext buffer full
[mlkem_channel] ciphertext refused token=1228426307: ciphertext buffer full
[mlkem_channel] ciphertext refused token=1930814317: ciphertext buffer full
[mlkem_channel] ciphertext refused token=1333912198: ciphertext buffer full
[mlkem_channel] ciphertext refused token=1930765274: ciphertext buffer full
[mlkem_channel] ciphertext refused token=2454642983: ciphertext buffer full
[mlkem_channel] ciphertext refused token=1826517868: ciphertext buffer full
[mlkem_channel] ciphertext refused token=3776097300: ciphertext buffer full
[mlkem_channel] ciphertext refused token=496077551: ciphertext buffer full
[mlkem_channel] ciphertext refused token=2824007052: ciphertext buffer full
[mlkem_channel] ciphertext refused token=3602755846: ciphertext buffer full
[mlkem_channel] ciphertext refused token=544436028: ciphertext buffer full
[mlkem_channel] ciphertext refused token=3692458663: ciphertext buffer full
[mlkem_channel] ciphertext refused token=719345897: ciphertext buffer full
[mlkem_channel] ciphertext refused token=2532124662: ciphertext buffer full
[mlkem_channel] ciphertext refused token=3647958050: ciphertext buffer full
[mlkem_channel] ciphertext refused token=1427884971: ciphertext buffer full
[mlkem_channel] ciphertext refused token=3088333612: ciphertext buffer full
[mlkem_channel] ciphertext refused token=573862904: ciphertext buffer full
[mlkem_channel] ciphertext refused token=276799480: ciphertext buffer full
[mlkem_channel] ciphertext refused token=3552006304: ciphertext buffer full
[mlkem_channel] ciphertext refused token=4282297267: ciphertext buffer full
[mlkem_channel] ciphertext refused token=1408743365: ciphertext buffer full
[mlkem_channel] ciphertext refused token=3656939395: ciphertext buffer full
[mlkem_channel] ciphertext refused token=520025914: ciphertext buffer full
[mlkem_channel] ciphertext refused token=3264097795: ciphertext buffer full
[mlkem_channel] ciphertext refused token=728767324: ciphertext buffer full
[mlkem_channel] ciphertext refused token=2399569418: ciphertext buffer full
[mlkem_channel] ciphertext refused token=3532543008: ciphertext buffer full
[mlkem_channel] ciphertext refused token=3846674400: ciphertext buffer full
[mlkem_channel] ciphertext refused token=1822272521: ciphertext buffer full
[mlkem_channel] ciphertext refused token=2405553008: ciphertext buffer full
[mlkem_channel] ciphertext refused token=2796410351: ciphertext buffer full
[mlkem_channel] ciphertext refused token=779689470: ciphertext buffer full
[mlkem_channel] ciphertext refused token=1781192128: ciphertext buffer full
[mlkem_channel] ciphertext refused token=1726407586: ciphertext buffer full
[mlkem_channel] ciphertext refused token=2287415277: ciphertext buffer full
[mlkem_channel] ciphertext refused token=2999760975: ciphertext buffer full
[mlkem_channel] ciphertext refused token=1547867412: ciphertext buffer full
[mlkem_channel] ciphertext refused token=987774286: ciphertext buffer full
[mlkem_channel] ciphertext refused token=2696853786: ciphertext buffer full
[mlkem_channel] ciphertext refused token=1871700364: ciphertext buffer full
[mlkem_channel] ciphertext refused token=2281201756: ciphertext buffer full
[mlkem_channel] ciphertext refused token=599842807: ciphertext buffer full
[mlkem_channel] ciphertext refused token=3086352606: ciphertext buffer full
[mlkem_channel] ciphertext refused token=2411634903: ciphertext buffer full
[mlkem_channel] ciphertext refused token=2133447356: ciphertext buffer full
[mlkem_channel] ciphertext refused token=4086483911: ciphertext buffer full
[mlkem_channel] ciphertext refused token=3900197113: ciphertext buffer full
[mlkem_channel] ciphertext refused token=2756176239: ciphertext buffer full
[mlkem_channel] ciphertext refused token=1753084568: ciphertext buffer full
[mlkem_channel] ciphertext refused token=2080449279: ciphertext buffer full
[mlkem_channel] ciphertext refused token=393675431: ciphertext buffer full
[mlkem_channel] ciphertext refused token=1348795422: ciphertext buffer full
[mlkem_channel] ciphertext refused token=1147040177: ciphertext buffer full
[mlkem_channel] ciphertext refused token=113950148: ciphertext buffer full
[mlkem_channel] ciphertext refused token=2454502251: ciphertext buffer full
[mlkem_channel] ciphertext refused token=4510536: ciphertext buffer full
[mlkem_channel] ciphertext refused token=2125344959: ciphertext buffer full
[mlkem_channel] ciphertext refused token=4177656649: ciphertext buffer full
[mlkem_channel] ciphertext refused token=369710524: ciphertext buffer full
[mlkem_channel] ciphertext refused token=1638462254: ciphertext buffer full
[mlkem_channel] ciphertext refused token=316020673: ciphertext buffer full
[mlkem_channel] ciphertext refused token=3474934482: ciphertext buffer full
[mlkem_channel] ciphertext refused token=2629838804: ciphertext buffer full
[mlkem_channel] ciphertext refused token=142144985: ciphertext buffer full
[mlkem_channel] ciphertext refused token=3306368077: ciphertext buffer full
[mlkem_channel] ciphertext refused token=2539569825: ciphertext buffer full
[mlkem_channel] ciphertext refused token=2795456650: ciphertext buffer full
[mlkem_channel] ciphertext refused token=3773868018: ciphertext buffer full
[mlkem_channel] ciphertext refused token=4100942154: ciphertext buffer full
[mlkem_channel] ciphertext refused token=2766484289: ciphertext buffer full
[mlkem_channel] ciphertext refused token=3838286862: ciphertext buffer full
[mlkem_channel] ciphertext refused token=3351342241: ciphertext buffer full
[mlkem_channel] ciphertext refused token=1060178534: ciphertext buffer full
[mlkem_channel] ciphertext refused token=3005961605: ciphertext buffer full
[mlkem_channel] ciphertext refused token=2350335799: ciphertext buffer full
[mlkem_channel] ciphertext refused token=627846149: ciphertext buffer full
[mlkem_channel] ciphertext refused token=2119725577: ciphertext buffer full
[mlkem_channel] ciphertext refused token=3904882685: ciphertext buffer full
[mlkem_channel] ciphertext refused token=2945855509: ciphertext buffer full
[mlkem_channel] ciphertext refused token=1110575450: ciphertext buffer full
[mlkem_channel] ciphertext refused token=16146916: ciphertext buffer full
[mlkem_channel] ciphertext refused token=2462031367: ciphertext buffer full
[mlkem_channel] ciphertext refused token=1001469302: ciphertext buffer full
[mlkem_channel] ciphertext refused token=558768796: ciphertext buffer full
[mlkem_channel] ciphertext refused token=3930969551: ciphertext buffer full
[mlkem_channel] ciphertext refused token=2443959064: ciphertext buffer full
[mlkem_channel] ciphertext refused token=3966677600: ciphertext buffer full
[mlkem_channel] ciphertext refused token=4020406526: ciphertext buffer full
[mlkem_channel] ciphertext refused token=4226352173: ciphertext buffer full
[mlkem_channel] ciphertext refused token=2969643293: ciphertext buffer full
[mlkem_channel] ciphertext refused token=3741373063: ciphertext buffer full
[mlkem_channel] ciphertext refused token=751013826: ciphertext buffer full
[mlkem_channel] ciphertext refused token=3488200958: ciphertext buffer full
[mlkem_channel] ciphertext refused token=1683737620: ciphertext buffer full
[mlkem_channel] ciphertext refused token=2255819540: ciphertext buffer full
[mlkem_channel] ciphertext refused token=467135221: ciphertext buffer full
[mlkem_channel] ciphertext refused token=1504496180: ciphertext buffer full
[mlkem_channel] ciphertext refused token=539828351: ciphertext buffer full
[mlkem_channel] ciphertext refused token=3921084764: ciphertext buffer full
[mlkem_channel] ciphertext refused token=1146847750: ciphertext buffer full
[mlkem_channel] ciphertext refused token=259548556: ciphertext buffer full
[mlkem_channel] ciphertext refused token=1544799698: ciphertext buffer full
[mlkem_channel] ciphertext refused token=3405692694: ciphertext buffer full
[mlkem_channel] ciphertext refused token=3146744671: ciphertext buffer full
[mlkem_channel] ciphertext refused token=2795344467: ciphertext buffer full
[mlkem_channel] ciphertext refused token=2027397578: ciphertext buffer full
[mlkem_channel] ciphertext refused token=377209520: ciphertext buffer full
[mlkem_channel] ciphertext refused token=327362057: ciphertext buffer full
[mlkem_channel] ciphertext refused token=1737144502: ciphertext buffer full
[mlkem_channel] ciphertext refused token=214963431: ciphertext buffer full
[mlkem_channel] ciphertext refused token=3446409710: ciphertext buffer full
[mlkem_channel] ciphertext refused token=915395949: ciphertext buffer full
[mlkem_channel] ciphertext refused token=3675712358: ciphertext buffer full
[mlkem_channel] ciphertext refused token=1556726896: ciphertext buffer full
[mlkem_channel] ciphertext refused token=874112728: ciphertext buffer full
[mlkem_channel] ciphertext refused token=2182822617: ciphertext buffer full
[mlkem_channel] ciphertext refused token=3248084666: ciphertext buffer full
[mlkem_channel] ciphertext refused token=2137710595: ciphertext buffer full
[mlkem_channel] ciphertext refused token=880496491: ciphertext buffer full
[mlkem_channel] ciphertext refused token=1270240561: ciphertext buffer full
[mlkem_channel] ciphertext refused token=3978535743: ciphertext buffer full
[mlkem_channel] ciphertext refused token=1837034034: ciphertext buffer full
[mlkem_channel] ciphertext refused token=4086850629: ciphertext buffer full
[mlkem_channel] ciphertext refused token=4132278675: ciphertext buffer full
[mlkem_channel] ciphertext refused token=1963411605: ciphertext buffer full
[mlkem_channel] ciphertext refused token=3505566336: ciphertext buffer full
[mlkem_channel] ciphertext refused token=3627397435: ciphertext buffer full
[mlkem_channel] ciphertext refused token=3885318952: ciphertext buffer full
[mlkem_channel] ciphertext refused token=1099785189: ciphertext buffer full
[mlkem_channel] ciphertext refused token=375042667: ciphertext buffer full
[mlkem_channel] ciphertext refused token=1579111367: ciphertext buffer full
[mlkem_channel] ciphertext refused token=1108226986: ciphertext buffer full
[mlkem_channel] ciphertext refused token=143264860: ciphertext buffer full
[mlkem_channel] ciphertext refused token=769843358: ciphertext buffer full
[mlkem_channel] ciphertext refused token=4133763892: ciphertext buffer full
[mlkem_channel] ciphertext refused token=1168326754: ciphertext buffer full
[mlkem_channel] ciphertext refused token=469318717: ciphertext buffer full
[mlkem_channel] ciphertext refused token=1484245153: ciphertext buffer full
[mlkem_channel] ciphertext refused token=1177205107: ciphertext buffer full
[mlkem_channel] ciphertext refused token=3328174771: ciphertext buffer full
[mlkem_channel] ciphertext refused token=1784050402: ciphertext buffer full
[mlkem_channel] ciphertext refused token=1384710772: ciphertext buffer full
[mlkem_channel] ciphertext refused token=1661677688: ciphertext buffer full
[mlkem_channel] ciphertext refused token=75459082: ciphertext buffer full
[mlkem_channel] ciphertext refused token=3080347234: ciphertext buffer full
[mlkem_channel] ciphertext refused token=3739624145: ciphertext buffer full
[mlkem_channel] ciphertext refused token=1084374123: ciphertext buffer full
[mlkem_channel] ciphertext refused token=818083591: ciphertext buffer full
[mlkem_channel] ciphertext refused token=919319626: ciphertext buffer full
[mlkem_channel] ciphertext refused token=3742779455: ciphertext buffer full
[mlkem_channel] ciphertext refused token=707638407: ciphertext buffer full
[mlkem_channel] ciphertext refused token=3563421290: ciphertext buffer full
[mlkem_channel] ciphertext refused token=1759610103: ciphertext buffer full
[mlkem_channel] ciphertext refused token=3770485216: ciphertext buffer full
[mlkem_channel] ciphertext refused token=3834203846: ciphertext buffer full
[mlkem_channel] ciphertext refused token=550103109: ciphertext buffer full
[mlkem_channel] ciphertext refused token=351823895: ciphertext buffer full
[mlkem_channel] ciphertext refused token=1856856887: ciphertext buffer full
[mlkem_channel] ciphertext refused token=2569244790: ciphertext buffer full
[mlkem_channel] ciphertext refused token=544679299: ciphertext buffer full
[mlkem_channel] ciphertext refused token=1572689340: ciphertext buffer full
[mlkem_channel] ciphertext refused token=1048189920: ciphertext buffer full
[mlkem_channel] ciphertext refused token=1165915645: ciphertext buffer full
[mlkem_channel] ciphertext refused token=2142241821: ciphertext buffer full
[mlkem_channel] ciphertext refused token=3785162812: ciphertext buffer full
[mlkem_channel] ciphertext refused token=2611032952: ciphertext buffer full
[mlkem_channel] ciphertext refused token=1524276563: ciphertext buffer full
[mlkem_channel] ciphertext refused token=2616778826: ciphertext buffer full
[mlkem_channel] ciphertext refused token=2238384290: ciphertext buffer full
[mlkem_channel] ciphertext refused token=3470389879: ciphertext buffer full
[mlkem_channel] ciphertext refused token=2029621339: ciphertext buffer full
[mlkem_channel] ciphertext refused token=3714727200: ciphertext buffer full
[mlkem_channel] ciphertext refused token=2171228669: ciphertext buffer full
[mlkem_channel] ciphertext refused token=2064512184: ciphertext buffer full
[mlkem_channel] ciphertext refused token=2038705431: ciphertext buffer full
[mlkem_channel] ciphertext refused token=3604348175: ciphertext buffer full
[mlkem_channel] ciphertext refused token=251899189: ciphertext buffer full
[mlkem_channel] ciphertext refused token=3144349294: ciphertext buffer full
[mlkem_channel] ciphertext refused token=1050680223: ciphertext buffer full
[mlkem_channel] ciphertext refused token=1691227194: ciphertext buffer full
[mlkem_channel] ciphertext refused token=1648242102: ciphertext buffer full
[mlkem_channel] ciphertext refused token=4294205188: ciphertext buffer full
[mlkem_channel] ciphertext refused token=2237629601: ciphertext buffer full
[mlkem_channel] ciphertext refused token=4067685597: ciphertext buffer full
[mlkem_channel] ciphertext refused token=1117348671: ciphertext buffer full
[mlkem_channel] ciphertext refused token=2685860104: ciphertext buffer full
[mlkem_channel] ciphertext refused token=4034200358: ciphertext buffer full
[mlkem_channel] ciphertext refused token=3971390625: ciphertext buffer full
[mlkem_channel] ciphertext refused token=2362497065: ciphertext buffer full
[mlkem_channel] ciphertext refused token=741832611: ciphertext buffer full
[mlkem_channel] ciphertext refused token=773325789: ciphertext buffer full
[mlkem_channel] ciphertext refused token=3288351710: ciphertext buffer full
[mlkem_channel] ciphertext refused token=4051259781: ciphertext buffer full
[mlkem_channel] ciphertext refused token=3001634684: ciphertext buffer full
[mlkem_channel] ciphertext refused token=3665132026: ciphertext buffer full
[mlkem_channel] ciphertext refused token=2475733648: ciphertext buffer full
[mlkem_channel] ciphertext refused token=1417178403: ciphertext buffer full
[mlkem_channel] ciphertext refused token=2557382395: ciphertext buffer full
[mlkem_channel] ciphertext refused token=4008960127: ciphertext buffer full
[mlkem_channel] ciphertext refused token=306553324: ciphertext buffer full
[mlkem_channel] ciphertext refused token=1284636078: ciphertext buffer full
[mlkem_channel] ciphertext refused token=929577386: ciphertext buffer full
[mlkem_channel] ciphertext refused token=4178599523: ciphertext buffer full
[mlkem_channel] ciphertext refused token=2238340852: ciphertext buffer full
[mlkem_channel] ciphertext refused token=1709666485: ciphertext buffer full
[mlkem_channel] ciphertext refused token=1161526364: ciphertext buffer full
[mlkem_channel] ciphertext refused token=1382749927: ciphertext buffer full
[mlkem_channel] ciphertext refused token=1949679429: ciphertext buffer full
[mlkem_channel] ciphertext refused token=3712351849: ciphertext buffer full
[mlkem_channel] ciphertext refused token=3570751141: ciphertext buffer full
[mlkem_channel] ciphertext refused token=215284097: ciphertext buffer full
[mlkem_channel] ciphertext refused token=3765780993: ciphertext buffer full
[mlkem_channel] ciphertext refused token=1351008699: ciphertext buffer full
[mlkem_channel] ciphertext refused token=1175415706: ciphertext buffer full
[mlkem_channel] ciphertext refused token=3590592684: ciphertext buffer full
[mlkem_channel] ciphertext refused token=4224443025: ciphertext buffer full
[mlkem_channel] ciphertext refused token=153336089: ciphertext buffer full
[mlkem_channel] ciphertext refused token=1450859549: ciphertext buffer full
[mlkem_channel] ciphertext refused token=1904962096: ciphertext buffer full
[mlkem_channel] ciphertext refused token=3607754111: ciphertext buffer full
[mlkem_channel] ciphertext refused token=358137354: ciphertext buffer full
[mlkem_channel] ciphertext refused token=3185574847: ciphertext buffer full
[mlkem_channel] ciphertext refused token=3774047997: ciphertext buffer full
[mlkem_channel] ciphertext refused token=1914445465: ciphertext buffer full
[mlkem_channel] ciphertext refused token=2565311602: ciphertext buffer full
[mlkem_channel] ciphertext refused token=3712337889: ciphertext buffer full
[mlkem_channel] ciphertext refused token=84757834: ciphertext buffer full
[mlkem_channel] ciphertext refused token=2263860160: ciphertext buffer full
[mlkem_channel] ciphertext refused token=2819823261: ciphertext buffer full
[mlkem_channel] ciphertext refused token=3678440327: ciphertext buffer full
[mlkem_channel] ciphertext refused token=4055132357: ciphertext buffer full
[mlkem_channel] ciphertext refused token=3711707512: ciphertext buffer full
[mlkem_channel] ciphertext refused token=84103699: ciphertext buffer full
[mlkem_channel] ciphertext refused token=2080566500: ciphertext buffer full
[mlkem_channel] ciphertext refused token=4237044041: ciphertext buffer full
[mlkem_channel] ciphertext refused token=731100244: ciphertext buffer full
[mlkem_channel] ciphertext refused token=945395137: ciphertext buffer full
[mlkem_channel] ciphertext refused token=3746845903: ciphertext buffer full
[mlkem_channel] ciphertext refused token=2511846681: ciphertext buffer full
[mlkem_channel] ciphertext refused token=1870723300: ciphertext buffer full
[mlkem_channel] ciphertext refused token=2254024306: ciphertext buffer full
[mlkem_channel] ciphertext refused token=2293587: ciphertext buffer full
[mlkem_channel] ciphertext refused token=3469517907: ciphertext buffer full
[mlkem_channel] ciphertext refused token=367178823: ciphertext buffer full
[mlkem_channel] ciphertext refused token=947189059: ciphertext buffer full
[mlkem_channel] ciphertext refused token=2969130440: ciphertext buffer full
[mlkem_channel] ciphertext refused token=170870624: ciphertext buffer full
[mlkem_channel] ciphertext refused token=807010527: ciphertext buffer full
[mlkem_channel] ciphertext refused token=2164161905: ciphertext buffer full
[mlkem_channel] ciphertext refused token=1222373831: ciphertext buffer full
[mlkem_channel] ciphertext refused token=2598837060: ciphertext buffer full
[mlkem_channel] ciphertext refused token=2359022865: ciphertext buffer full
[mlkem_channel] ciphertext refused token=150865081: ciphertext buffer full
[mlkem_channel] ciphertext refused token=3678211749: ciphertext buffer full
[mlkem_channel] ciphertext refused token=1040633172: ciphertext buffer full
[mlkem_channel] ciphertext refused token=920302644: ciphertext buffer full
[mlkem_channel] ciphertext refused token=2782467124: ciphertext buffer full
[mlkem_channel] ciphertext refused token=1471404946: ciphertext buffer full
[mlkem_channel] ciphertext refused token=1388456640: ciphertext buffer full
[mlkem_channel] ciphertext refused token=80479032: ciphertext buffer full
[mlkem_channel] ciphertext refused token=460655873: ciphertext buffer full
[mlkem_channel] ciphertext refused token=2371243144: ciphertext buffer full
[mlkem_channel] ciphertext refused token=3842693453: ciphertext buffer full
[mlkem_channel] ciphertext refused token=441378728: ciphertext buffer full
[mlkem_channel] ciphertext refused token=1042057416: ciphertext buffer full
[mlkem_channel] ciphertext refused token=846744894: ciphertext buffer full
[mlkem_channel] ciphertext refused token=3792401874: ciphertext buffer full
[mlkem_channel] ciphertext refused token=2811322820: ciphertext buffer full
[mlkem_channel] ciphertext refused token=2574219680: ciphertext buffer full
[mlkem_channel] ciphertext refused token=159758239: ciphertext buffer full
[mlkem_channel] ciphertext refused token=2757118850: ciphertext buffer full
[mlkem_channel] ciphertext refused token=3669212582: ciphertext buffer full
[mlkem_channel] ciphertext refused token=2557620899: ciphertext buffer full
[mlkem_channel] ciphertext refused token=466630074: ciphertext buffer full
[mlkem_channel] ciphertext refused token=1338221944: ciphertext buffer full
[mlkem_channel] ciphertext refused token=464086964: ciphertext buffer full
[mlkem_channel] ciphertext refused token=3614043488: ciphertext buffer full
[mlkem_channel] ciphertext refused token=739339393: ciphertext buffer full
[mlkem_channel] ciphertext refused token=717471063: ciphertext buffer full
[mlkem_channel] ciphertext refused token=1567945455: ciphertext buffer full
[mlkem_channel] ciphertext refused token=1013285890: ciphertext buffer full
[mlkem_channel] ciphertext refused token=3342939372: ciphertext buffer full
[mlkem_channel] ciphertext refused token=3300115505: ciphertext buffer full
[mlkem_channel] ciphertext refused token=2038286766: ciphertext buffer full
[mlkem_channel] ciphertext refused token=2414617098: ciphertext buffer full
[mlkem_channel] ciphertext refused token=1714930414: ciphertext buffer full
[mlkem_channel] ciphertext refused token=2996478203: ciphertext buffer full
[mlkem_channel] ciphertext refused token=1215714707: ciphertext buffer full
[mlkem_channel] ciphertext refused token=874927779: ciphertext buffer full
[mlkem_channel] ciphertext refused token=2976603931: ciphertext buffer full
[mlkem_channel] ciphertext refused token=788110001: ciphertext buffer full
[mlkem_channel] ciphertext refused token=523795543: ciphertext buffer full
[mlkem_channel] ciphertext refused token=2859576165: ciphertext buffer full
[mlkem_channel] ciphertext refused token=165912279: ciphertext buffer full
[mlkem_channel] ciphertext refused token=1853753076: ciphertext buffer full
[mlkem_channel] ciphertext refused token=1079635510: ciphertext buffer full
[mlkem_channel] ciphertext refused token=1750424656: ciphertext buffer full
[mlkem_channel] ciphertext refused token=2728600782: ciphertext buffer full
[mlkem_channel] ciphertext refused token=2987513783: ciphertext buffer full
[mlkem_channel] ciphertext refused token=3333582385: ciphertext buffer full
[mlkem_channel] ciphertext refused token=101572697: ciphertext buffer full
[mlkem_channel] ciphertext refused token=2076349058: ciphertext buffer full
[mlkem_channel] ciphertext refused token=715334453: ciphertext buffer full
[mlkem_channel] ciphertext refused token=1375367744: ciphertext buffer full
[mlkem_channel] ciphertext refused token=2765071963: ciphertext buffer full
[mlkem_channel] ciphertext refused token=4091918165: ciphertext buffer full
[mlkem_channel] ciphertext refused token=968535738: ciphertext buffer full
[mlkem_channel] ciphertext refused token=3608379371: ciphertext buffer full
[mlkem_channel] ciphertext refused token=2359214457: ciphertext buffer full
[mlkem_channel] ciphertext refused token=1398207743: ciphertext buffer full
[mlkem_channel] ciphertext refused token=1439561133: ciphertext buffer full
[mlkem_channel] ciphertext refused token=2368992503: ciphertext buffer full
[mlkem_channel] ciphertext refused token=3076571580: ciphertext buffer full
[mlkem_channel] ciphertext refused token=1680609001: ciphertext buffer full
[mlkem_channel] ciphertext refused token=1619827203: ciphertext buffer full
[mlkem_channel] ciphertext refused token=960449357: ciphertext buffer full
[mlkem_channel] ciphertext refused token=1190106172: ciphertext buffer full
[mlkem_channel] ciphertext refused token=1825102112: ciphertext buffer full
[mlkem_channel] ciphertext refused token=2104238382: ciphertext buffer full
[mlkem_channel] ciphertext refused token=586221981: ciphertext buffer full
[mlkem_channel] ciphertext refused token=2204762850: ciphertext buffer full
[mlkem_channel] ciphertext refused token=53683465: ciphertext buffer full
[mlkem_channel] ciphertext refused token=3575988104: ciphertext buffer full
[mlkem_channel] ciphertext refused token=185765248: ciphertext buffer full
[mlkem_channel] ciphertext refused token=2455362079: ciphertext buffer full
[mlkem_channel] ciphertext refused token=3053326333: ciphertext buffer full
[mlkem_channel] ciphertext refused token=2147262926: ciphertext buffer full
[mlkem_channel] ciphertext refused token=3063717541: ciphertext buffer full
[mlkem_channel] ciphertext refused token=1803484826: ciphertext buffer full
[mlkem_channel] ciphertext refused token=214460532: ciphertext buffer full
[mlkem_channel] ciphertext refused token=1041733418: ciphertext buffer full
[mlkem_channel] ciphertext refused token=3437673848: ciphertext buffer full
[mlkem_channel] ciphertext refused token=1138972772: ciphertext buffer full
[mlkem_channel] ciphertext refused token=2243918807: ciphertext buffer full
[mlkem_channel] ciphertext refused token=902898814: ciphertext buffer full
[mlkem_channel] ciphertext refused token=3562554533: ciphertext buffer full
[mlkem_channel] ciphertext refused token=2384686060: ciphertext buffer full
[mlkem_channel] ciphertext refused token=1777977589: ciphertext buffer full
[mlkem_channel] ciphertext refused token=2825621837: ciphertext buffer full
[mlkem_channel] ciphertext refused token=3135101970: ciphertext buffer full
[mlkem_channel] ciphertext refused token=1991736785: ciphertext buffer full
[mlkem_channel] ciphertext refused token=1579635840: ciphertext buffer full
[mlkem_channel] ciphertext refused token=980375224: ciphertext buffer full
[mlkem_channel] ciphertext refused token=2783105515: ciphertext buffer full
[mlkem_channel] ciphertext refused token=3337072702: ciphertext buffer full
[mlkem_channel] ciphertext refused token=3611710517: ciphertext buffer full
[mlkem_channel] ciphertext refused token=1463786018: ciphertext buffer full
[mlkem_channel] ciphertext refused token=40789066: ciphertext buffer full
[mlkem_channel] ciphertext refused token=1383579040: ciphertext buffer full
[mlkem_channel] ciphertext refused token=2846060404: ciphertext buffer full
[mlkem_channel] ciphertext refused token=1928308208: ciphertext buffer full
[mlkem_channel] ciphertext refused token=66338787: ciphertext buffer full
[mlkem_channel] ciphertext refused token=363144393: ciphertext buffer full
[mlkem_channel] ciphertext refused token=1125684191: ciphertext buffer full
[mlkem_channel] ciphertext refused token=2239998911: ciphertext buffer full
[mlkem_channel] ciphertext refused token=2731117757: ciphertext buffer full
[mlkem_channel] ciphertext refused token=1481085233: ciphertext buffer full
[mlkem_channel] ciphertext refused token=834502670: ciphertext buffer full
[mlkem_channel] ciphertext refused token=1345544894: ciphertext buffer full
[mlkem_channel] ciphertext refused token=1923952121: ciphertext buffer full
[mlkem_channel] ciphertext refused token=1981270533: ciphertext buffer full
[mlkem_channel] ciphertext refused token=4236280809: ciphertext buffer full
[mlkem_channel] ciphertext refused token=1479597894: ciphertext buffer full
[mlkem_channel] ciphertext refused token=1542546374: ciphertext buffer full
[mlkem_channel] ciphertext refused token=4040640575: ciphertext buffer full
[mlkem_channel] ciphertext refused token=2262594718: ciphertext buffer full
[mlkem_channel] ciphertext refused token=118278300: ciphertext buffer full
[mlkem_channel] ciphertext refused token=1044322862: ciphertext buffer full
[mlkem_channel] ciphertext refused token=738712412: ciphertext buffer full
[mlkem_channel] ciphertext refused token=744566950: ciphertext buffer full
[mlkem_channel] ciphertext refused token=4145620155: ciphertext buffer full
[mlkem_channel] ciphertext refused token=1088170291: ciphertext buffer full
[mlkem_channel] ciphertext refused token=1570954182: ciphertext buffer full
[mlkem_channel] ciphertext refused token=988645705: ciphertext buffer full
[mlkem_channel] ciphertext refused token=4168692887: ciphertext buffer full
[mlkem_channel] ciphertext refused token=6883547: ciphertext buffer full
[mlkem_channel] ciphertext refused token=2725624116: ciphertext buffer full
[mlkem_channel] ciphertext refused token=3779848905: ciphertext buffer full
[mlkem_channel] ciphertext refused token=2791782104: ciphertext buffer full
[mlkem_channel] ciphertext refused token=3755630439: ciphertext buffer full
[mlkem_channel] ciphertext refused token=1417121216: ciphertext buffer full
[mlkem_channel] ciphertext refused token=1111439465: ciphertext buffer full
[mlkem_channel] ciphertext refused token=699919402: ciphertext buffer full
[mlkem_channel] ciphertext refused token=4192095032: ciphertext buffer full
[mlkem_channel] ciphertext refused token=216468720: ciphertext buffer full
[mlkem_channel] ciphertext refused token=750474645: ciphertext buffer full
[mlkem_channel] ciphertext refused token=411937711: ciphertext buffer full
[mlkem_channel] ciphertext refused token=3979901953: ciphertext buffer full
[mlkem_channel] ciphertext refused token=687701746: ciphertext buffer full
[mlkem_channel] ciphertext refused token=4130264057: ciphertext buffer full
[mlkem_channel] ciphertext refused token=4077223197: ciphertext buffer full
[mlkem_channel] ciphertext refused token=3803770788: ciphertext buffer full
[mlkem_channel] ciphertext refused token=2082344224: ciphertext buffer full
[mlkem_channel] ciphertext refused token=1121410317: ciphertext buffer full
[mlkem_channel] ciphertext refused token=555050899: ciphertext buffer full
[mlkem_channel] ciphertext refused token=3857979648: ciphertext buffer full
[mlkem_channel] ciphertext refused token=1460952660: ciphertext buffer full
[mlkem_channel] ciphertext refused token=2257385047: ciphertext buffer full
[mlkem_channel] ciphertext refused token=2702757272: ciphertext buffer full
[mlkem_channel] ciphertext refused token=1901310240: ciphertext buffer full
[mlkem_channel] ciphertext refused token=3146234142: ciphertext buffer full
[mlkem_channel] ciphertext refused token=601872928: ciphertext buffer full
[mlkem_channel] ciphertext refused token=2308162453: ciphertext buffer full
[mlkem_channel] ciphertext refused token=3221052909: ciphertext buffer full
[mlkem_channel] ciphertext refused token=2758927912: ciphertext buffer full
[mlkem_channel] ciphertext refused token=3198635085: ciphertext buffer full
[mlkem_channel] ciphertext refused token=2511677725: ciphertext buffer full
[mlkem_channel] ciphertext refused token=655079977: ciphertext buffer full
[mlkem_channel] ciphertext refused token=3464121815: ciphertext buffer full
[mlkem_channel] ciphertext refused token=1155918442: ciphertext buffer full
[mlkem_channel] ciphertext refused token=2584653480: ciphertext buffer full
[mlkem_channel] ciphertext refused token=4253722663: ciphertext buffer full
[mlkem_channel] ciphertext refused token=4106096529: ciphertext buffer full
[mlkem_channel] ciphertext refused token=2546409640: ciphertext buffer full
[mlkem_channel] ciphertext refused token=2149479074: ciphertext buffer full
[mlkem_channel] ciphertext refused token=3152519469: ciphertext buffer full
[mlkem_channel] ciphertext refused token=2056676122: ciphertext buffer full
[mlkem_channel] ciphertext refused token=2816062060: ciphertext buffer full
[mlkem_channel] ciphertext refused token=3173798232: ciphertext buffer full
[mlkem_channel] ciphertext refused token=1958608660: ciphertext buffer full
[mlkem_channel] ciphertext refused token=2505556622: ciphertext buffer full
[mlkem_channel] ciphertext refused token=2787735463: ciphertext buffer full
[mlkem_channel] ciphertext refused token=3253303282: ciphertext buffer full
[mlkem_channel] ciphertext refused token=3999007039: ciphertext buffer full
[mlkem_channel] ciphertext refused token=4047328226: ciphertext buffer full
[mlkem_channel] ciphertext refused token=1999875466: ciphertext buffer full
[mlkem_channel] ciphertext refused token=2314690881: ciphertext buffer full
[mlkem_channel] ciphertext refused token=3217989895: ciphertext buffer full
[mlkem_channel] ciphertext refused token=3945949161: ciphertext buffer full
[mlkem_channel] ciphertext refused token=247494778: ciphertext buffer full
[mlkem_channel] ciphertext refused token=674318714: ciphertext buffer full
[mlkem_channel] ciphertext refused token=257881190: ciphertext buffer full
[mlkem_channel] ciphertext refused token=3615883539: ciphertext buffer full
[mlkem_channel] ciphertext refused token=2313551062: ciphertext buffer full
[mlkem_channel] ciphertext refused token=2064765173: ciphertext buffer full
[mlkem_channel] ciphertext refused token=760851345: ciphertext buffer full
[mlkem_channel] ciphertext refused token=2246569090: ciphertext buffer full
[mlkem_channel] ciphertext refused token=2582750974: ciphertext buffer full
[mlkem_channel] ciphertext refused token=1480507770: ciphertext buffer full
[mlkem_channel] ciphertext refused token=3837688309: ciphertext buffer full
[mlkem_channel] ciphertext refused token=1230437141: ciphertext buffer full
[mlkem_channel] ciphertext refused token=2597920300: ciphertext buffer full
[mlkem_channel] ciphertext refused token=1309915548: ciphertext buffer full
[mlkem_channel] ciphertext refused token=1627647299: ciphertext buffer full
[mlkem_channel] ciphertext refused token=1767452240: ciphertext buffer full
[mlkem_channel] ciphertext refused token=3479095258: ciphertext buffer full
[mlkem_channel] ciphertext refused token=2613050274: ciphertext buffer full
[mlkem_channel] ciphertext refused token=1993554172: ciphertext buffer full
[mlkem_channel] ciphertext refused token=2676422131: ciphertext buffer full
[mlkem_channel] ciphertext refused token=1322485349: ciphertext buffer full
[mlkem_channel] ciphertext refused token=3639779569: ciphertext buffer full
[mlkem_channel] ciphertext refused token=797797527: ciphertext buffer full
[mlkem_channel] ciphertext refused token=3306053500: ciphertext buffer full
[mlkem_channel] ciphertext refused token=359799665: ciphertext buffer full
[mlkem_channel] ciphertext refused token=1410372442: ciphertext buffer full
[mlkem_channel] ciphertext refused token=1940840131: ciphertext buffer full
[mlkem_channel] ciphertext refused token=1171732299: ciphertext buffer full
[mlkem_channel] ciphertext refused token=3131956750: ciphertext buffer full
[mlkem_channel] ciphertext refused token=4225314684: ciphertext buffer full
[mlkem_channel] ciphertext refused token=2309269034: ciphertext buffer full
[mlkem_channel] ciphertext refused token=2834485963: ciphertext buffer full
[mlkem_channel] ciphertext refused token=3759826368: ciphertext buffer full
[mlkem_channel] ciphertext refused token=1768621131: ciphertext buffer full
[mlkem_channel] ciphertext refused token=612496297: ciphertext buffer full
[mlkem_channel] ciphertext refused token=317104532: ciphertext buffer full
[mlkem_channel] ciphertext refused token=1211959575: ciphertext buffer full
[mlkem_channel] ciphertext refused token=1515147346: ciphertext buffer full
[mlkem_channel] ciphertext refused token=2335196842: ciphertext buffer full
[mlkem_channel] ciphertext refused token=2317379713: ciphertext buffer full
[mlkem_channel] ciphertext refused token=1740894357: ciphertext buffer full
[mlkem_channel] ciphertext refused token=4135608367: ciphertext buffer full
[mlkem_channel] ciphertext refused token=2535301843: ciphertext buffer full
[mlkem_channel] ciphertext refused token=1316625390: ciphertext buffer full
[mlkem_channel] ciphertext refused token=4090924184: ciphertext buffer full
[mlkem_channel] ciphertext refused token=2856417131: ciphertext buffer full
[mlkem_channel] ciphertext refused token=1262475383: ciphertext buffer full
[mlkem_channel] ciphertext refused token=411368115: ciphertext buffer full
[mlkem_channel] ciphertext refused token=1196024971: ciphertext buffer full
[mlkem_channel] ciphertext refused token=3899115124: ciphertext buffer full
[mlkem_channel] ciphertext refused token=1485452457: ciphertext buffer full
[mlkem_channel] ciphertext refused token=2617886295: ciphertext buffer full
[mlkem_channel] ciphertext refused token=3908428904: ciphertext buffer full
[mlkem_channel] ciphertext refused token=1713200921: ciphertext buffer full
[mlkem_channel] ciphertext refused token=3993663735: ciphertext buffer full
[mlkem_channel] ciphertext refused token=673874438: ciphertext buffer full
[mlkem_channel] ciphertext refused token=1858791870: ciphertext buffer full
[mlkem_channel] ciphertext refused token=984830904: ciphertext buffer full
[mlkem_channel] ciphertext refused token=3747018934: ciphertext buffer full
[mlkem_channel] ciphertext refused token=3736737125: ciphertext buffer full
[mlkem_channel] ciphertext refused token=57069920: ciphertext buffer full
[mlkem_channel] ciphertext refused token=2834566240: ciphertext buffer full
[mlkem_channel] ciphertext refused token=2694009312: ciphertext buffer full
[mlkem_channel] ciphertext refused token=3502394266: ciphertext buffer full
[mlkem_channel] ciphertext refused token=2621510583: ciphertext buffer full
[mlkem_channel] ciphertext refused token=174750057: ciphertext buffer full
[mlkem_channel] ciphertext refused token=1066820300: ciphertext buffer full
[mlkem_channel] ciphertext refused token=1960353113: ciphertext buffer full
[mlkem_channel] ciphertext refused token=965872612: ciphertext buffer full
[mlkem_channel] ciphertext refused token=131779484: ciphertext buffer full
[mlkem_channel] ciphertext refused token=3390572694: ciphertext buffer full
[mlkem_channel] ciphertext refused token=1664041542: ciphertext buffer full
[mlkem_channel] ciphertext refused token=3883422856: ciphertext buffer full
[mlkem_channel] ciphertext refused token=1719070690: ciphertext buffer full
[mlkem_channel] ciphertext refused token=309567665: ciphertext buffer full
[mlkem_channel] ciphertext refused token=2440922090: ciphertext buffer full
[mlkem_channel] ciphertext refused token=3504220002: ciphertext buffer full
[mlkem_channel] ciphertext refused token=1513166906: ciphertext buffer full
[mlkem_channel] ciphertext refused token=1183509804: ciphertext buffer full
[mlkem_channel] ciphertext refused token=2110108480: ciphertext buffer full
[mlkem_channel] ciphertext refused token=1577790649: ciphertext buffer full
[mlkem_channel] ciphertext refused token=3288188541: ciphertext buffer full
[mlkem_channel] ciphertext refused token=1062487594: ciphertext buffer full
[mlkem_channel] ciphertext refused token=2223455850: ciphertext buffer full
[mlkem_channel] ciphertext refused token=2165275024: ciphertext buffer full
[mlkem_channel] ciphertext refused token=1738057897: ciphertext buffer full
[mlkem_channel] ciphertext refused token=656166183: ciphertext buffer full
[mlkem_channel] ciphertext refused token=662627825: ciphertext buffer full
[mlkem_channel] ciphertext refused token=1211338125: ciphertext buffer full
[mlkem_channel] ciphertext refused token=775540644: ciphertext buffer full
[mlkem_channel] ciphertext refused token=1800800681: ciphertext buffer full
[mlkem_channel] ciphertext refused token=1716141726: ciphertext buffer full
[mlkem_channel] ciphertext refused token=705076066: ciphertext buffer full
[mlkem_channel] ciphertext refused token=2339503947: ciphertext buffer full
[mlkem_channel] ciphertext refused token=4124808165: ciphertext buffer full
[mlkem_channel] ciphertext refused token=1634053101: ciphertext buffer full
[mlkem_channel] ciphertext refused token=2940899476: ciphertext buffer full
[mlkem_channel] ciphertext refused token=3893026431: ciphertext buffer full
[mlkem_channel] ciphertext refused token=2537685873: ciphertext buffer full
[mlkem_channel] ciphertext refused token=2254000576: ciphertext buffer full
[mlkem_channel] ciphertext refused token=1966890342: ciphertext buffer full
[mlkem_channel] ciphertext refused token=722986471: ciphertext buffer full
[mlkem_channel] ciphertext refused token=606333599: ciphertext buffer full
[mlkem_channel] ciphertext refused token=761675681: ciphertext buffer full
[mlkem_channel] ciphertext refused token=370404460: ciphertext buffer full
[mlkem_channel] ciphertext refused token=2005294841: ciphertext buffer full
[mlkem_channel] ciphertext refused token=455528861: ciphertext buffer full
[mlkem_channel] ciphertext refused token=1193863448: ciphertext buffer full
[mlkem_channel] ciphertext refused token=316023759: ciphertext buffer full
[mlkem_channel] ciphertext refused token=1843512534: ciphertext buffer full
[mlkem_channel] ciphertext refused token=3370269546: ciphertext buffer full
[mlkem_channel] ciphertext refused token=153126410: ciphertext buffer full
[mlkem_channel] ciphertext refused token=2271032625: ciphertext buffer full
[mlkem_channel] ciphertext refused token=1840062199: ciphertext buffer full
[mlkem_channel] ciphertext refused token=876361682: ciphertext buffer full
[mlkem_channel] ciphertext refused token=109247014: ciphertext buffer full
[mlkem_channel] ciphertext refused token=31980773: ciphertext buffer full
[mlkem_channel] ciphertext refused token=412977278: ciphertext buffer full
[mlkem_channel] ciphertext refused token=1051063289: ciphertext buffer full
[mlkem_channel] ciphertext refused token=750278629: ciphertext buffer full
[mlkem_channel] ciphertext refused token=3923660937: ciphertext buffer full
[mlkem_channel] ciphertext refused token=661464854: ciphertext buffer full
[mlkem_channel] ciphertext refused token=4292145405: ciphertext buffer full
[mlkem_channel] ciphertext refused token=1804208762: ciphertext buffer full
[mlkem_channel] ciphertext refused token=1269684356: ciphertext buffer full
[mlkem_channel] ciphertext refused token=1779556507: ciphertext buffer full
[mlkem_channel] ciphertext refused token=4084916655: ciphertext buffer full
[mlkem_channel] ciphertext refused token=3021102514: ciphertext buffer full
[mlkem_channel] ciphertext refused token=3413554328: ciphertext buffer full
[mlkem_channel] ciphertext refused token=2712274807: ciphertext buffer full
[mlkem_channel] ciphertext refused token=1894634727: ciphertext buffer full
[mlkem_channel] ciphertext refused token=1496651327: ciphertext buffer full
[mlkem_channel] ciphertext refused token=2859736699: ciphertext buffer full
[mlkem_channel] ciphertext refused token=2826723046: ciphertext buffer full
[mlkem_channel] ciphertext refused token=2951343278: ciphertext buffer full
[mlkem_channel] ciphertext refused token=3523824688: ciphertext buffer full
[mlkem_channel] ciphertext refused token=376070229: ciphertext buffer full
[mlkem_channel] ciphertext refused token=1672573685: ciphertext buffer full
[mlkem_channel] ciphertext refused token=2026710730: ciphertext buffer full
[mlkem_channel] ciphertext refused token=1574632353: ciphertext buffer full
[mlkem_channel] ciphertext refused token=3671957334: ciphertext buffer full
[mlkem_channel] ciphertext refused token=3987517547: ciphertext buffer full
[mlkem_channel] ciphertext refused token=1111901047: ciphertext buffer full
[mlkem_channel] ciphertext refused token=2027708171: ciphertext buffer full
[mlkem_channel] ciphertext refused token=1183423548: ciphertext buffer full
[mlkem_channel] ciphertext refused token=182699542: ciphertext buffer full
[mlkem_channel] ciphertext refused token=3949904566: ciphertext buffer full
[mlkem_channel] ciphertext refused token=891508215: ciphertext buffer full
[mlkem_channel] ciphertext refused token=2185685569: ciphertext buffer full
[mlkem_channel] ciphertext refused token=1880452784: ciphertext buffer full
[mlkem_channel] ciphertext refused token=106608738: ciphertext buffer full
[mlkem_channel] ciphertext refused token=4081331547: ciphertext buffer full
[mlkem_channel] ciphertext refused token=1496916419: ciphertext buffer full
[mlkem_channel] ciphertext refused token=2678842390: ciphertext buffer full
[mlkem_channel] ciphertext refused token=1054572049: ciphertext buffer full
[mlkem_channel] ciphertext refused token=2573681904: ciphertext buffer full
[mlkem_channel] ciphertext refused token=3321859571: ciphertext buffer full
[mlkem_channel] ciphertext refused token=3390454086: ciphertext buffer full
[mlkem_channel] ciphertext refused token=3264819942: ciphertext buffer full
[mlkem_channel] ciphertext refused token=4108742568: ciphertext buffer full
[mlkem_channel] ciphertext refused token=2338373999: ciphertext buffer full
[mlkem_channel] ciphertext refused token=144041381: ciphertext buffer full
[mlkem_channel] ciphertext refused token=1912332139: ciphertext buffer full
[mlkem_channel] ciphertext refused token=2735647163: ciphertext buffer full
[mlkem_channel] ciphertext refused token=548151015: ciphertext buffer full
[mlkem_channel] ciphertext refused token=2946690407: ciphertext buffer full
[mlkem_channel] ciphertext refused token=3845648532: ciphertext buffer full
[mlkem_channel] ciphertext refused token=2378108413: ciphertext buffer full
[mlkem_channel] ciphertext refused token=1093667912: ciphertext buffer full
[mlkem_channel] ciphertext refused token=534483294: ciphertext buffer full
[mlkem_channel] ciphertext refused token=1377378009: ciphertext buffer full
[mlkem_channel] ciphertext refused token=4272169133: ciphertext buffer full
[mlkem_channel] ciphertext refused token=776575958: ciphertext buffer full
[mlkem_channel] ciphertext refused token=3210272502: ciphertext buffer full
[mlkem_channel] ciphertext refused token=917339850: ciphertext buffer full
[mlkem_channel] ciphertext refused token=2321602547: ciphertext buffer full
[mlkem_channel] ciphertext refused token=4250765665: ciphertext buffer full
[mlkem_channel] ciphertext refused token=2292823241: ciphertext buffer full
[mlkem_channel] ciphertext refused token=1584349044: ciphertext buffer full
[mlkem_channel] ciphertext refused token=1165754732: ciphertext buffer full
[mlkem_channel] ciphertext refused token=277134243: ciphertext buffer full
[mlkem_channel] ciphertext refused token=3064106598: ciphertext buffer full
[mlkem_channel] ciphertext refused token=3979998679: ciphertext buffer full
[mlkem_channel] ciphertext refused token=237339496: ciphertext buffer full
[mlkem_channel] ciphertext refused token=1625161114: ciphertext buffer full
[mlkem_channel] ciphertext refused token=3651556474: ciphertext buffer full
[mlkem_channel] ciphertext refused token=612388170: ciphertext buffer full
[mlkem_channel] ciphertext refused token=1742638733: ciphertext buffer full
[mlkem_channel] ciphertext refused token=4071464882: ciphertext buffer full
[mlkem_channel] ciphertext refused token=3171444327: ciphertext buffer full
[mlkem_channel] ciphertext refused token=3864176657: ciphertext buffer full
[mlkem_channel] ciphertext refused token=3489006653: ciphertext buffer full
[mlkem_channel] ciphertext refused token=2774705348: ciphertext buffer full
[mlkem_channel] ciphertext refused token=4212707874: ciphertext buffer full
[mlkem_channel] ciphertext refused token=2530293254: ciphertext buffer full
[mlkem_channel] ciphertext refused token=153908289: ciphertext buffer full
[mlkem_channel] ciphertext refused token=2334291148: ciphertext buffer full
[mlkem_channel] ciphertext refused token=2488430647: ciphertext buffer full
[mlkem_channel] ciphertext refused token=3017306096: ciphertext buffer full
[mlkem_channel] ciphertext refused token=2000789064: ciphertext buffer full
[mlkem_channel] ciphertext refused token=417053048: ciphertext buffer full
[mlkem_channel] ciphertext refused token=2589849069: ciphertext buffer full
[mlkem_channel] ciphertext refused token=1781635343: ciphertext buffer full
[mlkem_channel] ciphertext refused token=436948004: ciphertext buffer full
[mlkem_channel] ciphertext refused token=3491051608: ciphertext buffer full
[mlkem_channel] ciphertext refused token=4196373433: ciphertext buffer full
[mlkem_channel] ciphertext refused token=2070529696: ciphertext buffer full
[mlkem_channel] ciphertext refused token=3781772471: ciphertext buffer full
[mlkem_channel] ciphertext refused token=2896949301: ciphertext buffer full
[mlkem_channel] ciphertext refused token=2141602013: ciphertext buffer full
[mlkem_channel] ciphertext refused token=3752059216: ciphertext buffer full
[mlkem_channel] ciphertext refused token=1915047817: ciphertext buffer full
[mlkem_channel] ciphertext refused token=185279660: ciphertext buffer full
[mlkem_channel] ciphertext refused token=1595753759: ciphertext buffer full
[mlkem_channel] ciphertext refused token=1004117154: ciphertext buffer full
[mlkem_channel] ciphertext refused token=1779334610: ciphertext buffer full
[mlkem_channel] ciphertext refused token=2911230029: ciphertext buffer full
[mlkem_channel] ciphertext refused token=2466183364: ciphertext buffer full
[mlkem_channel] ciphertext refused token=3673495404: ciphertext buffer full
[mlkem_channel] ciphertext refused token=539494476: ciphertext buffer full
[mlkem_channel] ciphertext refused token=1012615068: ciphertext buffer full
[mlkem_channel] ciphertext refused token=467933483: ciphertext buffer full
[mlkem_channel] ciphertext refused token=1437157721: ciphertext buffer full
[mlkem_channel] ciphertext refused token=4234031469: ciphertext buffer full
[mlkem_channel] ciphertext refused token=353937725: ciphertext buffer full
[mlkem_channel] ciphertext refused token=2496890657: ciphertext buffer full
[mlkem_channel] ciphertext refused token=95536255: ciphertext buffer full
[mlkem_channel] ciphertext refused token=1331924697: ciphertext buffer full
[mlkem_channel] ciphertext refused token=2757629960: ciphertext buffer full
[mlkem_channel] ciphertext refused token=1641885598: ciphertext buffer full
[mlkem_channel] ciphertext refused token=1742259706: ciphertext buffer full
[mlkem_channel] ciphertext refused token=3321377485: ciphertext buffer full
[mlkem_channel] ciphertext refused token=156263706: ciphertext buffer full
[mlkem_channel] ciphertext refused token=2228505364: ciphertext buffer full
[mlkem_channel] ciphertext refused token=4141919503: ciphertext buffer full
[mlkem_channel] ciphertext refused token=1722974340: ciphertext buffer full
[mlkem_channel] ciphertext refused token=625596816: ciphertext buffer full
[mlkem_channel] ciphertext refused token=3470285832: ciphertext buffer full
[mlkem_channel] ciphertext refused token=241384297: ciphertext buffer full
[mlkem_channel] ciphertext refused token=2331486898: ciphertext buffer full
[mlkem_channel] ciphertext refused token=3792464111: ciphertext buffer full
[mlkem_channel] ciphertext refused token=3837281394: ciphertext buffer full
[mlkem_channel] ciphertext refused token=2809567829: ciphertext buffer full
[mlkem_channel] ciphertext refused token=1475775627: ciphertext buffer full
[mlkem_channel] ciphertext refused token=2408999579: ciphertext buffer full
[mlkem_channel] ciphertext refused token=3286730818: ciphertext buffer full
[mlkem_channel] ciphertext refused token=3367081453: ciphertext buffer full
[mlkem_channel] ciphertext refused token=2096165725: ciphertext buffer full
[mlkem_channel] ciphertext refused token=2450469585: ciphertext buffer full
[mlkem_channel] ciphertext refused token=2830810217: ciphertext buffer full
[mlkem_channel] ciphertext refused token=4222926637: ciphertext buffer full
[mlkem_channel] ciphertext refused token=957885307: ciphertext buffer full
[mlkem_channel] ciphertext refused token=3883784725: ciphertext buffer full
[mlkem_channel] ciphertext refused token=711220717: ciphertext buffer full
[mlkem_channel] ciphertext refused token=3111449546: ciphertext buffer full
[mlkem_channel] ciphertext refused token=424909918: ciphertext buffer full
[mlkem_channel] ciphertext refused token=4002933013: ciphertext buffer full
[mlkem_channel] ciphertext refused token=2968785901: ciphertext buffer full
[mlkem_channel] ciphertext refused token=3011407652: ciphertext buffer full
[mlkem_channel] ciphertext refused token=2865546720: ciphertext buffer full
[mlkem_channel] ciphertext refused token=321141828: ciphertext buffer full
[mlkem_channel] ciphertext refused token=1945653754: ciphertext buffer full
[mlkem_channel] ciphertext refused token=894781055: ciphertext buffer full
[mlkem_channel] ciphertext refused token=2118944334: ciphertext buffer full
[mlkem_channel] ciphertext refused token=2651124158: ciphertext buffer full
[mlkem_channel] ciphertext refused token=2113259849: ciphertext buffer full
[mlkem_channel] ciphertext refused token=602441233: ciphertext buffer full
[mlkem_channel] ciphertext refused token=3684232868: ciphertext buffer full
[mlkem_channel] ciphertext refused token=1322806920: ciphertext buffer full
[mlkem_channel] ciphertext refused token=643885538: ciphertext buffer full
[mlkem_channel] ciphertext refused token=2682171806: ciphertext buffer full
[mlkem_channel] ciphertext refused token=2348523682: ciphertext buffer full
[mlkem_channel] ciphertext refused token=927207702: ciphertext buffer full
[mlkem_channel] ciphertext refused token=1459271817: ciphertext buffer full
[mlkem_channel] ciphertext refused token=2051731193: ciphertext buffer full
[mlkem_channel] ciphertext refused token=2910170297: ciphertext buffer full
[mlkem_channel] ciphertext refused token=1355534350: ciphertext buffer full
[mlkem_channel] ciphertext refused token=292299706: ciphertext buffer full
[mlkem_channel] ciphertext refused token=4157388236: ciphertext buffer full
[mlkem_channel] ciphertext refused token=3389331862: ciphertext buffer full
[mlkem_channel] ciphertext refused token=1979533668: ciphertext buffer full
[mlkem_channel] ciphertext refused token=2427324002: ciphertext buffer full
[mlkem_channel] ciphertext refused token=3535948119: ciphertext buffer full
[mlkem_channel] ciphertext refused token=1977934233: ciphertext buffer full
[mlkem_channel] ciphertext refused token=4067480368: ciphertext buffer full
[mlkem_channel] ciphertext refused token=2663444110: ciphertext buffer full
[mlkem_channel] ciphertext refused token=3170450075: ciphertext buffer full
[mlkem_channel] ciphertext refused token=835259231: ciphertext buffer full
[mlkem_channel] ciphertext refused token=3063640956: ciphertext buffer full
[mlkem_channel] ciphertext refused token=2823991217: ciphertext buffer full
[mlkem_channel] ciphertext refused token=646415171: ciphertext buffer full
[mlkem_channel] ciphertext refused token=10743228: ciphertext buffer full
[mlkem_channel] ciphertext refused token=310894227: ciphertext buffer full
[mlkem_channel] ciphertext refused token=463942276: ciphertext buffer full
[mlkem_channel] ciphertext refused token=3101104105: ciphertext buffer full
[mlkem_channel] ciphertext refused token=428842090: ciphertext buffer full
[mlkem_channel] ciphertext refused token=540399930: ciphertext buffer full
[mlkem_channel] ciphertext refused token=325252627: ciphertext buffer full
[mlkem_channel] ciphertext refused token=324782845: ciphertext buffer full
[mlkem_channel] ciphertext refused token=3433953893: ciphertext buffer full
[mlkem_channel] ciphertext refused token=328972714: ciphertext buffer full
[mlkem_channel] ciphertext refused token=937280347: ciphertext buffer full
[mlkem_channel] ciphertext refused token=253014705: ciphertext buffer full
[mlkem_channel] ciphertext refused token=999807476: ciphertext buffer full
[mlkem_channel] ciphertext refused token=60568321: ciphertext buffer full
[mlkem_channel] ciphertext refused token=456324840: ciphertext buffer full
[mlkem_channel] ciphertext refused token=469479252: ciphertext buffer full
[mlkem_channel] ciphertext refused token=4089292768: ciphertext buffer full
[mlkem_channel] ciphertext refused token=2516783265: ciphertext buffer full
[mlkem_channel] ciphertext refused token=2656701705: ciphertext buffer full
[mlkem_channel] ciphertext refused token=3680866940: ciphertext buffer full
[mlkem_channel] ciphertext refused token=2307192832: ciphertext buffer full
[mlkem_channel] ciphertext refused token=15759660: ciphertext buffer full
[mlkem_channel] ciphertext refused token=1887806316: ciphertext buffer full
[mlkem_channel] ciphertext refused token=1790169551: ciphertext buffer full
[mlkem_channel] ciphertext refused token=3707151383: ciphertext buffer full
[mlkem_channel] ciphertext refused token=4192598030: ciphertext buffer full
[mlkem_channel] ciphertext refused token=3766540890: ciphertext buffer full
[mlkem_channel] ciphertext refused token=486129409: ciphertext buffer full
[mlkem_channel] ciphertext refused token=2839911847: ciphertext buffer full
[mlkem_channel] ciphertext refused token=3648208052: ciphertext buffer full
[mlkem_channel] ciphertext refused token=907587029: ciphertext buffer full
[mlkem_channel] ciphertext refused token=4104782618: ciphertext buffer full
[mlkem_channel] ciphertext refused token=328498822: ciphertext buffer full
[mlkem_channel] ciphertext refused token=198484474: ciphertext buffer full
[mlkem_channel] ciphertext refused token=3840407153: ciphertext buffer full
[mlkem_channel] ciphertext refused token=3743638914: ciphertext buffer full
[mlkem_channel] ciphertext refused token=3801907025: ciphertext buffer full
[mlkem_channel] ciphertext refused token=152524762: ciphertext buffer full
[mlkem_channel] ciphertext refused token=569622031: ciphertext buffer full
[mlkem_channel] ciphertext refused token=2304933462: ciphertext buffer full
[mlkem_channel] ciphertext refused token=3021630635: ciphertext buffer full
[mlkem_channel] ciphertext refused token=3900810480: ciphertext buffer full
[mlkem_channel] ciphertext refused token=1712460832: ciphertext buffer full
[mlkem_channel] ciphertext refused token=2914532892: ciphertext buffer full
[mlkem_channel] ciphertext refused token=4250826236: ciphertext buffer full
[mlkem_channel] ciphertext refused token=2789323889: ciphertext buffer full
[mlkem_channel] ciphertext refused token=3950454572: ciphertext buffer full
[mlkem_channel] ciphertext refused token=1781486507: ciphertext buffer full
[mlkem_channel] ciphertext refused token=564464163: ciphertext buffer full
[mlkem_channel] ciphertext refused token=863809300: ciphertext buffer full
[mlkem_channel] ciphertext refused token=493704451: ciphertext buffer full
[mlkem_channel] ciphertext refused token=2836869358: ciphertext buffer full
[mlkem_channel] ciphertext refused token=327919015: ciphertext buffer full
[mlkem_channel] ciphertext refused token=175415523: ciphertext buffer full
[mlkem_channel] ciphertext refused token=2501090221: ciphertext buffer full
[mlkem_channel] ciphertext refused token=3397157722: ciphertext buffer full
[mlkem_channel] ciphertext refused token=18088642: ciphertext buffer full
[mlkem_channel] ciphertext refused token=2773393471: ciphertext buffer full
[mlkem_channel] ciphertext refused token=987581481: ciphertext buffer full
[mlkem_channel] ciphertext refused token=2123667342: ciphertext buffer full
[mlkem_channel] ciphertext refused token=2466743603: ciphertext buffer full
[mlkem_channel] ciphertext refused token=1976346841: ciphertext buffer full
[mlkem_channel] ciphertext refused token=3440606013: ciphertext buffer full
[mlkem_channel] ciphertext refused token=2726417272: ciphertext buffer full
[mlkem_channel] ciphertext refused token=73448576: ciphertext buffer full
[mlkem_channel] ciphertext refused token=247771334: ciphertext buffer full
[mlkem_channel] ciphertext refused token=2787930369: ciphertext buffer full
[mlkem_channel] ciphertext refused token=4129082169: ciphertext buffer full
[mlkem_channel] ciphertext refused token=1345633682: ciphertext buffer full
[mlkem_channel] ciphertext refused token=3164156172: ciphertext buffer full
[mlkem_channel] ciphertext refused token=2644386238: ciphertext buffer full
[mlkem_channel] ciphertext refused token=2462060393: ciphertext buffer full
[mlkem_channel] ciphertext refused token=2700919867: ciphertext buffer full
[mlkem_channel] ciphertext refused token=2450309740: ciphertext buffer full
[mlkem_channel] ciphertext refused token=2833843668: ciphertext buffer full
[mlkem_channel] ciphertext refused token=1994548676: ciphertext buffer full
[mlkem_channel] ciphertext refused token=3897384556: ciphertext buffer full
[mlkem_channel] ciphertext refused token=831021266: ciphertext buffer full
[mlkem_channel] ciphertext refused token=3428053731: ciphertext buffer full
[mlkem_channel] ciphertext refused token=2928086484: ciphertext buffer full
[mlkem_channel] ciphertext refused token=1996424253: ciphertext buffer full
[mlkem_channel] ciphertext refused token=1136902457: ciphertext buffer full
[mlkem_channel] ciphertext refused token=1768502949: ciphertext buffer full
[mlkem_channel] ciphertext refused token=2799286702: ciphertext buffer full
[mlkem_channel] ciphertext refused token=1616099267: ciphertext buffer full
[mlkem_channel] ciphertext refused token=1232196206: ciphertext buffer full
[mlkem_channel] ciphertext refused token=1835578961: ciphertext buffer full
[mlkem_channel] ciphertext refused token=632650240: ciphertext buffer full
[mlkem_channel] ciphertext refused token=2913825881: ciphertext buffer full
[mlkem_channel] ciphertext refused token=335898339: ciphertext buffer full
[mlkem_channel] ciphertext refused token=2074969633: ciphertext buffer full
[mlkem_channel] ciphertext refused token=3253531567: ciphertext buffer full
[mlkem_channel] ciphertext refused token=3280623089: ciphertext buffer full
[mlkem_channel] ciphertext refused token=1916465087: ciphertext buffer full
[mlkem_channel] ciphertext refused token=3464058973: ciphertext buffer full
[mlkem_channel] ciphertext refused token=3243388848: ciphertext buffer full
[mlkem_channel] ciphertext refused token=569646936: ciphertext buffer full
[mlkem_channel] ciphertext refused token=3043348381: ciphertext buffer full
[mlkem_channel] ciphertext refused token=25619117: ciphertext buffer full
[mlkem_channel] ciphertext refused token=3967091208: ciphertext buffer full
[mlkem_channel] ciphertext refused token=3170462396: ciphertext buffer full
[mlkem_channel] ciphertext refused token=2125307112: ciphertext buffer full
[mlkem_channel] ciphertext refused token=3669386043: ciphertext buffer full
[mlkem_channel] ciphertext refused token=1315708980: ciphertext buffer full
[mlkem_channel] ciphertext refused token=339466522: ciphertext buffer full
[mlkem_channel] ciphertext refused token=3138174081: ciphertext buffer full
[mlkem_channel] ciphertext refused token=3982949846: ciphertext buffer full
[mlkem_channel] ciphertext refused token=3644055601: ciphertext buffer full
[mlkem_channel] ciphertext refused token=1740560057: ciphertext buffer full
[mlkem_channel] ciphertext refused token=1747429454: ciphertext buffer full
[mlkem_channel] ciphertext refused token=1236148846: ciphertext buffer full
[mlkem_channel] ciphertext refused token=2968973823: ciphertext buffer full
[mlkem_channel] ciphertext refused token=3670919909: ciphertext buffer full
[mlkem_channel] ciphertext refused token=15873987: ciphertext buffer full
[mlkem_channel] ciphertext refused token=577842922: ciphertext buffer full
[mlkem_channel] ciphertext refused token=1405086463: ciphertext buffer full
[mlkem_channel] ciphertext refused token=4007241905: ciphertext buffer full
[mlkem_channel] ciphertext refused token=2511185573: ciphertext buffer full
[mlkem_channel] ciphertext refused token=1852464507: ciphertext buffer full
[mlkem_channel] ciphertext refused token=4039907023: ciphertext buffer full
[mlkem_channel] ciphertext refused token=869207666: ciphertext buffer full
[mlkem_channel] ciphertext refused token=3867533111: ciphertext buffer full
[mlkem_channel] ciphertext refused token=3876210808: ciphertext buffer full
[mlkem_channel] ciphertext refused token=1760106282: ciphertext buffer full
[mlkem_channel] ciphertext refused token=77121814: ciphertext buffer full
[mlkem_channel] ciphertext refused token=1249909021: ciphertext buffer full
[mlkem_channel] ciphertext refused token=1783150530: ciphertext buffer full
[mlkem_channel] ciphertext refused token=4289222605: ciphertext buffer full
[mlkem_channel] ciphertext refused token=4067547940: ciphertext buffer full
[mlkem_channel] ciphertext refused token=3290916053: ciphertext buffer full
[mlkem_channel] ciphertext refused token=3561532955: ciphertext buffer full
[mlkem_channel] ciphertext refused token=3471398715: ciphertext buffer full
[mlkem_channel] ciphertext refused token=2258012283: ciphertext buffer full
[mlkem_channel] ciphertext refused token=3934794957: ciphertext buffer full
[mlkem_channel] ciphertext refused token=1572809537: ciphertext buffer full
[mlkem_channel] ciphertext refused token=751265038: ciphertext buffer full
[mlkem_channel] ciphertext refused token=1937144347: ciphertext buffer full
[mlkem_channel] ciphertext refused token=3569235025: ciphertext buffer full
[mlkem_channel] ciphertext refused token=3769141964: ciphertext buffer full
[mlkem_channel] ciphertext refused token=3803775091: ciphertext buffer full
[mlkem_channel] ciphertext refused token=2729180085: ciphertext buffer full
[mlkem_channel] ciphertext refused token=1865107814: ciphertext buffer full
[mlkem_channel] ciphertext refused token=3947843649: ciphertext buffer full
[mlkem_channel] ciphertext refused token=1918649981: ciphertext buffer full
[mlkem_channel] ciphertext refused token=1951498035: ciphertext buffer full
[mlkem_channel] ciphertext refused token=1789264461: ciphertext buffer full
[mlkem_channel] ciphertext refused token=4062021391: ciphertext buffer full
[mlkem_channel] ciphertext refused token=3719704032: ciphertext buffer full
[mlkem_channel] ciphertext refused token=607737371: ciphertext buffer full
[mlkem_channel] ciphertext refused token=2838302070: ciphertext buffer full
[mlkem_channel] ciphertext refused token=1533196767: ciphertext buffer full
[mlkem_channel] ciphertext refused token=3462455492: ciphertext buffer full
[mlkem_channel] ciphertext refused token=1023858301: ciphertext buffer full
[mlkem_channel] ciphertext refused token=3901906960: ciphertext buffer full
[mlkem_channel] ciphertext refused token=348806071: ciphertext buffer full
[mlkem_channel] ciphertext refused token=3262553256: ciphertext buffer full
[mlkem_channel] ciphertext refused token=243796322: ciphertext buffer full
[mlkem_channel] ciphertext refused token=296870735: ciphertext buffer full
[mlkem_channel] ciphertext refused token=2829855993: ciphertext buffer full
[mlkem_channel] ciphertext refused token=4230301823: ciphertext buffer full
[mlkem_channel] ciphertext refused token=117397751: ciphertext buffer full
[mlkem_channel] ciphertext refused token=3218730108: ciphertext buffer full
[mlkem_channel] ciphertext refused token=1312094014: ciphertext buffer full
[mlkem_channel] ciphertext refused token=2573022513: ciphertext buffer full
[mlkem_channel] ciphertext refused token=2775589541: ciphertext buffer full
[mlkem_channel] ciphertext refused token=2617670216: ciphertext buffer full
[mlkem_channel] ciphertext refused token=118390912: ciphertext buffer full
[mlkem_channel] ciphertext refused token=2362124987: ciphertext buffer full
[mlkem_channel] ciphertext refused token=205299820: ciphertext buffer full
[mlkem_channel] ciphertext refused token=2811413739: ciphertext buffer full
[mlkem_channel] ciphertext refused token=1970881073: ciphertext buffer full
[mlkem_channel] ciphertext refused token=2411414642: ciphertext buffer full
[mlkem_channel] ciphertext refused token=652384487: ciphertext buffer full
[mlkem_channel] ciphertext refused token=4133388642: ciphertext buffer full
[mlkem_channel] ciphertext refused token=2802798823: ciphertext buffer full
[mlkem_channel] ciphertext refused token=3395678012: ciphertext buffer full
[mlkem_channel] ciphertext refused token=3171633856: ciphertext buffer full
[mlkem_channel] ciphertext refused token=3086284051: ciphertext buffer full
[mlkem_channel] ciphertext refused token=3968402018: ciphertext buffer full
[mlkem_channel] ciphertext refused token=3349559890: ciphertext buffer full
[mlkem_channel] ciphertext refused token=2855299129: ciphertext buffer full
[mlkem_channel] ciphertext refused token=3165922070: ciphertext buffer full
[mlkem_channel] ciphertext refused token=2950921536: ciphertext buffer full
[mlkem_channel] ciphertext refused token=2614307012: ciphertext buffer full
[mlkem_channel] ciphertext refused token=2633773058: ciphertext buffer full
[mlkem_channel] ciphertext refused token=1584009752: ciphertext buffer full
[mlkem_channel] ciphertext refused token=3720809698: ciphertext buffer full
[mlkem_channel] ciphertext refused token=2849766795: ciphertext buffer full
[mlkem_channel] ciphertext refused token=3695693249: ciphertext buffer full
[mlkem_channel] ciphertext refused token=1213189497: ciphertext buffer full
[mlkem_channel] ciphertext refused token=3450469450: ciphertext buffer full
[mlkem_channel] ciphertext refused token=365256263: ciphertext buffer full
[mlkem_channel] ciphertext refused token=3817933626: ciphertext buffer full
[mlkem_channel] ciphertext refused token=1340702116: ciphertext buffer full
[mlkem_channel] ciphertext refused token=2410595813: ciphertext buffer full
[mlkem_channel] ciphertext refused token=4064416544: ciphertext buffer full
[mlkem_channel] ciphertext refused token=680194471: ciphertext buffer full
[mlkem_channel] ciphertext refused token=1904819160: ciphertext buffer full
[mlkem_channel] ciphertext refused token=2732257525: ciphertext buffer full
[mlkem_channel] ciphertext refused token=1592111959: ciphertext buffer full
[mlkem_channel] ciphertext refused token=1336564053: ciphertext buffer full
[mlkem_channel] ciphertext refused token=3436515941: ciphertext buffer full
[mlkem_channel] ciphertext refused token=2468556824: ciphertext buffer full
[mlkem_channel] ciphertext refused token=2217628596: ciphertext buffer full
[mlkem_channel] ciphertext refused token=283289965: ciphertext buffer full
[mlkem_channel] ciphertext refused token=3891224924: ciphertext buffer full
[mlkem_channel] ciphertext refused token=2155107189: ciphertext buffer full
[mlkem_channel] ciphertext refused token=1201600576: ciphertext buffer full
[mlkem_channel] ciphertext refused token=2210194196: ciphertext buffer full
[mlkem_channel] ciphertext refused token=3030293036: ciphertext buffer full
[mlkem_channel] ciphertext refused token=422067930: ciphertext buffer full
[mlkem_channel] ciphertext refused token=1082627288: ciphertext buffer full
[mlkem_channel] ciphertext refused token=881143273: ciphertext buffer full
[mlkem_channel] ciphertext refused token=2879333197: ciphertext buffer full
[mlkem_channel] ciphertext refused token=3078823468: ciphertext buffer full
[mlkem_channel] ciphertext refused token=1819267615: ciphertext buffer full
[mlkem_channel] ciphertext refused token=953442860: ciphertext buffer full
[mlkem_channel] ciphertext refused token=205125683: ciphertext buffer full
[mlkem_channel] ciphertext refused token=3173225594: ciphertext buffer full
[mlkem_channel] ciphertext refused token=3392267362: ciphertext buffer full
[mlkem_channel] ciphertext refused token=1788267302: ciphertext buffer full
[mlkem_channel] ciphertext refused token=2133766745: ciphertext buffer full
[mlkem_channel] ciphertext refused token=3046605098: ciphertext buffer full
[mlkem_channel] ciphertext refused token=2815293048: ciphertext buffer full
[mlkem_channel] ciphertext refused token=3859408000: ciphertext buffer full
[mlkem_channel] ciphertext refused token=1037904556: ciphertext buffer full
[mlkem_channel] ciphertext refused token=471437487: ciphertext buffer full
[mlkem_channel] ciphertext refused token=4159863900: ciphertext buffer full
[mlkem_channel] ciphertext refused token=1780908217: ciphertext buffer full
[mlkem_channel] ciphertext refused token=456252371: ciphertext buffer full
[mlkem_channel] ciphertext refused token=784821513: ciphertext buffer full
[mlkem_channel] ciphertext refused token=2407069893: ciphertext buffer full
[mlkem_channel] ciphertext refused token=2160189277: ciphertext buffer full
[mlkem_channel] ciphertext refused token=501260203: ciphertext buffer full
[mlkem_channel] ciphertext refused token=4274253546: ciphertext buffer full
[mlkem_channel] ciphertext refused token=4225620460: ciphertext buffer full
[mlkem_channel] ciphertext refused token=201507323: ciphertext buffer full
[mlkem_channel] ciphertext refused token=1954520258: ciphertext buffer full
[mlkem_channel] ciphertext refused token=1200078226: ciphertext buffer full
[mlkem_channel] ciphertext refused token=2692169109: ciphertext buffer full
[mlkem_channel] ciphertext refused token=28618352: ciphertext buffer full
[mlkem_channel] ciphertext refused token=1932305075: ciphertext buffer full
[mlkem_channel] ciphertext refused token=3109374170: ciphertext buffer full
[mlkem_channel] ciphertext refused token=1769110494: ciphertext buffer full
[mlkem_channel] ciphertext refused token=268775596: ciphertext buffer full
[mlkem_channel] ciphertext refused token=4153841958: ciphertext buffer full
[mlkem_channel] ciphertext refused token=2175677698: ciphertext buffer full
[mlkem_channel] ciphertext refused token=4088407987: ciphertext buffer full
[mlkem_channel] ciphertext refused token=4110705492: ciphertext buffer full
[mlkem_channel] ciphertext refused token=1491336221: ciphertext buffer full
[mlkem_channel] ciphertext refused token=929592838: ciphertext buffer full
[mlkem_channel] ciphertext refused token=365381238: ciphertext buffer full
[mlkem_channel] ciphertext refused token=827424184: ciphertext buffer full
[mlkem_channel] ciphertext refused token=4091027909: ciphertext buffer full
[mlkem_channel] ciphertext refused token=934162329: ciphertext buffer full
[mlkem_channel] ciphertext refused token=775011722: ciphertext buffer full
[mlkem_channel] ciphertext refused token=2270430968: ciphertext buffer full
[mlkem_channel] ciphertext refused token=513604352: ciphertext buffer full
[mlkem_channel] ciphertext refused token=271777426: ciphertext buffer full
[mlkem_channel] ciphertext refused token=4231393600: ciphertext buffer full
[mlkem_channel] ciphertext refused token=2263164147: ciphertext buffer full
[mlkem_channel] ciphertext refused token=234575364: ciphertext buffer full
[mlkem_channel] ciphertext refused token=132887369: ciphertext buffer full
[mlkem_channel] ciphertext refused token=3509473974: ciphertext buffer full
[mlkem_channel] ciphertext refused token=1549523415: ciphertext buffer full
[mlkem_channel] ciphertext refused token=2107024633: ciphertext buffer full
[mlkem_channel] ciphertext refused token=1020524043: ciphertext buffer full
[mlkem_channel] ciphertext refused token=2767919784: ciphertext buffer full
[mlkem_channel] ciphertext refused token=1401411207: ciphertext buffer full
[mlkem_channel] ciphertext refused token=488292191: ciphertext buffer full
[mlkem_channel] ciphertext refused token=3243963242: ciphertext buffer full
[mlkem_channel] ciphertext refused token=2380495027: ciphertext buffer full
[mlkem_channel] ciphertext refused token=606885934: ciphertext buffer full
[mlkem_channel] ciphertext refused token=2488164341: ciphertext buffer full
[mlkem_channel] ciphertext refused token=371967363: ciphertext buffer full
[mlkem_channel] ciphertext refused token=404779817: ciphertext buffer full
[mlkem_channel] ciphertext refused token=1670193090: ciphertext buffer full
[mlkem_channel] ciphertext refused token=728587531: ciphertext buffer full
[mlkem_channel] ciphertext refused token=200783139: ciphertext buffer full
[mlkem_channel] ciphertext refused token=314072547: ciphertext buffer full
[mlkem_channel] ciphertext refused token=3369591820: ciphertext buffer full
[mlkem_channel] ciphertext refused token=1316956040: ciphertext buffer full
[mlkem_channel] ciphertext refused token=1839066048: ciphertext buffer full
[mlkem_channel] ciphertext refused token=4105462795: ciphertext buffer full
[mlkem_channel] ciphertext refused token=2497487897: ciphertext buffer full
[mlkem_channel] ciphertext refused token=766971440: ciphertext buffer full
[mlkem_channel] ciphertext refused token=906874253: ciphertext buffer full
[mlkem_channel] ciphertext refused token=2033833937: ciphertext buffer full
[mlkem_channel] ciphertext refused token=39149383: ciphertext buffer full
[mlkem_channel] ciphertext refused token=2023940369: ciphertext buffer full
[mlkem_channel] ciphertext refused token=369161285: ciphertext buffer full
[mlkem_channel] ciphertext refused token=1291513546: ciphertext buffer full
[mlkem_channel] ciphertext refused token=1114573338: ciphertext buffer full
[mlkem_channel] ciphertext refused token=3717222625: ciphertext buffer full
[mlkem_channel] ciphertext refused token=2759531917: ciphertext buffer full
[mlkem_channel] ciphertext refused token=2913108701: ciphertext buffer full
[mlkem_channel] ciphertext refused token=1253542976: ciphertext buffer full
[mlkem_channel] ciphertext refused token=2374153094: ciphertext buffer full
[mlkem_channel] ciphertext refused token=3511364412: ciphertext buffer full
[mlkem_channel] ciphertext refused token=1500019863: ciphertext buffer full
[mlkem_channel] ciphertext refused token=763404674: ciphertext buffer full
[mlkem_channel] ciphertext refused token=1819034214: ciphertext buffer full
[mlkem_channel] ciphertext refused token=2427449130: ciphertext buffer full
[mlkem_channel] ciphertext refused token=561144873: ciphertext buffer full
[mlkem_channel] ciphertext refused token=2680057156: ciphertext buffer full
[mlkem_channel] ciphertext refused token=1935086679: ciphertext buffer full
[mlkem_channel] ciphertext refused token=2975016341: ciphertext buffer full
[mlkem_channel] ciphertext refused token=3486933315: ciphertext buffer full
[mlkem_channel] ciphertext refused token=1915150484: ciphertext buffer full
[mlkem_channel] ciphertext refused token=951446782: ciphertext buffer full
[mlkem_channel] ciphertext refused token=561496829: ciphertext buffer full
[mlkem_channel] ciphertext refused token=2509623184: ciphertext buffer full
[mlkem_channel] ciphertext refused token=3083388290: ciphertext buffer full
[mlkem_channel] ciphertext refused token=3318361321: ciphertext buffer full
[mlkem_channel] ciphertext refused token=3148843826: ciphertext buffer full
[mlkem_channel] ciphertext refused token=2464567061: ciphertext buffer full
[mlkem_channel] ciphertext refused token=1683536404: ciphertext buffer full
[mlkem_channel] ciphertext refused token=3938370909: ciphertext buffer full
[mlkem_channel] ciphertext refused token=3276001654: ciphertext buffer full
[mlkem_channel] ciphertext refused token=150929820: ciphertext buffer full
[mlkem_channel] ciphertext refused token=959313934: ciphertext buffer full
[mlkem_channel] ciphertext refused token=3345575041: ciphertext buffer full
[mlkem_channel] ciphertext refused token=1076328493: ciphertext buffer full
[mlkem_channel] ciphertext refused token=893297389: ciphertext buffer full
[mlkem_channel] ciphertext refused token=668080963: ciphertext buffer full
[mlkem_channel] ciphertext refused token=3630930876: ciphertext buffer full
[mlkem_channel] ciphertext refused token=94729465: ciphertext buffer full
[mlkem_channel] ciphertext refused token=3992302819: ciphertext buffer full
[mlkem_channel] ciphertext refused token=4053727374: ciphertext buffer full
[mlkem_channel] ciphertext refused token=641786817: ciphertext buffer full
[mlkem_channel] ciphertext refused token=2309253964: ciphertext buffer full
[mlkem_channel] ciphertext refused token=1175046042: ciphertext buffer full
[mlkem_channel] ciphertext refused token=1322944439: ciphertext buffer full
[mlkem_channel] ciphertext refused token=2284099278: ciphertext buffer full
[mlkem_channel] ciphertext refused token=2285277333: ciphertext buffer full
[mlkem_channel] ciphertext refused token=380335257: ciphertext buffer full
[mlkem_channel] ciphertext refused token=4249040230: ciphertext buffer full
[mlkem_channel] ciphertext refused token=675714682: ciphertext buffer full
[mlkem_channel] ciphertext refused token=3538002640: ciphertext buffer full
[mlkem_channel] ciphertext refused token=1705941813: ciphertext buffer full
[mlkem_channel] ciphertext refused token=3197670000: ciphertext buffer full
[mlkem_channel] ciphertext refused token=121605892: ciphertext buffer full
[mlkem_channel] ciphertext refused token=1369494182: ciphertext buffer full
[mlkem_channel] ciphertext refused token=3840771704: ciphertext buffer full
[mlkem_channel] ciphertext refused token=969925679: ciphertext buffer full
[mlkem_channel] ciphertext refused token=987882471: ciphertext buffer full
[mlkem_channel] ciphertext refused token=1822501943: ciphertext buffer full
[mlkem_channel] ciphertext refused token=3101008712: ciphertext buffer full
[mlkem_channel] ciphertext refused token=2023154359: ciphertext buffer full
[mlkem_channel] ciphertext refused token=3361324233: ciphertext buffer full
[mlkem_channel] ciphertext refused token=2818916196: ciphertext buffer full
[mlkem_channel] ciphertext refused token=3586094106: ciphertext buffer full
[mlkem_channel] ciphertext refused token=199171825: ciphertext buffer full
[mlkem_channel] ciphertext refused token=867222495: ciphertext buffer full
[mlkem_channel] ciphertext refused token=1560855649: ciphertext buffer full
[mlkem_channel] ciphertext refused token=2568886401: ciphertext buffer full
[mlkem_channel] ciphertext refused token=2524886273: ciphertext buffer full
[mlkem_channel] ciphertext refused token=623877716: ciphertext buffer full
[mlkem_channel] ciphertext refused token=3264686317: ciphertext buffer full
[mlkem_channel] ciphertext refused token=4075939848: ciphertext buffer full
[mlkem_channel] ciphertext refused token=4035695057: ciphertext buffer full
[mlkem_channel] ciphertext refused token=1645062434: ciphertext buffer full
[mlkem_channel] ciphertext refused token=842772910: ciphertext buffer full
[mlkem_channel] ciphertext refused token=2755165122: ciphertext buffer full
[mlkem_channel] ciphertext refused token=1151615106: ciphertext buffer full
[mlkem_channel] ciphertext refused token=3613293722: ciphertext buffer full
[mlkem_channel] ciphertext refused token=2435789775: ciphertext buffer full
[mlkem_channel] ciphertext refused token=279061585: ciphertext buffer full
[mlkem_channel] ciphertext refused token=1218711620: ciphertext buffer full
[mlkem_channel] ciphertext refused token=891441929: ciphertext buffer full
[mlkem_channel] ciphertext refused token=1948422421: ciphertext buffer full
[mlkem_channel] ciphertext refused token=2290881145: ciphertext buffer full
[mlkem_channel] ciphertext refused token=1564815652: ciphertext buffer full
[mlkem_channel] ciphertext refused token=1871021176: ciphertext buffer full
[mlkem_channel] ciphertext refused token=2465699122: ciphertext buffer full
[mlkem_channel] ciphertext refused token=565826979: ciphertext buffer full
[mlkem_channel] ciphertext refused token=2755454545: ciphertext buffer full
[mlkem_channel] ciphertext refused token=1956003073: ciphertext buffer full
[mlkem_channel] ciphertext refused token=1457869334: ciphertext buffer full
[mlkem_channel] ciphertext refused token=3136926979: ciphertext buffer full
[mlkem_channel] ciphertext refused token=2893395735: ciphertext buffer full
[mlkem_channel] ciphertext refused token=676542167: ciphertext buffer full
[mlkem_channel] ciphertext refused token=112314276: ciphertext buffer full
[mlkem_channel] ciphertext refused token=327554947: ciphertext buffer full
[mlkem_channel] ciphertext refused token=1851496585: ciphertext buffer full
[mlkem_channel] ciphertext refused token=1677541093: ciphertext buffer full
[mlkem_channel] ciphertext refused token=2561043043: ciphertext buffer full
[mlkem_channel] ciphertext refused token=390738624: ciphertext buffer full
[mlkem_channel] ciphertext refused token=2085691371: ciphertext buffer full
[mlkem_channel] ciphertext refused token=1125723326: ciphertext buffer full
[mlkem_channel] ciphertext refused token=3839939842: ciphertext buffer full
[mlkem_channel] ciphertext refused token=4209062431: ciphertext buffer full
[mlkem_channel] ciphertext refused token=825714390: ciphertext buffer full
[mlkem_channel] ciphertext refused token=3604908264: ciphertext buffer full
[mlkem_channel] ciphertext refused token=3409671558: ciphertext buffer full
[mlkem_channel] ciphertext refused token=2176026176: ciphertext buffer full
[mlkem_channel] ciphertext refused token=3236007572: ciphertext buffer full
[mlkem_channel] ciphertext refused token=2493176789: ciphertext buffer full
[mlkem_channel] ciphertext refused token=1483811946: ciphertext buffer full
[mlkem_channel] ciphertext refused token=2874906379: ciphertext buffer full
[mlkem_channel] ciphertext refused token=4290925426: ciphertext buffer full
[mlkem_channel] ciphertext refused token=1473505507: ciphertext buffer full
[mlkem_channel] ciphertext refused token=2977162655: ciphertext buffer full
[mlkem_channel] ciphertext refused token=582415612: ciphertext buffer full
[mlkem_channel] ciphertext refused token=3912299531: ciphertext buffer full
[mlkem_channel] ciphertext refused token=820364624: ciphertext buffer full
[mlkem_channel] ciphertext refused token=3650403519: ciphertext buffer full
[mlkem_channel] ciphertext refused token=2499663810: ciphertext buffer full
[mlkem_channel] ciphertext refused token=4145941498: ciphertext buffer full
[mlkem_channel] ciphertext refused token=3364539259: ciphertext buffer full
[mlkem_channel] ciphertext refused token=3974624003: ciphertext buffer full
[mlkem_channel] ciphertext refused token=215125009: ciphertext buffer full
[mlkem_channel] ciphertext refused token=959445478: ciphertext buffer full
[mlkem_channel] ciphertext refused token=3920800626: ciphertext buffer full
[mlkem_channel] ciphertext refused token=2472813084: ciphertext buffer full
[mlkem_channel] ciphertext refused token=4289710673: ciphertext buffer full
[mlkem_channel] ciphertext refused token=882867945: ciphertext buffer full
[mlkem_channel] ciphertext refused token=3939318662: ciphertext buffer full
[mlkem_channel] ciphertext refused token=4220610750: ciphertext buffer full
[mlkem_channel] ciphertext refused token=211991329: ciphertext buffer full
[mlkem_channel] ciphertext refused token=778958316: ciphertext buffer full
[mlkem_channel] ciphertext refused token=371111341: ciphertext buffer full
[mlkem_channel] ciphertext refused token=3503175603: ciphertext buffer full
[mlkem_channel] ciphertext refused token=3577949984: ciphertext buffer full
[mlkem_channel] ciphertext refused token=1092014940: ciphertext buffer full
[mlkem_channel] ciphertext refused token=2879593587: ciphertext buffer full
[mlkem_channel] ciphertext refused token=2402621574: ciphertext buffer full
[mlkem_channel] ciphertext refused token=3914051168: ciphertext buffer full
[mlkem_channel] ciphertext refused token=4286663952: ciphertext buffer full
[mlkem_channel] ciphertext refused token=2601893072: ciphertext buffer full
[mlkem_channel] ciphertext refused token=473996171: ciphertext buffer full
[mlkem_channel] ciphertext refused token=3076575519: ciphertext buffer full
[mlkem_channel] ciphertext refused token=1023440554: ciphertext buffer full
[mlkem_channel] ciphertext refused token=2203675680: ciphertext buffer full
[mlkem_channel] ciphertext refused token=1205375529: ciphertext buffer full
[mlkem_channel] ciphertext refused token=2975655778: ciphertext buffer full
[mlkem_channel] ciphertext refused token=3451709901: ciphertext buffer full
[mlkem_channel] ciphertext refused token=1791822099: ciphertext buffer full
[mlkem_channel] ciphertext refused token=2015378093: ciphertext buffer full
[mlkem_channel] ciphertext refused token=2636756620: ciphertext buffer full
[mlkem_channel] ciphertext refused token=132134993: ciphertext buffer full
[mlkem_channel] ciphertext refused token=3110083323: ciphertext buffer full
[mlkem_channel] ciphertext refused token=1758313502: ciphertext buffer full
[mlkem_channel] ciphertext refused token=179515398: ciphertext buffer full
[mlkem_channel] ciphertext refused token=65170849: ciphertext buffer full
[mlkem_channel] ciphertext refused token=1678965420: ciphertext buffer full
[mlkem_channel] ciphertext refused token=2705610676: ciphertext buffer full
[mlkem_channel] ciphertext refused token=1396547833: ciphertext buffer full
[mlkem_channel] ciphertext refused token=1363409749: ciphertext buffer full
[mlkem_channel] ciphertext refused token=1535871905: ciphertext buffer full
[mlkem_channel] ciphertext refused token=448852970: ciphertext buffer full
[mlkem_channel] ciphertext refused token=1186457249: ciphertext buffer full
[mlkem_channel] ciphertext refused token=3414217935: ciphertext buffer full
[mlkem_channel] ciphertext refused token=4240473189: ciphertext buffer full
[mlkem_channel] ciphertext refused token=1308694247: ciphertext buffer full
[mlkem_channel] ciphertext refused token=2647079656: ciphertext buffer full
[mlkem_channel] ciphertext refused token=2486772324: ciphertext buffer full
[mlkem_channel] ciphertext refused token=1371215523: ciphertext buffer full
[mlkem_channel] ciphertext refused token=3044072901: ciphertext buffer full
[mlkem_channel] ciphertext refused token=713678350: ciphertext buffer full
[mlkem_channel] ciphertext refused token=3997469911: ciphertext buffer full
[mlkem_channel] ciphertext refused token=4214054822: ciphertext buffer full
[mlkem_channel] ciphertext refused token=2800814019: ciphertext buffer full
[mlkem_channel] ciphertext refused token=1397762962: ciphertext buffer full
[mlkem_channel] ciphertext refused token=3641253814: ciphertext buffer full
[mlkem_channel] ciphertext refused token=1538039116: ciphertext buffer full
[mlkem_channel] ciphertext refused token=342931410: ciphertext buffer full
[mlkem_channel] ciphertext refused token=2956173911: ciphertext buffer full
[mlkem_channel] ciphertext refused token=286544121: ciphertext buffer full
[mlkem_channel] ciphertext refused token=2297837698: ciphertext buffer full
[mlkem_channel] ciphertext refused token=2904932744: ciphertext buffer full
[mlkem_channel] ciphertext refused token=1340541088: ciphertext buffer full
[mlkem_channel] ciphertext refused token=2923908349: ciphertext buffer full
[mlkem_channel] ciphertext refused token=3148495563: ciphertext buffer full
[mlkem_channel] ciphertext refused token=3047451348: ciphertext buffer full
[mlkem_channel] ciphertext refused token=662449079: ciphertext buffer full
[mlkem_channel] ciphertext refused token=733887028: ciphertext buffer full
[mlkem_channel] ciphertext refused token=4237444008: ciphertext buffer full
[mlkem_channel] ciphertext refused token=588262480: ciphertext buffer full
[mlkem_channel] ciphertext refused token=3789617361: ciphertext buffer full
[mlkem_channel] ciphertext refused token=1340214472: ciphertext buffer full
[mlkem_channel] ciphertext refused token=1839876766: ciphertext buffer full
[mlkem_channel] ciphertext refused token=3257372461: ciphertext buffer full
[mlkem_channel] ciphertext refused token=1222793139: ciphertext buffer full
[mlkem_channel] ciphertext refused token=807154730: ciphertext buffer full
[mlkem_channel] ciphertext refused token=3871196128: ciphertext buffer full
[mlkem_channel] ciphertext refused token=445522488: ciphertext buffer full
[mlkem_channel] ciphertext refused token=171586329: ciphertext buffer full
[mlkem_channel] ciphertext refused token=3554210770: ciphertext buffer full
[mlkem_channel] ciphertext refused token=855457661: ciphertext buffer full
[mlkem_channel] ciphertext refused token=3177042353: ciphertext buffer full
[mlkem_channel] ciphertext refused token=2366206757: ciphertext buffer full
[mlkem_channel] ciphertext refused token=3041312893: ciphertext buffer full
[mlkem_channel] ciphertext refused token=1062669399: ciphertext buffer full
[mlkem_channel] ciphertext refused token=838695008: ciphertext buffer full
[mlkem_channel] ciphertext refused token=3057484422: ciphertext buffer full
[mlkem_channel] ciphertext refused token=1505064965: ciphertext buffer full
[mlkem_channel] ciphertext refused token=3133438648: ciphertext buffer full
[mlkem_channel] ciphertext refused token=3197059161: ciphertext buffer full
[mlkem_channel] ciphertext refused token=1913961757: ciphertext buffer full
[mlkem_channel] ciphertext refused token=1717198826: ciphertext buffer full
[mlkem_channel] ciphertext refused token=1768661211: ciphertext buffer full
[mlkem_channel] ciphertext refused token=357552057: ciphertext buffer full
[mlkem_channel] ciphertext refused token=3745364320: ciphertext buffer full
[mlkem_channel] ciphertext refused token=434388259: ciphertext buffer full
[mlkem_channel] ciphertext refused token=4055621606: ciphertext buffer full
[mlkem_channel] ciphertext refused token=146120765: ciphertext buffer full
[mlkem_channel] ciphertext refused token=1104754607: ciphertext buffer full
[mlkem_channel] ciphertext refused token=4084676: ciphertext buffer full
[mlkem_channel] ciphertext refused token=644552046: ciphertext buffer full
[mlkem_channel] ciphertext refused token=200184657: ciphertext buffer full
[mlkem_channel] ciphertext refused token=2779486924: ciphertext buffer full
[mlkem_channel] ciphertext refused token=4289600192: ciphertext buffer full
[mlkem_channel] ciphertext refused token=140957587: ciphertext buffer full
[mlkem_channel] ciphertext refused token=3735868137: ciphertext buffer full
[mlkem_channel] ciphertext refused token=1875496469: ciphertext buffer full
[mlkem_channel] ciphertext refused token=3344072773: ciphertext buffer full
[mlkem_channel] ciphertext refused token=1003985659: ciphertext buffer full
[mlkem_channel] ciphertext refused token=2739628112: ciphertext buffer full
[mlkem_channel] ciphertext refused token=3044414702: ciphertext buffer full
[mlkem_channel] ciphertext refused token=562787900: ciphertext buffer full
[mlkem_channel] ciphertext refused token=254558343: ciphertext buffer full
[mlkem_channel] ciphertext refused token=1090105255: ciphertext buffer full
[mlkem_channel] ciphertext refused token=2904795477: ciphertext buffer full
[mlkem_channel] ciphertext refused token=3982170076: ciphertext buffer full
[mlkem_channel] ciphertext refused token=57096440: ciphertext buffer full
[mlkem_channel] ciphertext refused token=3152779644: ciphertext buffer full
[mlkem_channel] ciphertext refused token=1507921865: ciphertext buffer full
[mlkem_channel] ciphertext refused token=1782567156: ciphertext buffer full
[mlkem_channel] ciphertext refused token=2399445198: ciphertext buffer full
[mlkem_channel] ciphertext refused token=730631949: ciphertext buffer full
[mlkem_channel] ciphertext refused token=3712509648: ciphertext buffer full
[mlkem_channel] ciphertext refused token=1178186288: ciphertext buffer full
[mlkem_channel] ciphertext refused token=439729235: ciphertext buffer full
[mlkem_channel] ciphertext refused token=3617323077: ciphertext buffer full
[mlkem_channel] ciphertext refused token=2044167300: ciphertext buffer full
[mlkem_channel] ciphertext refused token=4121719061: ciphertext buffer full
[mlkem_channel] ciphertext refused token=2991441300: ciphertext buffer full
[mlkem_channel] ciphertext refused token=1279907074: ciphertext buffer full
[mlkem_channel] ciphertext refused token=478593132: ciphertext buffer full
[mlkem_channel] ciphertext refused token=1511760417: ciphertext buffer full
[mlkem_channel] ciphertext refused token=2452027149: ciphertext buffer full
[mlkem_channel] ciphertext refused token=1348878162: ciphertext buffer full
[mlkem_channel] ciphertext refused token=3498997558: ciphertext buffer full
[mlkem_channel] ciphertext refused token=1481561561: ciphertext buffer full
[mlkem_channel] ciphertext refused token=3348320381: ciphertext buffer full
[mlkem_channel] ciphertext refused token=4104838087: ciphertext buffer full
[mlkem_channel] ciphertext refused token=3694171038: ciphertext buffer full
[mlkem_channel] ciphertext refused token=3730407664: ciphertext buffer full
[mlkem_channel] ciphertext refused token=3455453162: ciphertext buffer full
[mlkem_channel] ciphertext refused token=322360627: ciphertext buffer full
[mlkem_channel] ciphertext refused token=1090122505: ciphertext buffer full
[mlkem_channel] ciphertext refused token=794778716: ciphertext buffer full
[mlkem_channel] ciphertext refused token=1929583768: ciphertext buffer full
[mlkem_channel] ciphertext refused token=1429628653: ciphertext buffer full
[mlkem_channel] ciphertext refused token=3443299653: ciphertext buffer full
[mlkem_channel] ciphertext refused token=645229998: ciphertext buffer full
[mlkem_channel] ciphertext refused token=1578675064: ciphertext buffer full
[mlkem_channel] ciphertext refused token=3760285375: ciphertext buffer full
[mlkem_channel] ciphertext refused token=1653800666: ciphertext buffer full
[mlkem_channel] ciphertext refused token=127584881: ciphertext buffer full
[mlkem_channel] ciphertext refused token=4014731655: ciphertext buffer full
[mlkem_channel] ciphertext refused token=2195998895: ciphertext buffer full
[mlkem_channel] ciphertext refused token=2817999143: ciphertext buffer full
[mlkem_channel] ciphertext refused token=3848673268: ciphertext buffer full
[mlkem_channel] ciphertext refused token=1806698706: ciphertext buffer full
[mlkem_channel] ciphertext refused token=2267160314: ciphertext buffer full
[mlkem_channel] ciphertext refused token=3610704837: ciphertext buffer full
[mlkem_channel] ciphertext refused token=2573294903: ciphertext buffer full
[mlkem_channel] ciphertext refused token=3369029290: ciphertext buffer full
[mlkem_channel] ciphertext refused token=2406250179: ciphertext buffer full
[mlkem_channel] ciphertext refused token=3800918276: ciphertext buffer full
[mlkem_channel] ciphertext refused token=306568290: ciphertext buffer full
[mlkem_channel] ciphertext refused token=2181923469: ciphertext buffer full
[mlkem_channel] ciphertext refused token=3958522315: ciphertext buffer full
[mlkem_channel] ciphertext refused token=645147945: ciphertext buffer full
[mlkem_channel] ciphertext refused token=2157527847: ciphertext buffer full
[mlkem_channel] ciphertext refused token=643278850: ciphertext buffer full
[mlkem_channel] ciphertext refused token=1713616662: ciphertext buffer full
[mlkem_channel] ciphertext refused token=3691975795: ciphertext buffer full
[mlkem_channel] ciphertext refused token=2219091143: ciphertext buffer full
[mlkem_channel] ciphertext refused token=3297858905: ciphertext buffer full
[mlkem_channel] ciphertext refused token=2745944498: ciphertext buffer full
[mlkem_channel] ciphertext refused token=2983579710: ciphertext buffer full
[mlkem_channel] ciphertext refused token=1115485664: ciphertext buffer full
[mlkem_channel] ciphertext refused token=2890630791: ciphertext buffer full
[mlkem_channel] ciphertext refused token=1695751890: ciphertext buffer full
[mlkem_channel] ciphertext refused token=2316022572: ciphertext buffer full
[mlkem_channel] ciphertext refused token=307824682: ciphertext buffer full
[mlkem_channel] ciphertext refused token=2430898204: ciphertext buffer full
[mlkem_channel] ciphertext refused token=980792401: ciphertext buffer full
[mlkem_channel] ciphertext refused token=4246959089: ciphertext buffer full
[mlkem_channel] ciphertext refused token=199368138: ciphertext buffer full
[mlkem_channel] ciphertext refused token=2225453124: ciphertext buffer full
[mlkem_channel] ciphertext refused token=106337663: ciphertext buffer full
[mlkem_channel] ciphertext refused token=558445045: ciphertext buffer full
[mlkem_channel] ciphertext refused token=2355161827: ciphertext buffer full
[mlkem_channel] ciphertext refused token=2382001588: ciphertext buffer full
[mlkem_channel] ciphertext refused token=966429803: ciphertext buffer full
[mlkem_channel] ciphertext refused token=1370475778: ciphertext buffer full
[mlkem_channel] ciphertext refused token=1652439324: ciphertext buffer full
[mlkem_channel] ciphertext refused token=2294512901: ciphertext buffer full
[mlkem_channel] ciphertext refused token=1241290406: ciphertext buffer full
[mlkem_channel] ciphertext refused token=905059622: ciphertext buffer full
[mlkem_channel] ciphertext refused token=1188630745: ciphertext buffer full
[mlkem_channel] ciphertext refused token=1297675146: ciphertext buffer full
[mlkem_channel] ciphertext refused token=1593387192: ciphertext buffer full
[mlkem_channel] ciphertext refused token=1879280907: ciphertext buffer full
[mlkem_channel] ciphertext refused token=2277506548: ciphertext buffer full
[mlkem_channel] ciphertext refused token=243147794: ciphertext buffer full
[mlkem_channel] ciphertext refused token=2649882999: ciphertext buffer full
[mlkem_channel] ciphertext refused token=721588189: ciphertext buffer full
[mlkem_channel] ciphertext refused token=2893843438: ciphertext buffer full
[mlkem_channel] ciphertext refused token=2939169762: ciphertext buffer full
[mlkem_channel] ciphertext refused token=2184458087: ciphertext buffer full
[mlkem_channel] ciphertext refused token=1932765482: ciphertext buffer full
[mlkem_channel] ciphertext refused token=279354916: ciphertext buffer full
[mlkem_channel] ciphertext refused token=2406811758: ciphertext buffer full
[mlkem_channel] ciphertext refused token=1029931327: ciphertext buffer full
[mlkem_channel] ciphertext refused token=1010364286: ciphertext buffer full
[mlkem_channel] ciphertext refused token=271658511: ciphertext buffer full
[mlkem_channel] ciphertext refused token=643703980: ciphertext buffer full
[mlkem_channel] ciphertext refused token=410441660: ciphertext buffer full
[mlkem_channel] ciphertext refused token=3451826171: ciphertext buffer full
[mlkem_channel] ciphertext refused token=3763065199: ciphertext buffer full
[mlkem_channel] ciphertext refused token=2306570978: ciphertext buffer full
[mlkem_channel] ciphertext refused token=795037059: ciphertext buffer full
[mlkem_channel] ciphertext refused token=3750395159: ciphertext buffer full
[mlkem_channel] ciphertext refused token=2224176329: ciphertext buffer full
[mlkem_channel] ciphertext refused token=3125016373: ciphertext buffer full
[mlkem_channel] ciphertext refused token=2807298787: ciphertext buffer full
[mlkem_channel] ciphertext refused token=3192283380: ciphertext buffer full
[mlkem_channel] ciphertext refused token=3565077422: ciphertext buffer full
[mlkem_channel] ciphertext refused token=3447285185: ciphertext buffer full
[mlkem_channel] ciphertext refused token=2784740318: ciphertext buffer full
[mlkem_channel] ciphertext refused token=529946494: ciphertext buffer full
[mlkem_channel] ciphertext refused token=4101044260: ciphertext buffer full
[mlkem_channel] ciphertext refused token=2431915995: ciphertext buffer full
[mlkem_channel] ciphertext refused token=3749143306: ciphertext buffer full
[mlkem_channel] ciphertext refused token=1342459524: ciphertext buffer full
[mlkem_channel] ciphertext refused token=2872818097: ciphertext buffer full
[mlkem_channel] ciphertext refused token=1909916844: ciphertext buffer full
[mlkem_channel] ciphertext refused token=3017113273: ciphertext buffer full
[mlkem_channel] ciphertext refused token=3275219556: ciphertext buffer full
[mlkem_channel] ciphertext refused token=4204452031: ciphertext buffer full
[mlkem_channel] ciphertext refused token=1818357952: ciphertext buffer full
[mlkem_channel] ciphertext refused token=3984242354: ciphertext buffer full
[mlkem_channel] ciphertext refused token=3710365079: ciphertext buffer full
[mlkem_channel] ciphertext refused token=1839360185: ciphertext buffer full
[mlkem_channel] ciphertext refused token=3846298057: ciphertext buffer full
[mlkem_channel] ciphertext refused token=3312606654: ciphertext buffer full
[mlkem_channel] ciphertext refused token=3576798575: ciphertext buffer full
[mlkem_channel] ciphertext refused token=794402807: ciphertext buffer full
[mlkem_channel] ciphertext refused token=3966736316: ciphertext buffer full
[mlkem_channel] ciphertext refused token=1160041940: ciphertext buffer full
[mlkem_channel] ciphertext refused token=3064983051: ciphertext buffer full
[mlkem_channel] ciphertext refused token=2895168349: ciphertext buffer full
[mlkem_channel] ciphertext refused token=2401781695: ciphertext buffer full
[mlkem_channel] ciphertext refused token=2210617969: ciphertext buffer full
[mlkem_channel] ciphertext refused token=3336176276: ciphertext buffer full
[mlkem_channel] ciphertext refused token=3921987188: ciphertext buffer full
[mlkem_channel] ciphertext refused token=3889285837: ciphertext buffer full
[mlkem_channel] ciphertext refused token=2352006988: ciphertext buffer full
[mlkem_channel] ciphertext refused token=862445026: ciphertext buffer full
[mlkem_channel] ciphertext refused token=1134977837: ciphertext buffer full
[mlkem_channel] ciphertext refused token=679817130: ciphertext buffer full
[mlkem_channel] ciphertext refused token=3708272199: ciphertext buffer full
[mlkem_channel] ciphertext refused token=1194573125: ciphertext buffer full
[mlkem_channel] ciphertext refused token=32166999: ciphertext buffer full
[mlkem_channel] ciphertext refused token=2482108216: ciphertext buffer full
[mlkem_channel] ciphertext refused token=2681949812: ciphertext buffer full
[mlkem_channel] ciphertext refused token=576440100: ciphertext buffer full
[mlkem_channel] ciphertext refused token=3806211492: ciphertext buffer full
[mlkem_channel] ciphertext refused token=2763416214: ciphertext buffer full
[mlkem_channel] ciphertext refused token=890926799: ciphertext buffer full
[mlkem_channel] ciphertext refused token=2158427056: ciphertext buffer full
[mlkem_channel] ciphertext refused token=2560684913: ciphertext buffer full
[mlkem_channel] ciphertext refused token=3946763979: ciphertext buffer full
[mlkem_channel] ciphertext refused token=1683639656: ciphertext buffer full
[mlkem_channel] ciphertext refused token=1223892726: ciphertext buffer full
[mlkem_channel] ciphertext refused token=2702835687: ciphertext buffer full
[mlkem_channel] ciphertext refused token=2181572143: ciphertext buffer full
[mlkem_channel] ciphertext refused token=2984873130: ciphertext buffer full
[mlkem_channel] ciphertext refused token=3884127264: ciphertext buffer full
[mlkem_channel] ciphertext refused token=70929455: ciphertext buffer full
[mlkem_channel] ciphertext refused token=2613039754: ciphertext buffer full
[mlkem_channel] ciphertext refused token=2434091554: ciphertext buffer full
[mlkem_channel] ciphertext refused token=4214493926: ciphertext buffer full
[mlkem_channel] ciphertext refused token=3316788753: ciphertext buffer full
[mlkem_channel] ciphertext refused token=3264668305: ciphertext buffer full
[mlkem_channel] ciphertext refused token=1509285842: ciphertext buffer full
[mlkem_channel] ciphertext refused token=3835936368: ciphertext buffer full
[mlkem_channel] ciphertext refused token=4061725060: ciphertext buffer full
[mlkem_channel] ciphertext refused token=2256274102: ciphertext buffer full
[mlkem_channel] ciphertext refused token=4012534660: ciphertext buffer full
[mlkem_channel] ciphertext refused token=887307201: ciphertext buffer full
[mlkem_channel] ciphertext refused token=34892773: ciphertext buffer full
[mlkem_channel] ciphertext refused token=281109767: ciphertext buffer full
[mlkem_channel] ciphertext refused token=2474045724: ciphertext buffer full
[mlkem_channel] ciphertext refused token=2495705711: ciphertext buffer full
[mlkem_channel] ciphertext refused token=4236562332: ciphertext buffer full
[mlkem_channel] ciphertext refused token=1534909687: ciphertext buffer full
[mlkem_channel] ciphertext refused token=4012705092: ciphertext buffer full
[mlkem_channel] ciphertext refused token=2573720784: ciphertext buffer full
[mlkem_channel] ciphertext refused token=3885489290: ciphertext buffer full
[mlkem_channel] ciphertext refused token=3167912448: ciphertext buffer full
[mlkem_channel] ciphertext refused token=1122081532: ciphertext buffer full
[mlkem_channel] ciphertext refused token=3020431397: ciphertext buffer full
[mlkem_channel] ciphertext refused token=4285378990: ciphertext buffer full
[mlkem_channel] ciphertext refused token=3969209726: ciphertext buffer full
[mlkem_channel] ciphertext refused token=3675695078: ciphertext buffer full
[mlkem_channel] ciphertext refused token=2371345356: ciphertext buffer full
[mlkem_channel] ciphertext refused token=2740287801: ciphertext buffer full
[mlkem_channel] ciphertext refused token=469979567: ciphertext buffer full
[mlkem_channel] ciphertext refused token=2474593133: ciphertext buffer full
[mlkem_channel] ciphertext refused token=32212116: ciphertext buffer full
[mlkem_channel] ciphertext refused token=1109018897: ciphertext buffer full
[mlkem_channel] ciphertext refused token=3636023053: ciphertext buffer full
[mlkem_channel] ciphertext refused token=516138058: ciphertext buffer full
[mlkem_channel] ciphertext refused token=2491657424: ciphertext buffer full
[mlkem_channel] ciphertext refused token=4044294016: ciphertext buffer full
[mlkem_channel] ciphertext refused token=1315933456: ciphertext buffer full
[mlkem_channel] ciphertext refused token=2567918159: ciphertext buffer full
[mlkem_channel] ciphertext refused token=3512603098: ciphertext buffer full
[mlkem_channel] ciphertext refused token=3325549460: ciphertext buffer full
[mlkem_channel] ciphertext refused token=2653349320: ciphertext buffer full
[mlkem_channel] ciphertext refused token=2144738966: ciphertext buffer full
[mlkem_channel] ciphertext refused token=4229355721: ciphertext buffer full
[mlkem_channel] ciphertext refused token=2300211492: ciphertext buffer full
[mlkem_channel] ciphertext refused token=4071172375: ciphertext buffer full
[mlkem_channel] ciphertext refused token=620822763: ciphertext buffer full
[mlkem_channel] ciphertext refused token=1775679505: ciphertext buffer full
[mlkem_channel] ciphertext refused token=1115621352: ciphertext buffer full
[mlkem_channel] ciphertext refused token=799921546: ciphertext buffer full
[mlkem_channel] ciphertext refused token=3886436215: ciphertext buffer full
[mlkem_channel] ciphertext refused token=2949454386: ciphertext buffer full
[mlkem_channel] ciphertext refused token=1209733489: ciphertext buffer full
[mlkem_channel] ciphertext refused token=4087121608: ciphertext buffer full
[mlkem_channel] ciphertext refused token=581233471: ciphertext buffer full
[mlkem_channel] ciphertext refused token=889140651: ciphertext buffer full
[mlkem_channel] ciphertext refused token=4017513138: ciphertext buffer full
[mlkem_channel] ciphertext refused token=891332898: ciphertext buffer full
[mlkem_channel] ciphertext refused token=1801621234: ciphertext buffer full
[mlkem_channel] ciphertext refused token=357455223: ciphertext buffer full
[mlkem_channel] ciphertext refused token=876297586: ciphertext buffer full
[mlkem_channel] ciphertext refused token=3903982130: ciphertext buffer full
[mlkem_channel] ciphertext refused token=306250383: ciphertext buffer full
[mlkem_channel] ciphertext refused token=1809753546: ciphertext buffer full
[mlkem_channel] ciphertext refused token=1686736016: ciphertext buffer full
[mlkem_channel] ciphertext refused token=1121425092: ciphertext buffer full
[mlkem_channel] ciphertext refused token=3569923855: ciphertext buffer full
[mlkem_channel] ciphertext refused token=607185317: ciphertext buffer full
[mlkem_channel] ciphertext refused token=2712065428: ciphertext buffer full
[mlkem_channel] ciphertext refused token=482132287: ciphertext buffer full
[mlkem_channel] ciphertext refused token=1828605292: ciphertext buffer full
[mlkem_channel] ciphertext refused token=1322048434: ciphertext buffer full
[mlkem_channel] ciphertext refused token=3278296294: ciphertext buffer full
[mlkem_channel] ciphertext refused token=1858736291: ciphertext buffer full
[mlkem_channel] ciphertext refused token=1706183859: ciphertext buffer full
[mlkem_channel] ciphertext refused token=604974589: ciphertext buffer full
[mlkem_channel] ciphertext refused token=2299751077: ciphertext buffer full
[mlkem_channel] ciphertext refused token=1449429940: ciphertext buffer full
[mlkem_channel] ciphertext refused token=6032221: ciphertext buffer full
[mlkem_channel] ciphertext refused token=959043254: ciphertext buffer full
[mlkem_channel] ciphertext refused token=2033933377: ciphertext buffer full
[mlkem_channel] ciphertext refused token=2061541833: ciphertext buffer full
[mlkem_channel] ciphertext refused token=3788833149: ciphertext buffer full
[mlkem_channel] ciphertext refused token=1186457260: ciphertext buffer full
[mlkem_channel] ciphertext refused token=2629884158: ciphertext buffer full
[mlkem_channel] ciphertext refused token=636134965: ciphertext buffer full
[mlkem_channel] ciphertext refused token=535893150: ciphertext buffer full
[mlkem_channel] ciphertext refused token=2603766809: ciphertext buffer full
[mlkem_channel] ciphertext refused token=3998818326: ciphertext buffer full
[mlkem_channel] ciphertext refused token=3313358477: ciphertext buffer full
[mlkem_channel] ciphertext refused token=2666039261: ciphertext buffer full
[mlkem_channel] ciphertext refused token=337040519: ciphertext buffer full
[mlkem_channel] ciphertext refused token=310775426: ciphertext buffer full
[mlkem_channel] ciphertext refused token=1066724260: ciphertext buffer full
[mlkem_channel] ciphertext refused token=2942365765: ciphertext buffer full
[mlkem_channel] ciphertext refused token=1809884107: ciphertext buffer full
[mlkem_channel] ciphertext refused token=1606534233: ciphertext buffer full
[mlkem_channel] ciphertext refused token=534507773: ciphertext buffer full
[mlkem_channel] ciphertext refused token=2551061743: ciphertext buffer full
[mlkem_channel] ciphertext refused token=2034721139: ciphertext buffer full
[mlkem_channel] ciphertext refused token=2991886044: ciphertext buffer full
[mlkem_channel] ciphertext refused token=1352462779: ciphertext buffer full
[mlkem_channel] ciphertext refused token=4209489419: ciphertext buffer full
[mlkem_channel] ciphertext refused token=1319106412: ciphertext buffer full
[mlkem_channel] ciphertext refused token=669000825: ciphertext buffer full
[mlkem_channel] ciphertext refused token=3188935881: ciphertext buffer full
[mlkem_channel] ciphertext refused token=1683949718: ciphertext buffer full
[mlkem_channel] ciphertext refused token=2062560657: ciphertext buffer full
[mlkem_channel] ciphertext refused token=2125828989: ciphertext buffer full
[mlkem_channel] ciphertext refused token=3752728640: ciphertext buffer full
[mlkem_channel] ciphertext refused token=493655133: ciphertext buffer full
[mlkem_channel] ciphertext refused token=3770284753: ciphertext buffer full
[mlkem_channel] ciphertext refused token=4259404679: ciphertext buffer full
[mlkem_channel] ciphertext refused token=2441638750: ciphertext buffer full
[mlkem_channel] ciphertext refused token=4294611073: ciphertext buffer full
[mlkem_channel] ciphertext refused token=2890752617: ciphertext buffer full
[mlkem_channel] ciphertext refused token=3168259103: ciphertext buffer full
[mlkem_channel] ciphertext refused token=394007520: ciphertext buffer full
[mlkem_channel] ciphertext refused token=320531520: ciphertext buffer full
[mlkem_channel] ciphertext refused token=3953522339: ciphertext buffer full
[mlkem_channel] ciphertext refused token=725874910: ciphertext buffer full
[mlkem_channel] ciphertext refused token=3500721812: ciphertext buffer full
[mlkem_channel] ciphertext refused token=4020314274: ciphertext buffer full
[mlkem_channel] ciphertext refused token=3698733860: ciphertext buffer full
[mlkem_channel] ciphertext refused token=204014915: ciphertext buffer full
[mlkem_channel] ciphertext refused token=2224180232: ciphertext buffer full
[mlkem_channel] ciphertext refused token=3018537703: ciphertext buffer full
[mlkem_channel] ciphertext refused token=2242273765: ciphertext buffer full
[mlkem_channel] ciphertext refused token=1842856420: ciphertext buffer full
[mlkem_channel] ciphertext refused token=4269426403: ciphertext buffer full
[mlkem_channel] ciphertext refused token=530305696: ciphertext buffer full
[mlkem_channel] ciphertext refused token=3107707981: ciphertext buffer full
[mlkem_channel] ciphertext refused token=819942147: ciphertext buffer full
[mlkem_channel] ciphertext refused token=2875685824: ciphertext buffer full
[mlkem_channel] ciphertext refused token=2523736296: ciphertext buffer full
[mlkem_channel] ciphertext refused token=315128136: ciphertext buffer full
[mlkem_channel] ciphertext refused token=1576936977: ciphertext buffer full
[mlkem_channel] ciphertext refused token=37147638: ciphertext buffer full
[mlkem_channel] ciphertext refused token=1251623176: ciphertext buffer full
[mlkem_channel] ciphertext refused token=2659256417: ciphertext buffer full
[mlkem_channel] ciphertext refused token=3629582425: ciphertext buffer full
[mlkem_channel] ciphertext refused token=3286358617: ciphertext buffer full
[mlkem_channel] ciphertext refused token=465654122: ciphertext buffer full
[mlkem_channel] ciphertext refused token=816880925: ciphertext buffer full
[mlkem_channel] ciphertext refused token=223713793: ciphertext buffer full
[mlkem_channel] ciphertext refused token=1027356392: ciphertext buffer full
[mlkem_channel] ciphertext refused token=1315570075: ciphertext buffer full
[mlkem_channel] ciphertext refused token=1006953293: ciphertext buffer full
[mlkem_channel] ciphertext refused token=2313863625: ciphertext buffer full
[mlkem_channel] ciphertext refused token=1188084055: ciphertext buffer full
[mlkem_channel] ciphertext refused token=2058326335: ciphertext buffer full
[mlkem_channel] ciphertext refused token=4028297946: ciphertext buffer full
[mlkem_channel] ciphertext refused token=868577514: ciphertext buffer full
[mlkem_channel] ciphertext refused token=1278010371: ciphertext buffer full
[mlkem_channel] ciphertext refused token=556762361: ciphertext buffer full
[mlkem_channel] ciphertext refused token=2280643086: ciphertext buffer full
[mlkem_channel] ciphertext refused token=2993200322: ciphertext buffer full
[mlkem_channel] ciphertext refused token=2215655330: ciphertext buffer full
[mlkem_channel] ciphertext refused token=1252535593: ciphertext buffer full
[mlkem_channel] ciphertext refused token=4248419709: ciphertext buffer full
[mlkem_channel] ciphertext refused token=1977116722: ciphertext buffer full
[mlkem_channel] ciphertext refused token=4123739475: ciphertext buffer full
[mlkem_channel] ciphertext refused token=1453712191: ciphertext buffer full
[mlkem_channel] ciphertext refused token=1683268273: ciphertext buffer full
[mlkem_channel] ciphertext refused token=1741101052: ciphertext buffer full
[mlkem_channel] ciphertext refused token=4175315276: ciphertext buffer full
[mlkem_channel] ciphertext refused token=1000852805: ciphertext buffer full
[mlkem_channel] ciphertext refused token=515533786: ciphertext buffer full
[mlkem_channel] ciphertext refused token=1536977838: ciphertext buffer full
[mlkem_channel] ciphertext refused token=528663183: ciphertext buffer full
[mlkem_channel] ciphertext refused token=474805766: ciphertext buffer full
[mlkem_channel] ciphertext refused token=2220568407: ciphertext buffer full
[mlkem_channel] ciphertext refused token=3479330268: ciphertext buffer full
[mlkem_channel] ciphertext refused token=1246626534: ciphertext buffer full
[mlkem_channel] ciphertext refused token=1590977154: ciphertext buffer full
[mlkem_channel] ciphertext refused token=4122752580: ciphertext buffer full
[mlkem_channel] ciphertext refused token=876471106: ciphertext buffer full
[mlkem_channel] ciphertext refused token=1586388739: ciphertext buffer full
[mlkem_channel] ciphertext refused token=2466624676: ciphertext buffer full
[mlkem_channel] ciphertext refused token=895215103: ciphertext buffer full
[mlkem_channel] ciphertext refused token=4189730117: ciphertext buffer full
[mlkem_channel] ciphertext refused token=2095836858: ciphertext buffer full
[mlkem_channel] ciphertext refused token=4164748523: ciphertext buffer full
[mlkem_channel] ciphertext refused token=2542205034: ciphertext buffer full
[mlkem_channel] ciphertext refused token=4187832429: ciphertext buffer full
[mlkem_channel] ciphertext refused token=1324955756: ciphertext buffer full
[mlkem_channel] ciphertext refused token=1160721165: ciphertext buffer full
[mlkem_channel] ciphertext refused token=2445277972: ciphertext buffer full
[mlkem_channel] ciphertext refused token=2735023676: ciphertext buffer full
[mlkem_channel] ciphertext refused token=271577568: ciphertext buffer full
[mlkem_channel] ciphertext refused token=519781256: ciphertext buffer full
[mlkem_channel] ciphertext refused token=1842523360: ciphertext buffer full
[mlkem_channel] ciphertext refused token=2070653949: ciphertext buffer full
[mlkem_channel] ciphertext refused token=1882015758: ciphertext buffer full
[mlkem_channel] ciphertext refused token=3615338413: ciphertext buffer full
[mlkem_channel] ciphertext refused token=2268091999: ciphertext buffer full
[mlkem_channel] ciphertext refused token=1300405597: ciphertext buffer full
[mlkem_channel] ciphertext refused token=550441900: ciphertext buffer full
[mlkem_channel] ciphertext refused token=3083264740: ciphertext buffer full
[mlkem_channel] ciphertext refused token=331230570: ciphertext buffer full
[mlkem_channel] ciphertext refused token=1803689371: ciphertext buffer full
[mlkem_channel] ciphertext refused token=3957113386: ciphertext buffer full
[mlkem_channel] ciphertext refused token=4125668733: ciphertext buffer full
[mlkem_channel] ciphertext refused token=2032782971: ciphertext buffer full
[mlkem_channel] ciphertext refused token=2195917729: ciphertext buffer full
[mlkem_channel] ciphertext refused token=1041582657: ciphertext buffer full
[mlkem_channel] ciphertext refused token=356469528: ciphertext buffer full
[mlkem_channel] ciphertext refused token=1565578822: ciphertext buffer full
[mlkem_channel] ciphertext refused token=867381906: ciphertext buffer full
[mlkem_channel] ciphertext refused token=846759206: ciphertext buffer full
[mlkem_channel] ciphertext refused token=554347331: ciphertext buffer full
[mlkem_channel] ciphertext refused token=3882281052: ciphertext buffer full
[mlkem_channel] ciphertext refused token=2342489881: ciphertext buffer full
[mlkem_channel] ciphertext refused token=650835831: ciphertext buffer full
[mlkem_channel] ciphertext refused token=4017382993: ciphertext buffer full
[mlkem_channel] ciphertext refused token=3189530431: ciphertext buffer full
[mlkem_channel] ciphertext refused token=3836722272: ciphertext buffer full
[mlkem_channel] ciphertext refused token=735951384: ciphertext buffer full
[mlkem_channel] ciphertext refused token=3943506872: ciphertext buffer full
[mlkem_channel] ciphertext refused token=258254176: ciphertext buffer full
[mlkem_channel] ciphertext refused token=2610140169: ciphertext buffer full
[mlkem_channel] ciphertext refused token=1550492833: ciphertext buffer full
[mlkem_channel] ciphertext refused token=3643061510: ciphertext buffer full
[mlkem_channel] ciphertext refused token=197079490: ciphertext buffer full
[mlkem_channel] ciphertext refused token=673486641: ciphertext buffer full
[mlkem_channel] ciphertext refused token=1956646063: ciphertext buffer full
[mlkem_channel] ciphertext refused token=93519126: ciphertext buffer full
[mlkem_channel] ciphertext refused token=1526276521: ciphertext buffer full
[mlkem_channel] ciphertext refused token=1765756782: ciphertext buffer full
[mlkem_channel] ciphertext refused token=2264036288: ciphertext buffer full
[mlkem_channel] ciphertext refused token=121625918: ciphertext buffer full
[mlkem_channel] ciphertext refused token=3552662745: ciphertext buffer full
[mlkem_channel] ciphertext refused token=705800443: ciphertext buffer full
[mlkem_channel] ciphertext refused token=4047417599: ciphertext buffer full
[mlkem_channel] ciphertext refused token=2312797848: ciphertext buffer full
[mlkem_channel] ciphertext refused token=4168174974: ciphertext buffer full
[mlkem_channel] ciphertext refused token=2301364440: ciphertext buffer full
[mlkem_channel] ciphertext refused token=3274203984: ciphertext buffer full
[mlkem_channel] ciphertext refused token=460214820: ciphertext buffer full
[mlkem_channel] ciphertext refused token=3629700011: ciphertext buffer full
[mlkem_channel] ciphertext refused token=989248121: ciphertext buffer full
[mlkem_channel] ciphertext refused token=1996922468: ciphertext buffer full
[mlkem_channel] ciphertext refused token=1888217712: ciphertext buffer full
[mlkem_channel] ciphertext refused token=3736539280: ciphertext buffer full
[mlkem_channel] ciphertext refused token=3852321190: ciphertext buffer full
[mlkem_channel] ciphertext refused token=3174319286: ciphertext buffer full
[mlkem_channel] ciphertext refused token=3233109375: ciphertext buffer full
[mlkem_channel] ciphertext refused token=2497720991: ciphertext buffer full
[mlkem_channel] ciphertext refused token=2217036175: ciphertext buffer full
[mlkem_channel] ciphertext refused token=285577364: ciphertext buffer full
[mlkem_channel] ciphertext refused token=1372610191: ciphertext buffer full
[mlkem_channel] ciphertext refused token=948395366: ciphertext buffer full
[mlkem_channel] ciphertext refused token=3995433450: ciphertext buffer full
[mlkem_channel] ciphertext refused token=3870915818: ciphertext buffer full
[mlkem_channel] ciphertext refused token=859950174: ciphertext buffer full
[mlkem_channel] ciphertext refused token=434129401: ciphertext buffer full
[mlkem_channel] ciphertext buffered token=2237772956 nonce_prefix=16b70220
[mlkem_channel] ciphertext buffered token=1092833840 nonce_prefix=036bba83
[mlkem_channel] ciphertext buffered token=4149638531 nonce_prefix=bae8475d
[mlkem_channel] ciphertext buffered token=1681696168 nonce_prefix=4b3db178
[mlkem_channel] ciphertext buffered token=858670526 nonce_prefix=e2016682
[mlkem_channel] ciphertext buffered token=490474623 nonce_prefix=3e537feb
[mlkem_channel] ciphertext buffered token=452736687 nonce_prefix=f55e18c7
[mlkem_channel] ciphertext refused token=2933865007: ciphertext buffer full
[mlkem_channel] ciphertext buffered token=1052196338 nonce_prefix=9ea5526b
[mlkem_channel] ciphertext buffered token=2152395161 nonce_prefix=e1562427
[mlkem_channel] ciphertext buffered token=934117005 nonce_prefix=88472039
[mlkem_channel] ciphertext buffered token=3666287567 nonce_prefix=8a8b104f
[mlkem_channel] ciphertext buffered token=3010759942 nonce_prefix=d1723578
[mlkem_channel] ciphertext buffered token=3795865226 nonce_prefix=bed5994b
[mlkem_channel] ciphertext buffered token=1034360903 nonce_prefix=abd35883
[mlkem_channel] ciphertext buffered token=1548728598 nonce_prefix=e4651631
[mlkem_channel] ciphertext buffered token=567302651 nonce_prefix=d55d033d
[mlkem_channel] ciphertext buffered token=119230251 nonce_prefix=d308fd95
[mlkem_channel] ciphertext buffered token=2063577374 nonce_prefix=4381b403
[mlkem_channel] ciphertext buffered token=3143197268 nonce_prefix=9c9a54eb
[mlkem_channel] ciphertext buffered token=1199581493 nonce_prefix=0be175f4
[mlkem_channel] ciphertext buffered token=1955670664 nonce_prefix=716ace07
[mlkem_channel] ciphertext buffered token=4089751400 nonce_prefix=483a57a6
[mlkem_channel] ciphertext buffered token=467059515 nonce_prefix=318e6dcd
[mlkem_channel] ciphertext buffered token=3290998816 nonce_prefix=89d43925
[mlkem_channel] ciphertext buffered token=2918342888 nonce_prefix=10fbb644
[mlkem_channel] ciphertext buffered token=2265514536 nonce_prefix=02f2e0bb
[mlkem_channel] ciphertext buffered token=1295884087 nonce_prefix=5cacfc3e
[mlkem_channel] ciphertext buffered token=221427524 nonce_prefix=0d8fb21a
[mlkem_channel] ciphertext buffered token=437416307 nonce_prefix=43b15f86
[mlkem_channel] ciphertext buffered token=2751346154 nonce_prefix=471f654a
[mlkem_channel] ciphertext buffered token=2184443259 nonce_prefix=b663b7a5
[mlkem_channel] ciphertext buffered token=4199262440 nonce_prefix=b69b51c4
[mlkem_channel] ciphertext buffered token=3144257008 nonce_prefix=01eefbc1
[mlkem_channel] ciphertext buffered token=427126176 nonce_prefix=84fd8923
[mlkem_channel] ciphertext buffered token=666351956 nonce_prefix=6b0e80fa
[mlkem_channel] ciphertext buffered token=3637510251 nonce_prefix=263bd282
[mlkem_channel] ciphertext buffered token=1672532047 nonce_prefix=22c89d90
[mlkem_channel] ciphertext refused token=763761713: ciphertext buffer full
[mlkem_channel] ciphertext buffered token=2958373839 nonce_prefix=a5af5518
[mlkem_channel] ciphertext buffered token=3574212214 nonce_prefix=67d3c0fb
[mlkem_channel] ciphertext buffered token=1768811498 nonce_prefix=8c03be7c
[mlkem_channel] ciphertext buffered token=3058984330 nonce_prefix=ccecf26f
[mlkem_channel] ciphertext refused token=4240887938: ciphertext buffer full
[mlkem_channel] ciphertext buffered token=3078060162 nonce_prefix=ceac8db9
[mlkem_channel] ciphertext buffered token=1120846825 nonce_prefix=c9dc475a
[mlkem_channel] ciphertext buffered token=1923705680 nonce_prefix=24888c3d
[mlkem_channel] ciphertext buffered token=3079141565 nonce_prefix=01a60e4e
[mlkem_channel] ciphertext buffered token=3910899898 nonce_prefix=35c81b07
[mlkem_channel] ciphertext buffered token=961269591 nonce_prefix=d731ac0d
[mlkem_channel] ciphertext buffered token=4234682740 nonce_prefix=01aa7506
[mlkem_channel] ciphertext buffered token=2978546930 nonce_prefix=37a03878
[mlkem_channel] ciphertext buffered token=1836290934 nonce_prefix=f6ce2227
[mlkem_channel] ciphertext refused token=2768440314: ciphertext buffer full
[mlkem_channel] ciphertext buffered token=2991415774 nonce_prefix=8474ffb6
[mlkem_channel] ciphertext refused token=2798957646: ciphertext buffer full
[mlkem_channel] ciphertext buffered token=2581503438 nonce_prefix=ce57d4b4
[mlkem_channel] ciphertext buffered token=2453919879 nonce_prefix=6cc5187b
[mlkem_channel] ciphertext buffered token=1858910752 nonce_prefix=47c385b2
[mlkem_channel] ciphertext buffered token=2323464619 nonce_prefix=6be024c2
[mlkem_channel] ciphertext buffered token=1097186393 nonce_prefix=7bf73d4a
[mlkem_channel] ciphertext buffered token=1399362416 nonce_prefix=5f16ae8f
[mlkem_channel] ciphertext buffered token=3882727429 nonce_prefix=32fc5d0a
[mlkem_channel] ciphertext buffered token=1224375074 nonce_prefix=6a176268
[mlkem_channel] ciphertext buffered token=4138427952 nonce_prefix=e097f167
[mlkem_channel] ciphertext buffered token=468017958 nonce_prefix=bf9904bc
[mlkem_channel] ciphertext buffered token=2130884094 nonce_prefix=56617939
[mlkem_channel] ciphertext buffered token=2801361019 nonce_prefix=740f2702
[mlkem_channel] ciphertext buffered token=746549003 nonce_prefix=08652ef6
[mlkem_channel] ciphertext buffered token=813443059 nonce_prefix=4a94818f
[mlkem_channel] ciphertext buffered token=3449694003 nonce_prefix=1ffab758
[mlkem_channel] ciphertext buffered token=320335823 nonce_prefix=169acf7f
[mlkem_channel] ciphertext buffered token=1794026517 nonce_prefix=fe731eb4
[mlkem_channel] ciphertext buffered token=1388574589 nonce_prefix=fcb8a811
[mlkem_channel] ciphertext buffered token=2095358473 nonce_prefix=e7e8f448
[mlkem_channel] ciphertext buffered token=622634518 nonce_prefix=a8030a7c
[mlkem_channel] ciphertext buffered token=3450144410 nonce_prefix=7d1eafa5
[mlkem_channel] ciphertext buffered token=3155720447 nonce_prefix=17eab137
[mlkem_channel] ciphertext buffered token=4059192529 nonce_prefix=bfe2c9a9
[mlkem_channel] ciphertext buffered token=3835997750 nonce_prefix=2a392d4d
[mlkem_channel] ciphertext buffered token=1261650463 nonce_prefix=90ce48ba
[mlkem_channel] ciphertext buffered token=2787989304 nonce_prefix=1be58b83
[mlkem_channel] ciphertext buffered token=3364961525 nonce_prefix=22a730e6
[mlkem_channel] ciphertext buffered token=1528254195 nonce_prefix=d9d3aaaa
[mlkem_channel] ciphertext buffered token=1413645293 nonce_prefix=135b8581
[mlkem_channel] ciphertext buffered token=4141108643 nonce_prefix=2561c901
[mlkem_channel] ciphertext buffered token=1687287321 nonce_prefix=4af2b630
[mlkem_channel] ciphertext buffered token=1957836421 nonce_prefix=1ed6ad66
[mlkem_channel] ciphertext buffered token=1205457309 nonce_prefix=bbdc24a6
[mlkem_channel] ciphertext buffered token=279017304 nonce_prefix=d8569a4b
[mlkem_channel] ciphertext buffered token=2246102155 nonce_prefix=7bb4d94a
[mlkem_channel] ciphertext buffered token=3493918934 nonce_prefix=f29b92f9
[mlkem_channel] ciphertext buffered token=1048751521 nonce_prefix=8302f2a5
[mlkem_channel] ciphertext buffered token=226307985 nonce_prefix=f657dc2e
[mlkem_channel] ciphertext buffered token=2543809371 nonce_prefix=3df38388
[mlkem_channel] ciphertext buffered token=159971696 nonce_prefix=eb9946ef
[mlkem_channel] ciphertext buffered token=1951524391 nonce_prefix=62718a5b
[mlkem_channel] ciphertext buffered token=4210217332 nonce_prefix=a1c923c8
[mlkem_channel] ciphertext buffered token=2594199671 nonce_prefix=fc89e578
[mlkem_channel] ciphertext buffered token=4135188482 nonce_prefix=327055e1
[mlkem_channel] ciphertext buffered token=2355446909 nonce_prefix=c30da480
[mlkem_channel] ciphertext buffered token=111849730 nonce_prefix=9c166c6a
[mlkem_channel] ciphertext buffered token=896002661 nonce_prefix=204aa2cd
[mlkem_channel] ciphertext buffered token=1805552834 nonce_prefix=a8a1cc51
[mlkem_channel] ciphertext buffered token=2936427864 nonce_prefix=acd6d945
[mlkem_channel] ciphertext buffered token=1912807094 nonce_prefix=4cc5a846
[mlkem_channel] ciphertext buffered token=3564672581 nonce_prefix=c56fbfec
[mlkem_channel] ciphertext buffered token=1521694135 nonce_prefix=e7113b18
[mlkem_channel] ciphertext buffered token=3736849648 nonce_prefix=d97f22fd
[mlkem_channel] ciphertext buffered token=561912002 nonce_prefix=84f9a8ed
[mlkem_channel] ciphertext buffered token=2650224237 nonce_prefix=edb65ca5
[mlkem_channel] ciphertext buffered token=2653223737 nonce_prefix=d76f00df
[mlkem_channel] ciphertext buffered token=1984617966 nonce_prefix=55969a86
[mlkem_channel] ciphertext buffered token=1659090902 nonce_prefix=1de052e4
[mlkem_channel] ciphertext buffered token=2441345364 nonce_prefix=e2a491f6
[mlkem_channel] ciphertext buffered token=1863267479 nonce_prefix=75d58db5
[mlkem_channel] ciphertext refused token=125263636: ciphertext buffer full
[mlkem_channel] ciphertext buffered token=2795328538 nonce_prefix=7ad9a632
[mlkem_channel] ciphertext buffered token=534674942 nonce_prefix=d3d373a1
[mlkem_channel] ciphertext buffered token=2559503882 nonce_prefix=7e2fe541
[mlkem_channel] ciphertext buffered token=3292419811 nonce_prefix=4200cd3c
[mlkem_channel] ciphertext buffered token=2598082597 nonce_prefix=605290a8
[mlkem_channel] ciphertext buffered token=1704941432 nonce_prefix=73418830
[mlkem_channel] ciphertext buffered token=1991905527 nonce_prefix=4fd34ca6
[mlkem_channel] ciphertext buffered token=4051611652 nonce_prefix=0de9f7e4
[mlkem_channel] ciphertext buffered token=2552241001 nonce_prefix=81a6862a
[mlkem_channel] ciphertext buffered token=1233884680 nonce_prefix=c18e8464
[mlkem_channel] ciphertext buffered token=2445138910 nonce_prefix=46ef9699
[mlkem_channel] ciphertext buffered token=3109444209 nonce_prefix=9e56bc4f
[mlkem_channel] ciphertext buffered token=3416493875 nonce_prefix=29631e39
[mlkem_channel] ciphertext buffered token=424444221 nonce_prefix=dfdc1dcc
[mlkem_channel] ciphertext buffered token=3093102311 nonce_prefix=1eccf4a2
[mlkem_channel] ciphertext buffered token=3965064635 nonce_prefix=6845ca5e
[mlkem_channel] ciphertext buffered token=111130149 nonce_prefix=28105a1e
[mlkem_channel] ciphertext buffered token=4149323132 nonce_prefix=66b87259
[mlkem_channel] ciphertext buffered token=588273625 nonce_prefix=5a4c75ee
[mlkem_channel] ciphertext buffered token=2873640203 nonce_prefix=18f26340
[mlkem_channel] ciphertext buffered token=354592400 nonce_prefix=c51f43d3
[mlkem_channel] ciphertext buffered token=823077404 nonce_prefix=ff5153c2
[mlkem_channel] ciphertext buffered token=719521250 nonce_prefix=b159f32e
[mlkem_channel] ciphertext buffered token=344778782 nonce_prefix=b5fea611
[mlkem_channel] ciphertext buffered token=3716929836 nonce_prefix=e8df23cd
[mlkem_channel] ciphertext buffered token=6756886 nonce_prefix=f3e0562a
[mlkem_channel] ciphertext buffered token=385054540 nonce_prefix=8e663c5c
[mlkem_channel] ciphertext buffered token=852266979 nonce_prefix=1e7077c9
[mlkem_channel] ciphertext buffered token=1904886474 nonce_prefix=815a6338
[mlkem_channel] ciphertext buffered token=3125173255 nonce_prefix=46619cce
[mlkem_channel] ciphertext buffered token=1657131531 nonce_prefix=635550ac
[mlkem_channel] ciphertext buffered token=2431844908 nonce_prefix=40058386
[mlkem_channel] ciphertext buffered token=2931565475 nonce_prefix=0feb0d26
[mlkem_channel] ciphertext buffered token=4154062354 nonce_prefix=225ff912
[mlkem_channel] ciphertext buffered token=1730867573 nonce_prefix=b9cf3cec
[mlkem_channel] ciphertext buffered token=2371842715 nonce_prefix=601ce1a4
[mlkem_channel] ciphertext buffered token=3907696482 nonce_prefix=be4c9ae5
[mlkem_channel] ciphertext buffered token=2468237007 nonce_prefix=3c7d317a
[mlkem_channel] ciphertext buffered token=3635447173 nonce_prefix=84ecbc4a
[mlkem_channel] ciphertext buffered token=1949386676 nonce_prefix=a9632207
[mlkem_channel] ciphertext buffered token=3515729266 nonce_prefix=b1deec91
[mlkem_channel] ciphertext buffered token=4212684751 nonce_prefix=3106396f
[mlkem_channel] ciphertext buffered token=236212627 nonce_prefix=32a20735
[mlkem_channel] ciphertext buffered token=3336214003 nonce_prefix=2be50bc2
[mlkem_channel] ciphertext buffered token=2511176469 nonce_prefix=d288ffb6
[mlkem_channel] ciphertext buffered token=2484723667 nonce_prefix=86592551
[mlkem_channel] ciphertext buffered token=580817194 nonce_prefix=ade08acf
[mlkem_channel] ciphertext buffered token=1254289991 nonce_prefix=d0234432
[mlkem_channel] ciphertext buffered token=1076036981 nonce_prefix=ba875389
[mlkem_channel] ciphertext buffered token=315897787 nonce_prefix=b2209d9a
[mlkem_channel] ciphertext buffered token=268465477 nonce_prefix=4e9e472f
[mlkem_channel] ciphertext buffered token=2724332101 nonce_prefix=9cf81a12
[mlkem_channel] ciphertext buffered token=3018678933 nonce_prefix=9b24fd4e
[mlkem_channel] ciphertext buffered token=3730343306 nonce_prefix=b5d9b01d
[mlkem_channel] ciphertext buffered token=1047445806 nonce_prefix=af303fe2
[mlkem_channel] ciphertext buffered token=203308438 nonce_prefix=97295579
[mlkem_channel] ciphertext buffered token=3236154562 nonce_prefix=792da16b
[mlkem_channel] ciphertext buffered token=3379294220 nonce_prefix=a68dd6f8
[mlkem_channel] ciphertext buffered token=2178520120 nonce_prefix=25a152aa
[mlkem_channel] ciphertext buffered token=1626143858 nonce_prefix=9746629b
[mlkem_channel] ciphertext buffered token=3793945523 nonce_prefix=790d73d5
[mlkem_channel] ciphertext buffered token=1542804114 nonce_prefix=091de610
[mlkem_channel] ciphertext buffered token=558703087 nonce_prefix=589020aa
[mlkem_channel] ciphertext buffered token=2231622166 nonce_prefix=a1b1b7f7
[mlkem_channel] ciphertext buffered token=2934341263 nonce_prefix=4e29715e
[mlkem_channel] ciphertext buffered token=647364667 nonce_prefix=52b9b832
[mlkem_channel] ciphertext buffered token=75183018 nonce_prefix=a5b6ca4c
[mlkem_channel] ciphertext buffered token=1513185585 nonce_prefix=80d08376
[mlkem_channel] ciphertext buffered token=310161069 nonce_prefix=dfb02cbf
[mlkem_channel] ciphertext buffered token=1118797094 nonce_prefix=559d3643
[mlkem_channel] ciphertext buffered token=2002595517 nonce_prefix=beae4703
[mlkem_channel] ciphertext buffered token=1046809260 nonce_prefix=4ab3d628
[mlkem_channel] ciphertext buffered token=2501783599 nonce_prefix=16a5bd00
[mlkem_channel] ciphertext refused token=1601773693: ciphertext buffer full
[mlkem_channel] ciphertext buffered token=508599313 nonce_prefix=7c53fc17
[mlkem_channel] ciphertext buffered token=2003658927 nonce_prefix=686157a0
[mlkem_channel] ciphertext buffered token=803664494 nonce_prefix=6880092d
[mlkem_channel] ciphertext buffered token=70096339 nonce_prefix=79197640
[mlkem_channel] ciphertext buffered token=2486063338 nonce_prefix=dde48426
[mlkem_channel] ciphertext buffered token=335334285 nonce_prefix=d937b20c
[mlkem_channel] ciphertext buffered token=2331739087 nonce_prefix=05c37d35
[mlkem_channel] ciphertext buffered token=1836379331 nonce_prefix=1734863f
[mlkem_channel] ciphertext buffered token=2343132139 nonce_prefix=9d88b8e6
[mlkem_channel] ciphertext buffered token=2221974748 nonce_prefix=2db8a6b0
[mlkem_channel] ciphertext buffered token=805086568 nonce_prefix=7df83f7d
[mlkem_channel] ciphertext buffered token=4091695453 nonce_prefix=ad24cab2
[mlkem_channel] ciphertext buffered token=1762653876 nonce_prefix=ca9bfbee
[mlkem_channel] ciphertext buffered token=1199283424 nonce_prefix=0d223cb0
[mlkem_channel] ciphertext buffered token=3690812415 nonce_prefix=4c7cf539
[mlkem_channel] ciphertext buffered token=1296647644 nonce_prefix=5037018d
[mlkem_channel] ciphertext buffered token=2390898543 nonce_prefix=71503981
[mlkem_channel] ciphertext buffered token=2283313216 nonce_prefix=50b12f45
[mlkem_channel] ciphertext buffered token=281828700 nonce_prefix=d8ed684c
[mlkem_channel] ciphertext buffered token=669607253 nonce_prefix=03dc5d23
[mlkem_channel] ciphertext buffered token=3032656368 nonce_prefix=f1c2389b
[mlkem_channel] ciphertext buffered token=3566230798 nonce_prefix=cddb0277
[mlkem_channel] ciphertext buffered token=523182713 nonce_prefix=e490452d
[mlkem_channel] ciphertext buffered token=1633288 nonce_prefix=e1babc24
[mlkem_channel] ciphertext buffered token=2415007182 nonce_prefix=b0375c2c
[mlkem_channel] ciphertext buffered token=2408535304 nonce_prefix=9034e0a2
[mlkem_channel] ciphertext buffered token=1704890639 nonce_prefix=9e5cd9b7
[mlkem_channel] ciphertext buffered token=1650678116 nonce_prefix=172cca29
[mlkem_channel] ciphertext buffered token=3922200559 nonce_prefix=df9b61cf
[mlkem_channel] ciphertext buffered token=1545203820 nonce_prefix=e6151cc5
[mlkem_channel] ciphertext buffered token=2200493238 nonce_prefix=98b2555c
[mlkem_channel] ciphertext buffered token=1944205268 nonce_prefix=222387b7
[mlkem_channel] ciphertext buffered token=3629918959 nonce_prefix=614bc05f
[mlkem_channel] ciphertext buffered token=4226500393 nonce_prefix=b9b43098
[mlkem_channel] ciphertext buffered token=2161039527 nonce_prefix=f41a8249
[mlkem_channel] ciphertext buffered token=3485493366 nonce_prefix=a5f35564
[mlkem_channel] ciphertext refused token=581324253: ciphertext buffer full
[mlkem_channel] ciphertext buffered token=395470084 nonce_prefix=6136b786
[mlkem_channel] ciphertext buffered token=3987198934 nonce_prefix=a0a629f5
[mlkem_channel] ciphertext buffered token=3277529969 nonce_prefix=1c509f46
[mlkem_channel] ciphertext buffered token=2369861129 nonce_prefix=5aa8b01e
[mlkem_channel] ciphertext buffered token=2699620070 nonce_prefix=851256f0
[mlkem_channel] ciphertext buffered token=2049825342 nonce_prefix=fee2e096
[mlkem_channel] ciphertext buffered token=1585560947 nonce_prefix=cf88a354
[mlkem_channel] ciphertext buffered token=1406078980 nonce_prefix=e3f71338
[mlkem_channel] ciphertext buffered token=1001364397 nonce_prefix=2203c045
[mlkem_channel] ciphertext buffered token=169704051 nonce_prefix=824b61b2
[mlkem_channel] ciphertext buffered token=2222746715 nonce_prefix=354228bb
[mlkem_channel] ciphertext refused token=2499768059: ciphertext buffer full
[mlkem_channel] ciphertext buffered token=99521087 nonce_prefix=5ca8ae63
[mlkem_channel] ciphertext buffered token=3652160617 nonce_prefix=a8de36f8
[mlkem_channel] ciphertext buffered token=1328722644 nonce_prefix=09d1590a
[mlkem_channel] ciphertext buffered token=3733929956 nonce_prefix=116a517a
[mlkem_channel] ciphertext buffered token=4164381164 nonce_prefix=caa97b74
[mlkem_channel] ciphertext buffered token=3380583706 nonce_prefix=a0c76b1f
[mlkem_channel] ciphertext buffered token=3672811923 nonce_prefix=4868c415
[mlkem_channel] ciphertext buffered token=2020438234 nonce_prefix=b0e1db52
[mlkem_channel] ciphertext buffered token=2119104353 nonce_prefix=51d6a2b7
[mlkem_channel] ciphertext buffered token=2365578265 nonce_prefix=f008d657
[mlkem_channel] ciphertext buffered token=108781097 nonce_prefix=7a566e20
[mlkem_channel] ciphertext buffered token=2234907646 nonce_prefix=89e9fb01
[mlkem_channel] ciphertext buffered token=2420309948 nonce_prefix=f7ec04c2
[mlkem_channel] ciphertext buffered token=374149109 nonce_prefix=1e8bbf0d
[mlkem_channel] ciphertext buffered token=823424476 nonce_prefix=72bec8bd
[mlkem_channel] ciphertext buffered token=3062502312 nonce_prefix=c7981715
[mlkem_channel] ciphertext buffered token=3788781927 nonce_prefix=6d208c19
[mlkem_channel] ciphertext buffered token=3196934036 nonce_prefix=d9ca7c40
[mlkem_channel] ciphertext buffered token=1052242146 nonce_prefix=745ea913
[mlkem_channel] ciphertext buffered token=3156129922 nonce_prefix=06a81862
[mlkem_channel] ciphertext buffered token=2972130661 nonce_prefix=ddcf1889
[mlkem_channel] ciphertext buffered token=3937675048 nonce_prefix=6234554c
[mlkem_channel] ciphertext buffered token=4195262219 nonce_prefix=cc1bea40
[mlkem_channel] ciphertext buffered token=4279957886 nonce_prefix=3c18b623
[mlkem_channel] ciphertext buffered token=3724227620 nonce_prefix=c02106c2
[mlkem_channel] ciphertext refused token=1679922752: ciphertext buffer full
[mlkem_channel] ciphertext refused token=3929366850: ciphertext buffer full
[mlkem_channel] ciphertext refused token=3464587600: ciphertext buffer full
[mlkem_channel] ciphertext refused token=3607606875: ciphertext buffer full
[mlkem_channel] ciphertext refused token=3387641677: ciphertext buffer full
[mlkem_channel] ciphertext refused token=2454465231: ciphertext buffer full
[mlkem_channel] ciphertext refused token=1611368635: ciphertext buffer full
[mlkem_channel] ciphertext refused token=2687923462: ciphertext buffer full
[mlkem_channel] ciphertext refused token=989200336: ciphertext buffer full
[mlkem_channel] ciphertext refused token=1028630773: ciphertext buffer full
[mlkem_channel] ciphertext refused token=3618789865: ciphertext buffer full
[mlkem_channel] ciphertext refused token=1630769023: ciphertext buffer full
[mlkem_channel] ciphertext refused token=226877195: ciphertext buffer full
[mlkem_channel] ciphertext refused token=4288482151: ciphertext buffer full
[mlkem_channel] ciphertext refused token=2018090742: ciphertext buffer full
[mlkem_channel] ciphertext refused token=3395663575: ciphertext buffer full
[mlkem_channel] ciphertext refused token=2695820820: ciphertext buffer full
[mlkem_channel] ciphertext refused token=3843317167: ciphertext buffer full
[mlkem_channel] ciphertext refused token=4278162249: ciphertext buffer full
[mlkem_channel] ciphertext refused token=3803884261: ciphertext buffer full
[mlkem_channel] ciphertext refused token=1147276493: ciphertext buffer full
[mlkem_channel] ciphertext refused token=2740015431: ciphertext buffer full
[mlkem_channel] ciphertext refused token=2484930309: ciphertext buffer full
[mlkem_channel] ciphertext refused token=1523330031: ciphertext buffer full
[mlkem_channel] ciphertext refused token=1539448641: ciphertext buffer full
[mlkem_channel] ciphertext refused token=2833905312: ciphertext buffer full
[mlkem_channel] ciphertext refused token=3527296133: ciphertext buffer full
[mlkem_channel] ciphertext refused token=4225835653: ciphertext buffer full
[mlkem_channel] ciphertext refused token=2409592225: ciphertext buffer full
[mlkem_channel] ciphertext refused token=3353822192: ciphertext buffer full
[mlkem_channel] ciphertext refused token=2548164137: ciphertext buffer full
[mlkem_channel] ciphertext refused token=1343475168: ciphertext buffer full
[mlkem_channel] ciphertext refused token=24351406: ciphertext buffer full
[mlkem_channel] ciphertext refused token=4114802289: ciphertext buffer full
[mlkem_channel] ciphertext refused token=2896070171: ciphertext buffer full
[mlkem_channel] ciphertext refused token=3176929404: ciphertext buffer full
[mlkem_channel] ciphertext refused token=307083496: ciphertext buffer full
[mlkem_channel] ciphertext refused token=2227011055: ciphertext buffer full
[mlkem_channel] ciphertext refused token=3170484748: ciphertext buffer full
[mlkem_channel] ciphertext refused token=3467535: ciphertext buffer full
[mlkem_channel] ciphertext refused token=1824929608: ciphertext buffer full
[mlkem_channel] ciphertext refused token=1659393198: ciphertext buffer full
[mlkem_channel] ciphertext refused token=2289299839: ciphertext buffer full
[mlkem_channel] ciphertext refused token=399176603: ciphertext buffer full
[mlkem_channel] ciphertext refused token=3917495054: ciphertext buffer full
[mlkem_channel] ciphertext refused token=3249793587: ciphertext buffer full
[mlkem_channel] ciphertext refused token=1991272910: ciphertext buffer full
[mlkem_channel] ciphertext refused token=3319164911: ciphertext buffer full
[mlkem_channel] ciphertext refused token=706763072: ciphertext buffer full
[mlkem_channel] ciphertext refused token=3482274484: ciphertext buffer full
[mlkem_channel] ciphertext refused token=1408465043: ciphertext buffer full
[mlkem_channel] ciphertext refused token=1163855977: ciphertext buffer full
[mlkem_channel] ciphertext refused token=417736621: ciphertext buffer full
[mlkem_channel] ciphertext refused token=1449158444: ciphertext buffer full
[mlkem_channel] ciphertext refused token=2620460793: ciphertext buffer full
[mlkem_channel] ciphertext refused token=2747753172: ciphertext buffer full
[mlkem_channel] ciphertext refused token=2356365645: ciphertext buffer full
[mlkem_channel] ciphertext refused token=1513750832: ciphertext buffer full
[mlkem_channel] ciphertext refused token=4275586040: ciphertext buffer full
[mlkem_channel] ciphertext refused token=553028836: ciphertext buffer full
[mlkem_channel] ciphertext refused token=41063062: ciphertext buffer full
[mlkem_channel] ciphertext refused token=1957165987: ciphertext buffer full
[mlkem_channel] ciphertext refused token=2477782779: ciphertext buffer full
[mlkem_channel] ciphertext refused token=4164172051: ciphertext buffer full
[mlkem_channel] ciphertext refused token=2526754227: ciphertext buffer full
[mlkem_channel] ciphertext refused token=229128623: ciphertext buffer full
[mlkem_channel] ciphertext refused token=927019228: ciphertext buffer full
[mlkem_channel] ciphertext refused token=580213557: ciphertext buffer full
[mlkem_channel] ciphertext refused token=2786077933: ciphertext buffer full
[mlkem_channel] ciphertext refused token=1312617671: ciphertext buffer full
[mlkem_channel] ciphertext refused token=4078651654: ciphertext buffer full
[mlkem_channel] ciphertext refused token=2836388443: ciphertext buffer full
[mlkem_channel] ciphertext refused token=259483281: ciphertext buffer full
[mlkem_channel] ciphertext refused token=2863500303: ciphertext buffer full
[mlkem_channel] ciphertext refused token=160022734: ciphertext buffer full
[mlkem_channel] ciphertext refused token=2514951016: ciphertext buffer full
[mlkem_channel] ciphertext refused token=553552460: ciphertext buffer full
[mlkem_channel] ciphertext refused token=247983164: ciphertext buffer full
[mlkem_channel] ciphertext refused token=2421042989: ciphertext buffer full
[mlkem_channel] ciphertext refused token=2394110452: ciphertext buffer full
[mlkem_channel] ciphertext refused token=2097537394: ciphertext buffer full
[mlkem_channel] ciphertext refused token=2316848880: ciphertext buffer full
[mlkem_channel] ciphertext refused token=1821935631: ciphertext buffer full
[mlkem_channel] ciphertext refused token=2800601247: ciphertext buffer full
[mlkem_channel] ciphertext refused token=831772837: ciphertext buffer full
[mlkem_channel] ciphertext refused token=183803767: ciphertext buffer full
[mlkem_channel] ciphertext refused token=722622751: ciphertext buffer full
[mlkem_channel] ciphertext refused token=2439671484: ciphertext buffer full
[mlkem_channel] ciphertext refused token=2682265142: ciphertext buffer full
[mlkem_channel] ciphertext refused token=1213369302: ciphertext buffer full
[mlkem_channel] ciphertext refused token=3683843905: ciphertext buffer full
[mlkem_channel] ciphertext refused token=2308534289: ciphertext buffer full
[mlkem_channel] ciphertext refused token=1788073535: ciphertext buffer full
[mlkem_channel] ciphertext refused token=3130544812: ciphertext buffer full
[mlkem_channel] ciphertext refused token=3779668818: ciphertext buffer full
[mlkem_channel] ciphertext refused token=3518531392: ciphertext buffer full
[mlkem_channel] ciphertext refused token=3204772760: ciphertext buffer full
[mlkem_channel] ciphertext refused token=365548943: ciphertext buffer full
[mlkem_channel] ciphertext refused token=3606475072: ciphertext buffer full
[mlkem_channel] ciphertext refused token=1958544853: ciphertext buffer full
[mlkem_channel] ciphertext refused token=1212619942: ciphertext buffer full
[mlkem_channel] ciphertext refused token=62235244: ciphertext buffer full
[mlkem_channel] ciphertext refused token=1979336892: ciphertext buffer full
[mlkem_channel] ciphertext refused token=4022492070: ciphertext buffer full
[mlkem_channel] ciphertext refused token=3354556259: ciphertext buffer full
[mlkem_channel] ciphertext refused token=870349038: ciphertext buffer full
[mlkem_channel] ciphertext refused token=735372112: ciphertext buffer full
[mlkem_channel] ciphertext refused token=2743383868: ciphertext buffer full
[mlkem_channel] ciphertext refused token=3528628027: ciphertext buffer full
[mlkem_channel] ciphertext refused token=3043674425: ciphertext buffer full
[mlkem_channel] ciphertext refused token=1656740687: ciphertext buffer full
[mlkem_channel] ciphertext refused token=1108227052: ciphertext buffer full
[mlkem_channel] ciphertext refused token=2783725697: ciphertext buffer full
[mlkem_channel] ciphertext refused token=775421344: ciphertext buffer full
[mlkem_channel] ciphertext refused token=1208759478: ciphertext buffer full
[mlkem_channel] ciphertext refused token=1742461553: ciphertext buffer full
[mlkem_channel] ciphertext refused token=27142536: ciphertext buffer full
[mlkem_channel] ciphertext refused token=2553255244: ciphertext buffer full
[mlkem_channel] ciphertext refused token=2818212925: ciphertext buffer full
[mlkem_channel] ciphertext refused token=2293670824: ciphertext buffer full
[mlkem_channel] ciphertext refused token=3563898676: ciphertext buffer full
[mlkem_channel] ciphertext refused token=3414763624: ciphertext buffer full
[mlkem_channel] ciphertext refused token=1944526238: ciphertext buffer full
[mlkem_channel] ciphertext refused token=1468007574: ciphertext buffer full
[mlkem_channel] ciphertext refused token=927925430: ciphertext buffer full
[mlkem_channel] ciphertext refused token=1901343182: ciphertext buffer full
[mlkem_channel] ciphertext refused token=3648052136: ciphertext buffer full
[mlkem_channel] ciphertext refused token=2839002330: ciphertext buffer full
[mlkem_channel] ciphertext refused token=4026052274: ciphertext buffer full
[mlkem_channel] ciphertext refused token=3337178189: ciphertext buffer full
[mlkem_channel] ciphertext refused token=3409962882: ciphertext buffer full
[mlkem_channel] ciphertext refused token=2386294581: ciphertext buffer full
[mlkem_channel] ciphertext refused token=3225124601: ciphertext buffer full
[mlkem_channel] ciphertext refused token=1344392542: ciphertext buffer full
[mlkem_channel] ciphertext refused token=3917309832: ciphertext buffer full
[mlkem_channel] ciphertext refused token=3508571774: ciphertext buffer full
[mlkem_channel] ciphertext refused token=293887953: ciphertext buffer full
[mlkem_channel] ciphertext refused token=3091386255: ciphertext buffer full
[mlkem_channel] ciphertext refused token=299250982: ciphertext buffer full
[mlkem_channel] ciphertext refused token=3895755379: ciphertext buffer full
[mlkem_channel] ciphertext refused token=684323724: ciphertext buffer full
[mlkem_channel] ciphertext refused token=624223748: ciphertext buffer full
[mlkem_channel] ciphertext refused token=783422417: ciphertext buffer full
[mlkem_channel] ciphertext refused token=399188694: ciphertext buffer full
[mlkem_channel] ciphertext refused token=60916808: ciphertext buffer full
[mlkem_channel] ciphertext refused token=1033324869: ciphertext buffer full
[mlkem_channel] ciphertext refused token=3073937851: ciphertext buffer full
[mlkem_channel] ciphertext refused token=989999326: ciphertext buffer full
[mlkem_channel] ciphertext refused token=1831652806: ciphertext buffer full
[mlkem_channel] ciphertext refused token=1096984286: ciphertext buffer full
[mlkem_channel] ciphertext refused token=1103708454: ciphertext buffer full
[mlkem_channel] ciphertext refused token=2813913618: ciphertext buffer full
[mlkem_channel] ciphertext refused token=2563202044: ciphertext buffer full
[mlkem_channel] ciphertext refused token=2797844952: ciphertext buffer full
[mlkem_channel] ciphertext refused token=4126471134: ciphertext buffer full
[mlkem_channel] ciphertext refused token=259876072: ciphertext buffer full
[mlkem_channel] ciphertext refused token=2942724295: ciphertext buffer full
[mlkem_channel] ciphertext refused token=1697714456: ciphertext buffer full
[mlkem_channel] ciphertext refused token=603839225: ciphertext buffer full
[mlkem_channel] ciphertext refused token=4055343382: ciphertext buffer full
[mlkem_channel] ciphertext refused token=3006878431: ciphertext buffer full
[mlkem_channel] ciphertext refused token=265751931: ciphertext buffer full
[mlkem_channel] ciphertext refused token=305608165: ciphertext buffer full
[mlkem_channel] ciphertext refused token=2933186928: ciphertext buffer full
[mlkem_channel] ciphertext refused token=2787924281: ciphertext buffer full
[mlkem_channel] ciphertext refused token=4157427043: ciphertext buffer full
[mlkem_channel] ciphertext refused token=3812451037: ciphertext buffer full
[mlkem_channel] ciphertext refused token=1002559719: ciphertext buffer full
[mlkem_channel] ciphertext refused token=3862714393: ciphertext buffer full
[mlkem_channel] ciphertext refused token=3507370168: ciphertext buffer full
[mlkem_channel] ciphertext refused token=4038929651: ciphertext buffer full
[mlkem_channel] ciphertext refused token=1586348926: ciphertext buffer full
[mlkem_channel] ciphertext refused token=2067285034: ciphertext buffer full
[mlkem_channel] ciphertext refused token=331228524: ciphertext buffer full
[mlkem_channel] ciphertext refused token=124977112: ciphertext buffer full
[mlkem_channel] ciphertext refused token=2579446695: ciphertext buffer full
[mlkem_channel] ciphertext refused token=854406090: ciphertext buffer full
[mlkem_channel] ciphertext refused token=371470137: ciphertext buffer full
[mlkem_channel] ciphertext refused token=911095272: ciphertext buffer full
[mlkem_channel] ciphertext refused token=2678866185: ciphertext buffer full
[mlkem_channel] ciphertext refused token=475095624: ciphertext buffer full
[mlkem_channel] ciphertext refused token=472681912: ciphertext buffer full
[mlkem_channel] ciphertext refused token=1499856182: ciphertext buffer full
[mlkem_channel] ciphertext refused token=2586958252: ciphertext buffer full
[mlkem_channel] ciphertext refused token=3508838067: ciphertext buffer full
[mlkem_channel] ciphertext refused token=912434283: ciphertext buffer full
[mlkem_channel] ciphertext refused token=1871798468: ciphertext buffer full
[mlkem_channel] ciphertext refused token=1358740295: ciphertext buffer full
[mlkem_channel] ciphertext refused token=2978822923: ciphertext buffer full
[mlkem_channel] ciphertext refused token=2195388751: ciphertext buffer full
[mlkem_channel] ciphertext refused token=1975077225: ciphertext buffer full
[mlkem_channel] ciphertext refused token=4030295856: ciphertext buffer full
[mlkem_channel] ciphertext refused token=1124810620: ciphertext buffer full
[mlkem_channel] ciphertext refused token=3686506985: ciphertext buffer full
[mlkem_channel] ciphertext refused token=1848435726: ciphertext buffer full
[mlkem_channel] ciphertext refused token=482543241: ciphertext buffer full
[mlkem_channel] ciphertext refused token=3525681069: ciphertext buffer full
[mlkem_channel] ciphertext refused token=245612549: ciphertext buffer full
[mlkem_channel] ciphertext refused token=3053177764: ciphertext buffer full
[mlkem_channel] ciphertext refused token=687232261: ciphertext buffer full
[mlkem_channel] ciphertext refused token=777309707: ciphertext buffer full
[mlkem_channel] ciphertext refused token=3253536289: ciphertext buffer full
[mlkem_channel] ciphertext refused token=601651872: ciphertext buffer full
[mlkem_channel] ciphertext refused token=2541574685: ciphertext buffer full
[mlkem_channel] ciphertext refused token=2737419959: ciphertext buffer full
[mlkem_channel] ciphertext refused token=3011555440: ciphertext buffer full
[mlkem_channel] ciphertext refused token=3423716053: ciphertext buffer full
[mlkem_channel] ciphertext refused token=29158502: ciphertext buffer full
[mlkem_channel] ciphertext refused token=3814757982: ciphertext buffer full
[mlkem_channel] ciphertext refused token=1707612500: ciphertext buffer full
[mlkem_channel] ciphertext refused token=1005602458: ciphertext buffer full
[mlkem_channel] ciphertext refused token=507433578: ciphertext buffer full
[mlkem_channel] ciphertext refused token=377033544: ciphertext buffer full
[mlkem_channel] ciphertext refused token=4294185403: ciphertext buffer full
[mlkem_channel] ciphertext refused token=3080570944: ciphertext buffer full
[mlkem_channel] ciphertext refused token=2046149383: ciphertext buffer full
[mlkem_channel] ciphertext refused token=2064070369: ciphertext buffer full
[mlkem_channel] ciphertext refused token=2404299577: ciphertext buffer full
[mlkem_channel] ciphertext refused token=1352765782: ciphertext buffer full
[mlkem_channel] ciphertext refused token=753445355: ciphertext buffer full
[mlkem_channel] ciphertext refused token=2401906360: ciphertext buffer full
[mlkem_channel] ciphertext refused token=2313426916: ciphertext buffer full
[mlkem_channel] ciphertext refused token=1297269454: ciphertext buffer full
[mlkem_channel] ciphertext refused token=3850859556: ciphertext buffer full
[mlkem_channel] ciphertext refused token=2697032205: ciphertext buffer full
[mlkem_channel] ciphertext refused token=3111564378: ciphertext buffer full
[mlkem_channel] ciphertext refused token=3969650595: ciphertext buffer full
[mlkem_channel] ciphertext refused token=1109859052: ciphertext buffer full
[mlkem_channel] ciphertext refused token=1942653660: ciphertext buffer full
[mlkem_channel] ciphertext refused token=1900570336: ciphertext buffer full
[mlkem_channel] ciphertext refused token=4236054427: ciphertext buffer full
[mlkem_channel] ciphertext refused token=1548728098: ciphertext buffer full
[mlkem_channel] ciphertext refused token=4208068279: ciphertext buffer full
[mlkem_channel] ciphertext refused token=4212598297: ciphertext buffer full
[mlkem_channel] ciphertext refused token=930274614: ciphertext buffer full
[mlkem_channel] ciphertext refused token=3806565581: ciphertext buffer full
[mlkem_channel] ciphertext refused token=2302971219: ciphertext buffer full
[mlkem_channel] ciphertext refused token=2281015498: ciphertext buffer full
[mlkem_channel] ciphertext refused token=1165363111: ciphertext buffer full
[mlkem_channel] ciphertext refused token=2898192633: ciphertext buffer full
[mlkem_channel] ciphertext refused token=1086242172: ciphertext buffer full
[mlkem_channel] ciphertext refused token=3775972306: ciphertext buffer full
[mlkem_channel] ciphertext refused token=1602620918: ciphertext buffer full
[mlkem_channel] ciphertext refused token=1090353491: ciphertext buffer full
[mlkem_channel] ciphertext refused token=3830347851: ciphertext buffer full
[mlkem_channel] ciphertext refused token=1707491038: ciphertext buffer full
[mlkem_channel] ciphertext refused token=2096512630: ciphertext buffer full
[mlkem_channel] ciphertext refused token=135042444: ciphertext buffer full
[mlkem_channel] ciphertext refused token=2356921960: ciphertext buffer full
[mlkem_channel] ciphertext refused token=782421269: ciphertext buffer full
[mlkem_channel] ciphertext refused token=1289333727: ciphertext buffer full
[mlkem_channel] ciphertext refused token=277873394: ciphertext buffer full
[mlkem_channel] ciphertext refused token=350128279: ciphertext buffer full
[mlkem_channel] ciphertext refused token=4241072233: ciphertext buffer full
[mlkem_channel] ciphertext refused token=2208796121: ciphertext buffer full
[mlkem_channel] ciphertext refused token=2467399323: ciphertext buffer full
[mlkem_channel] ciphertext refused token=2804161244: ciphertext buffer full
[mlkem_channel] ciphertext refused token=1512871571: ciphertext buffer full
[mlkem_channel] ciphertext refused token=1180243712: ciphertext buffer full
[mlkem_channel] ciphertext refused token=1277494802: ciphertext buffer full
[mlkem_channel] ciphertext refused token=1454531706: ciphertext buffer full
[mlkem_channel] ciphertext refused token=2504785280: ciphertext buffer full
[mlkem_channel] ciphertext refused token=2689093292: ciphertext buffer full
[mlkem_channel] ciphertext refused token=1650391831: ciphertext buffer full
[mlkem_channel] ciphertext refused token=3252416476: ciphertext buffer full
[mlkem_channel] ciphertext refused token=500537698: ciphertext buffer full
[mlkem_channel] ciphertext refused token=1489421472: ciphertext buffer full
[exit 0]

$ [client] wg-zk-daemon new-connection --iface wg1l >/dev/null
[exit 0]

$ [client] wg show wg1l public-key
rzwd/6qAnqdXEFA7CnAG0cPS7NY2adweb7Dh7NLNwzA=
[exit 0]

$ [client] ping -6 -c 1 -W 3 fd57:475a:4b00::1
PING fd57:475a:4b00::1(fd57:475a:4b00::1) 56 data bytes
64 bytes from fd57:475a:4b00::1: icmp_seq=1 ttl=64 time=4.96 ms

--- fd57:475a:4b00::1 ping statistics ---
1 packets transmitted, 1 received, 0% packet loss, time 0ms
rtt min/avg/max/mdev = 4.955/4.955/4.955/0.000 ms
[exit 0]
