
$ [gateway] install -m 755 /vagrant/bench/acceptance/wgzk_probe.py /usr/local/bin/wgzk_probe.py; mkdir -p /etc/systemd/journald.conf.d; printf '[Journal]\nRateLimitIntervalSec=0\n' > /etc/systemd/journald.conf.d/wgzk.conf; systemctl restart systemd-journald; rm -rf /etc/systemd/system/wgzk.service.d /etc/wgzk-test.env; pkill tcpdump; bash /vagrant/vagrant/02-load-module.sh && WGZK_VARIANT=zk-pq bash /vagrant/vagrant/03-gateway.sh
==> Kernel: 6.8.0-59-generic
==> insmod OK
==> lsmod:
wireguard             135168  0
curve25519_x86_64      36864  1 wireguard
libcurve25519_generic    45056  2 curve25519_x86_64,wireguard
ip6_udp_tunnel         16384  1 wireguard
udp_tunnel             32768  1 wireguard
libchacha20poly1305    20480  1 wireguard
==> wireguard.ko loaded OK — wgzk genl registered
active
==> wgzk daemon running (gateway, zk-pq, epoch 1)
interface: wg1r
  public key: /04haUify5NyBHxcAlPNMZYDW7ZeFUCWRvTnHZkKQmE=
  private key: (hidden)
  listening port: 51921
[exit 0]

$ [gateway] iptables -D INPUT -p udp --dport 51921 -j DROP 2>/dev/null; true
[exit 0]

$ [client] install -m 755 /vagrant/bench/acceptance/wgzk_probe.py /usr/local/bin/wgzk_probe.py; mkdir -p /etc/systemd/journald.conf.d; printf '[Journal]\nRateLimitIntervalSec=0\n' > /etc/systemd/journald.conf.d/wgzk.conf; systemctl restart systemd-journald; rm -rf /etc/systemd/system/wgzk.service.d /etc/wgzk-test.env; bash /vagrant/vagrant/02-load-module.sh && PEER_IP=192.168.100.1 WGZK_VARIANT=zk-pq bash /vagrant/vagrant/03-client.sh
==> Kernel: 6.8.0-59-generic
==> insmod OK
==> lsmod:
wireguard             135168  0
curve25519_x86_64      36864  1 wireguard
libcurve25519_generic    45056  2 curve25519_x86_64,wireguard
ip6_udp_tunnel         16384  1 wireguard
udp_tunnel             32768  1 wireguard
libchacha20poly1305    20480  1 wireguard
==> wireguard.ko loaded OK — wgzk genl registered
public_key=RnN/3eUuOnPXPkE+eOE5C1WPBsFit5YvDA1LTybXbxg=
address=fd57:475a:4b00:0:c4e9:f8a8:49bc:2662
active
==> wgzk daemon running (client, zk-pq, epoch 1)
interface: wg1l
  public key: RnN/3eUuOnPXPkE+eOE5C1WPBsFit5YvDA1LTybXbxg=
  private key: (hidden)
  listening port: 32871

peer: /04haUify5NyBHxcAlPNMZYDW7ZeFUCWRvTnHZkKQmE=
  endpoint: 192.168.100.1:51921
  allowed ips: fd57:475a:4b00::/64
[exit 0]

$ [gateway] mkdir -p /etc/systemd/system/wgzk.service.d; umask 077; printf '%s\n' WGZK_INSTALLER=tool > /etc/wgzk-test.env; printf '%s' '[Service]
EnvironmentFile=/etc/wgzk-test.env
' > /etc/systemd/system/wgzk.service.d/test.conf; systemctl daemon-reload; systemctl restart wgzk; sleep 1; systemctl is-active wgzk
active
[exit 0]

$ [client] mkdir -p /etc/systemd/system/wgzk.service.d; umask 077; printf '%s\n' WGZK_INSTALLER=tool > /etc/wgzk-test.env; printf '%s' '[Service]
EnvironmentFile=/etc/wgzk-test.env
' > /etc/systemd/system/wgzk.service.d/test.conf; systemctl daemon-reload; systemctl restart wgzk; sleep 1; systemctl is-active wgzk
active
[exit 0]

$ [gateway] cat /sys/kernel/debug/wgzk/stats
pending 0
proof_requests 0
proofs_set 0
deferred 0
refused_full 0
undecryptable 0
accepted 0
refused_handshake 0
rejected 0
expired 0
late_verdict 0
legacy_dropped 0
[exit 0]

$ [client] cat /sys/kernel/debug/wgzk/stats
pending 0
proof_requests 0
proofs_set 0
deferred 0
refused_full 0
undecryptable 0
accepted 0
refused_handshake 0
rejected 0
expired 0
late_verdict 0
legacy_dropped 0
[exit 0]

$ [gateway] wg show wg1r allowed-ips
[exit 0]

$ [gateway] journalctl -u wgzk -n 1 --show-cursor -o cat --no-pager | tail -1
-- cursor: s=e6a325d7aab144b09b565d8c4be4d789;i=1cff;b=803d77ddc49e4e5ea7391884acfbd14f;m=2a9b68bc5;t=65ca4a5095ec7;x=b5295a8a2f31e41d
[exit 0]

$ [client] journalctl -u wgzk -n 1 --show-cursor -o cat --no-pager | tail -1
-- cursor: s=a04ba51497c94fceb15b4fa2d2c14874;i=2bc5;b=5708c4198e784f8da063614019aef0c3;m=2a2dfdc34;t=65ca4a5218508;x=c6971c07dae84bc4
[exit 0]

$ [client] wg show wg1l public-key
RnN/3eUuOnPXPkE+eOE5C1WPBsFit5YvDA1LTybXbxg=
[exit 0]

$ [client] ping -6 -c 1 -W 2 fd57:475a:4b00::1
PING fd57:475a:4b00::1(fd57:475a:4b00::1) 56 data bytes
64 bytes from fd57:475a:4b00::1: icmp_seq=1 ttl=64 time=6.56 ms

--- fd57:475a:4b00::1 ping statistics ---
1 packets transmitted, 1 received, 0% packet loss, time 0ms
rtt min/avg/max/mdev = 6.556/6.556/6.556/0.000 ms
[exit 0]

$ [gateway] cat /sys/kernel/debug/wgzk/stats
pending 0
proof_requests 0
proofs_set 0
deferred 1
refused_full 0
undecryptable 0
accepted 1
refused_handshake 0
rejected 0
expired 0
late_verdict 0
legacy_dropped 0
[exit 0]

$ [client] cat /sys/kernel/debug/wgzk/stats
pending 0
proof_requests 1
proofs_set 1
deferred 0
refused_full 0
undecryptable 0
accepted 0
refused_handshake 0
rejected 0
expired 0
late_verdict 0
legacy_dropped 0
[exit 0]

$ [gateway] wg show wg1r allowed-ips
RnN/3eUuOnPXPkE+eOE5C1WPBsFit5YvDA1LTybXbxg=	fd57:475a:4b00:0:c4e9:f8a8:49bc:2662/128
[exit 0]

$ [gateway] journalctl -u wgzk -o cat --no-pager --after-cursor='s=e6a325d7aab144b09b565d8c4be4d789;i=1cff;b=803d77ddc49e4e5ea7391884acfbd14f;m=2a9b68bc5;t=65ca4a5095ec7;x=b5295a8a2f31e41d'
[mlkem_channel] ciphertext buffered token=691448653 nonce_prefix=afe6e219
[timing] side=gateway pending_id=1 token=691448653 nonce_prefix=afe6e219 result=ok wait_ct_us=2 verify_us=166 decap_us=95 peer_us=1338 total_us=1630
[exit 0]

$ [client] journalctl -u wgzk -o cat --no-pager --after-cursor='s=a04ba51497c94fceb15b4fa2d2c14874;i=2bc5;b=5708c4198e784f8da063614019aef0c3;m=2a2dfdc34;t=65ca4a5218508;x=c6971c07dae84bc4'
[timing] side=client token=691448653 nonce_prefix=afe6e219 result=ok zk_us=109 encap_us=90 tls_us=1974 write_us=11 psk_us=1244 tail_us=1 total_us=3497
[exit 0]

$ [gateway] journalctl -u wgzk -o cat --no-pager 
Started wgzk daemon (gateway).
[daemon] Starting
[mlkem_channel] TLS listener on TCP :51821
[gateway] mode=0x02 epoch=1 previous_epoch=no iface=wg1r installer=netlink
[gateway] adopted 0 existing peer(s) of wg1r; 0 in the table, WGZK_PEER_MAX=4096
[gateway] joined wgzk events, ns=net:[4026531840]
[mlkem_channel] ciphertext buffered token=1747578505 nonce_prefix=320eb844
[timing] side=gateway pending_id=1 token=1747578505 nonce_prefix=320eb844 result=ok wait_ct_us=2 verify_us=175 decap_us=98 peer_us=89 total_us=576
[mlkem_channel] ciphertext buffered token=1877389085 nonce_prefix=7ca6d8fe
[timing] side=gateway pending_id=2 token=1877389085 nonce_prefix=7ca6d8fe result=ok wait_ct_us=1 verify_us=96 decap_us=90 peer_us=74 total_us=287
[mlkem_channel] ciphertext buffered token=2725295374 nonce_prefix=f7267367
[timing] side=gateway pending_id=3 token=2725295374 nonce_prefix=f7267367 result=ok wait_ct_us=1 verify_us=96 decap_us=90 peer_us=72 total_us=310
[mlkem_channel] ciphertext buffered token=553657389 nonce_prefix=4499fa92
[timing] side=gateway pending_id=4 token=553657389 nonce_prefix=4499fa92 result=ok wait_ct_us=1 verify_us=97 decap_us=90 peer_us=77 total_us=332
[mlkem_channel] ciphertext buffered token=4068207222 nonce_prefix=a8a8e08d
[timing] side=gateway pending_id=5 token=4068207222 nonce_prefix=a8a8e08d result=ok wait_ct_us=2 verify_us=96 decap_us=91 peer_us=75 total_us=284
[mlkem_channel] ciphertext buffered token=3616820070 nonce_prefix=732d1400
[timing] side=gateway pending_id=6 token=3616820070 nonce_prefix=732d1400 result=ok wait_ct_us=1 verify_us=97 decap_us=89 peer_us=76 total_us=286
Stopping wgzk daemon (gateway)...
wgzk.service: Deactivated successfully.
Stopped wgzk daemon (gateway).
Started wgzk daemon (gateway).
[daemon] Starting
[gateway] mode=0x01 epoch=1 previous_epoch=no iface=wg1r installer=netlink
[gateway] adopted 0 existing peer(s) of wg1r; 0 in the table, WGZK_PEER_MAX=4096
[gateway] joined wgzk events, ns=net:[4026531840]
[timing] side=gateway pending_id=1 token=- nonce_prefix=297aa829 result=ok wait_ct_us=0 verify_us=153 decap_us=0 peer_us=126 total_us=361
[timing] side=gateway pending_id=2 token=- nonce_prefix=2335d130 result=ok wait_ct_us=0 verify_us=96 decap_us=0 peer_us=80 total_us=198
[timing] side=gateway pending_id=3 token=- nonce_prefix=a5591abd result=ok wait_ct_us=0 verify_us=96 decap_us=0 peer_us=75 total_us=197
[timing] side=gateway pending_id=4 token=- nonce_prefix=bda6d6af result=ok wait_ct_us=0 verify_us=109 decap_us=0 peer_us=94 total_us=266
[timing] side=gateway pending_id=5 token=- nonce_prefix=1a711b3a result=ok wait_ct_us=0 verify_us=94 decap_us=0 peer_us=75 total_us=190
Stopping wgzk daemon (gateway)...
wgzk.service: Deactivated successfully.
Stopped wgzk daemon (gateway).
Started wgzk daemon (gateway).
[daemon] Starting
[mlkem_channel] TLS listener on TCP :51821
[gateway] mode=0x02 epoch=1 previous_epoch=no iface=wg1r installer=netlink
[gateway] adopted 0 existing peer(s) of wg1r; 0 in the table, WGZK_PEER_MAX=4096
[gateway] joined wgzk events, ns=net:[4026531840]
[mlkem_channel] ciphertext buffered token=2964552014 nonce_prefix=b0e0e464
[timing] side=gateway pending_id=1 token=2964552014 nonce_prefix=b0e0e464 result=ok wait_ct_us=1 verify_us=180 decap_us=96 peer_us=84 total_us=390
[mlkem_channel] ciphertext buffered token=2532612562 nonce_prefix=7a30733f
[timing] side=gateway pending_id=2 token=2532612562 nonce_prefix=7a30733f result=ok wait_ct_us=1 verify_us=95 decap_us=105 peer_us=87 total_us=311
[mlkem_channel] ciphertext buffered token=3941090462 nonce_prefix=7e732020
[timing] side=gateway pending_id=3 token=3941090462 nonce_prefix=7e732020 result=ok wait_ct_us=2 verify_us=95 decap_us=106 peer_us=32 total_us=253
[mlkem_channel] ciphertext buffered token=1204198411 nonce_prefix=c7b4a0cb
[timing] side=gateway pending_id=4 token=1204198411 nonce_prefix=c7b4a0cb result=ok wait_ct_us=1 verify_us=146 decap_us=92 peer_us=34 total_us=303
[mlkem_channel] ciphertext buffered token=3177024410 nonce_prefix=47828f11
[timing] side=gateway pending_id=5 token=3177024410 nonce_prefix=47828f11 result=ok wait_ct_us=2 verify_us=115 decap_us=91 peer_us=33 total_us=269
[gateway] removed 2 idle peer(s), 0 remain
Stopping wgzk daemon (gateway)...
wgzk.service: Deactivated successfully.
Stopped wgzk daemon (gateway).
Started wgzk daemon (gateway).
[daemon] Starting
[gateway] mode=0x01 epoch=1 previous_epoch=no iface=wg1r installer=netlink
[gateway] adopted 0 existing peer(s) of wg1r; 0 in the table, WGZK_PEER_MAX=4096
[gateway] joined wgzk events, ns=net:[4026531840]
[timing] side=gateway pending_id=1 token=- nonce_prefix=e942f5ce result=ok wait_ct_us=0 verify_us=157 decap_us=0 peer_us=110 total_us=293
[timing] side=gateway pending_id=2 token=- nonce_prefix=3a424348 result=ok wait_ct_us=0 verify_us=95 decap_us=0 peer_us=77 total_us=199
[timing] side=gateway pending_id=3 token=- nonce_prefix=4ae9e08c result=ok wait_ct_us=0 verify_us=133 decap_us=0 peer_us=78 total_us=242
[timing] side=gateway pending_id=4 token=- nonce_prefix=aaffd1f7 result=ok wait_ct_us=0 verify_us=96 decap_us=0 peer_us=81 total_us=218
[timing] side=gateway pending_id=5 token=- nonce_prefix=f6743467 result=ok wait_ct_us=0 verify_us=105 decap_us=0 peer_us=127 total_us=263
[timing] side=gateway pending_id=6 token=- nonce_prefix=145d535a result=ok wait_ct_us=0 verify_us=105 decap_us=0 peer_us=114 total_us=256
[timing] side=gateway pending_id=7 token=- nonce_prefix=d5c5f9a0 result=ok wait_ct_us=0 verify_us=177 decap_us=0 peer_us=133 total_us=338
[timing] side=gateway pending_id=8 token=- nonce_prefix=1bdcc400 result=ok wait_ct_us=0 verify_us=95 decap_us=0 peer_us=75 total_us=209
[timing] side=gateway pending_id=9 token=- nonce_prefix=0694fe04 result=ok wait_ct_us=0 verify_us=94 decap_us=0 peer_us=73 total_us=187
[timing] side=gateway pending_id=10 token=- nonce_prefix=9dab737c result=ok wait_ct_us=0 verify_us=94 decap_us=0 peer_us=71 total_us=189
[timing] side=gateway pending_id=11 token=- nonce_prefix=f8f31749 result=ok wait_ct_us=0 verify_us=95 decap_us=0 peer_us=73 total_us=208
[timing] side=gateway pending_id=12 token=- nonce_prefix=44a56e26 result=ok wait_ct_us=0 verify_us=152 decap_us=0 peer_us=77 total_us=257
[timing] side=gateway pending_id=13 token=- nonce_prefix=b37ef549 result=ok wait_ct_us=0 verify_us=96 decap_us=0 peer_us=72 total_us=200
[timing] side=gateway pending_id=14 token=- nonce_prefix=c2a7ce86 result=ok wait_ct_us=0 verify_us=96 decap_us=0 peer_us=88 total_us=213
[timing] side=gateway pending_id=15 token=- nonce_prefix=547ad3ec result=ok wait_ct_us=0 verify_us=133 decap_us=0 peer_us=84 total_us=254
[timing] side=gateway pending_id=16 token=- nonce_prefix=33e2b2a2 result=ok wait_ct_us=0 verify_us=94 decap_us=0 peer_us=77 total_us=197
[timing] side=gateway pending_id=17 token=- nonce_prefix=8918fc9d result=ok wait_ct_us=0 verify_us=95 decap_us=0 peer_us=84 total_us=199
[timing] side=gateway pending_id=18 token=- nonce_prefix=21fdc629 result=ok wait_ct_us=0 verify_us=94 decap_us=0 peer_us=74 total_us=191
[timing] side=gateway pending_id=19 token=- nonce_prefix=346a18b5 result=ok wait_ct_us=0 verify_us=94 decap_us=0 peer_us=73 total_us=186
[timing] side=gateway pending_id=20 token=- nonce_prefix=ba9520a7 result=ok wait_ct_us=0 verify_us=95 decap_us=0 peer_us=74 total_us=230
[timing] side=gateway pending_id=21 token=- nonce_prefix=aaff800c result=ok wait_ct_us=0 verify_us=103 decap_us=0 peer_us=111 total_us=233
[timing] side=gateway pending_id=22 token=- nonce_prefix=3be0dde0 result=ok wait_ct_us=0 verify_us=95 decap_us=0 peer_us=90 total_us=209
[timing] side=gateway pending_id=23 token=- nonce_prefix=cd7ffcb4 result=ok wait_ct_us=0 verify_us=95 decap_us=0 peer_us=80 total_us=196
[timing] side=gateway pending_id=24 token=- nonce_prefix=1a754e7e result=ok wait_ct_us=0 verify_us=95 decap_us=0 peer_us=85 total_us=205
[timing] side=gateway pending_id=25 token=- nonce_prefix=e6bd2ca8 result=ok wait_ct_us=0 verify_us=94 decap_us=0 peer_us=73 total_us=189
[timing] side=gateway pending_id=26 token=- nonce_prefix=225cfc15 result=ok wait_ct_us=0 verify_us=95 decap_us=0 peer_us=77 total_us=197
[timing] side=gateway pending_id=27 token=- nonce_prefix=0223bb17 result=ok wait_ct_us=0 verify_us=94 decap_us=0 peer_us=77 total_us=197
[timing] side=gateway pending_id=28 token=- nonce_prefix=cc99234a result=ok wait_ct_us=0 verify_us=94 decap_us=0 peer_us=72 total_us=186
[timing] side=gateway pending_id=29 token=- nonce_prefix=1ec168a8 result=ok wait_ct_us=0 verify_us=94 decap_us=0 peer_us=76 total_us=206
[timing] side=gateway pending_id=30 token=- nonce_prefix=07e24c04 result=ok wait_ct_us=0 verify_us=94 decap_us=0 peer_us=73 total_us=186
[timing] side=gateway pending_id=31 token=- nonce_prefix=d9aeb173 result=ok wait_ct_us=0 verify_us=94 decap_us=0 peer_us=73 total_us=190
[timing] side=gateway pending_id=32 token=- nonce_prefix=cec05549 result=ok wait_ct_us=0 verify_us=95 decap_us=0 peer_us=81 total_us=198
[timing] side=gateway pending_id=33 token=- nonce_prefix=48ed8bf8 result=ok wait_ct_us=0 verify_us=95 decap_us=0 peer_us=77 total_us=214
[timing] side=gateway pending_id=34 token=- nonce_prefix=c4a40dd7 result=ok wait_ct_us=0 verify_us=95 decap_us=0 peer_us=119 total_us=245
[timing] side=gateway pending_id=35 token=- nonce_prefix=ec830039 result=ok wait_ct_us=0 verify_us=94 decap_us=0 peer_us=72 total_us=191
[timing] side=gateway pending_id=36 token=- nonce_prefix=24e0c903 result=ok wait_ct_us=0 verify_us=131 decap_us=0 peer_us=72 total_us=222
[timing] side=gateway pending_id=37 token=- nonce_prefix=7eac43dc result=ok wait_ct_us=0 verify_us=130 decap_us=0 peer_us=76 total_us=233
[timing] side=gateway pending_id=38 token=- nonce_prefix=9ee9a1d0 result=ok wait_ct_us=0 verify_us=95 decap_us=0 peer_us=117 total_us=241
[timing] side=gateway pending_id=39 token=- nonce_prefix=080a249c result=ok wait_ct_us=0 verify_us=132 decap_us=0 peer_us=78 total_us=236
[timing] side=gateway pending_id=40 token=- nonce_prefix=7620628c result=ok wait_ct_us=0 verify_us=249 decap_us=0 peer_us=79 total_us=352
[timing] side=gateway pending_id=41 token=- nonce_prefix=81c7631b result=ok wait_ct_us=0 verify_us=272 decap_us=0 peer_us=83 total_us=382
[timing] side=gateway pending_id=42 token=- nonce_prefix=5c1c8bed result=ok wait_ct_us=0 verify_us=279 decap_us=0 peer_us=90 total_us=390
[timing] side=gateway pending_id=43 token=- nonce_prefix=e60c5371 result=ok wait_ct_us=0 verify_us=94 decap_us=0 peer_us=84 total_us=202
[timing] side=gateway pending_id=44 token=- nonce_prefix=2ffbb4fb result=ok wait_ct_us=0 verify_us=276 decap_us=0 peer_us=88 total_us=383
[timing] side=gateway pending_id=45 token=- nonce_prefix=f79f54f2 result=ok wait_ct_us=0 verify_us=94 decap_us=0 peer_us=72 total_us=188
[timing] side=gateway pending_id=46 token=- nonce_prefix=55ad543f result=ok wait_ct_us=0 verify_us=306 decap_us=0 peer_us=80 total_us=412
[timing] side=gateway pending_id=47 token=- nonce_prefix=d4701f43 result=ok wait_ct_us=0 verify_us=246 decap_us=0 peer_us=117 total_us=388
[timing] side=gateway pending_id=48 token=- nonce_prefix=a6ebbf27 result=ok wait_ct_us=0 verify_us=120 decap_us=0 peer_us=81 total_us=223
[timing] side=gateway pending_id=49 token=- nonce_prefix=da712ffb result=ok wait_ct_us=0 verify_us=95 decap_us=0 peer_us=81 total_us=202
[timing] side=gateway pending_id=50 token=- nonce_prefix=bdd73345 result=ok wait_ct_us=0 verify_us=95 decap_us=0 peer_us=80 total_us=195
[timing] side=gateway pending_id=51 token=- nonce_prefix=7ac4e501 result=ok wait_ct_us=0 verify_us=96 decap_us=0 peer_us=115 total_us=238
[timing] side=gateway pending_id=52 token=- nonce_prefix=79c6fd1e result=ok wait_ct_us=0 verify_us=94 decap_us=0 peer_us=75 total_us=189
[timing] side=gateway pending_id=53 token=- nonce_prefix=044653d8 result=ok wait_ct_us=0 verify_us=101 decap_us=0 peer_us=73 total_us=197
[timing] side=gateway pending_id=54 token=- nonce_prefix=e8c75796 result=ok wait_ct_us=0 verify_us=94 decap_us=0 peer_us=70 total_us=182
[timing] side=gateway pending_id=55 token=- nonce_prefix=bc7a59b8 result=ok wait_ct_us=0 verify_us=94 decap_us=0 peer_us=71 total_us=190
[timing] side=gateway pending_id=56 token=- nonce_prefix=88f3c5af result=ok wait_ct_us=0 verify_us=95 decap_us=0 peer_us=77 total_us=229
[timing] side=gateway pending_id=57 token=- nonce_prefix=2e59e66c result=ok wait_ct_us=0 verify_us=106 decap_us=0 peer_us=95 total_us=230
[timing] side=gateway pending_id=58 token=- nonce_prefix=b96e26f8 result=ok wait_ct_us=0 verify_us=96 decap_us=0 peer_us=82 total_us=200
[timing] side=gateway pending_id=59 token=- nonce_prefix=140c9788 result=ok wait_ct_us=0 verify_us=94 decap_us=0 peer_us=77 total_us=198
[timing] side=gateway pending_id=60 token=- nonce_prefix=d53d1a4c result=ok wait_ct_us=0 verify_us=94 decap_us=0 peer_us=73 total_us=185
[timing] side=gateway pending_id=61 token=- nonce_prefix=0c0553e1 result=ok wait_ct_us=0 verify_us=93 decap_us=0 peer_us=80 total_us=198
[timing] side=gateway pending_id=62 token=- nonce_prefix=70e9862a result=ok wait_ct_us=0 verify_us=93 decap_us=0 peer_us=82 total_us=195
[timing] side=gateway pending_id=63 token=- nonce_prefix=0da19142 result=ok wait_ct_us=0 verify_us=94 decap_us=0 peer_us=82 total_us=200
[timing] side=gateway pending_id=64 token=- nonce_prefix=72056e6a result=ok wait_ct_us=0 verify_us=94 decap_us=0 peer_us=79 total_us=193
[timing] side=gateway pending_id=65 token=- nonce_prefix=47847558 result=ok wait_ct_us=0 verify_us=94 decap_us=0 peer_us=71 total_us=189
[timing] side=gateway pending_id=66 token=- nonce_prefix=cef50c4a result=ok wait_ct_us=0 verify_us=95 decap_us=0 peer_us=115 total_us=230
[timing] side=gateway pending_id=67 token=- nonce_prefix=1834a8c8 result=ok wait_ct_us=0 verify_us=94 decap_us=0 peer_us=81 total_us=204
[timing] side=gateway pending_id=68 token=- nonce_prefix=b15cb515 result=ok wait_ct_us=0 verify_us=102 decap_us=0 peer_us=74 total_us=197
[timing] side=gateway pending_id=69 token=- nonce_prefix=ca46e81c result=ok wait_ct_us=0 verify_us=94 decap_us=0 peer_us=80 total_us=198
[timing] side=gateway pending_id=70 token=- nonce_prefix=22d54480 result=ok wait_ct_us=0 verify_us=94 decap_us=0 peer_us=74 total_us=188
[timing] side=gateway pending_id=71 token=- nonce_prefix=1efc94df result=ok wait_ct_us=0 verify_us=102 decap_us=0 peer_us=73 total_us=200
[timing] side=gateway pending_id=72 token=- nonce_prefix=c1022436 result=ok wait_ct_us=0 verify_us=94 decap_us=0 peer_us=110 total_us=222
[timing] side=gateway pending_id=73 token=- nonce_prefix=c69a2409 result=ok wait_ct_us=0 verify_us=94 decap_us=0 peer_us=72 total_us=216
[timing] side=gateway pending_id=74 token=- nonce_prefix=5048f075 result=ok wait_ct_us=0 verify_us=94 decap_us=0 peer_us=73 total_us=190
[timing] side=gateway pending_id=75 token=- nonce_prefix=e4a6db21 result=ok wait_ct_us=0 verify_us=94 decap_us=0 peer_us=75 total_us=190
[timing] side=gateway pending_id=76 token=- nonce_prefix=8f2e4f4f result=ok wait_ct_us=0 verify_us=95 decap_us=0 peer_us=78 total_us=199
[timing] side=gateway pending_id=77 token=- nonce_prefix=d134ef7d result=ok wait_ct_us=0 verify_us=96 decap_us=0 peer_us=80 total_us=200
[timing] side=gateway pending_id=78 token=- nonce_prefix=5cccc32b result=ok wait_ct_us=0 verify_us=102 decap_us=0 peer_us=76 total_us=202
[timing] side=gateway pending_id=79 token=- nonce_prefix=98ef74ee result=ok wait_ct_us=0 verify_us=95 decap_us=0 peer_us=85 total_us=198
[timing] side=gateway pending_id=80 token=- nonce_prefix=3ba6a9c7 result=ok wait_ct_us=0 verify_us=95 decap_us=0 peer_us=74 total_us=190
[timing] side=gateway pending_id=81 token=- nonce_prefix=2ba3eb83 result=ok wait_ct_us=0 verify_us=94 decap_us=0 peer_us=74 total_us=192
[timing] side=gateway pending_id=82 token=- nonce_prefix=b149125f result=ok wait_ct_us=0 verify_us=100 decap_us=0 peer_us=78 total_us=201
[timing] side=gateway pending_id=83 token=- nonce_prefix=063820ea result=ok wait_ct_us=0 verify_us=247 decap_us=0 peer_us=78 total_us=347
[timing] side=gateway pending_id=84 token=- nonce_prefix=490610ff result=ok wait_ct_us=0 verify_us=102 decap_us=0 peer_us=81 total_us=213
[timing] side=gateway pending_id=85 token=- nonce_prefix=8283e1df result=ok wait_ct_us=0 verify_us=134 decap_us=0 peer_us=95 total_us=258
[timing] side=gateway pending_id=86 token=- nonce_prefix=5372d2f4 result=ok wait_ct_us=0 verify_us=95 decap_us=0 peer_us=79 total_us=197
[timing] side=gateway pending_id=87 token=- nonce_prefix=8171d801 result=ok wait_ct_us=0 verify_us=94 decap_us=0 peer_us=75 total_us=195
[timing] side=gateway pending_id=88 token=- nonce_prefix=4b93a734 result=ok wait_ct_us=0 verify_us=94 decap_us=0 peer_us=74 total_us=186
[timing] side=gateway pending_id=89 token=- nonce_prefix=d642f352 result=ok wait_ct_us=0 verify_us=94 decap_us=0 peer_us=83 total_us=201
[timing] side=gateway pending_id=90 token=- nonce_prefix=2197dbe7 result=ok wait_ct_us=0 verify_us=94 decap_us=0 peer_us=82 total_us=194
[timing] side=gateway pending_id=91 token=- nonce_prefix=c5b4092b result=ok wait_ct_us=0 verify_us=140 decap_us=0 peer_us=76 total_us=289
[timing] side=gateway pending_id=92 token=- nonce_prefix=f129baa7 result=ok wait_ct_us=0 verify_us=132 decap_us=0 peer_us=82 total_us=235
[timing] side=gateway pending_id=93 token=- nonce_prefix=693e4eb1 result=ok wait_ct_us=0 verify_us=94 decap_us=0 peer_us=79 total_us=201
[timing] side=gateway pending_id=94 token=- nonce_prefix=492d33d4 result=ok wait_ct_us=0 verify_us=95 decap_us=0 peer_us=118 total_us=242
[timing] side=gateway pending_id=95 token=- nonce_prefix=167e855d result=ok wait_ct_us=0 verify_us=95 decap_us=0 peer_us=85 total_us=208
[timing] side=gateway pending_id=96 token=- nonce_prefix=2dceddfd result=ok wait_ct_us=0 verify_us=94 decap_us=0 peer_us=85 total_us=205
[timing] side=gateway pending_id=97 token=- nonce_prefix=dcedf36f result=ok wait_ct_us=0 verify_us=102 decap_us=0 peer_us=74 total_us=198
[timing] side=gateway pending_id=98 token=- nonce_prefix=0a8c45a8 result=ok wait_ct_us=0 verify_us=94 decap_us=0 peer_us=73 total_us=197
[timing] side=gateway pending_id=99 token=- nonce_prefix=5db3c2a3 result=ok wait_ct_us=0 verify_us=131 decap_us=0 peer_us=74 total_us=224
[timing] side=gateway pending_id=100 token=- nonce_prefix=fbe3a818 result=ok wait_ct_us=0 verify_us=94 decap_us=0 peer_us=74 total_us=228
[timing] side=gateway pending_id=101 token=- nonce_prefix=cc9c74da result=ok wait_ct_us=0 verify_us=95 decap_us=0 peer_us=78 total_us=194
Stopping wgzk daemon (gateway)...
wgzk.service: Deactivated successfully.
Stopped wgzk daemon (gateway).
Started wgzk daemon (gateway).
[daemon] Starting
[mlkem_channel] TLS listener on TCP :51821
[gateway] mode=0x02 epoch=1 previous_epoch=no iface=wg1r installer=netlink
[gateway] adopted 0 existing peer(s) of wg1r; 0 in the table, WGZK_PEER_MAX=4096
[gateway] joined wgzk events, ns=net:[4026531840]
[mlkem_channel] ciphertext buffered token=1358793944 nonce_prefix=e191fa40
[timing] side=gateway pending_id=1 token=1358793944 nonce_prefix=e191fa40 result=ok wait_ct_us=2 verify_us=177 decap_us=95 peer_us=127 total_us=425
[mlkem_channel] ciphertext buffered token=4013745823 nonce_prefix=14927698
[timing] side=gateway pending_id=2 token=4013745823 nonce_prefix=14927698 result=ok wait_ct_us=2 verify_us=110 decap_us=145 peer_us=77 total_us=354
[mlkem_channel] ciphertext buffered token=1604281964 nonce_prefix=48c48e92
[timing] side=gateway pending_id=3 token=1604281964 nonce_prefix=48c48e92 result=ok wait_ct_us=2 verify_us=112 decap_us=92 peer_us=75 total_us=302
[mlkem_channel] ciphertext buffered token=2435956741 nonce_prefix=3735e35b
[timing] side=gateway pending_id=4 token=2435956741 nonce_prefix=3735e35b result=ok wait_ct_us=2 verify_us=113 decap_us=91 peer_us=133 total_us=425
[mlkem_channel] ciphertext buffered token=1518866364 nonce_prefix=47ed3cb2
[timing] side=gateway pending_id=5 token=1518866364 nonce_prefix=47ed3cb2 result=ok wait_ct_us=2 verify_us=98 decap_us=91 peer_us=81 total_us=328
[mlkem_channel] ciphertext buffered token=3869323631 nonce_prefix=24bd28cf
[timing] side=gateway pending_id=6 token=3869323631 nonce_prefix=24bd28cf result=ok wait_ct_us=1 verify_us=110 decap_us=91 peer_us=75 total_us=418
[mlkem_channel] ciphertext buffered token=2300116549 nonce_prefix=3fe12f85
[timing] side=gateway pending_id=7 token=2300116549 nonce_prefix=3fe12f85 result=ok wait_ct_us=2 verify_us=112 decap_us=91 peer_us=84 total_us=341
[mlkem_channel] ciphertext buffered token=1951379298 nonce_prefix=7fffec34
[timing] side=gateway pending_id=8 token=1951379298 nonce_prefix=7fffec34 result=ok wait_ct_us=17 verify_us=96 decap_us=90 peer_us=74 total_us=332
[mlkem_channel] ciphertext buffered token=3724238110 nonce_prefix=67ced22d
[timing] side=gateway pending_id=9 token=3724238110 nonce_prefix=67ced22d result=ok wait_ct_us=2 verify_us=107 decap_us=90 peer_us=75 total_us=293
[mlkem_channel] ciphertext buffered token=2105972193 nonce_prefix=cf4ebc59
[timing] side=gateway pending_id=10 token=2105972193 nonce_prefix=cf4ebc59 result=ok wait_ct_us=2 verify_us=106 decap_us=91 peer_us=75 total_us=326
[mlkem_channel] ciphertext buffered token=399412915 nonce_prefix=8843bdf7
[timing] side=gateway pending_id=11 token=399412915 nonce_prefix=8843bdf7 result=ok wait_ct_us=1 verify_us=111 decap_us=90 peer_us=73 total_us=324
[mlkem_channel] ciphertext buffered token=1359743750 nonce_prefix=d34b67df
[timing] side=gateway pending_id=12 token=1359743750 nonce_prefix=d34b67df result=ok wait_ct_us=2 verify_us=97 decap_us=118 peer_us=79 total_us=313
[mlkem_channel] ciphertext buffered token=1295810169 nonce_prefix=8488656a
[timing] side=gateway pending_id=13 token=1295810169 nonce_prefix=8488656a result=ok wait_ct_us=18 verify_us=105 decap_us=90 peer_us=79 total_us=324
[mlkem_channel] ciphertext buffered token=1196861073 nonce_prefix=5fb76577
[timing] side=gateway pending_id=14 token=1196861073 nonce_prefix=5fb76577 result=ok wait_ct_us=1 verify_us=111 decap_us=92 peer_us=79 total_us=303
[mlkem_channel] ciphertext buffered token=1469922566 nonce_prefix=59ff0738
[timing] side=gateway pending_id=15 token=1469922566 nonce_prefix=59ff0738 result=ok wait_ct_us=2 verify_us=96 decap_us=154 peer_us=77 total_us=358
[mlkem_channel] ciphertext buffered token=550184463 nonce_prefix=9bf98c28
[timing] side=gateway pending_id=16 token=550184463 nonce_prefix=9bf98c28 result=ok wait_ct_us=2 verify_us=95 decap_us=105 peer_us=72 total_us=292
[mlkem_channel] ciphertext buffered token=906160135 nonce_prefix=e120a282
[timing] side=gateway pending_id=17 token=906160135 nonce_prefix=e120a282 result=ok wait_ct_us=2 verify_us=172 decap_us=89 peer_us=76 total_us=370
[mlkem_channel] ciphertext buffered token=624686963 nonce_prefix=0f0572cc
[timing] side=gateway pending_id=18 token=624686963 nonce_prefix=0f0572cc result=ok wait_ct_us=2 verify_us=111 decap_us=90 peer_us=83 total_us=336
[mlkem_channel] ciphertext buffered token=3952912922 nonce_prefix=64f969b5
[timing] side=gateway pending_id=19 token=3952912922 nonce_prefix=64f969b5 result=ok wait_ct_us=1 verify_us=111 decap_us=90 peer_us=73 total_us=373
[mlkem_channel] ciphertext buffered token=3628872947 nonce_prefix=308fc0f5
[timing] side=gateway pending_id=20 token=3628872947 nonce_prefix=308fc0f5 result=ok wait_ct_us=2 verify_us=95 decap_us=90 peer_us=73 total_us=322
[mlkem_channel] ciphertext buffered token=4071641933 nonce_prefix=7dba2c13
[timing] side=gateway pending_id=21 token=4071641933 nonce_prefix=7dba2c13 result=ok wait_ct_us=2 verify_us=96 decap_us=107 peer_us=86 total_us=349
[mlkem_channel] ciphertext buffered token=2836758204 nonce_prefix=3100ccdc
[timing] side=gateway pending_id=22 token=2836758204 nonce_prefix=3100ccdc result=ok wait_ct_us=2 verify_us=95 decap_us=158 peer_us=88 total_us=366
[mlkem_channel] ciphertext buffered token=971732115 nonce_prefix=b3dd9b02
[timing] side=gateway pending_id=23 token=971732115 nonce_prefix=b3dd9b02 result=ok wait_ct_us=2 verify_us=147 decap_us=91 peer_us=77 total_us=337
[mlkem_channel] ciphertext buffered token=3999615745 nonce_prefix=7d46cec4
[timing] side=gateway pending_id=24 token=3999615745 nonce_prefix=7d46cec4 result=ok wait_ct_us=1 verify_us=110 decap_us=90 peer_us=73 total_us=294
[mlkem_channel] ciphertext buffered token=2666725486 nonce_prefix=f960fcb3
[timing] side=gateway pending_id=25 token=2666725486 nonce_prefix=f960fcb3 result=ok wait_ct_us=2 verify_us=111 decap_us=90 peer_us=84 total_us=308
[mlkem_channel] ciphertext buffered token=1542608828 nonce_prefix=14877b85
[timing] side=gateway pending_id=26 token=1542608828 nonce_prefix=14877b85 result=ok wait_ct_us=2 verify_us=96 decap_us=90 peer_us=75 total_us=461
[mlkem_channel] ciphertext buffered token=1004525088 nonce_prefix=347ee713
[timing] side=gateway pending_id=27 token=1004525088 nonce_prefix=347ee713 result=ok wait_ct_us=1 verify_us=96 decap_us=106 peer_us=74 total_us=324
[mlkem_channel] ciphertext buffered token=3666422335 nonce_prefix=538de37e
[timing] side=gateway pending_id=28 token=3666422335 nonce_prefix=538de37e result=ok wait_ct_us=1 verify_us=123 decap_us=90 peer_us=75 total_us=310
[mlkem_channel] ciphertext buffered token=1240101199 nonce_prefix=beb6b159
[timing] side=gateway pending_id=29 token=1240101199 nonce_prefix=beb6b159 result=ok wait_ct_us=2 verify_us=94 decap_us=90 peer_us=76 total_us=282
[mlkem_channel] ciphertext buffered token=2485858971 nonce_prefix=6a3795b1
[timing] side=gateway pending_id=30 token=2485858971 nonce_prefix=6a3795b1 result=ok wait_ct_us=2 verify_us=96 decap_us=92 peer_us=76 total_us=368
[mlkem_channel] ciphertext buffered token=1253379791 nonce_prefix=2ca38670
[timing] side=gateway pending_id=31 token=1253379791 nonce_prefix=2ca38670 result=ok wait_ct_us=2 verify_us=113 decap_us=118 peer_us=79 total_us=333
[mlkem_channel] ciphertext buffered token=577032581 nonce_prefix=c1171449
[timing] side=gateway pending_id=32 token=577032581 nonce_prefix=c1171449 result=ok wait_ct_us=1 verify_us=97 decap_us=90 peer_us=111 total_us=351
[mlkem_channel] ciphertext buffered token=1864120399 nonce_prefix=229a5de7
[timing] side=gateway pending_id=33 token=1864120399 nonce_prefix=229a5de7 result=ok wait_ct_us=1 verify_us=96 decap_us=89 peer_us=75 total_us=282
[mlkem_channel] ciphertext buffered token=3990167444 nonce_prefix=975fdaea
[timing] side=gateway pending_id=34 token=3990167444 nonce_prefix=975fdaea result=ok wait_ct_us=1 verify_us=95 decap_us=89 peer_us=83 total_us=305
[mlkem_channel] ciphertext buffered token=478979717 nonce_prefix=9fc391fa
[timing] side=gateway pending_id=35 token=478979717 nonce_prefix=9fc391fa result=ok wait_ct_us=2 verify_us=106 decap_us=90 peer_us=74 total_us=307
[mlkem_channel] ciphertext buffered token=446367585 nonce_prefix=2ea2bff3
[timing] side=gateway pending_id=36 token=446367585 nonce_prefix=2ea2bff3 result=ok wait_ct_us=2 verify_us=95 decap_us=140 peer_us=73 total_us=330
[mlkem_channel] ciphertext buffered token=3246267311 nonce_prefix=05afce93
[timing] side=gateway pending_id=37 token=3246267311 nonce_prefix=05afce93 result=ok wait_ct_us=1 verify_us=108 decap_us=91 peer_us=75 total_us=379
[mlkem_channel] ciphertext buffered token=36789292 nonce_prefix=0f6f49c2
[timing] side=gateway pending_id=38 token=36789292 nonce_prefix=0f6f49c2 result=ok wait_ct_us=1 verify_us=146 decap_us=89 peer_us=75 total_us=357
[mlkem_channel] ciphertext buffered token=3150423052 nonce_prefix=9493aa62
[timing] side=gateway pending_id=39 token=3150423052 nonce_prefix=9493aa62 result=ok wait_ct_us=1 verify_us=97 decap_us=91 peer_us=78 total_us=353
[mlkem_channel] ciphertext buffered token=3902214474 nonce_prefix=d39a1455
[timing] side=gateway pending_id=40 token=3902214474 nonce_prefix=d39a1455 result=ok wait_ct_us=1 verify_us=116 decap_us=91 peer_us=86 total_us=315
[mlkem_channel] ciphertext buffered token=2987035832 nonce_prefix=13894daa
[timing] side=gateway pending_id=41 token=2987035832 nonce_prefix=13894daa result=ok wait_ct_us=1 verify_us=95 decap_us=89 peer_us=75 total_us=295
[mlkem_channel] ciphertext buffered token=2867932821 nonce_prefix=23e8ee45
[timing] side=gateway pending_id=42 token=2867932821 nonce_prefix=23e8ee45 result=ok wait_ct_us=1 verify_us=97 decap_us=91 peer_us=131 total_us=419
[mlkem_channel] ciphertext buffered token=3329323957 nonce_prefix=04be8716
[timing] side=gateway pending_id=43 token=3329323957 nonce_prefix=04be8716 result=ok wait_ct_us=1 verify_us=96 decap_us=89 peer_us=84 total_us=291
[mlkem_channel] ciphertext buffered token=3024765362 nonce_prefix=f5b39ed7
[timing] side=gateway pending_id=44 token=3024765362 nonce_prefix=f5b39ed7 result=ok wait_ct_us=2 verify_us=95 decap_us=156 peer_us=73 total_us=346
[mlkem_channel] ciphertext buffered token=2885230214 nonce_prefix=70e95740
[timing] side=gateway pending_id=45 token=2885230214 nonce_prefix=70e95740 result=ok wait_ct_us=2 verify_us=96 decap_us=134 peer_us=75 total_us=400
[mlkem_channel] ciphertext buffered token=880300312 nonce_prefix=09cfd310
[timing] side=gateway pending_id=46 token=880300312 nonce_prefix=09cfd310 result=ok wait_ct_us=2 verify_us=96 decap_us=91 peer_us=74 total_us=325
[mlkem_channel] ciphertext buffered token=1015484802 nonce_prefix=b6605b98
[timing] side=gateway pending_id=47 token=1015484802 nonce_prefix=b6605b98 result=ok wait_ct_us=2 verify_us=161 decap_us=92 peer_us=80 total_us=391
[mlkem_channel] ciphertext buffered token=3432823542 nonce_prefix=5f052ef2
[timing] side=gateway pending_id=48 token=3432823542 nonce_prefix=5f052ef2 result=ok wait_ct_us=1 verify_us=153 decap_us=92 peer_us=77 total_us=347
[mlkem_channel] ciphertext buffered token=2773694984 nonce_prefix=94a9903a
[timing] side=gateway pending_id=49 token=2773694984 nonce_prefix=94a9903a result=ok wait_ct_us=2 verify_us=106 decap_us=91 peer_us=77 total_us=317
[mlkem_channel] ciphertext buffered token=1881279583 nonce_prefix=1d1fbd13
[timing] side=gateway pending_id=50 token=1881279583 nonce_prefix=1d1fbd13 result=ok wait_ct_us=2 verify_us=96 decap_us=91 peer_us=76 total_us=355
[mlkem_channel] ciphertext buffered token=3050761889 nonce_prefix=307b06f3
[timing] side=gateway pending_id=51 token=3050761889 nonce_prefix=307b06f3 result=ok wait_ct_us=2 verify_us=98 decap_us=91 peer_us=87 total_us=464
[mlkem_channel] ciphertext buffered token=2727670472 nonce_prefix=033c5e3c
[timing] side=gateway pending_id=52 token=2727670472 nonce_prefix=033c5e3c result=ok wait_ct_us=1 verify_us=96 decap_us=90 peer_us=128 total_us=340
[mlkem_channel] ciphertext buffered token=3081900915 nonce_prefix=e620e319
[timing] side=gateway pending_id=53 token=3081900915 nonce_prefix=e620e319 result=ok wait_ct_us=2 verify_us=96 decap_us=90 peer_us=72 total_us=306
[mlkem_channel] ciphertext buffered token=2911553361 nonce_prefix=d46432b2
[timing] side=gateway pending_id=54 token=2911553361 nonce_prefix=d46432b2 result=ok wait_ct_us=1 verify_us=95 decap_us=130 peer_us=75 total_us=379
[mlkem_channel] ciphertext buffered token=2332452452 nonce_prefix=aab6ff19
[timing] side=gateway pending_id=55 token=2332452452 nonce_prefix=aab6ff19 result=ok wait_ct_us=2 verify_us=97 decap_us=90 peer_us=83 total_us=391
[mlkem_channel] ciphertext buffered token=3300180177 nonce_prefix=334998b9
[timing] side=gateway pending_id=56 token=3300180177 nonce_prefix=334998b9 result=ok wait_ct_us=2 verify_us=97 decap_us=142 peer_us=78 total_us=342
[mlkem_channel] ciphertext buffered token=2983123908 nonce_prefix=d7d99a10
[timing] side=gateway pending_id=57 token=2983123908 nonce_prefix=d7d99a10 result=ok wait_ct_us=2 verify_us=96 decap_us=92 peer_us=83 total_us=327
[mlkem_channel] ciphertext buffered token=263177658 nonce_prefix=ab9af058
[timing] side=gateway pending_id=58 token=263177658 nonce_prefix=ab9af058 result=ok wait_ct_us=1 verify_us=96 decap_us=99 peer_us=77 total_us=321
[mlkem_channel] ciphertext buffered token=3977547945 nonce_prefix=c6914497
[timing] side=gateway pending_id=59 token=3977547945 nonce_prefix=c6914497 result=ok wait_ct_us=2 verify_us=95 decap_us=114 peer_us=75 total_us=307
[mlkem_channel] ciphertext buffered token=3688579020 nonce_prefix=951dfc48
[timing] side=gateway pending_id=60 token=3688579020 nonce_prefix=951dfc48 result=ok wait_ct_us=1 verify_us=95 decap_us=105 peer_us=72 total_us=294
[mlkem_channel] ciphertext buffered token=3742226986 nonce_prefix=e71fad79
[timing] side=gateway pending_id=61 token=3742226986 nonce_prefix=e71fad79 result=ok wait_ct_us=1 verify_us=95 decap_us=105 peer_us=110 total_us=333
[mlkem_channel] ciphertext buffered token=1655838195 nonce_prefix=b4806af4
[timing] side=gateway pending_id=62 token=1655838195 nonce_prefix=b4806af4 result=ok wait_ct_us=2 verify_us=97 decap_us=141 peer_us=75 total_us=364
[mlkem_channel] ciphertext buffered token=2074751605 nonce_prefix=e76461c6
[timing] side=gateway pending_id=63 token=2074751605 nonce_prefix=e76461c6 result=ok wait_ct_us=2 verify_us=95 decap_us=89 peer_us=74 total_us=303
[mlkem_channel] ciphertext buffered token=1604146127 nonce_prefix=9bfc5796
[timing] side=gateway pending_id=64 token=1604146127 nonce_prefix=9bfc5796 result=ok wait_ct_us=2 verify_us=96 decap_us=91 peer_us=134 total_us=373
[mlkem_channel] ciphertext buffered token=839673163 nonce_prefix=f784dd62
[timing] side=gateway pending_id=65 token=839673163 nonce_prefix=f784dd62 result=ok wait_ct_us=1 verify_us=96 decap_us=92 peer_us=77 total_us=319
[mlkem_channel] ciphertext buffered token=4002257881 nonce_prefix=12d7ee41
[timing] side=gateway pending_id=66 token=4002257881 nonce_prefix=12d7ee41 result=ok wait_ct_us=2 verify_us=147 decap_us=92 peer_us=87 total_us=439
[mlkem_channel] ciphertext buffered token=2084054961 nonce_prefix=c081131b
[timing] side=gateway pending_id=67 token=2084054961 nonce_prefix=c081131b result=ok wait_ct_us=1 verify_us=97 decap_us=92 peer_us=77 total_us=323
[mlkem_channel] ciphertext buffered token=3329434429 nonce_prefix=7f8f1063
[timing] side=gateway pending_id=68 token=3329434429 nonce_prefix=7f8f1063 result=ok wait_ct_us=1 verify_us=96 decap_us=91 peer_us=85 total_us=381
[mlkem_channel] ciphertext buffered token=2166523121 nonce_prefix=c2672201
[timing] side=gateway pending_id=69 token=2166523121 nonce_prefix=c2672201 result=ok wait_ct_us=2 verify_us=146 decap_us=89 peer_us=83 total_us=363
[mlkem_channel] ciphertext buffered token=2994129375 nonce_prefix=6ede9716
[timing] side=gateway pending_id=70 token=2994129375 nonce_prefix=6ede9716 result=ok wait_ct_us=1 verify_us=95 decap_us=91 peer_us=72 total_us=314
[mlkem_channel] ciphertext buffered token=4191048474 nonce_prefix=0784cebc
[timing] side=gateway pending_id=71 token=4191048474 nonce_prefix=0784cebc result=ok wait_ct_us=1 verify_us=130 decap_us=90 peer_us=73 total_us=340
[mlkem_channel] ciphertext buffered token=863544806 nonce_prefix=8a0f493b
[timing] side=gateway pending_id=72 token=863544806 nonce_prefix=8a0f493b result=ok wait_ct_us=1 verify_us=103 decap_us=91 peer_us=73 total_us=311
[mlkem_channel] ciphertext buffered token=2321536502 nonce_prefix=d895d975
[timing] side=gateway pending_id=73 token=2321536502 nonce_prefix=d895d975 result=ok wait_ct_us=2 verify_us=148 decap_us=91 peer_us=75 total_us=366
[mlkem_channel] ciphertext buffered token=1922774531 nonce_prefix=da12076c
[timing] side=gateway pending_id=74 token=1922774531 nonce_prefix=da12076c result=ok wait_ct_us=2 verify_us=98 decap_us=92 peer_us=79 total_us=325
[mlkem_channel] ciphertext buffered token=2382559864 nonce_prefix=7e5d63e0
[timing] side=gateway pending_id=75 token=2382559864 nonce_prefix=7e5d63e0 result=ok wait_ct_us=2 verify_us=162 decap_us=100 peer_us=79 total_us=396
[mlkem_channel] ciphertext buffered token=1983674245 nonce_prefix=13273943
[timing] side=gateway pending_id=76 token=1983674245 nonce_prefix=13273943 result=ok wait_ct_us=2 verify_us=112 decap_us=92 peer_us=77 total_us=330
[mlkem_channel] ciphertext buffered token=4236354984 nonce_prefix=02fb8cd4
[timing] side=gateway pending_id=77 token=4236354984 nonce_prefix=02fb8cd4 result=ok wait_ct_us=2 verify_us=97 decap_us=90 peer_us=108 total_us=339
[mlkem_channel] ciphertext buffered token=1820585569 nonce_prefix=c1856049
[timing] side=gateway pending_id=78 token=1820585569 nonce_prefix=c1856049 result=ok wait_ct_us=2 verify_us=96 decap_us=151 peer_us=75 total_us=374
[mlkem_channel] ciphertext buffered token=888270543 nonce_prefix=2ca8538c
[timing] side=gateway pending_id=79 token=888270543 nonce_prefix=2ca8538c result=ok wait_ct_us=1 verify_us=96 decap_us=90 peer_us=109 total_us=343
[mlkem_channel] ciphertext buffered token=219069403 nonce_prefix=ccf18d2e
[timing] side=gateway pending_id=80 token=219069403 nonce_prefix=ccf18d2e result=ok wait_ct_us=2 verify_us=95 decap_us=140 peer_us=74 total_us=369
[mlkem_channel] ciphertext buffered token=4211874594 nonce_prefix=f62a8773
[timing] side=gateway pending_id=81 token=4211874594 nonce_prefix=f62a8773 result=ok wait_ct_us=2 verify_us=165 decap_us=90 peer_us=84 total_us=387
[mlkem_channel] ciphertext buffered token=1290809869 nonce_prefix=8aea8a6a
[timing] side=gateway pending_id=82 token=1290809869 nonce_prefix=8aea8a6a result=ok wait_ct_us=1 verify_us=96 decap_us=92 peer_us=77 total_us=334
[mlkem_channel] ciphertext buffered token=1115500689 nonce_prefix=4a694972
[timing] side=gateway pending_id=83 token=1115500689 nonce_prefix=4a694972 result=ok wait_ct_us=1 verify_us=96 decap_us=90 peer_us=77 total_us=330
[mlkem_channel] ciphertext buffered token=1206369122 nonce_prefix=6d6aff1a
[timing] side=gateway pending_id=84 token=1206369122 nonce_prefix=6d6aff1a result=ok wait_ct_us=2 verify_us=96 decap_us=139 peer_us=81 total_us=373
[mlkem_channel] ciphertext buffered token=3075483666 nonce_prefix=9577c2ea
[timing] side=gateway pending_id=85 token=3075483666 nonce_prefix=9577c2ea result=ok wait_ct_us=2 verify_us=147 decap_us=97 peer_us=84 total_us=378
[mlkem_channel] ciphertext buffered token=65357266 nonce_prefix=1a00c1ff
[timing] side=gateway pending_id=86 token=65357266 nonce_prefix=1a00c1ff result=ok wait_ct_us=2 verify_us=103 decap_us=90 peer_us=75 total_us=290
[mlkem_channel] ciphertext buffered token=1375116204 nonce_prefix=89e2081c
[timing] side=gateway pending_id=87 token=1375116204 nonce_prefix=89e2081c result=ok wait_ct_us=1 verify_us=111 decap_us=140 peer_us=77 total_us=380
[mlkem_channel] ciphertext buffered token=26394651 nonce_prefix=cbc5860e
[timing] side=gateway pending_id=88 token=26394651 nonce_prefix=cbc5860e result=ok wait_ct_us=2 verify_us=95 decap_us=90 peer_us=145 total_us=379
[mlkem_channel] ciphertext buffered token=576926079 nonce_prefix=4afcadcb
[timing] side=gateway pending_id=89 token=576926079 nonce_prefix=4afcadcb result=ok wait_ct_us=1 verify_us=96 decap_us=90 peer_us=72 total_us=306
[mlkem_channel] ciphertext buffered token=2370403549 nonce_prefix=3e2a7e29
[timing] side=gateway pending_id=90 token=2370403549 nonce_prefix=3e2a7e29 result=ok wait_ct_us=2 verify_us=118 decap_us=90 peer_us=75 total_us=348
[mlkem_channel] ciphertext buffered token=3256269929 nonce_prefix=0c462e98
[timing] side=gateway pending_id=91 token=3256269929 nonce_prefix=0c462e98 result=ok wait_ct_us=2 verify_us=97 decap_us=132 peer_us=90 total_us=367
[mlkem_channel] ciphertext buffered token=451495908 nonce_prefix=59fba5a0
[timing] side=gateway pending_id=92 token=451495908 nonce_prefix=59fba5a0 result=ok wait_ct_us=2 verify_us=104 decap_us=92 peer_us=79 total_us=401
[mlkem_channel] ciphertext buffered token=3654182219 nonce_prefix=b907706a
[timing] side=gateway pending_id=93 token=3654182219 nonce_prefix=b907706a result=ok wait_ct_us=2 verify_us=147 decap_us=90 peer_us=77 total_us=638
[mlkem_channel] ciphertext buffered token=1926713887 nonce_prefix=a2bb2870
[timing] side=gateway pending_id=94 token=1926713887 nonce_prefix=a2bb2870 result=ok wait_ct_us=1 verify_us=121 decap_us=89 peer_us=76 total_us=306
[mlkem_channel] ciphertext buffered token=1489245932 nonce_prefix=80a8c07b
[timing] side=gateway pending_id=95 token=1489245932 nonce_prefix=80a8c07b result=ok wait_ct_us=1 verify_us=110 decap_us=90 peer_us=74 total_us=291
[mlkem_channel] ciphertext buffered token=3677645313 nonce_prefix=b8cda7fb
[timing] side=gateway pending_id=96 token=3677645313 nonce_prefix=b8cda7fb result=ok wait_ct_us=2 verify_us=95 decap_us=105 peer_us=72 total_us=372
[mlkem_channel] ciphertext buffered token=485538611 nonce_prefix=0a9b7d41
[timing] side=gateway pending_id=97 token=485538611 nonce_prefix=0a9b7d41 result=ok wait_ct_us=1 verify_us=96 decap_us=106 peer_us=71 total_us=295
[mlkem_channel] ciphertext buffered token=4257063779 nonce_prefix=3982bae1
[timing] side=gateway pending_id=98 token=4257063779 nonce_prefix=3982bae1 result=ok wait_ct_us=2 verify_us=143 decap_us=98 peer_us=76 total_us=410
[mlkem_channel] ciphertext buffered token=3030018566 nonce_prefix=52e1ea7c
[timing] side=gateway pending_id=99 token=3030018566 nonce_prefix=52e1ea7c result=ok wait_ct_us=2 verify_us=163 decap_us=96 peer_us=76 total_us=385
[mlkem_channel] ciphertext buffered token=1364692205 nonce_prefix=08198401
[timing] side=gateway pending_id=100 token=1364692205 nonce_prefix=08198401 result=ok wait_ct_us=2 verify_us=96 decap_us=90 peer_us=75 total_us=317
[mlkem_channel] ciphertext buffered token=1576997247 nonce_prefix=671745dd
[timing] side=gateway pending_id=101 token=1576997247 nonce_prefix=671745dd result=ok wait_ct_us=2 verify_us=140 decap_us=96 peer_us=79 total_us=360
Stopping wgzk daemon (gateway)...
wgzk.service: Deactivated successfully.
Stopped wgzk daemon (gateway).
Started wgzk daemon (gateway).
[daemon] Starting
[gateway] mode=0x01 epoch=1 previous_epoch=no iface=wg1r installer=netlink
[gateway] adopted 0 existing peer(s) of wg1r; 0 in the table, WGZK_PEER_MAX=4096
[gateway] joined wgzk events, ns=net:[4026531840]
[timing] side=gateway pending_id=1 token=- nonce_prefix=f40373d6 result=ok wait_ct_us=0 verify_us=148 decap_us=0 peer_us=147 total_us=336
[timing] side=gateway pending_id=2 token=- nonce_prefix=e7ea62c2 result=ok wait_ct_us=0 verify_us=107 decap_us=0 peer_us=121 total_us=331
[timing] side=gateway pending_id=3 token=- nonce_prefix=4fe38d62 result=ok wait_ct_us=0 verify_us=96 decap_us=0 peer_us=77 total_us=197
[timing] side=gateway pending_id=4 token=- nonce_prefix=af50ca26 result=ok wait_ct_us=0 verify_us=134 decap_us=0 peer_us=83 total_us=254
[timing] side=gateway pending_id=5 token=- nonce_prefix=cbd8bb78 result=ok wait_ct_us=0 verify_us=94 decap_us=0 peer_us=75 total_us=187
[timing] side=gateway pending_id=6 token=- nonce_prefix=ddc8597f result=ok wait_ct_us=0 verify_us=133 decap_us=0 peer_us=76 total_us=248
[timing] side=gateway pending_id=7 token=- nonce_prefix=9c8d7136 result=ok wait_ct_us=0 verify_us=120 decap_us=0 peer_us=145 total_us=340
[timing] side=gateway pending_id=8 token=- nonce_prefix=3c988e0b result=ok wait_ct_us=0 verify_us=95 decap_us=0 peer_us=80 total_us=279
[timing] side=gateway pending_id=9 token=- nonce_prefix=eb8fdb78 result=ok wait_ct_us=0 verify_us=167 decap_us=0 peer_us=115 total_us=336
[timing] side=gateway pending_id=10 token=- nonce_prefix=19b3ce3d result=ok wait_ct_us=0 verify_us=94 decap_us=0 peer_us=83 total_us=208
[timing] side=gateway pending_id=11 token=- nonce_prefix=e93a14ec result=ok wait_ct_us=0 verify_us=96 decap_us=0 peer_us=113 total_us=229
[timing] side=gateway pending_id=12 token=- nonce_prefix=062e2aff result=ok wait_ct_us=0 verify_us=95 decap_us=0 peer_us=75 total_us=194
[timing] side=gateway pending_id=13 token=- nonce_prefix=f813be50 result=ok wait_ct_us=0 verify_us=94 decap_us=0 peer_us=73 total_us=194
[timing] side=gateway pending_id=14 token=- nonce_prefix=bb231e36 result=ok wait_ct_us=0 verify_us=95 decap_us=0 peer_us=81 total_us=194
[timing] side=gateway pending_id=15 token=- nonce_prefix=2d6be043 result=ok wait_ct_us=0 verify_us=95 decap_us=0 peer_us=75 total_us=245
[timing] side=gateway pending_id=16 token=- nonce_prefix=4d19b289 result=ok wait_ct_us=0 verify_us=94 decap_us=0 peer_us=76 total_us=195
[timing] side=gateway pending_id=17 token=- nonce_prefix=5388407f result=ok wait_ct_us=0 verify_us=95 decap_us=0 peer_us=78 total_us=202
[timing] side=gateway pending_id=18 token=- nonce_prefix=1f97a86d result=ok wait_ct_us=0 verify_us=103 decap_us=0 peer_us=78 total_us=203
[timing] side=gateway pending_id=19 token=- nonce_prefix=1cd0ec33 result=ok wait_ct_us=0 verify_us=94 decap_us=0 peer_us=77 total_us=196
[timing] side=gateway pending_id=20 token=- nonce_prefix=470053de result=ok wait_ct_us=0 verify_us=95 decap_us=0 peer_us=114 total_us=229
[timing] side=gateway pending_id=21 token=- nonce_prefix=d3e0aa01 result=ok wait_ct_us=0 verify_us=93 decap_us=0 peer_us=73 total_us=191
[timing] side=gateway pending_id=22 token=- nonce_prefix=ff9bba74 result=ok wait_ct_us=0 verify_us=95 decap_us=0 peer_us=121 total_us=235
[timing] side=gateway pending_id=23 token=- nonce_prefix=f0782f4b result=ok wait_ct_us=0 verify_us=93 decap_us=0 peer_us=113 total_us=228
[timing] side=gateway pending_id=24 token=- nonce_prefix=2a59a996 result=ok wait_ct_us=0 verify_us=94 decap_us=0 peer_us=72 total_us=184
[timing] side=gateway pending_id=25 token=- nonce_prefix=760bad7e result=ok wait_ct_us=0 verify_us=94 decap_us=0 peer_us=71 total_us=191
[timing] side=gateway pending_id=26 token=- nonce_prefix=91688301 result=ok wait_ct_us=0 verify_us=95 decap_us=0 peer_us=81 total_us=240
[timing] side=gateway pending_id=27 token=- nonce_prefix=8ac1e826 result=ok wait_ct_us=0 verify_us=95 decap_us=0 peer_us=79 total_us=196
[timing] side=gateway pending_id=28 token=- nonce_prefix=f1c553ee result=ok wait_ct_us=0 verify_us=95 decap_us=0 peer_us=87 total_us=220
[timing] side=gateway pending_id=29 token=- nonce_prefix=daa3b62c result=ok wait_ct_us=0 verify_us=101 decap_us=0 peer_us=86 total_us=238
[timing] side=gateway pending_id=30 token=- nonce_prefix=737693e7 result=ok wait_ct_us=0 verify_us=94 decap_us=0 peer_us=74 total_us=194
[timing] side=gateway pending_id=31 token=- nonce_prefix=256cdd7c result=ok wait_ct_us=0 verify_us=95 decap_us=0 peer_us=75 total_us=189
[timing] side=gateway pending_id=32 token=- nonce_prefix=64297dd8 result=ok wait_ct_us=0 verify_us=94 decap_us=0 peer_us=73 total_us=189
[timing] side=gateway pending_id=33 token=- nonce_prefix=28bec889 result=ok wait_ct_us=0 verify_us=94 decap_us=0 peer_us=74 total_us=198
[timing] side=gateway pending_id=34 token=- nonce_prefix=b3ba2e15 result=ok wait_ct_us=0 verify_us=94 decap_us=0 peer_us=74 total_us=190
[timing] side=gateway pending_id=35 token=- nonce_prefix=bc9dd9bf result=ok wait_ct_us=0 verify_us=103 decap_us=0 peer_us=92 total_us=215
[timing] side=gateway pending_id=36 token=- nonce_prefix=ec8f6f83 result=ok wait_ct_us=0 verify_us=97 decap_us=0 peer_us=81 total_us=204
[timing] side=gateway pending_id=37 token=- nonce_prefix=6b5cc0f5 result=ok wait_ct_us=0 verify_us=103 decap_us=0 peer_us=79 total_us=204
[timing] side=gateway pending_id=38 token=- nonce_prefix=7b0a6af3 result=ok wait_ct_us=0 verify_us=95 decap_us=0 peer_us=77 total_us=194
[timing] side=gateway pending_id=39 token=- nonce_prefix=41496a3a result=ok wait_ct_us=0 verify_us=95 decap_us=0 peer_us=88 total_us=202
[timing] side=gateway pending_id=40 token=- nonce_prefix=3e020085 result=ok wait_ct_us=0 verify_us=94 decap_us=0 peer_us=72 total_us=190
[timing] side=gateway pending_id=41 token=- nonce_prefix=ac274676 result=ok wait_ct_us=0 verify_us=100 decap_us=0 peer_us=73 total_us=192
[timing] side=gateway pending_id=42 token=- nonce_prefix=be22b03a result=ok wait_ct_us=0 verify_us=95 decap_us=0 peer_us=76 total_us=196
[timing] side=gateway pending_id=43 token=- nonce_prefix=f6c93393 result=ok wait_ct_us=0 verify_us=134 decap_us=0 peer_us=99 total_us=255
[timing] side=gateway pending_id=44 token=- nonce_prefix=3bb274c4 result=ok wait_ct_us=0 verify_us=96 decap_us=0 peer_us=78 total_us=200
[timing] side=gateway pending_id=45 token=- nonce_prefix=f442ef07 result=ok wait_ct_us=0 verify_us=96 decap_us=0 peer_us=78 total_us=194
[timing] side=gateway pending_id=46 token=- nonce_prefix=71f80129 result=ok wait_ct_us=0 verify_us=120 decap_us=0 peer_us=82 total_us=225
[timing] side=gateway pending_id=47 token=- nonce_prefix=27026161 result=ok wait_ct_us=0 verify_us=94 decap_us=0 peer_us=74 total_us=188
[timing] side=gateway pending_id=48 token=- nonce_prefix=562c1dfe result=ok wait_ct_us=0 verify_us=94 decap_us=0 peer_us=73 total_us=192
[timing] side=gateway pending_id=49 token=- nonce_prefix=01b898e0 result=ok wait_ct_us=0 verify_us=149 decap_us=0 peer_us=83 total_us=250
[timing] side=gateway pending_id=50 token=- nonce_prefix=843c8c78 result=ok wait_ct_us=0 verify_us=94 decap_us=0 peer_us=73 total_us=191
[timing] side=gateway pending_id=51 token=- nonce_prefix=68ee06b6 result=ok wait_ct_us=0 verify_us=94 decap_us=0 peer_us=74 total_us=187
[timing] side=gateway pending_id=52 token=- nonce_prefix=17bc89cc result=ok wait_ct_us=0 verify_us=95 decap_us=0 peer_us=116 total_us=235
[timing] side=gateway pending_id=53 token=- nonce_prefix=bddd1648 result=ok wait_ct_us=0 verify_us=96 decap_us=0 peer_us=81 total_us=198
[timing] side=gateway pending_id=54 token=- nonce_prefix=7c6944c5 result=ok wait_ct_us=0 verify_us=96 decap_us=0 peer_us=82 total_us=206
[timing] side=gateway pending_id=55 token=- nonce_prefix=516c9cb0 result=ok wait_ct_us=0 verify_us=95 decap_us=0 peer_us=76 total_us=191
[timing] side=gateway pending_id=56 token=- nonce_prefix=cbd1628f result=ok wait_ct_us=0 verify_us=94 decap_us=0 peer_us=75 total_us=196
[timing] side=gateway pending_id=57 token=- nonce_prefix=d0f25b5a result=ok wait_ct_us=0 verify_us=95 decap_us=0 peer_us=103 total_us=220
[timing] side=gateway pending_id=58 token=- nonce_prefix=812aa344 result=ok wait_ct_us=0 verify_us=95 decap_us=0 peer_us=75 total_us=194
[timing] side=gateway pending_id=59 token=- nonce_prefix=7ed7b85c result=ok wait_ct_us=0 verify_us=95 decap_us=0 peer_us=72 total_us=188
[timing] side=gateway pending_id=60 token=- nonce_prefix=e0f4eed7 result=ok wait_ct_us=0 verify_us=96 decap_us=0 peer_us=73 total_us=192
[timing] side=gateway pending_id=61 token=- nonce_prefix=666b668d result=ok wait_ct_us=0 verify_us=95 decap_us=0 peer_us=79 total_us=195
[timing] side=gateway pending_id=62 token=- nonce_prefix=63defab1 result=ok wait_ct_us=0 verify_us=95 decap_us=0 peer_us=85 total_us=208
[timing] side=gateway pending_id=63 token=- nonce_prefix=97a45eb9 result=ok wait_ct_us=0 verify_us=99 decap_us=0 peer_us=78 total_us=198
[timing] side=gateway pending_id=64 token=- nonce_prefix=9eaa6725 result=ok wait_ct_us=0 verify_us=94 decap_us=0 peer_us=132 total_us=249
[timing] side=gateway pending_id=65 token=- nonce_prefix=261cf7c0 result=ok wait_ct_us=0 verify_us=94 decap_us=0 peer_us=76 total_us=191
[timing] side=gateway pending_id=66 token=- nonce_prefix=67e35a3d result=ok wait_ct_us=0 verify_us=95 decap_us=0 peer_us=73 total_us=190
[timing] side=gateway pending_id=67 token=- nonce_prefix=08129f30 result=ok wait_ct_us=0 verify_us=94 decap_us=0 peer_us=72 total_us=185
[timing] side=gateway pending_id=68 token=- nonce_prefix=267cd9a5 result=ok wait_ct_us=0 verify_us=94 decap_us=0 peer_us=76 total_us=193
[timing] side=gateway pending_id=69 token=- nonce_prefix=5c9f22e9 result=ok wait_ct_us=0 verify_us=94 decap_us=0 peer_us=77 total_us=190
[timing] side=gateway pending_id=70 token=- nonce_prefix=3086079d result=ok wait_ct_us=0 verify_us=95 decap_us=0 peer_us=79 total_us=203
[timing] side=gateway pending_id=71 token=- nonce_prefix=1ade3ad8 result=ok wait_ct_us=0 verify_us=95 decap_us=0 peer_us=79 total_us=196
[timing] side=gateway pending_id=72 token=- nonce_prefix=59148c68 result=ok wait_ct_us=0 verify_us=95 decap_us=0 peer_us=123 total_us=244
[timing] side=gateway pending_id=73 token=- nonce_prefix=4ac0a590 result=ok wait_ct_us=0 verify_us=94 decap_us=0 peer_us=77 total_us=190
[timing] side=gateway pending_id=74 token=- nonce_prefix=d177d87e result=ok wait_ct_us=0 verify_us=94 decap_us=0 peer_us=73 total_us=189
[timing] side=gateway pending_id=75 token=- nonce_prefix=a9d9ac7c result=ok wait_ct_us=0 verify_us=95 decap_us=0 peer_us=74 total_us=187
[timing] side=gateway pending_id=76 token=- nonce_prefix=074067cd result=ok wait_ct_us=0 verify_us=93 decap_us=0 peer_us=74 total_us=189
[timing] side=gateway pending_id=77 token=- nonce_prefix=b072dc30 result=ok wait_ct_us=0 verify_us=95 decap_us=0 peer_us=76 total_us=190
[timing] side=gateway pending_id=78 token=- nonce_prefix=d1fbe489 result=ok wait_ct_us=0 verify_us=94 decap_us=0 peer_us=77 total_us=193
[timing] side=gateway pending_id=79 token=- nonce_prefix=3616c22b result=ok wait_ct_us=0 verify_us=95 decap_us=0 peer_us=85 total_us=208
[timing] side=gateway pending_id=80 token=- nonce_prefix=f0ae6d0f result=ok wait_ct_us=0 verify_us=95 decap_us=0 peer_us=111 total_us=227
[timing] side=gateway pending_id=81 token=- nonce_prefix=c3ca8ac8 result=ok wait_ct_us=0 verify_us=95 decap_us=0 peer_us=76 total_us=195
[timing] side=gateway pending_id=82 token=- nonce_prefix=c9f8abe4 result=ok wait_ct_us=0 verify_us=96 decap_us=0 peer_us=81 total_us=198
[timing] side=gateway pending_id=83 token=- nonce_prefix=428ddb96 result=ok wait_ct_us=0 verify_us=95 decap_us=0 peer_us=79 total_us=198
[timing] side=gateway pending_id=84 token=- nonce_prefix=ffcf6f71 result=ok wait_ct_us=0 verify_us=95 decap_us=0 peer_us=78 total_us=192
[timing] side=gateway pending_id=85 token=- nonce_prefix=faaf17a9 result=ok wait_ct_us=0 verify_us=102 decap_us=0 peer_us=122 total_us=249
[timing] side=gateway pending_id=86 token=- nonce_prefix=bc5fd3d8 result=ok wait_ct_us=0 verify_us=94 decap_us=0 peer_us=77 total_us=193
[timing] side=gateway pending_id=87 token=- nonce_prefix=2f1272ca result=ok wait_ct_us=0 verify_us=96 decap_us=0 peer_us=82 total_us=208
[timing] side=gateway pending_id=88 token=- nonce_prefix=90490b25 result=ok wait_ct_us=0 verify_us=96 decap_us=0 peer_us=83 total_us=201
[timing] side=gateway pending_id=89 token=- nonce_prefix=75709bfa result=ok wait_ct_us=0 verify_us=95 decap_us=0 peer_us=80 total_us=204
[timing] side=gateway pending_id=90 token=- nonce_prefix=3cccd688 result=ok wait_ct_us=0 verify_us=94 decap_us=0 peer_us=75 total_us=190
[timing] side=gateway pending_id=91 token=- nonce_prefix=9b4dde3e result=ok wait_ct_us=0 verify_us=95 decap_us=0 peer_us=77 total_us=204
[timing] side=gateway pending_id=92 token=- nonce_prefix=712cef52 result=ok wait_ct_us=0 verify_us=95 decap_us=0 peer_us=79 total_us=194
[timing] side=gateway pending_id=93 token=- nonce_prefix=a4704b16 result=ok wait_ct_us=0 verify_us=94 decap_us=0 peer_us=76 total_us=231
[timing] side=gateway pending_id=94 token=- nonce_prefix=7c376ccd result=ok wait_ct_us=0 verify_us=94 decap_us=0 peer_us=73 total_us=187
[timing] side=gateway pending_id=95 token=- nonce_prefix=86f890fd result=ok wait_ct_us=0 verify_us=94 decap_us=0 peer_us=75 total_us=194
[timing] side=gateway pending_id=96 token=- nonce_prefix=9d5e8824 result=ok wait_ct_us=0 verify_us=95 decap_us=0 peer_us=78 total_us=192
[timing] side=gateway pending_id=97 token=- nonce_prefix=b8052b3c result=ok wait_ct_us=0 verify_us=95 decap_us=0 peer_us=81 total_us=204
[timing] side=gateway pending_id=98 token=- nonce_prefix=bd43ab3b result=ok wait_ct_us=0 verify_us=96 decap_us=0 peer_us=83 total_us=201
[timing] side=gateway pending_id=99 token=- nonce_prefix=c722766a result=ok wait_ct_us=0 verify_us=96 decap_us=0 peer_us=78 total_us=198
[timing] side=gateway pending_id=100 token=- nonce_prefix=08d249f2 result=ok wait_ct_us=0 verify_us=95 decap_us=0 peer_us=75 total_us=191
[timing] side=gateway pending_id=101 token=- nonce_prefix=0fd30fb3 result=ok wait_ct_us=0 verify_us=103 decap_us=0 peer_us=138 total_us=267
Stopping wgzk daemon (gateway)...
wgzk.service: Deactivated successfully.
Stopped wgzk daemon (gateway).
Started wgzk daemon (gateway).
[daemon] Starting
[mlkem_channel] TLS listener on TCP :51821
[gateway] mode=0x02 epoch=1 previous_epoch=no iface=wg1r installer=netlink
[gateway] adopted 0 existing peer(s) of wg1r; 0 in the table, WGZK_PEER_MAX=4096
[gateway] joined wgzk events, ns=net:[4026531840]
[mlkem_channel] ciphertext buffered token=1221113446 nonce_prefix=e1128da2
[timing] side=gateway pending_id=1 token=1221113446 nonce_prefix=e1128da2 result=ok wait_ct_us=1 verify_us=173 decap_us=106 peer_us=104 total_us=418
[mlkem_channel] ciphertext buffered token=1779711046 nonce_prefix=c7d035d6
[timing] side=gateway pending_id=2 token=1779711046 nonce_prefix=c7d035d6 result=ok wait_ct_us=1 verify_us=97 decap_us=91 peer_us=85 total_us=297
[mlkem_channel] ciphertext buffered token=437417548 nonce_prefix=7960b0fe
[timing] side=gateway pending_id=3 token=437417548 nonce_prefix=7960b0fe result=ok wait_ct_us=1 verify_us=147 decap_us=91 peer_us=78 total_us=338
[mlkem_channel] ciphertext buffered token=496917307 nonce_prefix=5c16f443
[timing] side=gateway pending_id=4 token=496917307 nonce_prefix=5c16f443 result=ok wait_ct_us=2 verify_us=96 decap_us=138 peer_us=80 total_us=494
[mlkem_channel] ciphertext buffered token=3900865220 nonce_prefix=4cd773ab
[timing] side=gateway pending_id=5 token=3900865220 nonce_prefix=4cd773ab result=ok wait_ct_us=2 verify_us=96 decap_us=91 peer_us=75 total_us=283
[mlkem_channel] ciphertext buffered token=1495266138 nonce_prefix=d195877a
[timing] side=gateway pending_id=6 token=1495266138 nonce_prefix=d195877a result=ok wait_ct_us=2 verify_us=158 decap_us=91 peer_us=77 total_us=388
[mlkem_channel] ciphertext buffered token=1413507246 nonce_prefix=e60e869e
[timing] side=gateway pending_id=7 token=1413507246 nonce_prefix=e60e869e result=ok wait_ct_us=1 verify_us=96 decap_us=91 peer_us=74 total_us=314
[mlkem_channel] ciphertext buffered token=862535275 nonce_prefix=6ecfc994
[timing] side=gateway pending_id=8 token=862535275 nonce_prefix=6ecfc994 result=ok wait_ct_us=1 verify_us=96 decap_us=92 peer_us=76 total_us=353
[mlkem_channel] ciphertext buffered token=2723090790 nonce_prefix=78c20739
[timing] side=gateway pending_id=9 token=2723090790 nonce_prefix=78c20739 result=ok wait_ct_us=1 verify_us=95 decap_us=91 peer_us=92 total_us=331
[mlkem_channel] ciphertext buffered token=1678314754 nonce_prefix=7ac56313
[timing] side=gateway pending_id=10 token=1678314754 nonce_prefix=7ac56313 result=ok wait_ct_us=1 verify_us=96 decap_us=90 peer_us=73 total_us=283
[mlkem_channel] ciphertext buffered token=4117784904 nonce_prefix=79f918ed
[timing] side=gateway pending_id=11 token=4117784904 nonce_prefix=79f918ed result=ok wait_ct_us=2 verify_us=96 decap_us=137 peer_us=86 total_us=344
[mlkem_channel] ciphertext buffered token=3403149149 nonce_prefix=fdb7a1b2
[timing] side=gateway pending_id=12 token=3403149149 nonce_prefix=fdb7a1b2 result=ok wait_ct_us=1 verify_us=108 decap_us=89 peer_us=73 total_us=294
[mlkem_channel] ciphertext buffered token=257667310 nonce_prefix=8ff01f2e
[timing] side=gateway pending_id=13 token=257667310 nonce_prefix=8ff01f2e result=ok wait_ct_us=1 verify_us=96 decap_us=91 peer_us=88 total_us=321
[mlkem_channel] ciphertext buffered token=3316169666 nonce_prefix=994169e9
[timing] side=gateway pending_id=14 token=3316169666 nonce_prefix=994169e9 result=ok wait_ct_us=2 verify_us=112 decap_us=91 peer_us=97 total_us=321
[mlkem_channel] ciphertext buffered token=3730223125 nonce_prefix=3959af8a
[timing] side=gateway pending_id=15 token=3730223125 nonce_prefix=3959af8a result=ok wait_ct_us=1 verify_us=97 decap_us=106 peer_us=129 total_us=368
[mlkem_channel] ciphertext buffered token=2818412359 nonce_prefix=0f378990
[timing] side=gateway pending_id=16 token=2818412359 nonce_prefix=0f378990 result=ok wait_ct_us=1 verify_us=97 decap_us=92 peer_us=119 total_us=424
[mlkem_channel] ciphertext buffered token=2971912915 nonce_prefix=6a2625fd
[timing] side=gateway pending_id=17 token=2971912915 nonce_prefix=6a2625fd result=ok wait_ct_us=1 verify_us=96 decap_us=91 peer_us=86 total_us=304
[mlkem_channel] ciphertext buffered token=933785874 nonce_prefix=1084e45c
[timing] side=gateway pending_id=18 token=933785874 nonce_prefix=1084e45c result=ok wait_ct_us=2 verify_us=96 decap_us=90 peer_us=74 total_us=354
[mlkem_channel] ciphertext buffered token=1924203851 nonce_prefix=ecb3a125
[timing] side=gateway pending_id=19 token=1924203851 nonce_prefix=ecb3a125 result=ok wait_ct_us=1 verify_us=110 decap_us=91 peer_us=71 total_us=372
[mlkem_channel] ciphertext buffered token=3203175388 nonce_prefix=23233631
[timing] side=gateway pending_id=20 token=3203175388 nonce_prefix=23233631 result=ok wait_ct_us=1 verify_us=110 decap_us=90 peer_us=71 total_us=295
[mlkem_channel] ciphertext buffered token=1235496805 nonce_prefix=17def6c3
[timing] side=gateway pending_id=21 token=1235496805 nonce_prefix=17def6c3 result=ok wait_ct_us=2 verify_us=110 decap_us=91 peer_us=73 total_us=332
[mlkem_channel] ciphertext buffered token=3085902086 nonce_prefix=eef20381
[timing] side=gateway pending_id=22 token=3085902086 nonce_prefix=eef20381 result=ok wait_ct_us=2 verify_us=97 decap_us=139 peer_us=84 total_us=391
[mlkem_channel] ciphertext buffered token=3213892453 nonce_prefix=b0531a3b
[timing] side=gateway pending_id=23 token=3213892453 nonce_prefix=b0531a3b result=ok wait_ct_us=1 verify_us=98 decap_us=91 peer_us=76 total_us=287
[mlkem_channel] ciphertext buffered token=1840882743 nonce_prefix=0df09469
[timing] side=gateway pending_id=24 token=1840882743 nonce_prefix=0df09469 result=ok wait_ct_us=2 verify_us=97 decap_us=91 peer_us=97 total_us=312
[mlkem_channel] ciphertext buffered token=1651650226 nonce_prefix=c00e0f1d
[timing] side=gateway pending_id=25 token=1651650226 nonce_prefix=c00e0f1d result=ok wait_ct_us=1 verify_us=97 decap_us=89 peer_us=74 total_us=284
[mlkem_channel] ciphertext buffered token=3084908203 nonce_prefix=5eec34c6
[timing] side=gateway pending_id=26 token=3084908203 nonce_prefix=5eec34c6 result=ok wait_ct_us=1 verify_us=109 decap_us=141 peer_us=75 total_us=348
[mlkem_channel] ciphertext buffered token=1419279469 nonce_prefix=e8e66fc4
[timing] side=gateway pending_id=27 token=1419279469 nonce_prefix=e8e66fc4 result=ok wait_ct_us=2 verify_us=112 decap_us=89 peer_us=78 total_us=429
[mlkem_channel] ciphertext buffered token=2486556681 nonce_prefix=7d1e53eb
[timing] side=gateway pending_id=28 token=2486556681 nonce_prefix=7d1e53eb result=ok wait_ct_us=1 verify_us=121 decap_us=91 peer_us=73 total_us=329
[mlkem_channel] ciphertext buffered token=2103766602 nonce_prefix=692363b8
[timing] side=gateway pending_id=29 token=2103766602 nonce_prefix=692363b8 result=ok wait_ct_us=1 verify_us=160 decap_us=91 peer_us=76 total_us=351
[mlkem_channel] ciphertext buffered token=622154738 nonce_prefix=03df4e68
[timing] side=gateway pending_id=30 token=622154738 nonce_prefix=03df4e68 result=ok wait_ct_us=1 verify_us=95 decap_us=91 peer_us=76 total_us=281
[mlkem_channel] ciphertext buffered token=480155685 nonce_prefix=11c93679
[timing] side=gateway pending_id=31 token=480155685 nonce_prefix=11c93679 result=ok wait_ct_us=1 verify_us=115 decap_us=90 peer_us=80 total_us=307
[mlkem_channel] ciphertext buffered token=2886409845 nonce_prefix=d66d90a4
[timing] side=gateway pending_id=32 token=2886409845 nonce_prefix=d66d90a4 result=ok wait_ct_us=1 verify_us=107 decap_us=91 peer_us=85 total_us=307
[mlkem_channel] ciphertext buffered token=2835908782 nonce_prefix=9f0fa46d
[timing] side=gateway pending_id=33 token=2835908782 nonce_prefix=9f0fa46d result=ok wait_ct_us=1 verify_us=108 decap_us=92 peer_us=76 total_us=300
[mlkem_channel] ciphertext buffered token=2245792161 nonce_prefix=2cae3838
[timing] side=gateway pending_id=34 token=2245792161 nonce_prefix=2cae3838 result=ok wait_ct_us=1 verify_us=145 decap_us=92 peer_us=77 total_us=335
[mlkem_channel] ciphertext buffered token=702275038 nonce_prefix=8b7a6cd8
[timing] side=gateway pending_id=35 token=702275038 nonce_prefix=8b7a6cd8 result=ok wait_ct_us=2 verify_us=96 decap_us=91 peer_us=75 total_us=306
[mlkem_channel] ciphertext buffered token=2530612703 nonce_prefix=f6a73758
[timing] side=gateway pending_id=36 token=2530612703 nonce_prefix=f6a73758 result=ok wait_ct_us=1 verify_us=111 decap_us=90 peer_us=74 total_us=326
[mlkem_channel] ciphertext buffered token=4272105974 nonce_prefix=f9039ce5
[timing] side=gateway pending_id=37 token=4272105974 nonce_prefix=f9039ce5 result=ok wait_ct_us=2 verify_us=158 decap_us=91 peer_us=77 total_us=375
[mlkem_channel] ciphertext buffered token=923481613 nonce_prefix=7c057a43
[timing] side=gateway pending_id=38 token=923481613 nonce_prefix=7c057a43 result=ok wait_ct_us=1 verify_us=160 decap_us=90 peer_us=75 total_us=378
[mlkem_channel] ciphertext buffered token=2336216683 nonce_prefix=691b3ff9
[timing] side=gateway pending_id=39 token=2336216683 nonce_prefix=691b3ff9 result=ok wait_ct_us=1 verify_us=163 decap_us=92 peer_us=81 total_us=358
[mlkem_channel] ciphertext buffered token=890713498 nonce_prefix=7501e867
[timing] side=gateway pending_id=40 token=890713498 nonce_prefix=7501e867 result=ok wait_ct_us=1 verify_us=96 decap_us=92 peer_us=124 total_us=337
[mlkem_channel] ciphertext buffered token=3727517924 nonce_prefix=5c9be036
[timing] side=gateway pending_id=41 token=3727517924 nonce_prefix=5c9be036 result=ok wait_ct_us=2 verify_us=113 decap_us=92 peer_us=79 total_us=308
[mlkem_channel] ciphertext buffered token=1616751569 nonce_prefix=9004d4ee
[timing] side=gateway pending_id=42 token=1616751569 nonce_prefix=9004d4ee result=ok wait_ct_us=2 verify_us=104 decap_us=91 peer_us=77 total_us=439
[mlkem_channel] ciphertext buffered token=1447856150 nonce_prefix=d62df879
[timing] side=gateway pending_id=43 token=1447856150 nonce_prefix=d62df879 result=ok wait_ct_us=1 verify_us=96 decap_us=91 peer_us=122 total_us=332
[mlkem_channel] ciphertext buffered token=307733114 nonce_prefix=137fc735
[timing] side=gateway pending_id=44 token=307733114 nonce_prefix=137fc735 result=ok wait_ct_us=1 verify_us=137 decap_us=91 peer_us=77 total_us=329
[mlkem_channel] ciphertext buffered token=3835142096 nonce_prefix=9f1a9a5b
[timing] side=gateway pending_id=45 token=3835142096 nonce_prefix=9f1a9a5b result=ok wait_ct_us=2 verify_us=96 decap_us=91 peer_us=73 total_us=282
[mlkem_channel] ciphertext buffered token=1246334532 nonce_prefix=18a0cc67
[timing] side=gateway pending_id=46 token=1246334532 nonce_prefix=18a0cc67 result=ok wait_ct_us=1 verify_us=95 decap_us=99 peer_us=74 total_us=290
[mlkem_channel] ciphertext buffered token=929238944 nonce_prefix=57f0b009
[timing] side=gateway pending_id=47 token=929238944 nonce_prefix=57f0b009 result=ok wait_ct_us=1 verify_us=139 decap_us=90 peer_us=75 total_us=327
[mlkem_channel] ciphertext buffered token=1498561509 nonce_prefix=bb7b824f
[timing] side=gateway pending_id=48 token=1498561509 nonce_prefix=bb7b824f result=ok wait_ct_us=2 verify_us=98 decap_us=123 peer_us=80 total_us=545
[mlkem_channel] ciphertext buffered token=3988188544 nonce_prefix=5ad340aa
[timing] side=gateway pending_id=49 token=3988188544 nonce_prefix=5ad340aa result=ok wait_ct_us=2 verify_us=98 decap_us=157 peer_us=81 total_us=389
[mlkem_channel] ciphertext buffered token=229677858 nonce_prefix=11073ed5
[timing] side=gateway pending_id=50 token=229677858 nonce_prefix=11073ed5 result=ok wait_ct_us=2 verify_us=144 decap_us=92 peer_us=77 total_us=369
[mlkem_channel] ciphertext buffered token=2224546006 nonce_prefix=98163d1e
[timing] side=gateway pending_id=51 token=2224546006 nonce_prefix=98163d1e result=ok wait_ct_us=1 verify_us=163 decap_us=90 peer_us=75 total_us=377
[mlkem_channel] ciphertext buffered token=429046660 nonce_prefix=82554119
[timing] side=gateway pending_id=52 token=429046660 nonce_prefix=82554119 result=ok wait_ct_us=1 verify_us=114 decap_us=91 peer_us=128 total_us=390
[mlkem_channel] ciphertext buffered token=955061283 nonce_prefix=7976b0fd
[timing] side=gateway pending_id=53 token=955061283 nonce_prefix=7976b0fd result=ok wait_ct_us=1 verify_us=144 decap_us=107 peer_us=78 total_us=356
[mlkem_channel] ciphertext buffered token=3452228196 nonce_prefix=3602b13e
[timing] side=gateway pending_id=54 token=3452228196 nonce_prefix=3602b13e result=ok wait_ct_us=1 verify_us=110 decap_us=90 peer_us=73 total_us=297
[mlkem_channel] ciphertext buffered token=3513478923 nonce_prefix=dd80dd3c
[timing] side=gateway pending_id=55 token=3513478923 nonce_prefix=dd80dd3c result=ok wait_ct_us=1 verify_us=96 decap_us=154 peer_us=75 total_us=343
[mlkem_channel] ciphertext buffered token=2544083389 nonce_prefix=972cbf25
[timing] side=gateway pending_id=56 token=2544083389 nonce_prefix=972cbf25 result=ok wait_ct_us=1 verify_us=160 decap_us=91 peer_us=78 total_us=350
[mlkem_channel] ciphertext buffered token=3236041337 nonce_prefix=244ec7d1
[timing] side=gateway pending_id=57 token=3236041337 nonce_prefix=244ec7d1 result=ok wait_ct_us=2 verify_us=113 decap_us=91 peer_us=82 total_us=413
[mlkem_channel] ciphertext buffered token=233550826 nonce_prefix=6c011ce9
[timing] side=gateway pending_id=58 token=233550826 nonce_prefix=6c011ce9 result=ok wait_ct_us=1 verify_us=98 decap_us=91 peer_us=77 total_us=292
[mlkem_channel] ciphertext buffered token=3455286753 nonce_prefix=ca508e87
[timing] side=gateway pending_id=59 token=3455286753 nonce_prefix=ca508e87 result=ok wait_ct_us=1 verify_us=97 decap_us=91 peer_us=78 total_us=290
[mlkem_channel] ciphertext buffered token=2719231635 nonce_prefix=dbbbca4a
[timing] side=gateway pending_id=60 token=2719231635 nonce_prefix=dbbbca4a result=ok wait_ct_us=1 verify_us=96 decap_us=140 peer_us=75 total_us=335
[mlkem_channel] ciphertext buffered token=1071684079 nonce_prefix=f30fffe0
[timing] side=gateway pending_id=61 token=1071684079 nonce_prefix=f30fffe0 result=ok wait_ct_us=1 verify_us=96 decap_us=90 peer_us=82 total_us=295
[mlkem_channel] ciphertext buffered token=4028557351 nonce_prefix=18217493
[timing] side=gateway pending_id=62 token=4028557351 nonce_prefix=18217493 result=ok wait_ct_us=1 verify_us=96 decap_us=97 peer_us=75 total_us=293
[mlkem_channel] ciphertext buffered token=222479646 nonce_prefix=fbcc7268
[timing] side=gateway pending_id=63 token=222479646 nonce_prefix=fbcc7268 result=ok wait_ct_us=1 verify_us=96 decap_us=91 peer_us=74 total_us=284
[mlkem_channel] ciphertext buffered token=2812879280 nonce_prefix=594beb3b
[timing] side=gateway pending_id=64 token=2812879280 nonce_prefix=594beb3b result=ok wait_ct_us=1 verify_us=95 decap_us=105 peer_us=78 total_us=301
[mlkem_channel] ciphertext buffered token=2702022940 nonce_prefix=8ca25ec5
[timing] side=gateway pending_id=65 token=2702022940 nonce_prefix=8ca25ec5 result=ok wait_ct_us=1 verify_us=96 decap_us=106 peer_us=72 total_us=295
[mlkem_channel] ciphertext buffered token=1220497265 nonce_prefix=74bb8e80
[timing] side=gateway pending_id=66 token=1220497265 nonce_prefix=74bb8e80 result=ok wait_ct_us=1 verify_us=113 decap_us=91 peer_us=76 total_us=303
[mlkem_channel] ciphertext buffered token=4228845821 nonce_prefix=ae1e7ca7
[timing] side=gateway pending_id=67 token=4228845821 nonce_prefix=ae1e7ca7 result=ok wait_ct_us=1 verify_us=97 decap_us=92 peer_us=79 total_us=399
[mlkem_channel] ciphertext buffered token=3005372974 nonce_prefix=f0c2c2e6
[timing] side=gateway pending_id=68 token=3005372974 nonce_prefix=f0c2c2e6 result=ok wait_ct_us=1 verify_us=141 decap_us=91 peer_us=113 total_us=453
[mlkem_channel] ciphertext buffered token=3276610340 nonce_prefix=31cf62fe
[timing] side=gateway pending_id=69 token=3276610340 nonce_prefix=31cf62fe result=ok wait_ct_us=1 verify_us=96 decap_us=91 peer_us=73 total_us=325
[mlkem_channel] ciphertext buffered token=3900869947 nonce_prefix=b5f06a8f
[timing] side=gateway pending_id=70 token=3900869947 nonce_prefix=b5f06a8f result=ok wait_ct_us=1 verify_us=96 decap_us=90 peer_us=75 total_us=307
[mlkem_channel] ciphertext buffered token=72754465 nonce_prefix=572015c1
[timing] side=gateway pending_id=71 token=72754465 nonce_prefix=572015c1 result=ok wait_ct_us=1 verify_us=96 decap_us=99 peer_us=76 total_us=325
[mlkem_channel] ciphertext buffered token=233192569 nonce_prefix=8bf683a5
[timing] side=gateway pending_id=72 token=233192569 nonce_prefix=8bf683a5 result=ok wait_ct_us=1 verify_us=95 decap_us=156 peer_us=74 total_us=350
[mlkem_channel] ciphertext buffered token=523858549 nonce_prefix=33430d28
[timing] side=gateway pending_id=73 token=523858549 nonce_prefix=33430d28 result=ok wait_ct_us=1 verify_us=114 decap_us=90 peer_us=76 total_us=305
[mlkem_channel] ciphertext buffered token=286816394 nonce_prefix=3af67ddd
[timing] side=gateway pending_id=74 token=286816394 nonce_prefix=3af67ddd result=ok wait_ct_us=2 verify_us=97 decap_us=91 peer_us=131 total_us=369
[mlkem_channel] ciphertext buffered token=2766266543 nonce_prefix=125443e3
[timing] side=gateway pending_id=75 token=2766266543 nonce_prefix=125443e3 result=ok wait_ct_us=1 verify_us=163 decap_us=100 peer_us=81 total_us=372
[mlkem_channel] ciphertext buffered token=2207299821 nonce_prefix=523751f7
[timing] side=gateway pending_id=76 token=2207299821 nonce_prefix=523751f7 result=ok wait_ct_us=2 verify_us=149 decap_us=91 peer_us=85 total_us=382
[mlkem_channel] ciphertext buffered token=3241643510 nonce_prefix=59ce5981
[timing] side=gateway pending_id=77 token=3241643510 nonce_prefix=59ce5981 result=ok wait_ct_us=2 verify_us=96 decap_us=90 peer_us=76 total_us=316
[mlkem_channel] ciphertext buffered token=1344122710 nonce_prefix=ef35bfdd
[timing] side=gateway pending_id=78 token=1344122710 nonce_prefix=ef35bfdd result=ok wait_ct_us=1 verify_us=112 decap_us=91 peer_us=75 total_us=326
[mlkem_channel] ciphertext buffered token=1389370196 nonce_prefix=28a35aee
[timing] side=gateway pending_id=79 token=1389370196 nonce_prefix=28a35aee result=ok wait_ct_us=1 verify_us=110 decap_us=140 peer_us=84 total_us=381
[mlkem_channel] ciphertext buffered token=3548943247 nonce_prefix=592b3edd
[timing] side=gateway pending_id=80 token=3548943247 nonce_prefix=592b3edd result=ok wait_ct_us=1 verify_us=108 decap_us=93 peer_us=95 total_us=413
[mlkem_channel] ciphertext buffered token=3603675719 nonce_prefix=d060a291
[timing] side=gateway pending_id=81 token=3603675719 nonce_prefix=d060a291 result=ok wait_ct_us=2 verify_us=110 decap_us=90 peer_us=73 total_us=319
[mlkem_channel] ciphertext buffered token=3212003070 nonce_prefix=3c1bb59e
[timing] side=gateway pending_id=82 token=3212003070 nonce_prefix=3c1bb59e result=ok wait_ct_us=1 verify_us=96 decap_us=92 peer_us=74 total_us=286
[mlkem_channel] ciphertext buffered token=3222800089 nonce_prefix=b67cfbe8
[timing] side=gateway pending_id=83 token=3222800089 nonce_prefix=b67cfbe8 result=ok wait_ct_us=1 verify_us=113 decap_us=90 peer_us=283 total_us=509
[mlkem_channel] ciphertext buffered token=615754636 nonce_prefix=4606f0ce
[timing] side=gateway pending_id=84 token=615754636 nonce_prefix=4606f0ce result=ok wait_ct_us=1 verify_us=96 decap_us=90 peer_us=76 total_us=285
[mlkem_channel] ciphertext buffered token=1460778420 nonce_prefix=410a556e
[timing] side=gateway pending_id=85 token=1460778420 nonce_prefix=410a556e result=ok wait_ct_us=1 verify_us=97 decap_us=91 peer_us=87 total_us=299
[mlkem_channel] ciphertext buffered token=1614385401 nonce_prefix=afafc766
[timing] side=gateway pending_id=86 token=1614385401 nonce_prefix=afafc766 result=ok wait_ct_us=2 verify_us=97 decap_us=91 peer_us=78 total_us=424
[mlkem_channel] ciphertext buffered token=667970615 nonce_prefix=7fe0499b
[timing] side=gateway pending_id=87 token=667970615 nonce_prefix=7fe0499b result=ok wait_ct_us=1 verify_us=113 decap_us=91 peer_us=73 total_us=377
[mlkem_channel] ciphertext buffered token=576303254 nonce_prefix=263231ae
[timing] side=gateway pending_id=88 token=576303254 nonce_prefix=263231ae result=ok wait_ct_us=4 verify_us=117 decap_us=90 peer_us=74 total_us=365
[mlkem_channel] ciphertext buffered token=4240196681 nonce_prefix=98b45f66
[timing] side=gateway pending_id=89 token=4240196681 nonce_prefix=98b45f66 result=ok wait_ct_us=1 verify_us=167 decap_us=91 peer_us=74 total_us=377
[mlkem_channel] ciphertext buffered token=2589001897 nonce_prefix=47b3d55a
[timing] side=gateway pending_id=90 token=2589001897 nonce_prefix=47b3d55a result=ok wait_ct_us=1 verify_us=143 decap_us=90 peer_us=75 total_us=404
[mlkem_channel] ciphertext buffered token=374460315 nonce_prefix=a747c4bc
[timing] side=gateway pending_id=91 token=374460315 nonce_prefix=a747c4bc result=ok wait_ct_us=1 verify_us=96 decap_us=89 peer_us=73 total_us=306
[mlkem_channel] ciphertext buffered token=3530921951 nonce_prefix=498bb34f
[timing] side=gateway pending_id=92 token=3530921951 nonce_prefix=498bb34f result=ok wait_ct_us=2 verify_us=96 decap_us=91 peer_us=74 total_us=283
[mlkem_channel] ciphertext buffered token=1751034895 nonce_prefix=f7318457
[timing] side=gateway pending_id=93 token=1751034895 nonce_prefix=f7318457 result=ok wait_ct_us=2 verify_us=95 decap_us=90 peer_us=76 total_us=285
[mlkem_channel] ciphertext buffered token=24339463 nonce_prefix=3a4a4e05
[timing] side=gateway pending_id=94 token=24339463 nonce_prefix=3a4a4e05 result=ok wait_ct_us=1 verify_us=98 decap_us=91 peer_us=76 total_us=288
[mlkem_channel] ciphertext buffered token=2345413050 nonce_prefix=d9e66600
[timing] side=gateway pending_id=95 token=2345413050 nonce_prefix=d9e66600 result=ok wait_ct_us=1 verify_us=96 decap_us=91 peer_us=74 total_us=283
[mlkem_channel] ciphertext buffered token=4259898648 nonce_prefix=7cf47b71
[timing] side=gateway pending_id=96 token=4259898648 nonce_prefix=7cf47b71 result=ok wait_ct_us=2 verify_us=110 decap_us=90 peer_us=75 total_us=300
[mlkem_channel] ciphertext buffered token=4106998588 nonce_prefix=cf1645e2
[timing] side=gateway pending_id=97 token=4106998588 nonce_prefix=cf1645e2 result=ok wait_ct_us=1 verify_us=96 decap_us=143 peer_us=104 total_us=366
[mlkem_channel] ciphertext buffered token=197533207 nonce_prefix=e94664d0
[timing] side=gateway pending_id=98 token=197533207 nonce_prefix=e94664d0 result=ok wait_ct_us=1 verify_us=154 decap_us=90 peer_us=76 total_us=341
[mlkem_channel] ciphertext buffered token=1356487410 nonce_prefix=b0d1a5a5
[timing] side=gateway pending_id=99 token=1356487410 nonce_prefix=b0d1a5a5 result=ok wait_ct_us=1 verify_us=111 decap_us=173 peer_us=76 total_us=384
[mlkem_channel] ciphertext buffered token=1498558768 nonce_prefix=74ab5b3f
[timing] side=gateway pending_id=100 token=1498558768 nonce_prefix=74ab5b3f result=ok wait_ct_us=1 verify_us=151 decap_us=89 peer_us=76 total_us=340
[mlkem_channel] ciphertext buffered token=1681270716 nonce_prefix=998682ee
[timing] side=gateway pending_id=101 token=1681270716 nonce_prefix=998682ee result=ok wait_ct_us=1 verify_us=97 decap_us=90 peer_us=79 total_us=292
Stopping wgzk daemon (gateway)...
wgzk.service: Deactivated successfully.
Stopped wgzk daemon (gateway).
Started wgzk daemon (gateway).
[daemon] Starting
[gateway] mode=0x01 epoch=1 previous_epoch=no iface=wg1r installer=netlink
[gateway] adopted 0 existing peer(s) of wg1r; 0 in the table, WGZK_PEER_MAX=4096
[gateway] joined wgzk events, ns=net:[4026531840]
[timing] side=gateway pending_id=1 token=- nonce_prefix=a0d3de16 result=ok wait_ct_us=0 verify_us=149 decap_us=0 peer_us=113 total_us=299
[timing] side=gateway pending_id=2 token=- nonce_prefix=a8679621 result=ok wait_ct_us=0 verify_us=95 decap_us=0 peer_us=81 total_us=204
[timing] side=gateway pending_id=3 token=- nonce_prefix=701c0efe result=ok wait_ct_us=0 verify_us=95 decap_us=0 peer_us=76 total_us=200
[timing] side=gateway pending_id=4 token=- nonce_prefix=f2cc2506 result=ok wait_ct_us=0 verify_us=95 decap_us=0 peer_us=79 total_us=207
[timing] side=gateway pending_id=5 token=- nonce_prefix=7834f2ab result=ok wait_ct_us=0 verify_us=95 decap_us=0 peer_us=70 total_us=187
[timing] side=gateway pending_id=6 token=- nonce_prefix=19caf754 result=ok wait_ct_us=0 verify_us=95 decap_us=0 peer_us=73 total_us=207
[timing] side=gateway pending_id=7 token=- nonce_prefix=b8428c69 result=ok wait_ct_us=0 verify_us=95 decap_us=0 peer_us=72 total_us=186
[timing] side=gateway pending_id=8 token=- nonce_prefix=577282ff result=ok wait_ct_us=0 verify_us=102 decap_us=0 peer_us=72 total_us=214
[timing] side=gateway pending_id=9 token=- nonce_prefix=3dac6cf5 result=ok wait_ct_us=0 verify_us=95 decap_us=0 peer_us=74 total_us=197
[timing] side=gateway pending_id=10 token=- nonce_prefix=98a78a2b result=ok wait_ct_us=0 verify_us=96 decap_us=0 peer_us=76 total_us=190
[timing] side=gateway pending_id=11 token=- nonce_prefix=a0850093 result=ok wait_ct_us=0 verify_us=96 decap_us=0 peer_us=103 total_us=242
[timing] side=gateway pending_id=12 token=- nonce_prefix=f082fc6e result=ok wait_ct_us=0 verify_us=119 decap_us=0 peer_us=122 total_us=272
[timing] side=gateway pending_id=13 token=- nonce_prefix=9f5e7ad7 result=ok wait_ct_us=0 verify_us=95 decap_us=0 peer_us=74 total_us=189
[timing] side=gateway pending_id=14 token=- nonce_prefix=da77848c result=ok wait_ct_us=0 verify_us=94 decap_us=0 peer_us=74 total_us=191
[timing] side=gateway pending_id=15 token=- nonce_prefix=79e97c4b result=ok wait_ct_us=0 verify_us=94 decap_us=0 peer_us=110 total_us=243
[timing] side=gateway pending_id=16 token=- nonce_prefix=ab5c0893 result=ok wait_ct_us=0 verify_us=95 decap_us=0 peer_us=71 total_us=183
[timing] side=gateway pending_id=17 token=- nonce_prefix=a2fc41c8 result=ok wait_ct_us=0 verify_us=94 decap_us=0 peer_us=72 total_us=191
[timing] side=gateway pending_id=18 token=- nonce_prefix=764277f0 result=ok wait_ct_us=0 verify_us=95 decap_us=0 peer_us=81 total_us=197
[timing] side=gateway pending_id=19 token=- nonce_prefix=9fe15449 result=ok wait_ct_us=0 verify_us=94 decap_us=0 peer_us=76 total_us=198
[timing] side=gateway pending_id=20 token=- nonce_prefix=f22b237d result=ok wait_ct_us=0 verify_us=96 decap_us=0 peer_us=73 total_us=189
[timing] side=gateway pending_id=21 token=- nonce_prefix=fc31256e result=ok wait_ct_us=0 verify_us=95 decap_us=0 peer_us=73 total_us=193
[timing] side=gateway pending_id=22 token=- nonce_prefix=2eb3e4b0 result=ok wait_ct_us=0 verify_us=95 decap_us=0 peer_us=79 total_us=194
[timing] side=gateway pending_id=23 token=- nonce_prefix=a2a0854c result=ok wait_ct_us=0 verify_us=94 decap_us=0 peer_us=71 total_us=188
[timing] side=gateway pending_id=24 token=- nonce_prefix=c579f2bd result=ok wait_ct_us=0 verify_us=94 decap_us=0 peer_us=109 total_us=221
[timing] side=gateway pending_id=25 token=- nonce_prefix=4b7ef6cf result=ok wait_ct_us=0 verify_us=94 decap_us=0 peer_us=71 total_us=189
[timing] side=gateway pending_id=26 token=- nonce_prefix=4d833895 result=ok wait_ct_us=0 verify_us=94 decap_us=0 peer_us=79 total_us=191
[timing] side=gateway pending_id=27 token=- nonce_prefix=2b0066f3 result=ok wait_ct_us=0 verify_us=95 decap_us=0 peer_us=77 total_us=201
[timing] side=gateway pending_id=28 token=- nonce_prefix=9e4641d0 result=ok wait_ct_us=0 verify_us=95 decap_us=0 peer_us=78 total_us=195
[timing] side=gateway pending_id=29 token=- nonce_prefix=48d38624 result=ok wait_ct_us=0 verify_us=95 decap_us=0 peer_us=75 total_us=216
[timing] side=gateway pending_id=30 token=- nonce_prefix=83de3641 result=ok wait_ct_us=0 verify_us=95 decap_us=0 peer_us=74 total_us=190
[timing] side=gateway pending_id=31 token=- nonce_prefix=3f88dc95 result=ok wait_ct_us=0 verify_us=95 decap_us=0 peer_us=71 total_us=189
[timing] side=gateway pending_id=32 token=- nonce_prefix=ae2f4086 result=ok wait_ct_us=0 verify_us=94 decap_us=0 peer_us=110 total_us=221
[timing] side=gateway pending_id=33 token=- nonce_prefix=e2f5329e result=ok wait_ct_us=0 verify_us=131 decap_us=0 peer_us=74 total_us=241
[timing] side=gateway pending_id=34 token=- nonce_prefix=110dff65 result=ok wait_ct_us=0 verify_us=94 decap_us=0 peer_us=72 total_us=185
[timing] side=gateway pending_id=35 token=- nonce_prefix=ceb3266d result=ok wait_ct_us=0 verify_us=94 decap_us=0 peer_us=72 total_us=188
[timing] side=gateway pending_id=36 token=- nonce_prefix=0af96742 result=ok wait_ct_us=0 verify_us=132 decap_us=0 peer_us=103 total_us=256
[timing] side=gateway pending_id=37 token=- nonce_prefix=4d9bbefa result=ok wait_ct_us=0 verify_us=96 decap_us=0 peer_us=77 total_us=203
[timing] side=gateway pending_id=38 token=- nonce_prefix=9b8458f1 result=ok wait_ct_us=0 verify_us=95 decap_us=0 peer_us=75 total_us=189
[timing] side=gateway pending_id=39 token=- nonce_prefix=3d748851 result=ok wait_ct_us=0 verify_us=129 decap_us=0 peer_us=78 total_us=242
[timing] side=gateway pending_id=40 token=- nonce_prefix=09032a00 result=ok wait_ct_us=0 verify_us=96 decap_us=0 peer_us=78 total_us=193
[timing] side=gateway pending_id=41 token=- nonce_prefix=1c4e0e62 result=ok wait_ct_us=0 verify_us=94 decap_us=0 peer_us=74 total_us=193
[timing] side=gateway pending_id=42 token=- nonce_prefix=08aa0c43 result=ok wait_ct_us=0 verify_us=94 decap_us=0 peer_us=73 total_us=187
[timing] side=gateway pending_id=43 token=- nonce_prefix=ee389a70 result=ok wait_ct_us=0 verify_us=94 decap_us=0 peer_us=123 total_us=241
[timing] side=gateway pending_id=44 token=- nonce_prefix=dccc2a71 result=ok wait_ct_us=0 verify_us=95 decap_us=0 peer_us=118 total_us=244
[timing] side=gateway pending_id=45 token=- nonce_prefix=028b2e58 result=ok wait_ct_us=0 verify_us=94 decap_us=0 peer_us=79 total_us=202
[timing] side=gateway pending_id=46 token=- nonce_prefix=b703ca04 result=ok wait_ct_us=0 verify_us=97 decap_us=0 peer_us=77 total_us=195
[timing] side=gateway pending_id=47 token=- nonce_prefix=ca4329a5 result=ok wait_ct_us=0 verify_us=95 decap_us=0 peer_us=75 total_us=233
[timing] side=gateway pending_id=48 token=- nonce_prefix=0e1e4c9d result=ok wait_ct_us=0 verify_us=133 decap_us=0 peer_us=75 total_us=227
[timing] side=gateway pending_id=49 token=- nonce_prefix=71d86c4c result=ok wait_ct_us=0 verify_us=94 decap_us=0 peer_us=74 total_us=190
[timing] side=gateway pending_id=50 token=- nonce_prefix=788ea47f result=ok wait_ct_us=0 verify_us=95 decap_us=0 peer_us=71 total_us=183
[timing] side=gateway pending_id=51 token=- nonce_prefix=5f68a625 result=ok wait_ct_us=0 verify_us=94 decap_us=0 peer_us=73 total_us=192
[timing] side=gateway pending_id=52 token=- nonce_prefix=a0bc3a10 result=ok wait_ct_us=0 verify_us=94 decap_us=0 peer_us=71 total_us=184
[timing] side=gateway pending_id=53 token=- nonce_prefix=4124501a result=ok wait_ct_us=0 verify_us=96 decap_us=0 peer_us=102 total_us=224
[timing] side=gateway pending_id=54 token=- nonce_prefix=0ff1440b result=ok wait_ct_us=0 verify_us=95 decap_us=0 peer_us=117 total_us=233
[timing] side=gateway pending_id=55 token=- nonce_prefix=0d4d9188 result=ok wait_ct_us=0 verify_us=95 decap_us=0 peer_us=76 total_us=195
[timing] side=gateway pending_id=56 token=- nonce_prefix=dc028b6d result=ok wait_ct_us=0 verify_us=95 decap_us=0 peer_us=75 total_us=188
[timing] side=gateway pending_id=57 token=- nonce_prefix=82ce7e07 result=ok wait_ct_us=0 verify_us=131 decap_us=0 peer_us=88 total_us=247
[timing] side=gateway pending_id=58 token=- nonce_prefix=db091f1f result=ok wait_ct_us=0 verify_us=94 decap_us=0 peer_us=71 total_us=184
[timing] side=gateway pending_id=59 token=- nonce_prefix=029a905d result=ok wait_ct_us=0 verify_us=133 decap_us=0 peer_us=76 total_us=234
[timing] side=gateway pending_id=60 token=- nonce_prefix=a7c1e56c result=ok wait_ct_us=0 verify_us=101 decap_us=0 peer_us=72 total_us=190
[timing] side=gateway pending_id=61 token=- nonce_prefix=fc9b5def result=ok wait_ct_us=0 verify_us=101 decap_us=0 peer_us=72 total_us=197
[timing] side=gateway pending_id=62 token=- nonce_prefix=7423d187 result=ok wait_ct_us=0 verify_us=95 decap_us=0 peer_us=75 total_us=194
[timing] side=gateway pending_id=63 token=- nonce_prefix=778ef05a result=ok wait_ct_us=0 verify_us=95 decap_us=0 peer_us=83 total_us=209
[timing] side=gateway pending_id=64 token=- nonce_prefix=c31865ae result=ok wait_ct_us=0 verify_us=105 decap_us=0 peer_us=87 total_us=221
[timing] side=gateway pending_id=65 token=- nonce_prefix=c7e2d30d result=ok wait_ct_us=0 verify_us=132 decap_us=0 peer_us=78 total_us=231
[timing] side=gateway pending_id=66 token=- nonce_prefix=44b3c926 result=ok wait_ct_us=0 verify_us=94 decap_us=0 peer_us=82 total_us=199
[timing] side=gateway pending_id=67 token=- nonce_prefix=ec72e179 result=ok wait_ct_us=0 verify_us=95 decap_us=0 peer_us=110 total_us=223
[timing] side=gateway pending_id=68 token=- nonce_prefix=c5f41db8 result=ok wait_ct_us=0 verify_us=101 decap_us=0 peer_us=72 total_us=197
[timing] side=gateway pending_id=69 token=- nonce_prefix=449f0892 result=ok wait_ct_us=0 verify_us=101 decap_us=0 peer_us=72 total_us=191
[timing] side=gateway pending_id=70 token=- nonce_prefix=63b19023 result=ok wait_ct_us=0 verify_us=101 decap_us=0 peer_us=75 total_us=198
[timing] side=gateway pending_id=71 token=- nonce_prefix=4181a270 result=ok wait_ct_us=0 verify_us=132 decap_us=0 peer_us=79 total_us=235
[timing] side=gateway pending_id=72 token=- nonce_prefix=80d12329 result=ok wait_ct_us=0 verify_us=95 decap_us=0 peer_us=118 total_us=245
[timing] side=gateway pending_id=73 token=- nonce_prefix=f2366ead result=ok wait_ct_us=0 verify_us=97 decap_us=0 peer_us=78 total_us=202
[timing] side=gateway pending_id=74 token=- nonce_prefix=eb919776 result=ok wait_ct_us=0 verify_us=94 decap_us=0 peer_us=78 total_us=193
[timing] side=gateway pending_id=75 token=- nonce_prefix=b85f3d3b result=ok wait_ct_us=0 verify_us=94 decap_us=0 peer_us=72 total_us=190
[timing] side=gateway pending_id=76 token=- nonce_prefix=2210ae1e result=ok wait_ct_us=0 verify_us=95 decap_us=0 peer_us=74 total_us=187
[timing] side=gateway pending_id=77 token=- nonce_prefix=a242aa57 result=ok wait_ct_us=0 verify_us=94 decap_us=0 peer_us=73 total_us=192
[timing] side=gateway pending_id=78 token=- nonce_prefix=c7c049fb result=ok wait_ct_us=0 verify_us=95 decap_us=0 peer_us=74 total_us=210
[timing] side=gateway pending_id=79 token=- nonce_prefix=911f039f result=ok wait_ct_us=0 verify_us=95 decap_us=0 peer_us=73 total_us=191
[timing] side=gateway pending_id=80 token=- nonce_prefix=a2db13f0 result=ok wait_ct_us=0 verify_us=95 decap_us=0 peer_us=77 total_us=198
[timing] side=gateway pending_id=81 token=- nonce_prefix=c5afcf2c result=ok wait_ct_us=0 verify_us=96 decap_us=0 peer_us=80 total_us=245
[timing] side=gateway pending_id=82 token=- nonce_prefix=c5a65448 result=ok wait_ct_us=0 verify_us=95 decap_us=0 peer_us=79 total_us=199
[timing] side=gateway pending_id=83 token=- nonce_prefix=d0600c0d result=ok wait_ct_us=0 verify_us=96 decap_us=0 peer_us=76 total_us=194
[timing] side=gateway pending_id=84 token=- nonce_prefix=cf71c96e result=ok wait_ct_us=0 verify_us=94 decap_us=0 peer_us=84 total_us=201
[timing] side=gateway pending_id=85 token=- nonce_prefix=cb69b93d result=ok wait_ct_us=0 verify_us=103 decap_us=0 peer_us=83 total_us=206
[timing] side=gateway pending_id=86 token=- nonce_prefix=6baea174 result=ok wait_ct_us=0 verify_us=130 decap_us=0 peer_us=76 total_us=231
[timing] side=gateway pending_id=87 token=- nonce_prefix=5e1c9bbc result=ok wait_ct_us=0 verify_us=102 decap_us=0 peer_us=74 total_us=196
[timing] side=gateway pending_id=88 token=- nonce_prefix=6034c1e4 result=ok wait_ct_us=0 verify_us=132 decap_us=0 peer_us=79 total_us=236
[timing] side=gateway pending_id=89 token=- nonce_prefix=bce419d8 result=ok wait_ct_us=0 verify_us=96 decap_us=0 peer_us=83 total_us=242
[timing] side=gateway pending_id=90 token=- nonce_prefix=e68e3826 result=ok wait_ct_us=0 verify_us=95 decap_us=0 peer_us=78 total_us=205
[timing] side=gateway pending_id=91 token=- nonce_prefix=87c73554 result=ok wait_ct_us=0 verify_us=96 decap_us=0 peer_us=76 total_us=192
[timing] side=gateway pending_id=92 token=- nonce_prefix=f84a608a result=ok wait_ct_us=0 verify_us=96 decap_us=0 peer_us=77 total_us=200
[timing] side=gateway pending_id=93 token=- nonce_prefix=de9e1e0a result=ok wait_ct_us=0 verify_us=96 decap_us=0 peer_us=79 total_us=197
[timing] side=gateway pending_id=94 token=- nonce_prefix=555f1ccc result=ok wait_ct_us=0 verify_us=138 decap_us=0 peer_us=76 total_us=238
[timing] side=gateway pending_id=95 token=- nonce_prefix=16909711 result=ok wait_ct_us=0 verify_us=95 decap_us=0 peer_us=74 total_us=189
[timing] side=gateway pending_id=96 token=- nonce_prefix=4a7766f0 result=ok wait_ct_us=0 verify_us=94 decap_us=0 peer_us=74 total_us=194
[timing] side=gateway pending_id=97 token=- nonce_prefix=48f39ca4 result=ok wait_ct_us=0 verify_us=99 decap_us=0 peer_us=79 total_us=200
[timing] side=gateway pending_id=98 token=- nonce_prefix=b7857b4f result=ok wait_ct_us=0 verify_us=95 decap_us=0 peer_us=80 total_us=202
[timing] side=gateway pending_id=99 token=- nonce_prefix=7e6d60c7 result=ok wait_ct_us=0 verify_us=96 decap_us=0 peer_us=79 total_us=197
[timing] side=gateway pending_id=100 token=- nonce_prefix=2899a05b result=ok wait_ct_us=0 verify_us=94 decap_us=0 peer_us=76 total_us=195
[timing] side=gateway pending_id=101 token=- nonce_prefix=26d8f13b result=ok wait_ct_us=0 verify_us=95 decap_us=0 peer_us=76 total_us=190
Stopping wgzk daemon (gateway)...
wgzk.service: Deactivated successfully.
Stopped wgzk daemon (gateway).
Started wgzk daemon (gateway).
[daemon] Starting
[mlkem_channel] TLS listener on TCP :51821
[gateway] mode=0x02 epoch=1 previous_epoch=no iface=wg1r installer=netlink
[gateway] adopted 0 existing peer(s) of wg1r; 0 in the table, WGZK_PEER_MAX=4096
[gateway] joined wgzk events, ns=net:[4026531840]
[mlkem_channel] ciphertext buffered token=3628418311 nonce_prefix=e4534fd2
[timing] side=gateway pending_id=1 token=3628418311 nonce_prefix=e4534fd2 result=ok wait_ct_us=2 verify_us=172 decap_us=96 peer_us=86 total_us=382
[mlkem_channel] ciphertext buffered token=2723252757 nonce_prefix=a892481a
[timing] side=gateway pending_id=2 token=2723252757 nonce_prefix=a892481a result=ok wait_ct_us=2 verify_us=96 decap_us=147 peer_us=79 total_us=345
[mlkem_channel] ciphertext buffered token=2709997662 nonce_prefix=c3362fed
[timing] side=gateway pending_id=3 token=2709997662 nonce_prefix=c3362fed result=ok wait_ct_us=1 verify_us=147 decap_us=91 peer_us=76 total_us=359
[mlkem_channel] ciphertext buffered token=1611401140 nonce_prefix=d3245b9e
[timing] side=gateway pending_id=4 token=1611401140 nonce_prefix=d3245b9e result=ok wait_ct_us=1 verify_us=96 decap_us=91 peer_us=77 total_us=349
[mlkem_channel] ciphertext buffered token=280402708 nonce_prefix=16605cf8
[timing] side=gateway pending_id=5 token=280402708 nonce_prefix=16605cf8 result=ok wait_ct_us=2 verify_us=122 decap_us=92 peer_us=76 total_us=410
[mlkem_channel] ciphertext buffered token=1960243056 nonce_prefix=9cd1dcac
[timing] side=gateway pending_id=6 token=1960243056 nonce_prefix=9cd1dcac result=ok wait_ct_us=1 verify_us=105 decap_us=90 peer_us=76 total_us=322
[mlkem_channel] ciphertext buffered token=1940310286 nonce_prefix=13bcccb7
[timing] side=gateway pending_id=7 token=1940310286 nonce_prefix=13bcccb7 result=ok wait_ct_us=2 verify_us=97 decap_us=141 peer_us=76 total_us=369
[mlkem_channel] ciphertext buffered token=773543037 nonce_prefix=b8b1d09c
[timing] side=gateway pending_id=8 token=773543037 nonce_prefix=b8b1d09c result=ok wait_ct_us=1 verify_us=97 decap_us=90 peer_us=81 total_us=293
[mlkem_channel] ciphertext buffered token=11438572 nonce_prefix=84ae338e
[timing] side=gateway pending_id=9 token=11438572 nonce_prefix=84ae338e result=ok wait_ct_us=2 verify_us=96 decap_us=152 peer_us=78 total_us=382
[mlkem_channel] ciphertext buffered token=606773688 nonce_prefix=6fc05b9f
[timing] side=gateway pending_id=10 token=606773688 nonce_prefix=6fc05b9f result=ok wait_ct_us=1 verify_us=121 decap_us=90 peer_us=75 total_us=339
[mlkem_channel] ciphertext buffered token=1893438502 nonce_prefix=804fb725
[timing] side=gateway pending_id=11 token=1893438502 nonce_prefix=804fb725 result=ok wait_ct_us=1 verify_us=97 decap_us=90 peer_us=77 total_us=282
[mlkem_channel] ciphertext buffered token=2933940093 nonce_prefix=53582b28
[timing] side=gateway pending_id=12 token=2933940093 nonce_prefix=53582b28 result=ok wait_ct_us=2 verify_us=112 decap_us=89 peer_us=77 total_us=355
[mlkem_channel] ciphertext buffered token=3990904321 nonce_prefix=0be1a8ed
[timing] side=gateway pending_id=13 token=3990904321 nonce_prefix=0be1a8ed result=ok wait_ct_us=2 verify_us=96 decap_us=89 peer_us=75 total_us=335
[mlkem_channel] ciphertext buffered token=3585809470 nonce_prefix=575c3d0e
[timing] side=gateway pending_id=14 token=3585809470 nonce_prefix=575c3d0e result=ok wait_ct_us=1 verify_us=97 decap_us=90 peer_us=97 total_us=305
[mlkem_channel] ciphertext buffered token=521687279 nonce_prefix=50ab3af1
[timing] side=gateway pending_id=15 token=521687279 nonce_prefix=50ab3af1 result=ok wait_ct_us=1 verify_us=96 decap_us=90 peer_us=80 total_us=322
[mlkem_channel] ciphertext buffered token=3590127869 nonce_prefix=6f6546a9
[timing] side=gateway pending_id=16 token=3590127869 nonce_prefix=6f6546a9 result=ok wait_ct_us=2 verify_us=96 decap_us=99 peer_us=72 total_us=316
[mlkem_channel] ciphertext buffered token=2605797436 nonce_prefix=b2169a57
[timing] side=gateway pending_id=17 token=2605797436 nonce_prefix=b2169a57 result=ok wait_ct_us=2 verify_us=96 decap_us=91 peer_us=77 total_us=327
[mlkem_channel] ciphertext buffered token=740054694 nonce_prefix=24f9eebf
[timing] side=gateway pending_id=18 token=740054694 nonce_prefix=24f9eebf result=ok wait_ct_us=1 verify_us=97 decap_us=139 peer_us=79 total_us=378
[mlkem_channel] ciphertext buffered token=3379764062 nonce_prefix=62b82e67
[timing] side=gateway pending_id=19 token=3379764062 nonce_prefix=62b82e67 result=ok wait_ct_us=1 verify_us=97 decap_us=90 peer_us=75 total_us=328
[mlkem_channel] ciphertext buffered token=522361134 nonce_prefix=63e64db9
[timing] side=gateway pending_id=20 token=522361134 nonce_prefix=63e64db9 result=ok wait_ct_us=1 verify_us=111 decap_us=90 peer_us=73 total_us=374
[mlkem_channel] ciphertext buffered token=782077287 nonce_prefix=a56aa826
[timing] side=gateway pending_id=21 token=782077287 nonce_prefix=a56aa826 result=ok wait_ct_us=1 verify_us=146 decap_us=90 peer_us=75 total_us=355
[mlkem_channel] ciphertext buffered token=1817575815 nonce_prefix=b497d47c
[timing] side=gateway pending_id=22 token=1817575815 nonce_prefix=b497d47c result=ok wait_ct_us=1 verify_us=95 decap_us=140 peer_us=82 total_us=366
[mlkem_channel] ciphertext buffered token=568821050 nonce_prefix=3bb1d7f7
[timing] side=gateway pending_id=23 token=568821050 nonce_prefix=3bb1d7f7 result=ok wait_ct_us=1 verify_us=110 decap_us=90 peer_us=74 total_us=296
[mlkem_channel] ciphertext buffered token=1585006557 nonce_prefix=f649ba2e
[timing] side=gateway pending_id=24 token=1585006557 nonce_prefix=f649ba2e result=ok wait_ct_us=1 verify_us=96 decap_us=105 peer_us=73 total_us=299
[mlkem_channel] ciphertext buffered token=859016619 nonce_prefix=b6cb9b21
[timing] side=gateway pending_id=25 token=859016619 nonce_prefix=b6cb9b21 result=ok wait_ct_us=2 verify_us=147 decap_us=90 peer_us=79 total_us=340
[mlkem_channel] ciphertext buffered token=3406454229 nonce_prefix=3d14e55c
[timing] side=gateway pending_id=26 token=3406454229 nonce_prefix=3d14e55c result=ok wait_ct_us=1 verify_us=97 decap_us=91 peer_us=80 total_us=331
[mlkem_channel] ciphertext buffered token=2670449051 nonce_prefix=3bef05b6
[timing] side=gateway pending_id=27 token=2670449051 nonce_prefix=3bef05b6 result=ok wait_ct_us=1 verify_us=112 decap_us=91 peer_us=77 total_us=305
[mlkem_channel] ciphertext buffered token=403187340 nonce_prefix=a84d5ddb
[timing] side=gateway pending_id=28 token=403187340 nonce_prefix=a84d5ddb result=ok wait_ct_us=1 verify_us=106 decap_us=106 peer_us=74 total_us=306
[mlkem_channel] ciphertext buffered token=2889438212 nonce_prefix=7e5eba42
[timing] side=gateway pending_id=29 token=2889438212 nonce_prefix=7e5eba42 result=ok wait_ct_us=1 verify_us=95 decap_us=105 peer_us=74 total_us=297
[mlkem_channel] ciphertext buffered token=4168170802 nonce_prefix=aef1ede8
[timing] side=gateway pending_id=30 token=4168170802 nonce_prefix=aef1ede8 result=ok wait_ct_us=1 verify_us=109 decap_us=100 peer_us=71 total_us=302
[mlkem_channel] ciphertext buffered token=20802025 nonce_prefix=e4c48312
[timing] side=gateway pending_id=31 token=20802025 nonce_prefix=e4c48312 result=ok wait_ct_us=1 verify_us=146 decap_us=89 peer_us=74 total_us=332
[mlkem_channel] ciphertext buffered token=2148508233 nonce_prefix=193c72e6
[timing] side=gateway pending_id=32 token=2148508233 nonce_prefix=193c72e6 result=ok wait_ct_us=1 verify_us=96 decap_us=90 peer_us=73 total_us=323
[mlkem_channel] ciphertext buffered token=1362351754 nonce_prefix=ccda11b2
[timing] side=gateway pending_id=33 token=1362351754 nonce_prefix=ccda11b2 result=ok wait_ct_us=1 verify_us=94 decap_us=89 peer_us=75 total_us=282
[mlkem_channel] ciphertext buffered token=2784104860 nonce_prefix=f3dc6c8d
[timing] side=gateway pending_id=34 token=2784104860 nonce_prefix=f3dc6c8d result=ok wait_ct_us=1 verify_us=113 decap_us=90 peer_us=230 total_us=458
[mlkem_channel] ciphertext buffered token=2212402997 nonce_prefix=ed38529f
[timing] side=gateway pending_id=35 token=2212402997 nonce_prefix=ed38529f result=ok wait_ct_us=1 verify_us=97 decap_us=141 peer_us=79 total_us=340
[mlkem_channel] ciphertext buffered token=245574709 nonce_prefix=8f5a3241
[timing] side=gateway pending_id=36 token=245574709 nonce_prefix=8f5a3241 result=ok wait_ct_us=1 verify_us=138 decap_us=91 peer_us=77 total_us=386
[mlkem_channel] ciphertext buffered token=3724838054 nonce_prefix=99d85d24
[timing] side=gateway pending_id=37 token=3724838054 nonce_prefix=99d85d24 result=ok wait_ct_us=1 verify_us=110 decap_us=90 peer_us=75 total_us=332
[mlkem_channel] ciphertext buffered token=1083978755 nonce_prefix=05c27e08
[timing] side=gateway pending_id=38 token=1083978755 nonce_prefix=05c27e08 result=ok wait_ct_us=1 verify_us=96 decap_us=101 peer_us=75 total_us=310
[mlkem_channel] ciphertext buffered token=2790737907 nonce_prefix=efa6c556
[timing] side=gateway pending_id=39 token=2790737907 nonce_prefix=efa6c556 result=ok wait_ct_us=1 verify_us=104 decap_us=89 peer_us=74 total_us=327
[mlkem_channel] ciphertext buffered token=2156422543 nonce_prefix=bed88853
[timing] side=gateway pending_id=40 token=2156422543 nonce_prefix=bed88853 result=ok wait_ct_us=1 verify_us=110 decap_us=90 peer_us=72 total_us=316
[mlkem_channel] ciphertext buffered token=2073664319 nonce_prefix=584c686c
[timing] side=gateway pending_id=41 token=2073664319 nonce_prefix=584c686c result=ok wait_ct_us=1 verify_us=106 decap_us=90 peer_us=74 total_us=322
[mlkem_channel] ciphertext buffered token=1910994469 nonce_prefix=ef882689
[timing] side=gateway pending_id=42 token=1910994469 nonce_prefix=ef882689 result=ok wait_ct_us=2 verify_us=97 decap_us=90 peer_us=78 total_us=323
[mlkem_channel] ciphertext buffered token=1981364092 nonce_prefix=b43bb69b
[timing] side=gateway pending_id=43 token=1981364092 nonce_prefix=b43bb69b result=ok wait_ct_us=1 verify_us=128 decap_us=90 peer_us=85 total_us=356
[mlkem_channel] ciphertext buffered token=410032246 nonce_prefix=61ae5d48
[timing] side=gateway pending_id=44 token=410032246 nonce_prefix=61ae5d48 result=ok wait_ct_us=1 verify_us=109 decap_us=91 peer_us=78 total_us=302
[mlkem_channel] ciphertext buffered token=3925254241 nonce_prefix=97f93b05
[timing] side=gateway pending_id=45 token=3925254241 nonce_prefix=97f93b05 result=ok wait_ct_us=1 verify_us=130 decap_us=90 peer_us=84 total_us=364
[mlkem_channel] ciphertext buffered token=395991613 nonce_prefix=874416ef
[timing] side=gateway pending_id=46 token=395991613 nonce_prefix=874416ef result=ok wait_ct_us=1 verify_us=121 decap_us=90 peer_us=74 total_us=330
[mlkem_channel] ciphertext buffered token=1335958775 nonce_prefix=a181b631
[timing] side=gateway pending_id=47 token=1335958775 nonce_prefix=a181b631 result=ok wait_ct_us=1 verify_us=154 decap_us=90 peer_us=74 total_us=338
[mlkem_channel] ciphertext buffered token=4070956926 nonce_prefix=572ce2d2
[timing] side=gateway pending_id=48 token=4070956926 nonce_prefix=572ce2d2 result=ok wait_ct_us=1 verify_us=111 decap_us=90 peer_us=71 total_us=292
[mlkem_channel] ciphertext buffered token=2836204297 nonce_prefix=1309fca7
[timing] side=gateway pending_id=49 token=2836204297 nonce_prefix=1309fca7 result=ok wait_ct_us=1 verify_us=95 decap_us=88 peer_us=72 total_us=276
[mlkem_channel] ciphertext buffered token=595684409 nonce_prefix=53489273
[timing] side=gateway pending_id=50 token=595684409 nonce_prefix=53489273 result=ok wait_ct_us=1 verify_us=121 decap_us=90 peer_us=74 total_us=377
[mlkem_channel] ciphertext buffered token=2770829616 nonce_prefix=0843ca0e
[timing] side=gateway pending_id=51 token=2770829616 nonce_prefix=0843ca0e result=ok wait_ct_us=1 verify_us=157 decap_us=89 peer_us=76 total_us=346
[mlkem_channel] ciphertext buffered token=984566347 nonce_prefix=7acfd662
[timing] side=gateway pending_id=52 token=984566347 nonce_prefix=7acfd662 result=ok wait_ct_us=1 verify_us=161 decap_us=90 peer_us=79 total_us=353
[mlkem_channel] ciphertext buffered token=1798794420 nonce_prefix=9be85935
[timing] side=gateway pending_id=53 token=1798794420 nonce_prefix=9be85935 result=ok wait_ct_us=1 verify_us=161 decap_us=91 peer_us=79 total_us=357
[mlkem_channel] ciphertext buffered token=243038607 nonce_prefix=a90c7d9a
[timing] side=gateway pending_id=54 token=243038607 nonce_prefix=a90c7d9a result=ok wait_ct_us=1 verify_us=157 decap_us=89 peer_us=74 total_us=342
[mlkem_channel] ciphertext buffered token=1617479454 nonce_prefix=90d726ec
[timing] side=gateway pending_id=55 token=1617479454 nonce_prefix=90d726ec result=ok wait_ct_us=1 verify_us=96 decap_us=152 peer_us=73 total_us=338
[mlkem_channel] ciphertext buffered token=914936150 nonce_prefix=00b30420
[timing] side=gateway pending_id=56 token=914936150 nonce_prefix=00b30420 result=ok wait_ct_us=2 verify_us=96 decap_us=88 peer_us=71 total_us=282
[mlkem_channel] ciphertext buffered token=928409026 nonce_prefix=6c9b16f5
[timing] side=gateway pending_id=57 token=928409026 nonce_prefix=6c9b16f5 result=ok wait_ct_us=2 verify_us=142 decap_us=89 peer_us=93 total_us=350
[mlkem_channel] ciphertext buffered token=3710122483 nonce_prefix=ee425a70
[timing] side=gateway pending_id=58 token=3710122483 nonce_prefix=ee425a70 result=ok wait_ct_us=1 verify_us=161 decap_us=89 peer_us=72 total_us=344
[mlkem_channel] ciphertext buffered token=1693687141 nonce_prefix=4c63b33d
[timing] side=gateway pending_id=59 token=1693687141 nonce_prefix=4c63b33d result=ok wait_ct_us=1 verify_us=158 decap_us=89 peer_us=73 total_us=403
[mlkem_channel] ciphertext buffered token=3611183954 nonce_prefix=3a84c2fa
[timing] side=gateway pending_id=60 token=3611183954 nonce_prefix=3a84c2fa result=ok wait_ct_us=1 verify_us=95 decap_us=102 peer_us=73 total_us=317
[mlkem_channel] ciphertext buffered token=1452093182 nonce_prefix=c3026735
[timing] side=gateway pending_id=61 token=1452093182 nonce_prefix=c3026735 result=ok wait_ct_us=1 verify_us=96 decap_us=91 peer_us=87 total_us=320
[mlkem_channel] ciphertext buffered token=2999313230 nonce_prefix=dcf579e6
[timing] side=gateway pending_id=62 token=2999313230 nonce_prefix=dcf579e6 result=ok wait_ct_us=1 verify_us=97 decap_us=90 peer_us=89 total_us=299
[mlkem_channel] ciphertext buffered token=2699584462 nonce_prefix=450253d7
[timing] side=gateway pending_id=63 token=2699584462 nonce_prefix=450253d7 result=ok wait_ct_us=2 verify_us=96 decap_us=90 peer_us=75 total_us=306
[mlkem_channel] ciphertext buffered token=1672189708 nonce_prefix=234f2565
[timing] side=gateway pending_id=64 token=1672189708 nonce_prefix=234f2565 result=ok wait_ct_us=2 verify_us=143 decap_us=107 peer_us=85 total_us=361
[mlkem_channel] ciphertext buffered token=1428214291 nonce_prefix=a1f60a07
[timing] side=gateway pending_id=65 token=1428214291 nonce_prefix=a1f60a07 result=ok wait_ct_us=2 verify_us=158 decap_us=93 peer_us=76 total_us=346
[mlkem_channel] ciphertext buffered token=1517798357 nonce_prefix=c83924a1
[timing] side=gateway pending_id=66 token=1517798357 nonce_prefix=c83924a1 result=ok wait_ct_us=1 verify_us=96 decap_us=89 peer_us=72 total_us=279
[mlkem_channel] ciphertext buffered token=1994756272 nonce_prefix=f8ae52a1
[timing] side=gateway pending_id=67 token=1994756272 nonce_prefix=f8ae52a1 result=ok wait_ct_us=1 verify_us=140 decap_us=90 peer_us=74 total_us=325
[mlkem_channel] ciphertext buffered token=4085387454 nonce_prefix=d122b488
[timing] side=gateway pending_id=68 token=4085387454 nonce_prefix=d122b488 result=ok wait_ct_us=1 verify_us=95 decap_us=105 peer_us=75 total_us=297
[mlkem_channel] ciphertext buffered token=1907969535 nonce_prefix=3b4a563f
[timing] side=gateway pending_id=69 token=1907969535 nonce_prefix=3b4a563f result=ok wait_ct_us=1 verify_us=112 decap_us=91 peer_us=78 total_us=304
[mlkem_channel] ciphertext buffered token=734318462 nonce_prefix=b1db305b
[timing] side=gateway pending_id=70 token=734318462 nonce_prefix=b1db305b result=ok wait_ct_us=1 verify_us=112 decap_us=102 peer_us=123 total_us=363
[mlkem_channel] ciphertext buffered token=3964373829 nonce_prefix=2f719069
[timing] side=gateway pending_id=71 token=3964373829 nonce_prefix=2f719069 result=ok wait_ct_us=1 verify_us=97 decap_us=90 peer_us=78 total_us=291
[mlkem_channel] ciphertext buffered token=3693405657 nonce_prefix=03ebe994
[timing] side=gateway pending_id=72 token=3693405657 nonce_prefix=03ebe994 result=ok wait_ct_us=1 verify_us=96 decap_us=104 peer_us=75 total_us=345
[mlkem_channel] ciphertext buffered token=3319691738 nonce_prefix=547ff79f
[timing] side=gateway pending_id=73 token=3319691738 nonce_prefix=547ff79f result=ok wait_ct_us=1 verify_us=95 decap_us=90 peer_us=73 total_us=277
[mlkem_channel] ciphertext buffered token=2636965370 nonce_prefix=757a3b99
[timing] side=gateway pending_id=74 token=2636965370 nonce_prefix=757a3b99 result=ok wait_ct_us=1 verify_us=96 decap_us=90 peer_us=74 total_us=332
[mlkem_channel] ciphertext buffered token=1304018500 nonce_prefix=793cd902
[timing] side=gateway pending_id=75 token=1304018500 nonce_prefix=793cd902 result=ok wait_ct_us=1 verify_us=97 decap_us=89 peer_us=74 total_us=281
[mlkem_channel] ciphertext buffered token=4233163626 nonce_prefix=420fea97
[timing] side=gateway pending_id=76 token=4233163626 nonce_prefix=420fea97 result=ok wait_ct_us=2 verify_us=126 decap_us=90 peer_us=83 total_us=390
[mlkem_channel] ciphertext buffered token=4008620819 nonce_prefix=d8a2c98e
[timing] side=gateway pending_id=77 token=4008620819 nonce_prefix=d8a2c98e result=ok wait_ct_us=1 verify_us=96 decap_us=90 peer_us=75 total_us=305
[mlkem_channel] ciphertext buffered token=2266962350 nonce_prefix=c681f847
[timing] side=gateway pending_id=78 token=2266962350 nonce_prefix=c681f847 result=ok wait_ct_us=1 verify_us=174 decap_us=105 peer_us=82 total_us=416
[mlkem_channel] ciphertext buffered token=1145663538 nonce_prefix=6980b887
[timing] side=gateway pending_id=79 token=1145663538 nonce_prefix=6980b887 result=ok wait_ct_us=2 verify_us=108 decap_us=136 peer_us=81 total_us=377
[mlkem_channel] ciphertext buffered token=2167175774 nonce_prefix=bff7268b
[timing] side=gateway pending_id=80 token=2167175774 nonce_prefix=bff7268b result=ok wait_ct_us=2 verify_us=109 decap_us=90 peer_us=73 total_us=317
[mlkem_channel] ciphertext buffered token=2292105603 nonce_prefix=6dca87e0
[timing] side=gateway pending_id=81 token=2292105603 nonce_prefix=6dca87e0 result=ok wait_ct_us=1 verify_us=96 decap_us=139 peer_us=90 total_us=347
[mlkem_channel] ciphertext buffered token=3396393550 nonce_prefix=d96c75c8
[timing] side=gateway pending_id=82 token=3396393550 nonce_prefix=d96c75c8 result=ok wait_ct_us=1 verify_us=96 decap_us=89 peer_us=74 total_us=280
[mlkem_channel] ciphertext buffered token=909759186 nonce_prefix=17b95d84
[timing] side=gateway pending_id=83 token=909759186 nonce_prefix=17b95d84 result=ok wait_ct_us=1 verify_us=96 decap_us=89 peer_us=73 total_us=276
[mlkem_channel] ciphertext buffered token=1805614000 nonce_prefix=a4b27d9d
[timing] side=gateway pending_id=84 token=1805614000 nonce_prefix=a4b27d9d result=ok wait_ct_us=1 verify_us=96 decap_us=90 peer_us=74 total_us=282
[mlkem_channel] ciphertext buffered token=3825271708 nonce_prefix=19e95170
[timing] side=gateway pending_id=85 token=3825271708 nonce_prefix=19e95170 result=ok wait_ct_us=1 verify_us=96 decap_us=89 peer_us=79 total_us=309
[mlkem_channel] ciphertext buffered token=891027096 nonce_prefix=f0d6c77e
[timing] side=gateway pending_id=86 token=891027096 nonce_prefix=f0d6c77e result=ok wait_ct_us=1 verify_us=110 decap_us=89 peer_us=75 total_us=322
[mlkem_channel] ciphertext buffered token=1695711719 nonce_prefix=c234b8ba
[timing] side=gateway pending_id=87 token=1695711719 nonce_prefix=c234b8ba result=ok wait_ct_us=2 verify_us=154 decap_us=91 peer_us=79 total_us=349
[mlkem_channel] ciphertext buffered token=1581251153 nonce_prefix=43a17871
[timing] side=gateway pending_id=88 token=1581251153 nonce_prefix=43a17871 result=ok wait_ct_us=1 verify_us=97 decap_us=108 peer_us=78 total_us=307
[mlkem_channel] ciphertext buffered token=4266700672 nonce_prefix=2e244ae3
[timing] side=gateway pending_id=89 token=4266700672 nonce_prefix=2e244ae3 result=ok wait_ct_us=1 verify_us=110 decap_us=90 peer_us=110 total_us=331
[mlkem_channel] ciphertext buffered token=2627736027 nonce_prefix=b006c905
[timing] side=gateway pending_id=90 token=2627736027 nonce_prefix=b006c905 result=ok wait_ct_us=1 verify_us=109 decap_us=149 peer_us=74 total_us=352
[mlkem_channel] ciphertext buffered token=1355377809 nonce_prefix=a036ce2c
[timing] side=gateway pending_id=91 token=1355377809 nonce_prefix=a036ce2c result=ok wait_ct_us=1 verify_us=96 decap_us=90 peer_us=73 total_us=380
[mlkem_channel] ciphertext buffered token=3079564187 nonce_prefix=2e20f04c
[timing] side=gateway pending_id=92 token=3079564187 nonce_prefix=2e20f04c result=ok wait_ct_us=1 verify_us=154 decap_us=89 peer_us=77 total_us=342
[mlkem_channel] ciphertext buffered token=3362913972 nonce_prefix=1f6db829
[timing] side=gateway pending_id=93 token=3362913972 nonce_prefix=1f6db829 result=ok wait_ct_us=2 verify_us=184 decap_us=89 peer_us=77 total_us=376
[mlkem_channel] ciphertext buffered token=3159824037 nonce_prefix=67e1d65c
[timing] side=gateway pending_id=94 token=3159824037 nonce_prefix=67e1d65c result=ok wait_ct_us=1 verify_us=96 decap_us=88 peer_us=72 total_us=278
[mlkem_channel] ciphertext buffered token=2742490488 nonce_prefix=370b201a
[timing] side=gateway pending_id=95 token=2742490488 nonce_prefix=370b201a result=ok wait_ct_us=1 verify_us=96 decap_us=105 peer_us=74 total_us=326
[mlkem_channel] ciphertext buffered token=1230700299 nonce_prefix=79eeca39
[timing] side=gateway pending_id=96 token=1230700299 nonce_prefix=79eeca39 result=ok wait_ct_us=1 verify_us=96 decap_us=105 peer_us=79 total_us=305
[mlkem_channel] ciphertext buffered token=2874658417 nonce_prefix=ec4f1d54
[timing] side=gateway pending_id=97 token=2874658417 nonce_prefix=ec4f1d54 result=ok wait_ct_us=1 verify_us=97 decap_us=90 peer_us=75 total_us=285
[mlkem_channel] ciphertext buffered token=1978831199 nonce_prefix=76be258f
[timing] side=gateway pending_id=98 token=1978831199 nonce_prefix=76be258f result=ok wait_ct_us=1 verify_us=96 decap_us=90 peer_us=76 total_us=284
[mlkem_channel] ciphertext buffered token=662613418 nonce_prefix=2e073dc0
[timing] side=gateway pending_id=99 token=662613418 nonce_prefix=2e073dc0 result=ok wait_ct_us=2 verify_us=112 decap_us=90 peer_us=74 total_us=339
[mlkem_channel] ciphertext buffered token=813676524 nonce_prefix=43e5fb82
[timing] side=gateway pending_id=100 token=813676524 nonce_prefix=43e5fb82 result=ok wait_ct_us=1 verify_us=96 decap_us=153 peer_us=80 total_us=373
[mlkem_channel] ciphertext buffered token=1038378345 nonce_prefix=53b60af6
[timing] side=gateway pending_id=101 token=1038378345 nonce_prefix=53b60af6 result=ok wait_ct_us=1 verify_us=110 decap_us=89 peer_us=70 total_us=314
Stopping wgzk daemon (gateway)...
wgzk.service: Deactivated successfully.
Stopped wgzk daemon (gateway).
Started wgzk daemon (gateway).
[daemon] Starting
[gateway] mode=0x01 epoch=1 previous_epoch=no iface=wg1r installer=netlink
[gateway] adopted 0 existing peer(s) of wg1r; 0 in the table, WGZK_PEER_MAX=4096
[gateway] joined wgzk events, ns=net:[4026531840]
[timing] side=gateway pending_id=1 token=- nonce_prefix=c438ab85 result=ok wait_ct_us=0 verify_us=149 decap_us=0 peer_us=113 total_us=307
[timing] side=gateway pending_id=2 token=- nonce_prefix=ea37637d result=ok wait_ct_us=0 verify_us=95 decap_us=0 peer_us=79 total_us=206
[timing] side=gateway pending_id=3 token=- nonce_prefix=ae4ec826 result=ok wait_ct_us=0 verify_us=110 decap_us=0 peer_us=81 total_us=215
[timing] side=gateway pending_id=4 token=- nonce_prefix=b962e6dc result=ok wait_ct_us=0 verify_us=96 decap_us=0 peer_us=85 total_us=223
[timing] side=gateway pending_id=5 token=- nonce_prefix=2584ebf8 result=ok wait_ct_us=0 verify_us=101 decap_us=0 peer_us=78 total_us=210
[timing] side=gateway pending_id=6 token=- nonce_prefix=79491d8c result=ok wait_ct_us=0 verify_us=96 decap_us=0 peer_us=78 total_us=212
[timing] side=gateway pending_id=7 token=- nonce_prefix=a95850a6 result=ok wait_ct_us=0 verify_us=101 decap_us=0 peer_us=73 total_us=198
[timing] side=gateway pending_id=8 token=- nonce_prefix=9f8e81e7 result=ok wait_ct_us=0 verify_us=95 decap_us=0 peer_us=77 total_us=214
[timing] side=gateway pending_id=9 token=- nonce_prefix=a0cacd33 result=ok wait_ct_us=0 verify_us=94 decap_us=0 peer_us=114 total_us=228
[timing] side=gateway pending_id=10 token=- nonce_prefix=ae42df43 result=ok wait_ct_us=0 verify_us=94 decap_us=0 peer_us=74 total_us=193
[timing] side=gateway pending_id=11 token=- nonce_prefix=0f451d02 result=ok wait_ct_us=0 verify_us=95 decap_us=0 peer_us=71 total_us=191
[timing] side=gateway pending_id=12 token=- nonce_prefix=4a00b632 result=ok wait_ct_us=0 verify_us=102 decap_us=0 peer_us=80 total_us=203
[timing] side=gateway pending_id=13 token=- nonce_prefix=44471fc3 result=ok wait_ct_us=0 verify_us=96 decap_us=0 peer_us=79 total_us=202
[timing] side=gateway pending_id=14 token=- nonce_prefix=8f1a8e28 result=ok wait_ct_us=0 verify_us=94 decap_us=0 peer_us=71 total_us=191
[timing] side=gateway pending_id=15 token=- nonce_prefix=44a7faec result=ok wait_ct_us=0 verify_us=102 decap_us=0 peer_us=75 total_us=209
[timing] side=gateway pending_id=16 token=- nonce_prefix=739fb993 result=ok wait_ct_us=0 verify_us=93 decap_us=0 peer_us=72 total_us=188
[timing] side=gateway pending_id=17 token=- nonce_prefix=4aa0cac0 result=ok wait_ct_us=0 verify_us=93 decap_us=0 peer_us=72 total_us=184
[timing] side=gateway pending_id=18 token=- nonce_prefix=5a250566 result=ok wait_ct_us=0 verify_us=93 decap_us=0 peer_us=80 total_us=197
[timing] side=gateway pending_id=19 token=- nonce_prefix=558197ca result=ok wait_ct_us=0 verify_us=94 decap_us=0 peer_us=72 total_us=184
[timing] side=gateway pending_id=20 token=- nonce_prefix=0b0dc7a4 result=ok wait_ct_us=0 verify_us=106 decap_us=0 peer_us=81 total_us=210
[timing] side=gateway pending_id=21 token=- nonce_prefix=4faf7e2a result=ok wait_ct_us=0 verify_us=93 decap_us=0 peer_us=71 total_us=184
[timing] side=gateway pending_id=22 token=- nonce_prefix=54119ab1 result=ok wait_ct_us=0 verify_us=96 decap_us=0 peer_us=87 total_us=212
[timing] side=gateway pending_id=23 token=- nonce_prefix=09acd87b result=ok wait_ct_us=0 verify_us=94 decap_us=0 peer_us=76 total_us=192
[timing] side=gateway pending_id=24 token=- nonce_prefix=e4466aba result=ok wait_ct_us=0 verify_us=94 decap_us=0 peer_us=73 total_us=191
[timing] side=gateway pending_id=25 token=- nonce_prefix=01cc8e28 result=ok wait_ct_us=0 verify_us=129 decap_us=0 peer_us=72 total_us=228
[timing] side=gateway pending_id=26 token=- nonce_prefix=b74d79e1 result=ok wait_ct_us=0 verify_us=94 decap_us=0 peer_us=73 total_us=185
[timing] side=gateway pending_id=27 token=- nonce_prefix=3f8ebd2c result=ok wait_ct_us=0 verify_us=94 decap_us=0 peer_us=75 total_us=193
[timing] side=gateway pending_id=28 token=- nonce_prefix=6067879d result=ok wait_ct_us=0 verify_us=101 decap_us=0 peer_us=73 total_us=194
[timing] side=gateway pending_id=29 token=- nonce_prefix=8250b30c result=ok wait_ct_us=0 verify_us=95 decap_us=0 peer_us=84 total_us=223
[timing] side=gateway pending_id=30 token=- nonce_prefix=945b3046 result=ok wait_ct_us=0 verify_us=95 decap_us=0 peer_us=82 total_us=198
[timing] side=gateway pending_id=31 token=- nonce_prefix=31285a25 result=ok wait_ct_us=0 verify_us=95 decap_us=0 peer_us=78 total_us=201
[timing] side=gateway pending_id=32 token=- nonce_prefix=0c537587 result=ok wait_ct_us=0 verify_us=95 decap_us=0 peer_us=113 total_us=229
[timing] side=gateway pending_id=33 token=- nonce_prefix=d914b955 result=ok wait_ct_us=0 verify_us=93 decap_us=0 peer_us=81 total_us=212
[timing] side=gateway pending_id=34 token=- nonce_prefix=da5d99fd result=ok wait_ct_us=0 verify_us=94 decap_us=0 peer_us=74 total_us=186
[timing] side=gateway pending_id=35 token=- nonce_prefix=b04beea7 result=ok wait_ct_us=0 verify_us=94 decap_us=0 peer_us=79 total_us=195
[timing] side=gateway pending_id=36 token=- nonce_prefix=86464594 result=ok wait_ct_us=0 verify_us=94 decap_us=0 peer_us=72 total_us=183
[timing] side=gateway pending_id=37 token=- nonce_prefix=4c767c2d result=ok wait_ct_us=0 verify_us=131 decap_us=0 peer_us=74 total_us=228
[timing] side=gateway pending_id=38 token=- nonce_prefix=e013cad8 result=ok wait_ct_us=0 verify_us=94 decap_us=0 peer_us=76 total_us=189
[timing] side=gateway pending_id=39 token=- nonce_prefix=33242ba0 result=ok wait_ct_us=0 verify_us=94 decap_us=0 peer_us=78 total_us=203
[timing] side=gateway pending_id=40 token=- nonce_prefix=afe1a1e7 result=ok wait_ct_us=0 verify_us=94 decap_us=0 peer_us=82 total_us=199
[timing] side=gateway pending_id=41 token=- nonce_prefix=a81e7a75 result=ok wait_ct_us=0 verify_us=102 decap_us=0 peer_us=77 total_us=203
[timing] side=gateway pending_id=42 token=- nonce_prefix=1aa7b5b1 result=ok wait_ct_us=0 verify_us=101 decap_us=0 peer_us=75 total_us=195
[timing] side=gateway pending_id=43 token=- nonce_prefix=7a4afcb2 result=ok wait_ct_us=0 verify_us=94 decap_us=0 peer_us=79 total_us=197
[timing] side=gateway pending_id=44 token=- nonce_prefix=56137ac6 result=ok wait_ct_us=0 verify_us=93 decap_us=0 peer_us=70 total_us=180
[timing] side=gateway pending_id=45 token=- nonce_prefix=f39d7171 result=ok wait_ct_us=0 verify_us=94 decap_us=0 peer_us=74 total_us=190
[timing] side=gateway pending_id=46 token=- nonce_prefix=26d64d37 result=ok wait_ct_us=0 verify_us=101 decap_us=0 peer_us=76 total_us=195
[timing] side=gateway pending_id=47 token=- nonce_prefix=b0467e8d result=ok wait_ct_us=0 verify_us=95 decap_us=0 peer_us=111 total_us=237
[timing] side=gateway pending_id=48 token=- nonce_prefix=d6439056 result=ok wait_ct_us=0 verify_us=102 decap_us=0 peer_us=79 total_us=203
[timing] side=gateway pending_id=49 token=- nonce_prefix=e6c1d40c result=ok wait_ct_us=0 verify_us=95 decap_us=0 peer_us=82 total_us=210
[timing] side=gateway pending_id=50 token=- nonce_prefix=e2e277e1 result=ok wait_ct_us=0 verify_us=95 decap_us=0 peer_us=78 total_us=192
[timing] side=gateway pending_id=51 token=- nonce_prefix=0b102e2b result=ok wait_ct_us=0 verify_us=96 decap_us=0 peer_us=77 total_us=200
[timing] side=gateway pending_id=52 token=- nonce_prefix=abe6311c result=ok wait_ct_us=0 verify_us=95 decap_us=0 peer_us=76 total_us=190
[timing] side=gateway pending_id=53 token=- nonce_prefix=bbe5b9fb result=ok wait_ct_us=0 verify_us=94 decap_us=0 peer_us=73 total_us=190
[timing] side=gateway pending_id=54 token=- nonce_prefix=b040b3cd result=ok wait_ct_us=0 verify_us=94 decap_us=0 peer_us=75 total_us=188
[timing] side=gateway pending_id=55 token=- nonce_prefix=f3335133 result=ok wait_ct_us=0 verify_us=94 decap_us=0 peer_us=74 total_us=195
[timing] side=gateway pending_id=56 token=- nonce_prefix=564002b1 result=ok wait_ct_us=0 verify_us=96 decap_us=0 peer_us=82 total_us=200
[timing] side=gateway pending_id=57 token=- nonce_prefix=144b1ffe result=ok wait_ct_us=0 verify_us=97 decap_us=0 peer_us=102 total_us=227
[timing] side=gateway pending_id=58 token=- nonce_prefix=4ee523cb result=ok wait_ct_us=0 verify_us=96 decap_us=0 peer_us=84 total_us=202
[timing] side=gateway pending_id=59 token=- nonce_prefix=4aeeafe2 result=ok wait_ct_us=0 verify_us=95 decap_us=0 peer_us=75 total_us=196
[timing] side=gateway pending_id=60 token=- nonce_prefix=683a4923 result=ok wait_ct_us=0 verify_us=102 decap_us=0 peer_us=74 total_us=195
[timing] side=gateway pending_id=61 token=- nonce_prefix=16466128 result=ok wait_ct_us=0 verify_us=132 decap_us=0 peer_us=76 total_us=231
[timing] side=gateway pending_id=62 token=- nonce_prefix=0e255d5a result=ok wait_ct_us=0 verify_us=93 decap_us=0 peer_us=73 total_us=185
[timing] side=gateway pending_id=63 token=- nonce_prefix=43ee6cad result=ok wait_ct_us=0 verify_us=136 decap_us=0 peer_us=74 total_us=234
[timing] side=gateway pending_id=64 token=- nonce_prefix=13b2e904 result=ok wait_ct_us=0 verify_us=93 decap_us=0 peer_us=94 total_us=207
[timing] side=gateway pending_id=65 token=- nonce_prefix=48feaa08 result=ok wait_ct_us=0 verify_us=103 decap_us=0 peer_us=80 total_us=212
[timing] side=gateway pending_id=66 token=- nonce_prefix=283bc2b7 result=ok wait_ct_us=0 verify_us=103 decap_us=0 peer_us=81 total_us=207
[timing] side=gateway pending_id=67 token=- nonce_prefix=1d2032ea result=ok wait_ct_us=0 verify_us=95 decap_us=0 peer_us=85 total_us=202
[timing] side=gateway pending_id=68 token=- nonce_prefix=c3ce2c74 result=ok wait_ct_us=0 verify_us=101 decap_us=0 peer_us=74 total_us=194
[timing] side=gateway pending_id=69 token=- nonce_prefix=48f6c69d result=ok wait_ct_us=0 verify_us=94 decap_us=0 peer_us=75 total_us=191
[timing] side=gateway pending_id=70 token=- nonce_prefix=5b027a21 result=ok wait_ct_us=0 verify_us=93 decap_us=0 peer_us=71 total_us=183
[timing] side=gateway pending_id=71 token=- nonce_prefix=154a1d40 result=ok wait_ct_us=0 verify_us=94 decap_us=0 peer_us=71 total_us=197
[timing] side=gateway pending_id=72 token=- nonce_prefix=fcfdccd3 result=ok wait_ct_us=0 verify_us=94 decap_us=0 peer_us=114 total_us=227
[timing] side=gateway pending_id=73 token=- nonce_prefix=8f4e28f1 result=ok wait_ct_us=0 verify_us=108 decap_us=0 peer_us=84 total_us=220
[timing] side=gateway pending_id=74 token=- nonce_prefix=2f7f8495 result=ok wait_ct_us=0 verify_us=96 decap_us=0 peer_us=81 total_us=200
[timing] side=gateway pending_id=75 token=- nonce_prefix=139c522b result=ok wait_ct_us=0 verify_us=96 decap_us=0 peer_us=80 total_us=200
[timing] side=gateway pending_id=76 token=- nonce_prefix=5e76afdb result=ok wait_ct_us=0 verify_us=95 decap_us=0 peer_us=76 total_us=191
[timing] side=gateway pending_id=77 token=- nonce_prefix=75d39427 result=ok wait_ct_us=0 verify_us=93 decap_us=0 peer_us=114 total_us=231
[timing] side=gateway pending_id=78 token=- nonce_prefix=14ad0a45 result=ok wait_ct_us=0 verify_us=94 decap_us=0 peer_us=112 total_us=226
[timing] side=gateway pending_id=79 token=- nonce_prefix=35580834 result=ok wait_ct_us=0 verify_us=93 decap_us=0 peer_us=71 total_us=188
[timing] side=gateway pending_id=80 token=- nonce_prefix=a7f82a8d result=ok wait_ct_us=0 verify_us=93 decap_us=0 peer_us=71 total_us=190
[timing] side=gateway pending_id=81 token=- nonce_prefix=f6b8c2f3 result=ok wait_ct_us=0 verify_us=92 decap_us=0 peer_us=72 total_us=187
[timing] side=gateway pending_id=82 token=- nonce_prefix=77e9f818 result=ok wait_ct_us=0 verify_us=93 decap_us=0 peer_us=75 total_us=187
[timing] side=gateway pending_id=83 token=- nonce_prefix=e857705b result=ok wait_ct_us=0 verify_us=96 decap_us=0 peer_us=81 total_us=205
[timing] side=gateway pending_id=84 token=- nonce_prefix=c5527336 result=ok wait_ct_us=0 verify_us=95 decap_us=0 peer_us=82 total_us=197
[timing] side=gateway pending_id=85 token=- nonce_prefix=111d8f0d result=ok wait_ct_us=0 verify_us=94 decap_us=0 peer_us=82 total_us=209
[timing] side=gateway pending_id=86 token=- nonce_prefix=9e78c88f result=ok wait_ct_us=0 verify_us=93 decap_us=0 peer_us=73 total_us=185
[timing] side=gateway pending_id=87 token=- nonce_prefix=f1741e50 result=ok wait_ct_us=0 verify_us=93 decap_us=0 peer_us=73 total_us=190
[timing] side=gateway pending_id=88 token=- nonce_prefix=900b3ded result=ok wait_ct_us=0 verify_us=94 decap_us=0 peer_us=75 total_us=188
[timing] side=gateway pending_id=89 token=- nonce_prefix=ae8fb03c result=ok wait_ct_us=0 verify_us=94 decap_us=0 peer_us=72 total_us=190
[timing] side=gateway pending_id=90 token=- nonce_prefix=d275a6bc result=ok wait_ct_us=0 verify_us=94 decap_us=0 peer_us=73 total_us=186
[timing] side=gateway pending_id=91 token=- nonce_prefix=7af559bd result=ok wait_ct_us=0 verify_us=96 decap_us=0 peer_us=79 total_us=201
[timing] side=gateway pending_id=92 token=- nonce_prefix=8ec0455a result=ok wait_ct_us=0 verify_us=133 decap_us=0 peer_us=82 total_us=239
[timing] side=gateway pending_id=93 token=- nonce_prefix=ffcdc463 result=ok wait_ct_us=0 verify_us=95 decap_us=0 peer_us=74 total_us=194
[timing] side=gateway pending_id=94 token=- nonce_prefix=5c75af9b result=ok wait_ct_us=0 verify_us=101 decap_us=0 peer_us=73 total_us=199
[timing] side=gateway pending_id=95 token=- nonce_prefix=d18a2fe6 result=ok wait_ct_us=0 verify_us=94 decap_us=0 peer_us=72 total_us=185
[timing] side=gateway pending_id=96 token=- nonce_prefix=14e13aa3 result=ok wait_ct_us=0 verify_us=102 decap_us=0 peer_us=73 total_us=199
[timing] side=gateway pending_id=97 token=- nonce_prefix=0cbb1d30 result=ok wait_ct_us=0 verify_us=93 decap_us=0 peer_us=75 total_us=187
[timing] side=gateway pending_id=98 token=- nonce_prefix=d4c20057 result=ok wait_ct_us=0 verify_us=93 decap_us=0 peer_us=72 total_us=187
[timing] side=gateway pending_id=99 token=- nonce_prefix=2175d32f result=ok wait_ct_us=0 verify_us=93 decap_us=0 peer_us=75 total_us=187
[timing] side=gateway pending_id=100 token=- nonce_prefix=ee0de5be result=ok wait_ct_us=0 verify_us=93 decap_us=0 peer_us=74 total_us=191
[timing] side=gateway pending_id=101 token=- nonce_prefix=ce7695c2 result=ok wait_ct_us=0 verify_us=96 decap_us=0 peer_us=81 total_us=198
Stopping wgzk daemon (gateway)...
wgzk.service: Deactivated successfully.
Stopped wgzk daemon (gateway).
Started wgzk daemon (gateway).
[daemon] Starting
[mlkem_channel] TLS listener on TCP :51821
[gateway] mode=0x02 epoch=1 previous_epoch=no iface=wg1r installer=netlink
[gateway] adopted 0 existing peer(s) of wg1r; 0 in the table, WGZK_PEER_MAX=4096
[gateway] joined wgzk events, ns=net:[4026531840]
[mlkem_channel] ciphertext buffered token=2382528787 nonce_prefix=0aa34004
[timing] side=gateway pending_id=1 token=2382528787 nonce_prefix=0aa34004 result=ok wait_ct_us=2 verify_us=179 decap_us=95 peer_us=85 total_us=391
[mlkem_channel] ciphertext buffered token=1629440927 nonce_prefix=d0b59708
[timing] side=gateway pending_id=2 token=1629440927 nonce_prefix=d0b59708 result=ok wait_ct_us=1 verify_us=97 decap_us=143 peer_us=79 total_us=343
[mlkem_channel] ciphertext buffered token=2159265538 nonce_prefix=b388f5a6
[timing] side=gateway pending_id=3 token=2159265538 nonce_prefix=b388f5a6 result=ok wait_ct_us=1 verify_us=96 decap_us=90 peer_us=74 total_us=333
[mlkem_channel] ciphertext buffered token=1526933788 nonce_prefix=9d13d40a
[timing] side=gateway pending_id=4 token=1526933788 nonce_prefix=9d13d40a result=ok wait_ct_us=1 verify_us=110 decap_us=90 peer_us=73 total_us=324
[mlkem_channel] ciphertext buffered token=1679802835 nonce_prefix=34e3d46d
[timing] side=gateway pending_id=5 token=1679802835 nonce_prefix=34e3d46d result=ok wait_ct_us=2 verify_us=107 decap_us=90 peer_us=71 total_us=316
[mlkem_channel] ciphertext buffered token=4017998520 nonce_prefix=5fff6f2f
[timing] side=gateway pending_id=6 token=4017998520 nonce_prefix=5fff6f2f result=ok wait_ct_us=1 verify_us=96 decap_us=105 peer_us=216 total_us=446
[mlkem_channel] ciphertext buffered token=765956598 nonce_prefix=56881b86
[timing] side=gateway pending_id=7 token=765956598 nonce_prefix=56881b86 result=ok wait_ct_us=2 verify_us=95 decap_us=90 peer_us=73 total_us=388
[mlkem_channel] ciphertext buffered token=2294207686 nonce_prefix=f4a7cd81
[timing] side=gateway pending_id=8 token=2294207686 nonce_prefix=f4a7cd81 result=ok wait_ct_us=1 verify_us=111 decap_us=141 peer_us=73 total_us=344
[mlkem_channel] ciphertext buffered token=1419602799 nonce_prefix=d35483e7
[timing] side=gateway pending_id=9 token=1419602799 nonce_prefix=d35483e7 result=ok wait_ct_us=1 verify_us=97 decap_us=92 peer_us=72 total_us=292
[mlkem_channel] ciphertext buffered token=3053161756 nonce_prefix=fae9ce31
[timing] side=gateway pending_id=10 token=3053161756 nonce_prefix=fae9ce31 result=ok wait_ct_us=1 verify_us=164 decap_us=91 peer_us=79 total_us=355
[mlkem_channel] ciphertext buffered token=1450618645 nonce_prefix=a45285cc
[timing] side=gateway pending_id=11 token=1450618645 nonce_prefix=a45285cc result=ok wait_ct_us=2 verify_us=97 decap_us=91 peer_us=77 total_us=369
[mlkem_channel] ciphertext buffered token=4191448696 nonce_prefix=80f04dc5
[timing] side=gateway pending_id=12 token=4191448696 nonce_prefix=80f04dc5 result=ok wait_ct_us=1 verify_us=96 decap_us=91 peer_us=74 total_us=326
[mlkem_channel] ciphertext buffered token=3930689118 nonce_prefix=cc69bad2
[timing] side=gateway pending_id=13 token=3930689118 nonce_prefix=cc69bad2 result=ok wait_ct_us=1 verify_us=95 decap_us=89 peer_us=73 total_us=304
[mlkem_channel] ciphertext buffered token=2134034610 nonce_prefix=ce6ba4b2
[timing] side=gateway pending_id=14 token=2134034610 nonce_prefix=ce6ba4b2 result=ok wait_ct_us=1 verify_us=242 decap_us=140 peer_us=74 total_us=556
[mlkem_channel] ciphertext buffered token=4130213832 nonce_prefix=b2390f98
[timing] side=gateway pending_id=15 token=4130213832 nonce_prefix=b2390f98 result=ok wait_ct_us=1 verify_us=145 decap_us=131 peer_us=76 total_us=410
[mlkem_channel] ciphertext buffered token=1976015923 nonce_prefix=0a87106b
[timing] side=gateway pending_id=16 token=1976015923 nonce_prefix=0a87106b result=ok wait_ct_us=1 verify_us=95 decap_us=90 peer_us=74 total_us=301
[mlkem_channel] ciphertext buffered token=1171172659 nonce_prefix=c1179c67
[timing] side=gateway pending_id=17 token=1171172659 nonce_prefix=c1179c67 result=ok wait_ct_us=1 verify_us=110 decap_us=125 peer_us=76 total_us=418
[mlkem_channel] ciphertext buffered token=3195610434 nonce_prefix=71939170
[timing] side=gateway pending_id=18 token=3195610434 nonce_prefix=71939170 result=ok wait_ct_us=1 verify_us=113 decap_us=91 peer_us=79 total_us=314
[mlkem_channel] ciphertext buffered token=4250257178 nonce_prefix=93668746
[timing] side=gateway pending_id=19 token=4250257178 nonce_prefix=93668746 result=ok wait_ct_us=1 verify_us=96 decap_us=91 peer_us=75 total_us=284
[mlkem_channel] ciphertext buffered token=4259813982 nonce_prefix=c61de970
[timing] side=gateway pending_id=20 token=4259813982 nonce_prefix=c61de970 result=ok wait_ct_us=2 verify_us=116 decap_us=91 peer_us=75 total_us=306
[mlkem_channel] ciphertext buffered token=1516374482 nonce_prefix=c0c6fb7e
[timing] side=gateway pending_id=21 token=1516374482 nonce_prefix=c0c6fb7e result=ok wait_ct_us=1 verify_us=96 decap_us=91 peer_us=138 total_us=348
[mlkem_channel] ciphertext buffered token=2284343056 nonce_prefix=ffd02c23
[timing] side=gateway pending_id=22 token=2284343056 nonce_prefix=ffd02c23 result=ok wait_ct_us=1 verify_us=152 decap_us=132 peer_us=85 total_us=396
[mlkem_channel] ciphertext buffered token=668825220 nonce_prefix=1c268090
[timing] side=gateway pending_id=23 token=668825220 nonce_prefix=1c268090 result=ok wait_ct_us=2 verify_us=110 decap_us=90 peer_us=73 total_us=322
[mlkem_channel] ciphertext buffered token=2914623226 nonce_prefix=28313be8
[timing] side=gateway pending_id=24 token=2914623226 nonce_prefix=28313be8 result=ok wait_ct_us=2 verify_us=111 decap_us=90 peer_us=71 total_us=316
[mlkem_channel] ciphertext buffered token=2839652526 nonce_prefix=b191233f
[timing] side=gateway pending_id=25 token=2839652526 nonce_prefix=b191233f result=ok wait_ct_us=1 verify_us=95 decap_us=90 peer_us=73 total_us=325
[mlkem_channel] ciphertext buffered token=3594440927 nonce_prefix=a517ded9
[timing] side=gateway pending_id=26 token=3594440927 nonce_prefix=a517ded9 result=ok wait_ct_us=2 verify_us=111 decap_us=90 peer_us=73 total_us=325
[mlkem_channel] ciphertext buffered token=3890746529 nonce_prefix=f14650c9
[timing] side=gateway pending_id=27 token=3890746529 nonce_prefix=f14650c9 result=ok wait_ct_us=2 verify_us=150 decap_us=91 peer_us=78 total_us=344
[mlkem_channel] ciphertext buffered token=2872973225 nonce_prefix=9c991c0d
[timing] side=gateway pending_id=28 token=2872973225 nonce_prefix=9c991c0d result=ok wait_ct_us=1 verify_us=96 decap_us=109 peer_us=75 total_us=303
[mlkem_channel] ciphertext buffered token=4111515601 nonce_prefix=0c7c06b2
[timing] side=gateway pending_id=29 token=4111515601 nonce_prefix=0c7c06b2 result=ok wait_ct_us=1 verify_us=106 decap_us=91 peer_us=78 total_us=301
[mlkem_channel] ciphertext buffered token=3779229281 nonce_prefix=39c06267
[timing] side=gateway pending_id=30 token=3779229281 nonce_prefix=39c06267 result=ok wait_ct_us=1 verify_us=113 decap_us=90 peer_us=75 total_us=394
[mlkem_channel] ciphertext buffered token=320792700 nonce_prefix=fe063c8d
[timing] side=gateway pending_id=31 token=320792700 nonce_prefix=fe063c8d result=ok wait_ct_us=1 verify_us=96 decap_us=90 peer_us=76 total_us=287
[mlkem_channel] ciphertext buffered token=492395943 nonce_prefix=af914f33
[timing] side=gateway pending_id=32 token=492395943 nonce_prefix=af914f33 result=ok wait_ct_us=2 verify_us=146 decap_us=91 peer_us=73 total_us=355
[mlkem_channel] ciphertext buffered token=1662973596 nonce_prefix=0f7962f2
[timing] side=gateway pending_id=33 token=1662973596 nonce_prefix=0f7962f2 result=ok wait_ct_us=1 verify_us=96 decap_us=90 peer_us=127 total_us=372
[mlkem_channel] ciphertext buffered token=1748074089 nonce_prefix=41486ede
[timing] side=gateway pending_id=34 token=1748074089 nonce_prefix=41486ede result=ok wait_ct_us=1 verify_us=112 decap_us=89 peer_us=103 total_us=375
[mlkem_channel] ciphertext buffered token=3015604640 nonce_prefix=22ccafc0
[timing] side=gateway pending_id=35 token=3015604640 nonce_prefix=22ccafc0 result=ok wait_ct_us=1 verify_us=95 decap_us=99 peer_us=73 total_us=310
[mlkem_channel] ciphertext buffered token=2319553172 nonce_prefix=60942f94
[timing] side=gateway pending_id=36 token=2319553172 nonce_prefix=60942f94 result=ok wait_ct_us=1 verify_us=108 decap_us=90 peer_us=74 total_us=294
[mlkem_channel] ciphertext buffered token=2598241337 nonce_prefix=eeee56f9
[timing] side=gateway pending_id=37 token=2598241337 nonce_prefix=eeee56f9 result=ok wait_ct_us=1 verify_us=97 decap_us=91 peer_us=128 total_us=336
[mlkem_channel] ciphertext buffered token=2497979765 nonce_prefix=e0d3d752
[timing] side=gateway pending_id=38 token=2497979765 nonce_prefix=e0d3d752 result=ok wait_ct_us=1 verify_us=97 decap_us=91 peer_us=76 total_us=306
[mlkem_channel] ciphertext buffered token=266243077 nonce_prefix=7b01dc5b
[timing] side=gateway pending_id=39 token=266243077 nonce_prefix=7b01dc5b result=ok wait_ct_us=1 verify_us=97 decap_us=153 peer_us=74 total_us=349
[mlkem_channel] ciphertext buffered token=839970280 nonce_prefix=ad190009
[timing] side=gateway pending_id=40 token=839970280 nonce_prefix=ad190009 result=ok wait_ct_us=1 verify_us=95 decap_us=158 peer_us=74 total_us=349
[mlkem_channel] ciphertext buffered token=1070792942 nonce_prefix=1a616fc9
[timing] side=gateway pending_id=41 token=1070792942 nonce_prefix=1a616fc9 result=ok wait_ct_us=1 verify_us=109 decap_us=89 peer_us=125 total_us=346
[mlkem_channel] ciphertext buffered token=1442853855 nonce_prefix=b0a8c79f
[timing] side=gateway pending_id=42 token=1442853855 nonce_prefix=b0a8c79f result=ok wait_ct_us=1 verify_us=95 decap_us=89 peer_us=73 total_us=304
[mlkem_channel] ciphertext buffered token=3297672176 nonce_prefix=17040418
[timing] side=gateway pending_id=43 token=3297672176 nonce_prefix=17040418 result=ok wait_ct_us=1 verify_us=96 decap_us=142 peer_us=82 total_us=367
[mlkem_channel] ciphertext buffered token=151728007 nonce_prefix=f769fdbe
[timing] side=gateway pending_id=44 token=151728007 nonce_prefix=f769fdbe result=ok wait_ct_us=1 verify_us=112 decap_us=91 peer_us=83 total_us=338
[mlkem_channel] ciphertext buffered token=2259334307 nonce_prefix=1887799c
[timing] side=gateway pending_id=45 token=2259334307 nonce_prefix=1887799c result=ok wait_ct_us=2 verify_us=97 decap_us=91 peer_us=77 total_us=291
[mlkem_channel] ciphertext buffered token=1508830389 nonce_prefix=d4b7157e
[timing] side=gateway pending_id=46 token=1508830389 nonce_prefix=d4b7157e result=ok wait_ct_us=2 verify_us=107 decap_us=90 peer_us=78 total_us=299
[mlkem_channel] ciphertext buffered token=510313765 nonce_prefix=e8fe4c29
[timing] side=gateway pending_id=47 token=510313765 nonce_prefix=e8fe4c29 result=ok wait_ct_us=1 verify_us=96 decap_us=108 peer_us=73 total_us=301
[mlkem_channel] ciphertext buffered token=879015843 nonce_prefix=184345b4
[timing] side=gateway pending_id=48 token=879015843 nonce_prefix=184345b4 result=ok wait_ct_us=2 verify_us=95 decap_us=106 peer_us=124 total_us=348
[mlkem_channel] ciphertext buffered token=345368253 nonce_prefix=5f882769
[timing] side=gateway pending_id=49 token=345368253 nonce_prefix=5f882769 result=ok wait_ct_us=2 verify_us=96 decap_us=89 peer_us=74 total_us=336
[mlkem_channel] ciphertext buffered token=3309191961 nonce_prefix=7c686705
[timing] side=gateway pending_id=50 token=3309191961 nonce_prefix=7c686705 result=ok wait_ct_us=2 verify_us=111 decap_us=89 peer_us=71 total_us=293
[mlkem_channel] ciphertext buffered token=3463093628 nonce_prefix=b184b860
[timing] side=gateway pending_id=51 token=3463093628 nonce_prefix=b184b860 result=ok wait_ct_us=1 verify_us=96 decap_us=89 peer_us=71 total_us=281
[mlkem_channel] ciphertext buffered token=1277649522 nonce_prefix=c833d099
[timing] side=gateway pending_id=52 token=1277649522 nonce_prefix=c833d099 result=ok wait_ct_us=1 verify_us=96 decap_us=89 peer_us=82 total_us=319
[mlkem_channel] ciphertext buffered token=889391026 nonce_prefix=41715828
[timing] side=gateway pending_id=53 token=889391026 nonce_prefix=41715828 result=ok wait_ct_us=1 verify_us=160 decap_us=90 peer_us=80 total_us=402
[mlkem_channel] ciphertext buffered token=2621583886 nonce_prefix=d644da9c
[timing] side=gateway pending_id=54 token=2621583886 nonce_prefix=d644da9c result=ok wait_ct_us=1 verify_us=96 decap_us=91 peer_us=77 total_us=286
[mlkem_channel] ciphertext buffered token=2452483841 nonce_prefix=d8c8b74a
[timing] side=gateway pending_id=55 token=2452483841 nonce_prefix=d8c8b74a result=ok wait_ct_us=2 verify_us=111 decap_us=92 peer_us=76 total_us=302
[mlkem_channel] ciphertext buffered token=1421180102 nonce_prefix=53917a8b
[timing] side=gateway pending_id=56 token=1421180102 nonce_prefix=53917a8b result=ok wait_ct_us=1 verify_us=96 decap_us=90 peer_us=83 total_us=292
[mlkem_channel] ciphertext buffered token=3752259836 nonce_prefix=ab5d123e
[timing] side=gateway pending_id=57 token=3752259836 nonce_prefix=ab5d123e result=ok wait_ct_us=1 verify_us=96 decap_us=104 peer_us=75 total_us=298
[mlkem_channel] ciphertext buffered token=926752370 nonce_prefix=1594bb2a
[timing] side=gateway pending_id=58 token=926752370 nonce_prefix=1594bb2a result=ok wait_ct_us=1 verify_us=96 decap_us=153 peer_us=73 total_us=418
[mlkem_channel] ciphertext buffered token=773649429 nonce_prefix=745fb95b
[timing] side=gateway pending_id=59 token=773649429 nonce_prefix=745fb95b result=ok wait_ct_us=1 verify_us=96 decap_us=88 peer_us=71 total_us=302
[mlkem_channel] ciphertext buffered token=2806588368 nonce_prefix=b2009ed5
[timing] side=gateway pending_id=60 token=2806588368 nonce_prefix=b2009ed5 result=ok wait_ct_us=1 verify_us=112 decap_us=90 peer_us=73 total_us=298
[mlkem_channel] ciphertext buffered token=1865086660 nonce_prefix=df90af3d
[timing] side=gateway pending_id=61 token=1865086660 nonce_prefix=df90af3d result=ok wait_ct_us=1 verify_us=96 decap_us=90 peer_us=74 total_us=320
[mlkem_channel] ciphertext buffered token=1429784287 nonce_prefix=a9a2b9f2
[timing] side=gateway pending_id=62 token=1429784287 nonce_prefix=a9a2b9f2 result=ok wait_ct_us=2 verify_us=96 decap_us=91 peer_us=127 total_us=355
[mlkem_channel] ciphertext buffered token=3428770373 nonce_prefix=aa2899b8
[timing] side=gateway pending_id=63 token=3428770373 nonce_prefix=aa2899b8 result=ok wait_ct_us=1 verify_us=112 decap_us=143 peer_us=77 total_us=392
[mlkem_channel] ciphertext buffered token=536326777 nonce_prefix=24d3b88a
[timing] side=gateway pending_id=64 token=536326777 nonce_prefix=24d3b88a result=ok wait_ct_us=1 verify_us=97 decap_us=92 peer_us=84 total_us=299
[mlkem_channel] ciphertext buffered token=3342779579 nonce_prefix=c166523f
[timing] side=gateway pending_id=65 token=3342779579 nonce_prefix=c166523f result=ok wait_ct_us=1 verify_us=113 decap_us=102 peer_us=76 total_us=315
[mlkem_channel] ciphertext buffered token=3319154726 nonce_prefix=87c3b565
[timing] side=gateway pending_id=66 token=3319154726 nonce_prefix=87c3b565 result=ok wait_ct_us=1 verify_us=95 decap_us=104 peer_us=125 total_us=343
[mlkem_channel] ciphertext buffered token=967516487 nonce_prefix=b1b57ec8
[timing] side=gateway pending_id=67 token=967516487 nonce_prefix=b1b57ec8 result=ok wait_ct_us=1 verify_us=95 decap_us=151 peer_us=72 total_us=339
[mlkem_channel] ciphertext buffered token=1372039993 nonce_prefix=ab547abd
[timing] side=gateway pending_id=68 token=1372039993 nonce_prefix=ab547abd result=ok wait_ct_us=40 verify_us=95 decap_us=89 peer_us=73 total_us=322
[mlkem_channel] ciphertext buffered token=3195053854 nonce_prefix=ecd35111
[timing] side=gateway pending_id=69 token=3195053854 nonce_prefix=ecd35111 result=ok wait_ct_us=2 verify_us=96 decap_us=90 peer_us=85 total_us=297
[mlkem_channel] ciphertext buffered token=2115410923 nonce_prefix=e5e09cfa
[timing] side=gateway pending_id=70 token=2115410923 nonce_prefix=e5e09cfa result=ok wait_ct_us=2 verify_us=95 decap_us=107 peer_us=73 total_us=321
[mlkem_channel] ciphertext buffered token=2601031771 nonce_prefix=2ce19fe9
[timing] side=gateway pending_id=71 token=2601031771 nonce_prefix=2ce19fe9 result=ok wait_ct_us=1 verify_us=113 decap_us=90 peer_us=129 total_us=387
[mlkem_channel] ciphertext buffered token=2741904545 nonce_prefix=bcbe7948
[timing] side=gateway pending_id=72 token=2741904545 nonce_prefix=bcbe7948 result=ok wait_ct_us=1 verify_us=97 decap_us=103 peer_us=78 total_us=337
[mlkem_channel] ciphertext buffered token=3543835499 nonce_prefix=4d99a05f
[timing] side=gateway pending_id=73 token=3543835499 nonce_prefix=4d99a05f result=ok wait_ct_us=1 verify_us=113 decap_us=89 peer_us=78 total_us=382
[mlkem_channel] ciphertext buffered token=1919886068 nonce_prefix=d03decb4
[timing] side=gateway pending_id=74 token=1919886068 nonce_prefix=d03decb4 result=ok wait_ct_us=1 verify_us=97 decap_us=90 peer_us=75 total_us=309
[mlkem_channel] ciphertext buffered token=2711592946 nonce_prefix=a00d06ba
[timing] side=gateway pending_id=75 token=2711592946 nonce_prefix=a00d06ba result=ok wait_ct_us=12 verify_us=97 decap_us=90 peer_us=75 total_us=298
[mlkem_channel] ciphertext buffered token=3343473708 nonce_prefix=8e75704d
[timing] side=gateway pending_id=76 token=3343473708 nonce_prefix=8e75704d result=ok wait_ct_us=1 verify_us=112 decap_us=90 peer_us=74 total_us=298
[mlkem_channel] ciphertext buffered token=1946174940 nonce_prefix=6637aa8b
[timing] side=gateway pending_id=77 token=1946174940 nonce_prefix=6637aa8b result=ok wait_ct_us=1 verify_us=122 decap_us=89 peer_us=73 total_us=321
[mlkem_channel] ciphertext buffered token=3100656537 nonce_prefix=0ff7ae4e
[timing] side=gateway pending_id=78 token=3100656537 nonce_prefix=0ff7ae4e result=ok wait_ct_us=1 verify_us=96 decap_us=90 peer_us=102 total_us=312
[mlkem_channel] ciphertext buffered token=929751604 nonce_prefix=5c8eaa51
[timing] side=gateway pending_id=79 token=929751604 nonce_prefix=5c8eaa51 result=ok wait_ct_us=2 verify_us=111 decap_us=90 peer_us=75 total_us=300
[mlkem_channel] ciphertext buffered token=2640488919 nonce_prefix=8b130eb6
[timing] side=gateway pending_id=80 token=2640488919 nonce_prefix=8b130eb6 result=ok wait_ct_us=1 verify_us=114 decap_us=91 peer_us=78 total_us=309
[mlkem_channel] ciphertext buffered token=2862610791 nonce_prefix=e3cb4ad1
[timing] side=gateway pending_id=81 token=2862610791 nonce_prefix=e3cb4ad1 result=ok wait_ct_us=1 verify_us=97 decap_us=91 peer_us=77 total_us=331
[mlkem_channel] ciphertext buffered token=1910644332 nonce_prefix=a3d050c2
[timing] side=gateway pending_id=82 token=1910644332 nonce_prefix=a3d050c2 result=ok wait_ct_us=1 verify_us=113 decap_us=91 peer_us=84 total_us=339
[mlkem_channel] ciphertext buffered token=4082570157 nonce_prefix=dd4c231f
[timing] side=gateway pending_id=83 token=4082570157 nonce_prefix=dd4c231f result=ok wait_ct_us=2 verify_us=162 decap_us=91 peer_us=75 total_us=350
[mlkem_channel] ciphertext buffered token=2918527836 nonce_prefix=d367ab41
[timing] side=gateway pending_id=84 token=2918527836 nonce_prefix=d367ab41 result=ok wait_ct_us=1 verify_us=96 decap_us=90 peer_us=71 total_us=279
[mlkem_channel] ciphertext buffered token=1229101365 nonce_prefix=50384dbb
[timing] side=gateway pending_id=85 token=1229101365 nonce_prefix=50384dbb result=ok wait_ct_us=1 verify_us=109 decap_us=89 peer_us=80 total_us=295
[mlkem_channel] ciphertext buffered token=1718528469 nonce_prefix=ba0f9d9e
[timing] side=gateway pending_id=86 token=1718528469 nonce_prefix=ba0f9d9e result=ok wait_ct_us=17 verify_us=95 decap_us=98 peer_us=72 total_us=304
[mlkem_channel] ciphertext buffered token=200442121 nonce_prefix=634feb01
[timing] side=gateway pending_id=87 token=200442121 nonce_prefix=634feb01 result=ok wait_ct_us=1 verify_us=95 decap_us=90 peer_us=73 total_us=330
[mlkem_channel] ciphertext buffered token=1062130039 nonce_prefix=3f56c0eb
[timing] side=gateway pending_id=88 token=1062130039 nonce_prefix=3f56c0eb result=ok wait_ct_us=1 verify_us=96 decap_us=120 peer_us=74 total_us=315
[mlkem_channel] ciphertext buffered token=1438101833 nonce_prefix=9760bb2f
[timing] side=gateway pending_id=89 token=1438101833 nonce_prefix=9760bb2f result=ok wait_ct_us=1 verify_us=147 decap_us=91 peer_us=79 total_us=371
[mlkem_channel] ciphertext buffered token=716199012 nonce_prefix=bdeff474
[timing] side=gateway pending_id=90 token=716199012 nonce_prefix=bdeff474 result=ok wait_ct_us=1 verify_us=98 decap_us=102 peer_us=78 total_us=333
[mlkem_channel] ciphertext buffered token=2174879127 nonce_prefix=6cf331e6
[timing] side=gateway pending_id=91 token=2174879127 nonce_prefix=6cf331e6 result=ok wait_ct_us=2 verify_us=108 decap_us=92 peer_us=78 total_us=362
[mlkem_channel] ciphertext buffered token=1073665778 nonce_prefix=bc04885d
[timing] side=gateway pending_id=92 token=1073665778 nonce_prefix=bc04885d result=ok wait_ct_us=1 verify_us=113 decap_us=90 peer_us=75 total_us=327
[mlkem_channel] ciphertext buffered token=3217476691 nonce_prefix=467a85df
[timing] side=gateway pending_id=93 token=3217476691 nonce_prefix=467a85df result=ok wait_ct_us=1 verify_us=96 decap_us=90 peer_us=73 total_us=282
[mlkem_channel] ciphertext buffered token=4237356855 nonce_prefix=8d1ed5af
[timing] side=gateway pending_id=94 token=4237356855 nonce_prefix=8d1ed5af result=ok wait_ct_us=1 verify_us=111 decap_us=90 peer_us=75 total_us=327
[mlkem_channel] ciphertext buffered token=2698147796 nonce_prefix=12de5a3c
[timing] side=gateway pending_id=95 token=2698147796 nonce_prefix=12de5a3c result=ok wait_ct_us=1 verify_us=95 decap_us=88 peer_us=71 total_us=287
[mlkem_channel] ciphertext buffered token=2388460423 nonce_prefix=4413d334
[timing] side=gateway pending_id=96 token=2388460423 nonce_prefix=4413d334 result=ok wait_ct_us=1 verify_us=96 decap_us=91 peer_us=75 total_us=287
[mlkem_channel] ciphertext buffered token=4239545679 nonce_prefix=90ea67e1
[timing] side=gateway pending_id=97 token=4239545679 nonce_prefix=90ea67e1 result=ok wait_ct_us=1 verify_us=96 decap_us=155 peer_us=76 total_us=347
[mlkem_channel] ciphertext buffered token=275733686 nonce_prefix=ab16aa2b
[timing] side=gateway pending_id=98 token=275733686 nonce_prefix=ab16aa2b result=ok wait_ct_us=1 verify_us=97 decap_us=91 peer_us=128 total_us=340
[mlkem_channel] ciphertext buffered token=282003352 nonce_prefix=825205a4
[timing] side=gateway pending_id=99 token=282003352 nonce_prefix=825205a4 result=ok wait_ct_us=1 verify_us=148 decap_us=92 peer_us=79 total_us=451
[mlkem_channel] ciphertext buffered token=319642760 nonce_prefix=95fd231d
[timing] side=gateway pending_id=100 token=319642760 nonce_prefix=95fd231d result=ok wait_ct_us=1 verify_us=113 decap_us=90 peer_us=73 total_us=336
[mlkem_channel] ciphertext buffered token=1319880223 nonce_prefix=89694587
[timing] side=gateway pending_id=101 token=1319880223 nonce_prefix=89694587 result=ok wait_ct_us=2 verify_us=95 decap_us=97 peer_us=77 total_us=293
Stopping wgzk daemon (gateway)...
wgzk.service: Deactivated successfully.
Stopped wgzk daemon (gateway).
Started wgzk daemon (gateway).
[daemon] Starting
[gateway] mode=0x01 epoch=1 previous_epoch=no iface=wg1r installer=netlink
[gateway] adopted 0 existing peer(s) of wg1r; 0 in the table, WGZK_PEER_MAX=4096
[gateway] joined wgzk events, ns=net:[4026531840]
[timing] side=gateway pending_id=1 token=- nonce_prefix=182a3703 result=ok wait_ct_us=0 verify_us=159 decap_us=0 peer_us=111 total_us=303
[timing] side=gateway pending_id=2 token=- nonce_prefix=b66bce9c result=ok wait_ct_us=0 verify_us=96 decap_us=0 peer_us=80 total_us=197
[timing] side=gateway pending_id=3 token=- nonce_prefix=f28286e4 result=ok wait_ct_us=0 verify_us=96 decap_us=0 peer_us=77 total_us=199
[timing] side=gateway pending_id=4 token=- nonce_prefix=086f0908 result=ok wait_ct_us=0 verify_us=95 decap_us=0 peer_us=104 total_us=239
[timing] side=gateway pending_id=5 token=- nonce_prefix=5c8faeae result=ok wait_ct_us=0 verify_us=95 decap_us=0 peer_us=75 total_us=188
[timing] side=gateway pending_id=6 token=- nonce_prefix=30b7772c result=ok wait_ct_us=0 verify_us=95 decap_us=0 peer_us=75 total_us=209
[timing] side=gateway pending_id=7 token=- nonce_prefix=91c23024 result=ok wait_ct_us=0 verify_us=95 decap_us=0 peer_us=76 total_us=200
[timing] side=gateway pending_id=8 token=- nonce_prefix=f6ff950f result=ok wait_ct_us=0 verify_us=141 decap_us=0 peer_us=81 total_us=257
[timing] side=gateway pending_id=9 token=- nonce_prefix=9e649bb0 result=ok wait_ct_us=0 verify_us=96 decap_us=0 peer_us=77 total_us=235
[timing] side=gateway pending_id=10 token=- nonce_prefix=aa70ec6d result=ok wait_ct_us=0 verify_us=95 decap_us=0 peer_us=74 total_us=230
[timing] side=gateway pending_id=11 token=- nonce_prefix=8822c523 result=ok wait_ct_us=0 verify_us=94 decap_us=0 peer_us=72 total_us=198
[timing] side=gateway pending_id=12 token=- nonce_prefix=07573499 result=ok wait_ct_us=0 verify_us=94 decap_us=0 peer_us=71 total_us=189
[timing] side=gateway pending_id=13 token=- nonce_prefix=4258b879 result=ok wait_ct_us=0 verify_us=94 decap_us=0 peer_us=72 total_us=192
[timing] side=gateway pending_id=14 token=- nonce_prefix=72bb33a3 result=ok wait_ct_us=0 verify_us=94 decap_us=0 peer_us=71 total_us=183
[timing] side=gateway pending_id=15 token=- nonce_prefix=1f2a485d result=ok wait_ct_us=0 verify_us=95 decap_us=0 peer_us=78 total_us=216
[timing] side=gateway pending_id=16 token=- nonce_prefix=911c6ce8 result=ok wait_ct_us=0 verify_us=96 decap_us=0 peer_us=81 total_us=208
[timing] side=gateway pending_id=17 token=- nonce_prefix=8b189114 result=ok wait_ct_us=0 verify_us=96 decap_us=0 peer_us=80 total_us=202
[timing] side=gateway pending_id=18 token=- nonce_prefix=d79f69de result=ok wait_ct_us=0 verify_us=142 decap_us=0 peer_us=76 total_us=240
[timing] side=gateway pending_id=19 token=- nonce_prefix=59371aec result=ok wait_ct_us=0 verify_us=94 decap_us=0 peer_us=69 total_us=187
[timing] side=gateway pending_id=20 token=- nonce_prefix=4db8388e result=ok wait_ct_us=0 verify_us=138 decap_us=0 peer_us=74 total_us=232
[timing] side=gateway pending_id=21 token=- nonce_prefix=bc5065c1 result=ok wait_ct_us=0 verify_us=93 decap_us=0 peer_us=80 total_us=198
[timing] side=gateway pending_id=22 token=- nonce_prefix=dc4609e4 result=ok wait_ct_us=0 verify_us=94 decap_us=0 peer_us=80 total_us=193
[timing] side=gateway pending_id=23 token=- nonce_prefix=f1e746f1 result=ok wait_ct_us=0 verify_us=94 decap_us=0 peer_us=73 total_us=194
[timing] side=gateway pending_id=24 token=- nonce_prefix=2ee0f4eb result=ok wait_ct_us=0 verify_us=95 decap_us=0 peer_us=81 total_us=198
[timing] side=gateway pending_id=25 token=- nonce_prefix=850436b0 result=ok wait_ct_us=0 verify_us=96 decap_us=0 peer_us=78 total_us=202
[timing] side=gateway pending_id=26 token=- nonce_prefix=59d91f1f result=ok wait_ct_us=0 verify_us=95 decap_us=0 peer_us=76 total_us=191
[timing] side=gateway pending_id=27 token=- nonce_prefix=9a309ee5 result=ok wait_ct_us=0 verify_us=95 decap_us=0 peer_us=75 total_us=198
[timing] side=gateway pending_id=28 token=- nonce_prefix=2ffaa082 result=ok wait_ct_us=0 verify_us=95 decap_us=0 peer_us=75 total_us=192
[timing] side=gateway pending_id=29 token=- nonce_prefix=86497339 result=ok wait_ct_us=0 verify_us=94 decap_us=0 peer_us=73 total_us=202
[timing] side=gateway pending_id=30 token=- nonce_prefix=42deb1ce result=ok wait_ct_us=0 verify_us=94 decap_us=0 peer_us=72 total_us=185
[timing] side=gateway pending_id=31 token=- nonce_prefix=6a86462e result=ok wait_ct_us=0 verify_us=93 decap_us=0 peer_us=73 total_us=191
[timing] side=gateway pending_id=32 token=- nonce_prefix=23cfdcff result=ok wait_ct_us=0 verify_us=95 decap_us=0 peer_us=78 total_us=194
[timing] side=gateway pending_id=33 token=- nonce_prefix=b949bf9b result=ok wait_ct_us=0 verify_us=95 decap_us=0 peer_us=75 total_us=211
[timing] side=gateway pending_id=34 token=- nonce_prefix=9b1ffc23 result=ok wait_ct_us=0 verify_us=96 decap_us=0 peer_us=78 total_us=195
[timing] side=gateway pending_id=35 token=- nonce_prefix=244c0f0c result=ok wait_ct_us=0 verify_us=95 decap_us=0 peer_us=77 total_us=245
[timing] side=gateway pending_id=36 token=- nonce_prefix=2fa78352 result=ok wait_ct_us=0 verify_us=94 decap_us=0 peer_us=76 total_us=197
[timing] side=gateway pending_id=37 token=- nonce_prefix=7dc94fe7 result=ok wait_ct_us=0 verify_us=94 decap_us=0 peer_us=72 total_us=187
[timing] side=gateway pending_id=38 token=- nonce_prefix=4fc1ff23 result=ok wait_ct_us=0 verify_us=94 decap_us=0 peer_us=70 total_us=187
[timing] side=gateway pending_id=39 token=- nonce_prefix=2c310ae8 result=ok wait_ct_us=0 verify_us=94 decap_us=0 peer_us=72 total_us=186
[timing] side=gateway pending_id=40 token=- nonce_prefix=3d2c2321 result=ok wait_ct_us=0 verify_us=94 decap_us=0 peer_us=73 total_us=233
[timing] side=gateway pending_id=41 token=- nonce_prefix=db79a9a1 result=ok wait_ct_us=0 verify_us=113 decap_us=0 peer_us=74 total_us=212
[timing] side=gateway pending_id=42 token=- nonce_prefix=5121cb58 result=ok wait_ct_us=0 verify_us=96 decap_us=0 peer_us=79 total_us=197
[timing] side=gateway pending_id=43 token=- nonce_prefix=e00659a7 result=ok wait_ct_us=0 verify_us=96 decap_us=0 peer_us=91 total_us=214
[timing] side=gateway pending_id=44 token=- nonce_prefix=d403762b result=ok wait_ct_us=0 verify_us=136 decap_us=0 peer_us=77 total_us=234
[timing] side=gateway pending_id=45 token=- nonce_prefix=3948f9f1 result=ok wait_ct_us=0 verify_us=93 decap_us=0 peer_us=71 total_us=188
[timing] side=gateway pending_id=46 token=- nonce_prefix=a971e2f2 result=ok wait_ct_us=0 verify_us=94 decap_us=0 peer_us=72 total_us=188
[timing] side=gateway pending_id=47 token=- nonce_prefix=21e76fd1 result=ok wait_ct_us=0 verify_us=138 decap_us=0 peer_us=74 total_us=232
[timing] side=gateway pending_id=48 token=- nonce_prefix=1b2834fc result=ok wait_ct_us=0 verify_us=94 decap_us=0 peer_us=72 total_us=189
[timing] side=gateway pending_id=49 token=- nonce_prefix=b83ba968 result=ok wait_ct_us=0 verify_us=94 decap_us=0 peer_us=72 total_us=186
[timing] side=gateway pending_id=50 token=- nonce_prefix=2f617d73 result=ok wait_ct_us=0 verify_us=95 decap_us=0 peer_us=77 total_us=201
[timing] side=gateway pending_id=51 token=- nonce_prefix=cba27045 result=ok wait_ct_us=0 verify_us=96 decap_us=0 peer_us=80 total_us=197
[timing] side=gateway pending_id=52 token=- nonce_prefix=f7afcda4 result=ok wait_ct_us=0 verify_us=95 decap_us=0 peer_us=76 total_us=199
[timing] side=gateway pending_id=53 token=- nonce_prefix=3fac6dce result=ok wait_ct_us=0 verify_us=95 decap_us=0 peer_us=78 total_us=199
[timing] side=gateway pending_id=54 token=- nonce_prefix=fcda8bf7 result=ok wait_ct_us=0 verify_us=95 decap_us=0 peer_us=77 total_us=193
[timing] side=gateway pending_id=55 token=- nonce_prefix=203e6d75 result=ok wait_ct_us=0 verify_us=94 decap_us=0 peer_us=75 total_us=195
[timing] side=gateway pending_id=56 token=- nonce_prefix=99019d06 result=ok wait_ct_us=0 verify_us=95 decap_us=0 peer_us=72 total_us=187
[timing] side=gateway pending_id=57 token=- nonce_prefix=6208c549 result=ok wait_ct_us=0 verify_us=94 decap_us=0 peer_us=86 total_us=206
[timing] side=gateway pending_id=58 token=- nonce_prefix=90431be2 result=ok wait_ct_us=0 verify_us=93 decap_us=0 peer_us=74 total_us=186
[timing] side=gateway pending_id=59 token=- nonce_prefix=df54bd79 result=ok wait_ct_us=0 verify_us=94 decap_us=0 peer_us=75 total_us=198
[timing] side=gateway pending_id=60 token=- nonce_prefix=a9a9651a result=ok wait_ct_us=0 verify_us=95 decap_us=0 peer_us=123 total_us=241
[timing] side=gateway pending_id=61 token=- nonce_prefix=3e24c03b result=ok wait_ct_us=0 verify_us=95 decap_us=0 peer_us=78 total_us=203
[timing] side=gateway pending_id=62 token=- nonce_prefix=60b88494 result=ok wait_ct_us=0 verify_us=95 decap_us=0 peer_us=77 total_us=193
[timing] side=gateway pending_id=63 token=- nonce_prefix=b1b7eb26 result=ok wait_ct_us=0 verify_us=94 decap_us=0 peer_us=71 total_us=188
[timing] side=gateway pending_id=64 token=- nonce_prefix=165010d2 result=ok wait_ct_us=0 verify_us=94 decap_us=0 peer_us=82 total_us=196
[timing] side=gateway pending_id=65 token=- nonce_prefix=e46e4c15 result=ok wait_ct_us=0 verify_us=93 decap_us=0 peer_us=72 total_us=191
[timing] side=gateway pending_id=66 token=- nonce_prefix=9428eac6 result=ok wait_ct_us=0 verify_us=94 decap_us=0 peer_us=76 total_us=191
[timing] side=gateway pending_id=67 token=- nonce_prefix=e838fb0e result=ok wait_ct_us=0 verify_us=94 decap_us=0 peer_us=73 total_us=193
[timing] side=gateway pending_id=68 token=- nonce_prefix=3b729fde result=ok wait_ct_us=0 verify_us=96 decap_us=0 peer_us=79 total_us=196
[timing] side=gateway pending_id=69 token=- nonce_prefix=d6a80bd4 result=ok wait_ct_us=0 verify_us=95 decap_us=0 peer_us=129 total_us=252
[timing] side=gateway pending_id=70 token=- nonce_prefix=ff0c0eeb result=ok wait_ct_us=0 verify_us=140 decap_us=0 peer_us=82 total_us=244
[timing] side=gateway pending_id=71 token=- nonce_prefix=1ef85ae2 result=ok wait_ct_us=0 verify_us=95 decap_us=0 peer_us=74 total_us=192
[timing] side=gateway pending_id=72 token=- nonce_prefix=c08a86c3 result=ok wait_ct_us=0 verify_us=94 decap_us=0 peer_us=72 total_us=185
[timing] side=gateway pending_id=73 token=- nonce_prefix=e89a105b result=ok wait_ct_us=0 verify_us=94 decap_us=0 peer_us=72 total_us=188
[timing] side=gateway pending_id=74 token=- nonce_prefix=f2a9f255 result=ok wait_ct_us=0 verify_us=95 decap_us=0 peer_us=73 total_us=186
[timing] side=gateway pending_id=75 token=- nonce_prefix=38658dcb result=ok wait_ct_us=0 verify_us=93 decap_us=0 peer_us=72 total_us=189
[timing] side=gateway pending_id=76 token=- nonce_prefix=dd877f74 result=ok wait_ct_us=0 verify_us=94 decap_us=0 peer_us=72 total_us=190
[timing] side=gateway pending_id=77 token=- nonce_prefix=e9b9caac result=ok wait_ct_us=0 verify_us=95 decap_us=0 peer_us=125 total_us=241
[timing] side=gateway pending_id=78 token=- nonce_prefix=1b3f9ad5 result=ok wait_ct_us=0 verify_us=95 decap_us=0 peer_us=80 total_us=203
[timing] side=gateway pending_id=79 token=- nonce_prefix=b4eb0b06 result=ok wait_ct_us=0 verify_us=95 decap_us=0 peer_us=76 total_us=190
[timing] side=gateway pending_id=80 token=- nonce_prefix=bbec91e3 result=ok wait_ct_us=0 verify_us=95 decap_us=0 peer_us=73 total_us=191
[timing] side=gateway pending_id=81 token=- nonce_prefix=f6afb53e result=ok wait_ct_us=0 verify_us=94 decap_us=0 peer_us=119 total_us=232
[timing] side=gateway pending_id=82 token=- nonce_prefix=a54bd2f1 result=ok wait_ct_us=0 verify_us=94 decap_us=0 peer_us=74 total_us=191
[timing] side=gateway pending_id=83 token=- nonce_prefix=38a54861 result=ok wait_ct_us=0 verify_us=94 decap_us=0 peer_us=72 total_us=185
[timing] side=gateway pending_id=84 token=- nonce_prefix=ee4af165 result=ok wait_ct_us=0 verify_us=95 decap_us=0 peer_us=73 total_us=190
[timing] side=gateway pending_id=85 token=- nonce_prefix=c8207786 result=ok wait_ct_us=0 verify_us=94 decap_us=0 peer_us=85 total_us=200
[timing] side=gateway pending_id=86 token=- nonce_prefix=977a2983 result=ok wait_ct_us=0 verify_us=96 decap_us=0 peer_us=79 total_us=201
[timing] side=gateway pending_id=87 token=- nonce_prefix=9de96a64 result=ok wait_ct_us=0 verify_us=96 decap_us=0 peer_us=147 total_us=265
[timing] side=gateway pending_id=88 token=- nonce_prefix=bc459199 result=ok wait_ct_us=0 verify_us=95 decap_us=0 peer_us=75 total_us=193
[timing] side=gateway pending_id=89 token=- nonce_prefix=0631cd07 result=ok wait_ct_us=0 verify_us=94 decap_us=0 peer_us=76 total_us=191
[timing] side=gateway pending_id=90 token=- nonce_prefix=384e4725 result=ok wait_ct_us=0 verify_us=94 decap_us=0 peer_us=73 total_us=190
[timing] side=gateway pending_id=91 token=- nonce_prefix=e8cc2b91 result=ok wait_ct_us=0 verify_us=94 decap_us=0 peer_us=71 total_us=185
[timing] side=gateway pending_id=92 token=- nonce_prefix=e70b9c29 result=ok wait_ct_us=0 verify_us=94 decap_us=0 peer_us=74 total_us=194
[timing] side=gateway pending_id=93 token=- nonce_prefix=302b990d result=ok wait_ct_us=0 verify_us=101 decap_us=0 peer_us=75 total_us=201
[timing] side=gateway pending_id=94 token=- nonce_prefix=b2587560 result=ok wait_ct_us=0 verify_us=96 decap_us=0 peer_us=81 total_us=205
[timing] side=gateway pending_id=95 token=- nonce_prefix=89f8bb36 result=ok wait_ct_us=0 verify_us=96 decap_us=0 peer_us=84 total_us=203
[timing] side=gateway pending_id=96 token=- nonce_prefix=342b7c50 result=ok wait_ct_us=0 verify_us=96 decap_us=0 peer_us=122 total_us=243
[timing] side=gateway pending_id=97 token=- nonce_prefix=0c1d0d80 result=ok wait_ct_us=0 verify_us=95 decap_us=0 peer_us=75 total_us=191
[timing] side=gateway pending_id=98 token=- nonce_prefix=58576f0e result=ok wait_ct_us=0 verify_us=95 decap_us=0 peer_us=73 total_us=193
[timing] side=gateway pending_id=99 token=- nonce_prefix=90c43e41 result=ok wait_ct_us=0 verify_us=94 decap_us=0 peer_us=72 total_us=185
[timing] side=gateway pending_id=100 token=- nonce_prefix=3802636f result=ok wait_ct_us=0 verify_us=147 decap_us=0 peer_us=76 total_us=245
[timing] side=gateway pending_id=101 token=- nonce_prefix=c2a02526 result=ok wait_ct_us=0 verify_us=94 decap_us=0 peer_us=72 total_us=185
Stopping wgzk daemon (gateway)...
wgzk.service: Deactivated successfully.
Stopped wgzk daemon (gateway).
Started wgzk daemon (gateway).
[daemon] Starting
[mlkem_channel] TLS listener on TCP :51821
[gateway] mode=0x02 epoch=1 previous_epoch=no iface=wg1r installer=netlink
[gateway] adopted 0 existing peer(s) of wg1r; 0 in the table, WGZK_PEER_MAX=4096
[gateway] joined wgzk events, ns=net:[4026531840]
[mlkem_channel] ciphertext buffered token=1216563493 nonce_prefix=ab73b91b
[timing] side=gateway pending_id=1 token=1216563493 nonce_prefix=ab73b91b result=ok wait_ct_us=1 verify_us=175 decap_us=95 peer_us=84 total_us=387
[mlkem_channel] ciphertext buffered token=3076652339 nonce_prefix=b8822618
[timing] side=gateway pending_id=2 token=3076652339 nonce_prefix=b8822618 result=ok wait_ct_us=2 verify_us=112 decap_us=90 peer_us=80 total_us=301
[mlkem_channel] ciphertext buffered token=3080119904 nonce_prefix=c30098d0
[timing] side=gateway pending_id=3 token=3080119904 nonce_prefix=c30098d0 result=ok wait_ct_us=1 verify_us=97 decap_us=90 peer_us=77 total_us=291
[mlkem_channel] ciphertext buffered token=2399013969 nonce_prefix=f961fefc
[timing] side=gateway pending_id=4 token=2399013969 nonce_prefix=f961fefc result=ok wait_ct_us=1 verify_us=96 decap_us=108 peer_us=79 total_us=315
[mlkem_channel] ciphertext buffered token=2532604490 nonce_prefix=cff578df
[timing] side=gateway pending_id=5 token=2532604490 nonce_prefix=cff578df result=ok wait_ct_us=1 verify_us=179 decap_us=91 peer_us=80 total_us=375
[mlkem_channel] ciphertext buffered token=2987963358 nonce_prefix=783063b6
[timing] side=gateway pending_id=6 token=2987963358 nonce_prefix=783063b6 result=ok wait_ct_us=74 verify_us=99 decap_us=90 peer_us=76 total_us=364
[mlkem_channel] ciphertext buffered token=4306626 nonce_prefix=fdb1a42a
[timing] side=gateway pending_id=7 token=4306626 nonce_prefix=fdb1a42a result=ok wait_ct_us=2 verify_us=95 decap_us=108 peer_us=74 total_us=299
[mlkem_channel] ciphertext buffered token=245654816 nonce_prefix=e39bec79
[timing] side=gateway pending_id=8 token=245654816 nonce_prefix=e39bec79 result=ok wait_ct_us=1 verify_us=96 decap_us=89 peer_us=72 total_us=280
[mlkem_channel] ciphertext buffered token=1613483143 nonce_prefix=c12c28c4
[timing] side=gateway pending_id=9 token=1613483143 nonce_prefix=c12c28c4 result=ok wait_ct_us=1 verify_us=95 decap_us=106 peer_us=72 total_us=301
[mlkem_channel] ciphertext buffered token=2457565906 nonce_prefix=f088e2e9
[timing] side=gateway pending_id=10 token=2457565906 nonce_prefix=f088e2e9 result=ok wait_ct_us=1 verify_us=96 decap_us=90 peer_us=126 total_us=334
[mlkem_channel] ciphertext buffered token=1374560365 nonce_prefix=cedf406c
[timing] side=gateway pending_id=11 token=1374560365 nonce_prefix=cedf406c result=ok wait_ct_us=2 verify_us=118 decap_us=88 peer_us=73 total_us=305
[mlkem_channel] ciphertext buffered token=1535997627 nonce_prefix=7342ebdd
[timing] side=gateway pending_id=12 token=1535997627 nonce_prefix=7342ebdd result=ok wait_ct_us=1 verify_us=99 decap_us=89 peer_us=79 total_us=303
[mlkem_channel] ciphertext buffered token=874929755 nonce_prefix=641d9f16
[timing] side=gateway pending_id=13 token=874929755 nonce_prefix=641d9f16 result=ok wait_ct_us=1 verify_us=97 decap_us=91 peer_us=80 total_us=403
[mlkem_channel] ciphertext buffered token=1704797660 nonce_prefix=33e6c2b3
[timing] side=gateway pending_id=14 token=1704797660 nonce_prefix=33e6c2b3 result=ok wait_ct_us=2 verify_us=96 decap_us=91 peer_us=79 total_us=301
[mlkem_channel] ciphertext buffered token=1650521246 nonce_prefix=1975c51f
[timing] side=gateway pending_id=15 token=1650521246 nonce_prefix=1975c51f result=ok wait_ct_us=1 verify_us=120 decap_us=90 peer_us=75 total_us=310
[mlkem_channel] ciphertext buffered token=3349413953 nonce_prefix=af1c43ea
[timing] side=gateway pending_id=16 token=3349413953 nonce_prefix=af1c43ea result=ok wait_ct_us=1 verify_us=95 decap_us=90 peer_us=73 total_us=301
[mlkem_channel] ciphertext buffered token=583881017 nonce_prefix=3e5f00b0
[timing] side=gateway pending_id=17 token=583881017 nonce_prefix=3e5f00b0 result=ok wait_ct_us=1 verify_us=110 decap_us=142 peer_us=83 total_us=390
[mlkem_channel] ciphertext buffered token=2295037938 nonce_prefix=e8ab8146
[timing] side=gateway pending_id=18 token=2295037938 nonce_prefix=e8ab8146 result=ok wait_ct_us=1 verify_us=109 decap_us=90 peer_us=72 total_us=318
[mlkem_channel] ciphertext buffered token=1606091029 nonce_prefix=e3401dca
[timing] side=gateway pending_id=19 token=1606091029 nonce_prefix=e3401dca result=ok wait_ct_us=2 verify_us=95 decap_us=89 peer_us=71 total_us=302
[mlkem_channel] ciphertext buffered token=2743420926 nonce_prefix=a59d9f8c
[timing] side=gateway pending_id=20 token=2743420926 nonce_prefix=a59d9f8c result=ok wait_ct_us=1 verify_us=112 decap_us=140 peer_us=109 total_us=410
[mlkem_channel] ciphertext buffered token=3710681785 nonce_prefix=cb3eb70b
[timing] side=gateway pending_id=21 token=3710681785 nonce_prefix=cb3eb70b result=ok wait_ct_us=1 verify_us=97 decap_us=89 peer_us=79 total_us=314
[mlkem_channel] ciphertext buffered token=4288230690 nonce_prefix=f48cb219
[timing] side=gateway pending_id=22 token=4288230690 nonce_prefix=f48cb219 result=ok wait_ct_us=2 verify_us=96 decap_us=91 peer_us=84 total_us=342
[mlkem_channel] ciphertext buffered token=622325306 nonce_prefix=f0656ecf
[timing] side=gateway pending_id=23 token=622325306 nonce_prefix=f0656ecf result=ok wait_ct_us=2 verify_us=120 decap_us=91 peer_us=77 total_us=309
[mlkem_channel] ciphertext buffered token=1088114409 nonce_prefix=a525d35d
[timing] side=gateway pending_id=24 token=1088114409 nonce_prefix=a525d35d result=ok wait_ct_us=1 verify_us=110 decap_us=92 peer_us=76 total_us=299
[mlkem_channel] ciphertext buffered token=2145530257 nonce_prefix=4fcff7a2
[timing] side=gateway pending_id=25 token=2145530257 nonce_prefix=4fcff7a2 result=ok wait_ct_us=1 verify_us=164 decap_us=90 peer_us=75 total_us=350
[mlkem_channel] ciphertext buffered token=336872306 nonce_prefix=fb96be15
[timing] side=gateway pending_id=26 token=336872306 nonce_prefix=fb96be15 result=ok wait_ct_us=1 verify_us=110 decap_us=90 peer_us=72 total_us=345
[mlkem_channel] ciphertext buffered token=3282181619 nonce_prefix=60587507
[timing] side=gateway pending_id=27 token=3282181619 nonce_prefix=60587507 result=ok wait_ct_us=1 verify_us=95 decap_us=90 peer_us=72 total_us=369
[mlkem_channel] ciphertext buffered token=1193919679 nonce_prefix=9252053e
[timing] side=gateway pending_id=28 token=1193919679 nonce_prefix=9252053e result=ok wait_ct_us=2 verify_us=145 decap_us=97 peer_us=73 total_us=363
[mlkem_channel] ciphertext buffered token=3784827870 nonce_prefix=b3140de0
[timing] side=gateway pending_id=29 token=3784827870 nonce_prefix=b3140de0 result=ok wait_ct_us=1 verify_us=97 decap_us=91 peer_us=79 total_us=321
[mlkem_channel] ciphertext buffered token=1227363788 nonce_prefix=a8305c99
[timing] side=gateway pending_id=30 token=1227363788 nonce_prefix=a8305c99 result=ok wait_ct_us=1 verify_us=97 decap_us=91 peer_us=79 total_us=308
[mlkem_channel] ciphertext buffered token=346200187 nonce_prefix=443caea4
[timing] side=gateway pending_id=31 token=346200187 nonce_prefix=443caea4 result=ok wait_ct_us=1 verify_us=98 decap_us=91 peer_us=77 total_us=323
[mlkem_channel] ciphertext buffered token=1139766439 nonce_prefix=225f9ed9
[timing] side=gateway pending_id=32 token=1139766439 nonce_prefix=225f9ed9 result=ok wait_ct_us=1 verify_us=96 decap_us=91 peer_us=73 total_us=284
[mlkem_channel] ciphertext buffered token=3475249900 nonce_prefix=32b562b3
[timing] side=gateway pending_id=33 token=3475249900 nonce_prefix=32b562b3 result=ok wait_ct_us=1 verify_us=147 decap_us=97 peer_us=74 total_us=366
[mlkem_channel] ciphertext buffered token=979570513 nonce_prefix=4c13409b
[timing] side=gateway pending_id=34 token=979570513 nonce_prefix=4c13409b result=ok wait_ct_us=1 verify_us=108 decap_us=90 peer_us=72 total_us=293
[mlkem_channel] ciphertext buffered token=3925120982 nonce_prefix=5adab210
[timing] side=gateway pending_id=35 token=3925120982 nonce_prefix=5adab210 result=ok wait_ct_us=1 verify_us=94 decap_us=153 peer_us=80 total_us=374
[mlkem_channel] ciphertext buffered token=562952606 nonce_prefix=e0c9498c
[timing] side=gateway pending_id=36 token=562952606 nonce_prefix=e0c9498c result=ok wait_ct_us=1 verify_us=111 decap_us=90 peer_us=72 total_us=320
[mlkem_channel] ciphertext buffered token=811367638 nonce_prefix=44ab176a
[timing] side=gateway pending_id=37 token=811367638 nonce_prefix=44ab176a result=ok wait_ct_us=1 verify_us=96 decap_us=90 peer_us=74 total_us=281
[mlkem_channel] ciphertext buffered token=3791980342 nonce_prefix=1a86675d
[timing] side=gateway pending_id=38 token=3791980342 nonce_prefix=1a86675d result=ok wait_ct_us=2 verify_us=97 decap_us=131 peer_us=78 total_us=327
[mlkem_channel] ciphertext buffered token=2304319941 nonce_prefix=6dd7620a
[timing] side=gateway pending_id=39 token=2304319941 nonce_prefix=6dd7620a result=ok wait_ct_us=2 verify_us=163 decap_us=125 peer_us=82 total_us=392
[mlkem_channel] ciphertext buffered token=4242603292 nonce_prefix=f05a273b
[timing] side=gateway pending_id=40 token=4242603292 nonce_prefix=f05a273b result=ok wait_ct_us=1 verify_us=119 decap_us=90 peer_us=77 total_us=309
[mlkem_channel] ciphertext buffered token=247111492 nonce_prefix=ebeae00f
[timing] side=gateway pending_id=41 token=247111492 nonce_prefix=ebeae00f result=ok wait_ct_us=2 verify_us=140 decap_us=100 peer_us=76 total_us=384
[mlkem_channel] ciphertext buffered token=1234675447 nonce_prefix=dea39dd1
[timing] side=gateway pending_id=42 token=1234675447 nonce_prefix=dea39dd1 result=ok wait_ct_us=1 verify_us=109 decap_us=90 peer_us=74 total_us=367
[mlkem_channel] ciphertext buffered token=3498715034 nonce_prefix=600301e4
[timing] side=gateway pending_id=43 token=3498715034 nonce_prefix=600301e4 result=ok wait_ct_us=1 verify_us=128 decap_us=91 peer_us=84 total_us=389
[mlkem_channel] ciphertext buffered token=3241260304 nonce_prefix=0a197cf1
[timing] side=gateway pending_id=44 token=3241260304 nonce_prefix=0a197cf1 result=ok wait_ct_us=1 verify_us=95 decap_us=104 peer_us=70 total_us=288
[mlkem_channel] ciphertext buffered token=1362522665 nonce_prefix=e5784979
[timing] side=gateway pending_id=45 token=1362522665 nonce_prefix=e5784979 result=ok wait_ct_us=1 verify_us=156 decap_us=97 peer_us=71 total_us=344
[mlkem_channel] ciphertext buffered token=2514752773 nonce_prefix=63544ddd
[timing] side=gateway pending_id=46 token=2514752773 nonce_prefix=63544ddd result=ok wait_ct_us=1 verify_us=111 decap_us=90 peer_us=71 total_us=292
[mlkem_channel] ciphertext buffered token=1793032356 nonce_prefix=1e4c288a
[timing] side=gateway pending_id=47 token=1793032356 nonce_prefix=1e4c288a result=ok wait_ct_us=1 verify_us=96 decap_us=102 peer_us=122 total_us=341
[mlkem_channel] ciphertext buffered token=1022546489 nonce_prefix=3b205dd2
[timing] side=gateway pending_id=48 token=1022546489 nonce_prefix=3b205dd2 result=ok wait_ct_us=2 verify_us=97 decap_us=90 peer_us=76 total_us=330
[mlkem_channel] ciphertext buffered token=3261679287 nonce_prefix=ccac6683
[timing] side=gateway pending_id=49 token=3261679287 nonce_prefix=ccac6683 result=ok wait_ct_us=1 verify_us=97 decap_us=92 peer_us=78 total_us=323
[mlkem_channel] ciphertext buffered token=4233294181 nonce_prefix=2119755f
[timing] side=gateway pending_id=50 token=4233294181 nonce_prefix=2119755f result=ok wait_ct_us=1 verify_us=112 decap_us=91 peer_us=75 total_us=324
[mlkem_channel] ciphertext buffered token=3535682446 nonce_prefix=8f8f8b12
[timing] side=gateway pending_id=51 token=3535682446 nonce_prefix=8f8f8b12 result=ok wait_ct_us=1 verify_us=96 decap_us=91 peer_us=74 total_us=303
[mlkem_channel] ciphertext buffered token=3803934592 nonce_prefix=3f585ea3
[timing] side=gateway pending_id=52 token=3803934592 nonce_prefix=3f585ea3 result=ok wait_ct_us=1 verify_us=95 decap_us=91 peer_us=72 total_us=298
[mlkem_channel] ciphertext buffered token=3161264756 nonce_prefix=69e8bcff
[timing] side=gateway pending_id=53 token=3161264756 nonce_prefix=69e8bcff result=ok wait_ct_us=1 verify_us=160 decap_us=121 peer_us=75 total_us=398
[mlkem_channel] ciphertext buffered token=2680870497 nonce_prefix=6ee8e98d
[timing] side=gateway pending_id=54 token=2680870497 nonce_prefix=6ee8e98d result=ok wait_ct_us=1 verify_us=117 decap_us=90 peer_us=74 total_us=381
[mlkem_channel] ciphertext buffered token=266429417 nonce_prefix=995e41aa
[timing] side=gateway pending_id=55 token=266429417 nonce_prefix=995e41aa result=ok wait_ct_us=1 verify_us=142 decap_us=90 peer_us=76 total_us=380
[mlkem_channel] ciphertext buffered token=3931692033 nonce_prefix=aafbed33
[timing] side=gateway pending_id=56 token=3931692033 nonce_prefix=aafbed33 result=ok wait_ct_us=1 verify_us=96 decap_us=91 peer_us=78 total_us=290
[mlkem_channel] ciphertext buffered token=4122677482 nonce_prefix=9b94b194
[timing] side=gateway pending_id=57 token=4122677482 nonce_prefix=9b94b194 result=ok wait_ct_us=2 verify_us=97 decap_us=94 peer_us=85 total_us=321
[mlkem_channel] ciphertext buffered token=2946905389 nonce_prefix=cc65705f
[timing] side=gateway pending_id=58 token=2946905389 nonce_prefix=cc65705f result=ok wait_ct_us=2 verify_us=110 decap_us=92 peer_us=77 total_us=307
[mlkem_channel] ciphertext buffered token=869161913 nonce_prefix=614ac6d7
[timing] side=gateway pending_id=59 token=869161913 nonce_prefix=614ac6d7 result=ok wait_ct_us=1 verify_us=158 decap_us=98 peer_us=75 total_us=355
[mlkem_channel] ciphertext buffered token=352982845 nonce_prefix=8be7f1d3
[timing] side=gateway pending_id=60 token=352982845 nonce_prefix=8be7f1d3 result=ok wait_ct_us=1 verify_us=138 decap_us=111 peer_us=74 total_us=364
[mlkem_channel] ciphertext buffered token=1892612710 nonce_prefix=cb2fb47f
[timing] side=gateway pending_id=61 token=1892612710 nonce_prefix=cb2fb47f result=ok wait_ct_us=1 verify_us=95 decap_us=89 peer_us=86 total_us=314
[mlkem_channel] ciphertext buffered token=2613811405 nonce_prefix=9696a696
[timing] side=gateway pending_id=62 token=2613811405 nonce_prefix=9696a696 result=ok wait_ct_us=2 verify_us=110 decap_us=89 peer_us=70 total_us=291
[mlkem_channel] ciphertext buffered token=1191568489 nonce_prefix=1f83690a
[timing] side=gateway pending_id=63 token=1191568489 nonce_prefix=1f83690a result=ok wait_ct_us=1 verify_us=110 decap_us=90 peer_us=73 total_us=296
[mlkem_channel] ciphertext buffered token=1107109444 nonce_prefix=da91e5c7
[timing] side=gateway pending_id=64 token=1107109444 nonce_prefix=da91e5c7 result=ok wait_ct_us=1 verify_us=161 decap_us=89 peer_us=88 total_us=361
[mlkem_channel] ciphertext buffered token=3587869763 nonce_prefix=774c6fc2
[timing] side=gateway pending_id=65 token=3587869763 nonce_prefix=774c6fc2 result=ok wait_ct_us=2 verify_us=289 decap_us=161 peer_us=89 total_us=566
[mlkem_channel] ciphertext buffered token=1026266977 nonce_prefix=f08ac38f
[timing] side=gateway pending_id=66 token=1026266977 nonce_prefix=f08ac38f result=ok wait_ct_us=2 verify_us=104 decap_us=92 peer_us=78 total_us=299
[mlkem_channel] ciphertext buffered token=3545559442 nonce_prefix=b4b29e44
[timing] side=gateway pending_id=67 token=3545559442 nonce_prefix=b4b29e44 result=ok wait_ct_us=2 verify_us=97 decap_us=91 peer_us=129 total_us=381
[mlkem_channel] ciphertext buffered token=3778999171 nonce_prefix=d061fdde
[timing] side=gateway pending_id=68 token=3778999171 nonce_prefix=d061fdde result=ok wait_ct_us=2 verify_us=106 decap_us=90 peer_us=74 total_us=336
[mlkem_channel] ciphertext buffered token=3930863685 nonce_prefix=2ef6feb4
[timing] side=gateway pending_id=69 token=3930863685 nonce_prefix=2ef6feb4 result=ok wait_ct_us=1 verify_us=96 decap_us=91 peer_us=72 total_us=280
[mlkem_channel] ciphertext buffered token=1362625599 nonce_prefix=247698f0
[timing] side=gateway pending_id=70 token=1362625599 nonce_prefix=247698f0 result=ok wait_ct_us=1 verify_us=95 decap_us=103 peer_us=71 total_us=292
[mlkem_channel] ciphertext buffered token=1742844941 nonce_prefix=0e5948e0
[timing] side=gateway pending_id=71 token=1742844941 nonce_prefix=0e5948e0 result=ok wait_ct_us=1 verify_us=117 decap_us=90 peer_us=72 total_us=301
[mlkem_channel] ciphertext buffered token=3646577253 nonce_prefix=7b716dd4
[timing] side=gateway pending_id=72 token=3646577253 nonce_prefix=7b716dd4 result=ok wait_ct_us=1 verify_us=95 decap_us=89 peer_us=72 total_us=354
[mlkem_channel] ciphertext buffered token=819411553 nonce_prefix=eb6fe84f
[timing] side=gateway pending_id=73 token=819411553 nonce_prefix=eb6fe84f result=ok wait_ct_us=1 verify_us=111 decap_us=90 peer_us=71 total_us=315
[mlkem_channel] ciphertext buffered token=800075469 nonce_prefix=5af0422e
[timing] side=gateway pending_id=74 token=800075469 nonce_prefix=5af0422e result=ok wait_ct_us=1 verify_us=96 decap_us=91 peer_us=75 total_us=289
[mlkem_channel] ciphertext buffered token=3542495667 nonce_prefix=53f524c4
[timing] side=gateway pending_id=75 token=3542495667 nonce_prefix=53f524c4 result=ok wait_ct_us=2 verify_us=97 decap_us=156 peer_us=114 total_us=416
[mlkem_channel] ciphertext buffered token=977304396 nonce_prefix=7ce3877f
[timing] side=gateway pending_id=76 token=977304396 nonce_prefix=7ce3877f result=ok wait_ct_us=1 verify_us=111 decap_us=90 peer_us=75 total_us=321
[mlkem_channel] ciphertext buffered token=1041991746 nonce_prefix=73ec292e
[timing] side=gateway pending_id=77 token=1041991746 nonce_prefix=73ec292e result=ok wait_ct_us=1 verify_us=97 decap_us=91 peer_us=76 total_us=289
[mlkem_channel] ciphertext buffered token=2039709277 nonce_prefix=229d6c46
[timing] side=gateway pending_id=78 token=2039709277 nonce_prefix=229d6c46 result=ok wait_ct_us=2 verify_us=112 decap_us=90 peer_us=73 total_us=323
[mlkem_channel] ciphertext buffered token=2635730632 nonce_prefix=20bddb28
[timing] side=gateway pending_id=79 token=2635730632 nonce_prefix=20bddb28 result=ok wait_ct_us=2 verify_us=110 decap_us=141 peer_us=73 total_us=371
[mlkem_channel] ciphertext buffered token=1624045584 nonce_prefix=384a2953
[timing] side=gateway pending_id=80 token=1624045584 nonce_prefix=384a2953 result=ok wait_ct_us=2 verify_us=95 decap_us=106 peer_us=73 total_us=297
[mlkem_channel] ciphertext buffered token=1082328801 nonce_prefix=a746940f
[timing] side=gateway pending_id=81 token=1082328801 nonce_prefix=a746940f result=ok wait_ct_us=1 verify_us=96 decap_us=115 peer_us=75 total_us=308
[mlkem_channel] ciphertext buffered token=1160036350 nonce_prefix=6b1c19af
[timing] side=gateway pending_id=82 token=1160036350 nonce_prefix=6b1c19af result=ok wait_ct_us=1 verify_us=145 decap_us=90 peer_us=88 total_us=345
[mlkem_channel] ciphertext buffered token=2620612434 nonce_prefix=30eb14bc
[timing] side=gateway pending_id=83 token=2620612434 nonce_prefix=30eb14bc result=ok wait_ct_us=2 verify_us=96 decap_us=91 peer_us=80 total_us=293
[mlkem_channel] ciphertext buffered token=2126408391 nonce_prefix=eb910251
[timing] side=gateway pending_id=84 token=2126408391 nonce_prefix=eb910251 result=ok wait_ct_us=2 verify_us=96 decap_us=106 peer_us=82 total_us=314
[mlkem_channel] ciphertext buffered token=461351108 nonce_prefix=380738ce
[timing] side=gateway pending_id=85 token=461351108 nonce_prefix=380738ce result=ok wait_ct_us=1 verify_us=96 decap_us=105 peer_us=80 total_us=304
[mlkem_channel] ciphertext buffered token=2749065906 nonce_prefix=68fe4543
[timing] side=gateway pending_id=86 token=2749065906 nonce_prefix=68fe4543 result=ok wait_ct_us=1 verify_us=160 decap_us=121 peer_us=76 total_us=374
[mlkem_channel] ciphertext buffered token=2542383026 nonce_prefix=c8ca1e96
[timing] side=gateway pending_id=87 token=2542383026 nonce_prefix=c8ca1e96 result=ok wait_ct_us=1 verify_us=96 decap_us=104 peer_us=123 total_us=344
[mlkem_channel] ciphertext buffered token=2734095745 nonce_prefix=ed2cae5c
[timing] side=gateway pending_id=88 token=2734095745 nonce_prefix=ed2cae5c result=ok wait_ct_us=1 verify_us=95 decap_us=90 peer_us=71 total_us=279
[mlkem_channel] ciphertext buffered token=2180716100 nonce_prefix=f04fdde1
[timing] side=gateway pending_id=89 token=2180716100 nonce_prefix=f04fdde1 result=ok wait_ct_us=2 verify_us=96 decap_us=105 peer_us=72 total_us=296
[mlkem_channel] ciphertext buffered token=2696595904 nonce_prefix=dc590f53
[timing] side=gateway pending_id=90 token=2696595904 nonce_prefix=dc590f53 result=ok wait_ct_us=1 verify_us=110 decap_us=90 peer_us=75 total_us=376
[mlkem_channel] ciphertext buffered token=1664574149 nonce_prefix=c6419b18
[timing] side=gateway pending_id=91 token=1664574149 nonce_prefix=c6419b18 result=ok wait_ct_us=2 verify_us=97 decap_us=91 peer_us=132 total_us=372
[mlkem_channel] ciphertext buffered token=3412676588 nonce_prefix=d0ce0e85
[timing] side=gateway pending_id=92 token=3412676588 nonce_prefix=d0ce0e85 result=ok wait_ct_us=1 verify_us=140 decap_us=99 peer_us=82 total_us=369
[mlkem_channel] ciphertext buffered token=3329363682 nonce_prefix=bd8b9d88
[timing] side=gateway pending_id=93 token=3329363682 nonce_prefix=bd8b9d88 result=ok wait_ct_us=2 verify_us=112 decap_us=91 peer_us=76 total_us=327
[mlkem_channel] ciphertext buffered token=761818003 nonce_prefix=dcd9efa8
[timing] side=gateway pending_id=94 token=761818003 nonce_prefix=dcd9efa8 result=ok wait_ct_us=2 verify_us=96 decap_us=91 peer_us=76 total_us=314
[mlkem_channel] ciphertext buffered token=1076170402 nonce_prefix=966e9cff
[timing] side=gateway pending_id=95 token=1076170402 nonce_prefix=966e9cff result=ok wait_ct_us=1 verify_us=96 decap_us=91 peer_us=71 total_us=280
[mlkem_channel] ciphertext buffered token=1397477173 nonce_prefix=03ef76b4
[timing] side=gateway pending_id=96 token=1397477173 nonce_prefix=03ef76b4 result=ok wait_ct_us=1 verify_us=111 decap_us=90 peer_us=72 total_us=295
[mlkem_channel] ciphertext buffered token=2210819218 nonce_prefix=24bb2ea5
[timing] side=gateway pending_id=97 token=2210819218 nonce_prefix=24bb2ea5 result=ok wait_ct_us=1 verify_us=96 decap_us=154 peer_us=74 total_us=347
[mlkem_channel] ciphertext buffered token=3394364207 nonce_prefix=63fa5ce8
[timing] side=gateway pending_id=98 token=3394364207 nonce_prefix=63fa5ce8 result=ok wait_ct_us=1 verify_us=96 decap_us=90 peer_us=117 total_us=322
[mlkem_channel] ciphertext buffered token=1365598914 nonce_prefix=6131bd72
[timing] side=gateway pending_id=99 token=1365598914 nonce_prefix=6131bd72 result=ok wait_ct_us=1 verify_us=95 decap_us=89 peer_us=74 total_us=281
[mlkem_channel] ciphertext buffered token=3000166045 nonce_prefix=9082d317
[timing] side=gateway pending_id=100 token=3000166045 nonce_prefix=9082d317 result=ok wait_ct_us=2 verify_us=97 decap_us=91 peer_us=76 total_us=325
[mlkem_channel] ciphertext buffered token=2369525657 nonce_prefix=70d6bfe5
[timing] side=gateway pending_id=101 token=2369525657 nonce_prefix=70d6bfe5 result=ok wait_ct_us=2 verify_us=96 decap_us=92 peer_us=79 total_us=315
Stopping wgzk daemon (gateway)...
wgzk.service: Deactivated successfully.
Stopped wgzk daemon (gateway).
Started wgzk daemon (gateway).
[daemon] Starting
[gateway] mode=0x01 epoch=1 previous_epoch=no iface=wg1r installer=netlink
[gateway] adopted 0 existing peer(s) of wg1r; 0 in the table, WGZK_PEER_MAX=4096
[gateway] joined wgzk events, ns=net:[4026531840]
[timing] side=gateway pending_id=1 token=- nonce_prefix=e20a3ae3 result=ok wait_ct_us=0 verify_us=165 decap_us=0 peer_us=118 total_us=309
[timing] side=gateway pending_id=2 token=- nonce_prefix=00c5b5aa result=ok wait_ct_us=0 verify_us=95 decap_us=0 peer_us=90 total_us=215
[timing] side=gateway pending_id=3 token=- nonce_prefix=55e1e4b3 result=ok wait_ct_us=0 verify_us=95 decap_us=0 peer_us=74 total_us=189
[timing] side=gateway pending_id=4 token=- nonce_prefix=26d54ac2 result=ok wait_ct_us=0 verify_us=95 decap_us=0 peer_us=81 total_us=215
[timing] side=gateway pending_id=5 token=- nonce_prefix=04479a5a result=ok wait_ct_us=0 verify_us=95 decap_us=0 peer_us=79 total_us=203
[timing] side=gateway pending_id=6 token=- nonce_prefix=6c5348a0 result=ok wait_ct_us=0 verify_us=95 decap_us=0 peer_us=79 total_us=232
[timing] side=gateway pending_id=7 token=- nonce_prefix=bd1395de result=ok wait_ct_us=0 verify_us=95 decap_us=0 peer_us=75 total_us=195
[timing] side=gateway pending_id=8 token=- nonce_prefix=33e8d291 result=ok wait_ct_us=0 verify_us=94 decap_us=0 peer_us=76 total_us=210
[timing] side=gateway pending_id=9 token=- nonce_prefix=2998b214 result=ok wait_ct_us=0 verify_us=107 decap_us=0 peer_us=76 total_us=203
[timing] side=gateway pending_id=10 token=- nonce_prefix=6617f9ce result=ok wait_ct_us=0 verify_us=96 decap_us=0 peer_us=79 total_us=201
[timing] side=gateway pending_id=11 token=- nonce_prefix=c68cef21 result=ok wait_ct_us=0 verify_us=96 decap_us=0 peer_us=75 total_us=200
[timing] side=gateway pending_id=12 token=- nonce_prefix=d39735a3 result=ok wait_ct_us=0 verify_us=95 decap_us=0 peer_us=74 total_us=197
[timing] side=gateway pending_id=13 token=- nonce_prefix=ca1396d0 result=ok wait_ct_us=0 verify_us=133 decap_us=0 peer_us=73 total_us=230
[timing] side=gateway pending_id=14 token=- nonce_prefix=28bd3e9c result=ok wait_ct_us=0 verify_us=131 decap_us=0 peer_us=73 total_us=229
[timing] side=gateway pending_id=15 token=- nonce_prefix=dd37354c result=ok wait_ct_us=0 verify_us=94 decap_us=0 peer_us=84 total_us=212
[timing] side=gateway pending_id=16 token=- nonce_prefix=6a8fd6de result=ok wait_ct_us=0 verify_us=114 decap_us=0 peer_us=72 total_us=211
[timing] side=gateway pending_id=17 token=- nonce_prefix=b581952d result=ok wait_ct_us=0 verify_us=103 decap_us=0 peer_us=73 total_us=194
[timing] side=gateway pending_id=18 token=- nonce_prefix=3e617841 result=ok wait_ct_us=0 verify_us=95 decap_us=0 peer_us=77 total_us=197
[timing] side=gateway pending_id=19 token=- nonce_prefix=d5e5dbf4 result=ok wait_ct_us=0 verify_us=96 decap_us=0 peer_us=78 total_us=197
[timing] side=gateway pending_id=20 token=- nonce_prefix=eaf41f0f result=ok wait_ct_us=0 verify_us=95 decap_us=0 peer_us=74 total_us=194
[timing] side=gateway pending_id=21 token=- nonce_prefix=c54458fe result=ok wait_ct_us=0 verify_us=95 decap_us=0 peer_us=73 total_us=188
[timing] side=gateway pending_id=22 token=- nonce_prefix=25bb0659 result=ok wait_ct_us=0 verify_us=95 decap_us=0 peer_us=88 total_us=205
[timing] side=gateway pending_id=23 token=- nonce_prefix=e219202d result=ok wait_ct_us=0 verify_us=94 decap_us=0 peer_us=73 total_us=185
[timing] side=gateway pending_id=24 token=- nonce_prefix=43fb9372 result=ok wait_ct_us=0 verify_us=95 decap_us=0 peer_us=73 total_us=191
[timing] side=gateway pending_id=25 token=- nonce_prefix=8c2bee9c result=ok wait_ct_us=0 verify_us=132 decap_us=0 peer_us=76 total_us=229
[timing] side=gateway pending_id=26 token=- nonce_prefix=9a7362b8 result=ok wait_ct_us=0 verify_us=94 decap_us=0 peer_us=81 total_us=200
[timing] side=gateway pending_id=27 token=- nonce_prefix=6fed0dca result=ok wait_ct_us=0 verify_us=112 decap_us=0 peer_us=79 total_us=215
[timing] side=gateway pending_id=28 token=- nonce_prefix=0ad6cf5c result=ok wait_ct_us=0 verify_us=95 decap_us=0 peer_us=86 total_us=211
[timing] side=gateway pending_id=29 token=- nonce_prefix=46c7c79b result=ok wait_ct_us=0 verify_us=94 decap_us=0 peer_us=90 total_us=228
[timing] side=gateway pending_id=30 token=- nonce_prefix=46a92a91 result=ok wait_ct_us=0 verify_us=95 decap_us=0 peer_us=85 total_us=200
[timing] side=gateway pending_id=31 token=- nonce_prefix=0605b561 result=ok wait_ct_us=0 verify_us=130 decap_us=0 peer_us=73 total_us=229
[timing] side=gateway pending_id=32 token=- nonce_prefix=182f6abb result=ok wait_ct_us=0 verify_us=95 decap_us=0 peer_us=88 total_us=202
[timing] side=gateway pending_id=33 token=- nonce_prefix=c51f6deb result=ok wait_ct_us=0 verify_us=95 decap_us=0 peer_us=82 total_us=212
[timing] side=gateway pending_id=34 token=- nonce_prefix=647e41b7 result=ok wait_ct_us=0 verify_us=135 decap_us=0 peer_us=75 total_us=230
[timing] side=gateway pending_id=35 token=- nonce_prefix=1cc9b384 result=ok wait_ct_us=0 verify_us=95 decap_us=0 peer_us=90 total_us=212
[timing] side=gateway pending_id=36 token=- nonce_prefix=d7514b95 result=ok wait_ct_us=0 verify_us=95 decap_us=0 peer_us=82 total_us=222
[timing] side=gateway pending_id=37 token=- nonce_prefix=f3bc0ab4 result=ok wait_ct_us=0 verify_us=131 decap_us=0 peer_us=83 total_us=243
[timing] side=gateway pending_id=38 token=- nonce_prefix=de77ebe6 result=ok wait_ct_us=0 verify_us=127 decap_us=0 peer_us=80 total_us=228
[timing] side=gateway pending_id=39 token=- nonce_prefix=e9e4f0d8 result=ok wait_ct_us=0 verify_us=94 decap_us=0 peer_us=83 total_us=199
[timing] side=gateway pending_id=40 token=- nonce_prefix=6777e4a8 result=ok wait_ct_us=0 verify_us=95 decap_us=0 peer_us=75 total_us=190
[timing] side=gateway pending_id=41 token=- nonce_prefix=5bcf7afd result=ok wait_ct_us=0 verify_us=95 decap_us=0 peer_us=72 total_us=191
[timing] side=gateway pending_id=42 token=- nonce_prefix=5e3d8a56 result=ok wait_ct_us=0 verify_us=94 decap_us=0 peer_us=75 total_us=193
[timing] side=gateway pending_id=43 token=- nonce_prefix=881d2b3a result=ok wait_ct_us=0 verify_us=94 decap_us=0 peer_us=122 total_us=242
[timing] side=gateway pending_id=44 token=- nonce_prefix=848adaa1 result=ok wait_ct_us=0 verify_us=134 decap_us=0 peer_us=73 total_us=230
[timing] side=gateway pending_id=45 token=- nonce_prefix=4b47ca38 result=ok wait_ct_us=0 verify_us=136 decap_us=0 peer_us=81 total_us=241
[timing] side=gateway pending_id=46 token=- nonce_prefix=fb99a61a result=ok wait_ct_us=0 verify_us=95 decap_us=0 peer_us=79 total_us=203
[timing] side=gateway pending_id=47 token=- nonce_prefix=8b8f82f0 result=ok wait_ct_us=0 verify_us=95 decap_us=0 peer_us=77 total_us=192
[timing] side=gateway pending_id=48 token=- nonce_prefix=8b86edeb result=ok wait_ct_us=0 verify_us=94 decap_us=0 peer_us=74 total_us=193
[timing] side=gateway pending_id=49 token=- nonce_prefix=b90a59d4 result=ok wait_ct_us=0 verify_us=95 decap_us=0 peer_us=74 total_us=187
[timing] side=gateway pending_id=50 token=- nonce_prefix=78a1c870 result=ok wait_ct_us=0 verify_us=95 decap_us=0 peer_us=73 total_us=198
[timing] side=gateway pending_id=51 token=- nonce_prefix=1a3d318d result=ok wait_ct_us=0 verify_us=95 decap_us=0 peer_us=75 total_us=194
[timing] side=gateway pending_id=52 token=- nonce_prefix=2c790f71 result=ok wait_ct_us=0 verify_us=123 decap_us=0 peer_us=82 total_us=225
[timing] side=gateway pending_id=53 token=- nonce_prefix=cdfbe78d result=ok wait_ct_us=0 verify_us=95 decap_us=0 peer_us=91 total_us=216
[timing] side=gateway pending_id=54 token=- nonce_prefix=9e591b78 result=ok wait_ct_us=0 verify_us=96 decap_us=0 peer_us=105 total_us=347
[timing] side=gateway pending_id=55 token=- nonce_prefix=f40b2e7a result=ok wait_ct_us=0 verify_us=96 decap_us=0 peer_us=80 total_us=202
[timing] side=gateway pending_id=56 token=- nonce_prefix=064604a5 result=ok wait_ct_us=0 verify_us=95 decap_us=0 peer_us=75 total_us=190
[timing] side=gateway pending_id=57 token=- nonce_prefix=42fc23b7 result=ok wait_ct_us=0 verify_us=95 decap_us=0 peer_us=94 total_us=219
[timing] side=gateway pending_id=58 token=- nonce_prefix=46acf0cc result=ok wait_ct_us=0 verify_us=95 decap_us=0 peer_us=80 total_us=196
[timing] side=gateway pending_id=59 token=- nonce_prefix=c84bb0e2 result=ok wait_ct_us=0 verify_us=121 decap_us=0 peer_us=88 total_us=237
[timing] side=gateway pending_id=60 token=- nonce_prefix=0414fb6f result=ok wait_ct_us=0 verify_us=95 decap_us=0 peer_us=76 total_us=192
[timing] side=gateway pending_id=61 token=- nonce_prefix=73dc805f result=ok wait_ct_us=0 verify_us=94 decap_us=0 peer_us=84 total_us=202
[timing] side=gateway pending_id=62 token=- nonce_prefix=e69cbc54 result=ok wait_ct_us=0 verify_us=96 decap_us=0 peer_us=79 total_us=197
[timing] side=gateway pending_id=63 token=- nonce_prefix=ce6f77ff result=ok wait_ct_us=0 verify_us=94 decap_us=0 peer_us=80 total_us=204
[timing] side=gateway pending_id=64 token=- nonce_prefix=7aac7e57 result=ok wait_ct_us=0 verify_us=96 decap_us=0 peer_us=85 total_us=202
[timing] side=gateway pending_id=65 token=- nonce_prefix=aef9b0c6 result=ok wait_ct_us=0 verify_us=98 decap_us=0 peer_us=73 total_us=197
[timing] side=gateway pending_id=66 token=- nonce_prefix=7aca12a2 result=ok wait_ct_us=0 verify_us=95 decap_us=0 peer_us=73 total_us=187
[timing] side=gateway pending_id=67 token=- nonce_prefix=1c4426a8 result=ok wait_ct_us=0 verify_us=103 decap_us=0 peer_us=72 total_us=197
[timing] side=gateway pending_id=68 token=- nonce_prefix=c61e968c result=ok wait_ct_us=0 verify_us=95 decap_us=0 peer_us=72 total_us=185
[timing] side=gateway pending_id=69 token=- nonce_prefix=028223cb result=ok wait_ct_us=0 verify_us=94 decap_us=0 peer_us=73 total_us=194
[timing] side=gateway pending_id=70 token=- nonce_prefix=e5299125 result=ok wait_ct_us=0 verify_us=95 decap_us=0 peer_us=76 total_us=198
[timing] side=gateway pending_id=71 token=- nonce_prefix=ca7753d6 result=ok wait_ct_us=0 verify_us=139 decap_us=0 peer_us=80 total_us=251
[timing] side=gateway pending_id=72 token=- nonce_prefix=13c5eca1 result=ok wait_ct_us=0 verify_us=95 decap_us=0 peer_us=79 total_us=201
[timing] side=gateway pending_id=73 token=- nonce_prefix=5d7fb86a result=ok wait_ct_us=0 verify_us=95 decap_us=0 peer_us=77 total_us=192
[timing] side=gateway pending_id=74 token=- nonce_prefix=383a84ce result=ok wait_ct_us=0 verify_us=102 decap_us=0 peer_us=74 total_us=201
[timing] side=gateway pending_id=75 token=- nonce_prefix=e57ef658 result=ok wait_ct_us=0 verify_us=95 decap_us=0 peer_us=83 total_us=197
[timing] side=gateway pending_id=76 token=- nonce_prefix=2107673e result=ok wait_ct_us=0 verify_us=94 decap_us=0 peer_us=70 total_us=187
[timing] side=gateway pending_id=77 token=- nonce_prefix=d8c419c4 result=ok wait_ct_us=0 verify_us=94 decap_us=0 peer_us=75 total_us=193
[timing] side=gateway pending_id=78 token=- nonce_prefix=57a98781 result=ok wait_ct_us=0 verify_us=95 decap_us=0 peer_us=74 total_us=189
[timing] side=gateway pending_id=79 token=- nonce_prefix=3818463d result=ok wait_ct_us=0 verify_us=99 decap_us=0 peer_us=100 total_us=239
[timing] side=gateway pending_id=80 token=- nonce_prefix=cf1b6950 result=ok wait_ct_us=0 verify_us=95 decap_us=0 peer_us=81 total_us=199
[timing] side=gateway pending_id=81 token=- nonce_prefix=48cb8c51 result=ok wait_ct_us=0 verify_us=95 decap_us=0 peer_us=79 total_us=200
[timing] side=gateway pending_id=82 token=- nonce_prefix=20b9fe39 result=ok wait_ct_us=0 verify_us=95 decap_us=0 peer_us=84 total_us=200
[timing] side=gateway pending_id=83 token=- nonce_prefix=4987da5b result=ok wait_ct_us=0 verify_us=94 decap_us=0 peer_us=74 total_us=194
[timing] side=gateway pending_id=84 token=- nonce_prefix=6851cf50 result=ok wait_ct_us=0 verify_us=122 decap_us=0 peer_us=84 total_us=225
[timing] side=gateway pending_id=85 token=- nonce_prefix=55aa027a result=ok wait_ct_us=0 verify_us=102 decap_us=0 peer_us=90 total_us=215
[timing] side=gateway pending_id=86 token=- nonce_prefix=d96017d6 result=ok wait_ct_us=0 verify_us=95 decap_us=0 peer_us=78 total_us=192
[timing] side=gateway pending_id=87 token=- nonce_prefix=6df03959 result=ok wait_ct_us=0 verify_us=94 decap_us=0 peer_us=75 total_us=202
[timing] side=gateway pending_id=88 token=- nonce_prefix=982e9df9 result=ok wait_ct_us=0 verify_us=95 decap_us=0 peer_us=86 total_us=239
[timing] side=gateway pending_id=89 token=- nonce_prefix=1cb9c809 result=ok wait_ct_us=0 verify_us=132 decap_us=0 peer_us=81 total_us=242
[timing] side=gateway pending_id=90 token=- nonce_prefix=886fb521 result=ok wait_ct_us=0 verify_us=95 decap_us=0 peer_us=80 total_us=197
[timing] side=gateway pending_id=91 token=- nonce_prefix=a4ce5462 result=ok wait_ct_us=0 verify_us=95 decap_us=0 peer_us=77 total_us=196
[timing] side=gateway pending_id=92 token=- nonce_prefix=5d2ebc8a result=ok wait_ct_us=0 verify_us=94 decap_us=0 peer_us=73 total_us=186
[timing] side=gateway pending_id=93 token=- nonce_prefix=f23f811d result=ok wait_ct_us=0 verify_us=94 decap_us=0 peer_us=73 total_us=189
[timing] side=gateway pending_id=94 token=- nonce_prefix=6e4e6009 result=ok wait_ct_us=0 verify_us=95 decap_us=0 peer_us=72 total_us=186
[timing] side=gateway pending_id=95 token=- nonce_prefix=d6af0d82 result=ok wait_ct_us=0 verify_us=94 decap_us=0 peer_us=71 total_us=188
[timing] side=gateway pending_id=96 token=- nonce_prefix=d445c9e5 result=ok wait_ct_us=0 verify_us=95 decap_us=0 peer_us=75 total_us=189
[timing] side=gateway pending_id=97 token=- nonce_prefix=5de547d8 result=ok wait_ct_us=0 verify_us=95 decap_us=0 peer_us=78 total_us=201
[timing] side=gateway pending_id=98 token=- nonce_prefix=e85956b0 result=ok wait_ct_us=0 verify_us=95 decap_us=0 peer_us=82 total_us=200
[timing] side=gateway pending_id=99 token=- nonce_prefix=54755ce6 result=ok wait_ct_us=0 verify_us=103 decap_us=0 peer_us=80 total_us=208
[timing] side=gateway pending_id=100 token=- nonce_prefix=161d3d1e result=ok wait_ct_us=0 verify_us=95 decap_us=0 peer_us=76 total_us=201
[timing] side=gateway pending_id=101 token=- nonce_prefix=b6d957ef result=ok wait_ct_us=0 verify_us=95 decap_us=0 peer_us=74 total_us=193
Stopping wgzk daemon (gateway)...
wgzk.service: Deactivated successfully.
Stopped wgzk daemon (gateway).
Started wgzk daemon (gateway).
[daemon] Starting
[mlkem_channel] TLS listener on TCP :51821
[gateway] mode=0x02 epoch=1 previous_epoch=no iface=wg1r installer=netlink
[gateway] adopted 0 existing peer(s) of wg1r; 0 in the table, WGZK_PEER_MAX=4096
[gateway] joined wgzk events, ns=net:[4026531840]
[mlkem_channel] ciphertext buffered token=3138241821 nonce_prefix=ee262136
[timing] side=gateway pending_id=1 token=3138241821 nonce_prefix=ee262136 result=ok wait_ct_us=1 verify_us=179 decap_us=96 peer_us=109 total_us=618
[mlkem_channel] ciphertext buffered token=1629879119 nonce_prefix=06d307b9
[timing] side=gateway pending_id=2 token=1629879119 nonce_prefix=06d307b9 result=ok wait_ct_us=1 verify_us=99 decap_us=92 peer_us=139 total_us=401
[mlkem_channel] ciphertext buffered token=447304549 nonce_prefix=4d7800e3
[timing] side=gateway pending_id=3 token=447304549 nonce_prefix=4d7800e3 result=ok wait_ct_us=2 verify_us=96 decap_us=105 peer_us=76 total_us=308
[mlkem_channel] ciphertext buffered token=1785225400 nonce_prefix=0cdfb4bb
[timing] side=gateway pending_id=4 token=1785225400 nonce_prefix=0cdfb4bb result=ok wait_ct_us=1 verify_us=96 decap_us=90 peer_us=76 total_us=291
[mlkem_channel] ciphertext buffered token=6803540 nonce_prefix=e4736f79
[timing] side=gateway pending_id=5 token=6803540 nonce_prefix=e4736f79 result=ok wait_ct_us=2 verify_us=96 decap_us=91 peer_us=78 total_us=288
[mlkem_channel] ciphertext buffered token=4028527535 nonce_prefix=02c2cc74
[timing] side=gateway pending_id=6 token=4028527535 nonce_prefix=02c2cc74 result=ok wait_ct_us=1 verify_us=97 decap_us=90 peer_us=77 total_us=402
[mlkem_channel] ciphertext buffered token=2030415409 nonce_prefix=2f8b45b8
[timing] side=gateway pending_id=7 token=2030415409 nonce_prefix=2f8b45b8 result=ok wait_ct_us=1 verify_us=113 decap_us=89 peer_us=74 total_us=300
[mlkem_channel] ciphertext buffered token=995390717 nonce_prefix=56762965
[timing] side=gateway pending_id=8 token=995390717 nonce_prefix=56762965 result=ok wait_ct_us=1 verify_us=163 decap_us=89 peer_us=102 total_us=372
[mlkem_channel] ciphertext buffered token=3894658471 nonce_prefix=5da53040
[timing] side=gateway pending_id=9 token=3894658471 nonce_prefix=5da53040 result=ok wait_ct_us=1 verify_us=113 decap_us=100 peer_us=75 total_us=351
[mlkem_channel] ciphertext buffered token=1892360348 nonce_prefix=1b442c79
[timing] side=gateway pending_id=10 token=1892360348 nonce_prefix=1b442c79 result=ok wait_ct_us=1 verify_us=96 decap_us=140 peer_us=75 total_us=326
[mlkem_channel] ciphertext buffered token=2214643353 nonce_prefix=91feb495
[timing] side=gateway pending_id=11 token=2214643353 nonce_prefix=91feb495 result=ok wait_ct_us=1 verify_us=111 decap_us=141 peer_us=77 total_us=352
[mlkem_channel] ciphertext buffered token=1215776660 nonce_prefix=3d4d6eae
[timing] side=gateway pending_id=12 token=1215776660 nonce_prefix=3d4d6eae result=ok wait_ct_us=1 verify_us=146 decap_us=90 peer_us=77 total_us=358
[mlkem_channel] ciphertext buffered token=4259116174 nonce_prefix=924d8bc5
[timing] side=gateway pending_id=13 token=4259116174 nonce_prefix=924d8bc5 result=ok wait_ct_us=1 verify_us=160 decap_us=90 peer_us=79 total_us=350
[mlkem_channel] ciphertext buffered token=321236951 nonce_prefix=7f89a281
[timing] side=gateway pending_id=14 token=321236951 nonce_prefix=7f89a281 result=ok wait_ct_us=2 verify_us=97 decap_us=102 peer_us=80 total_us=312
[mlkem_channel] ciphertext buffered token=782462035 nonce_prefix=33f77638
[timing] side=gateway pending_id=15 token=782462035 nonce_prefix=33f77638 result=ok wait_ct_us=1 verify_us=97 decap_us=91 peer_us=79 total_us=291
[mlkem_channel] ciphertext buffered token=2440075252 nonce_prefix=f5f15af6
[timing] side=gateway pending_id=16 token=2440075252 nonce_prefix=f5f15af6 result=ok wait_ct_us=1 verify_us=97 decap_us=89 peer_us=76 total_us=286
[mlkem_channel] ciphertext buffered token=2773159293 nonce_prefix=1df436e7
[timing] side=gateway pending_id=17 token=2773159293 nonce_prefix=1df436e7 result=ok wait_ct_us=1 verify_us=148 decap_us=91 peer_us=79 total_us=377
[mlkem_channel] ciphertext buffered token=3195704112 nonce_prefix=25255445
[timing] side=gateway pending_id=18 token=3195704112 nonce_prefix=25255445 result=ok wait_ct_us=1 verify_us=96 decap_us=90 peer_us=85 total_us=317
[mlkem_channel] ciphertext buffered token=1227058359 nonce_prefix=10dd4e0e
[timing] side=gateway pending_id=19 token=1227058359 nonce_prefix=10dd4e0e result=ok wait_ct_us=1 verify_us=97 decap_us=89 peer_us=71 total_us=304
[mlkem_channel] ciphertext buffered token=572879528 nonce_prefix=07fcec1e
[timing] side=gateway pending_id=20 token=572879528 nonce_prefix=07fcec1e result=ok wait_ct_us=1 verify_us=96 decap_us=90 peer_us=73 total_us=280
[mlkem_channel] ciphertext buffered token=3247075160 nonce_prefix=07a36dfd
[timing] side=gateway pending_id=21 token=3247075160 nonce_prefix=07a36dfd result=ok wait_ct_us=1 verify_us=147 decap_us=90 peer_us=79 total_us=361
[mlkem_channel] ciphertext buffered token=3070975841 nonce_prefix=1edd9908
[timing] side=gateway pending_id=22 token=3070975841 nonce_prefix=1edd9908 result=ok wait_ct_us=2 verify_us=147 decap_us=90 peer_us=87 total_us=377
[mlkem_channel] ciphertext buffered token=3875390388 nonce_prefix=15a2bbc6
[timing] side=gateway pending_id=23 token=3875390388 nonce_prefix=15a2bbc6 result=ok wait_ct_us=2 verify_us=97 decap_us=91 peer_us=78 total_us=322
[mlkem_channel] ciphertext buffered token=4045935403 nonce_prefix=353ea672
[timing] side=gateway pending_id=24 token=4045935403 nonce_prefix=353ea672 result=ok wait_ct_us=1 verify_us=96 decap_us=92 peer_us=74 total_us=285
[mlkem_channel] ciphertext buffered token=760300125 nonce_prefix=ef9d7b54
[timing] side=gateway pending_id=25 token=760300125 nonce_prefix=ef9d7b54 result=ok wait_ct_us=1 verify_us=97 decap_us=90 peer_us=79 total_us=291
[mlkem_channel] ciphertext buffered token=1306671003 nonce_prefix=3f726a1e
[timing] side=gateway pending_id=26 token=1306671003 nonce_prefix=3f726a1e result=ok wait_ct_us=2 verify_us=97 decap_us=91 peer_us=76 total_us=292
[mlkem_channel] ciphertext buffered token=2585439760 nonce_prefix=4ab0be86
[timing] side=gateway pending_id=27 token=2585439760 nonce_prefix=4ab0be86 result=ok wait_ct_us=1 verify_us=96 decap_us=139 peer_us=77 total_us=406
[mlkem_channel] ciphertext buffered token=2998004771 nonce_prefix=9cbfc319
[timing] side=gateway pending_id=28 token=2998004771 nonce_prefix=9cbfc319 result=ok wait_ct_us=1 verify_us=96 decap_us=90 peer_us=74 total_us=280
[mlkem_channel] ciphertext buffered token=2070504923 nonce_prefix=86947129
[timing] side=gateway pending_id=29 token=2070504923 nonce_prefix=86947129 result=ok wait_ct_us=1 verify_us=95 decap_us=89 peer_us=76 total_us=283
[mlkem_channel] ciphertext buffered token=600374491 nonce_prefix=98f47883
[timing] side=gateway pending_id=30 token=600374491 nonce_prefix=98f47883 result=ok wait_ct_us=1 verify_us=143 decap_us=118 peer_us=77 total_us=358
[mlkem_channel] ciphertext buffered token=495265295 nonce_prefix=f33842c5
[timing] side=gateway pending_id=31 token=495265295 nonce_prefix=f33842c5 result=ok wait_ct_us=2 verify_us=105 decap_us=91 peer_us=92 total_us=314
[mlkem_channel] ciphertext buffered token=2712127386 nonce_prefix=842bd603
[timing] side=gateway pending_id=32 token=2712127386 nonce_prefix=842bd603 result=ok wait_ct_us=1 verify_us=96 decap_us=91 peer_us=78 total_us=289
[mlkem_channel] ciphertext buffered token=1339573913 nonce_prefix=0d977fea
[timing] side=gateway pending_id=33 token=1339573913 nonce_prefix=0d977fea result=ok wait_ct_us=1 verify_us=107 decap_us=90 peer_us=76 total_us=294
[mlkem_channel] ciphertext buffered token=2432996320 nonce_prefix=5ea771a1
[timing] side=gateway pending_id=34 token=2432996320 nonce_prefix=5ea771a1 result=ok wait_ct_us=1 verify_us=96 decap_us=89 peer_us=74 total_us=281
[mlkem_channel] ciphertext buffered token=4048803116 nonce_prefix=90a25b4e
[timing] side=gateway pending_id=35 token=4048803116 nonce_prefix=90a25b4e result=ok wait_ct_us=1 verify_us=95 decap_us=98 peer_us=74 total_us=313
[mlkem_channel] ciphertext buffered token=2061604705 nonce_prefix=1a895514
[timing] side=gateway pending_id=36 token=2061604705 nonce_prefix=1a895514 result=ok wait_ct_us=1 verify_us=95 decap_us=97 peer_us=75 total_us=316
[mlkem_channel] ciphertext buffered token=2599979862 nonce_prefix=d226e76d
[timing] side=gateway pending_id=37 token=2599979862 nonce_prefix=d226e76d result=ok wait_ct_us=1 verify_us=122 decap_us=90 peer_us=75 total_us=337
[mlkem_channel] ciphertext buffered token=3618828119 nonce_prefix=5aadabf5
[timing] side=gateway pending_id=38 token=3618828119 nonce_prefix=5aadabf5 result=ok wait_ct_us=1 verify_us=158 decap_us=90 peer_us=75 total_us=372
[mlkem_channel] ciphertext buffered token=2829943653 nonce_prefix=3db407bd
[timing] side=gateway pending_id=39 token=2829943653 nonce_prefix=3db407bd result=ok wait_ct_us=1 verify_us=97 decap_us=141 peer_us=82 total_us=387
[mlkem_channel] ciphertext buffered token=2932605932 nonce_prefix=df84713e
[timing] side=gateway pending_id=40 token=2932605932 nonce_prefix=df84713e result=ok wait_ct_us=2 verify_us=96 decap_us=136 peer_us=78 total_us=361
[mlkem_channel] ciphertext buffered token=3509065119 nonce_prefix=058f4b52
[timing] side=gateway pending_id=41 token=3509065119 nonce_prefix=058f4b52 result=ok wait_ct_us=17 verify_us=97 decap_us=139 peer_us=79 total_us=386
[mlkem_channel] ciphertext buffered token=2327017379 nonce_prefix=a83c71cc
[timing] side=gateway pending_id=42 token=2327017379 nonce_prefix=a83c71cc result=ok wait_ct_us=1 verify_us=96 decap_us=140 peer_us=76 total_us=360
[mlkem_channel] ciphertext buffered token=1393491038 nonce_prefix=b1abbca3
[timing] side=gateway pending_id=43 token=1393491038 nonce_prefix=b1abbca3 result=ok wait_ct_us=1 verify_us=95 decap_us=104 peer_us=79 total_us=299
[mlkem_channel] ciphertext buffered token=3612899564 nonce_prefix=1778ead8
[timing] side=gateway pending_id=44 token=3612899564 nonce_prefix=1778ead8 result=ok wait_ct_us=2 verify_us=95 decap_us=101 peer_us=77 total_us=295
[mlkem_channel] ciphertext buffered token=1232428606 nonce_prefix=5d8fc7aa
[timing] side=gateway pending_id=45 token=1232428606 nonce_prefix=5d8fc7aa result=ok wait_ct_us=1 verify_us=95 decap_us=104 peer_us=74 total_us=300
[mlkem_channel] ciphertext buffered token=1909838496 nonce_prefix=3d6edc69
[timing] side=gateway pending_id=46 token=1909838496 nonce_prefix=3d6edc69 result=ok wait_ct_us=2 verify_us=105 decap_us=90 peer_us=75 total_us=292
[mlkem_channel] ciphertext buffered token=1786355625 nonce_prefix=0b56ca8c
[timing] side=gateway pending_id=47 token=1786355625 nonce_prefix=0b56ca8c result=ok wait_ct_us=1 verify_us=97 decap_us=90 peer_us=129 total_us=338
[mlkem_channel] ciphertext buffered token=237779583 nonce_prefix=85008ce9
[timing] side=gateway pending_id=48 token=237779583 nonce_prefix=85008ce9 result=ok wait_ct_us=1 verify_us=97 decap_us=90 peer_us=79 total_us=345
[mlkem_channel] ciphertext buffered token=3468949621 nonce_prefix=3908a5ac
[timing] side=gateway pending_id=49 token=3468949621 nonce_prefix=3908a5ac result=ok wait_ct_us=1 verify_us=96 decap_us=91 peer_us=81 total_us=320
[mlkem_channel] ciphertext buffered token=588627523 nonce_prefix=09fc2881
[timing] side=gateway pending_id=50 token=588627523 nonce_prefix=09fc2881 result=ok wait_ct_us=1 verify_us=113 decap_us=91 peer_us=127 total_us=383
[mlkem_channel] ciphertext buffered token=3245643771 nonce_prefix=3dc8f4aa
[timing] side=gateway pending_id=51 token=3245643771 nonce_prefix=3dc8f4aa result=ok wait_ct_us=1 verify_us=148 decap_us=91 peer_us=78 total_us=364
[mlkem_channel] ciphertext buffered token=1151070519 nonce_prefix=8608acdb
[timing] side=gateway pending_id=52 token=1151070519 nonce_prefix=8608acdb result=ok wait_ct_us=1 verify_us=111 decap_us=89 peer_us=73 total_us=321
[mlkem_channel] ciphertext buffered token=1726203143 nonce_prefix=acdc57bd
[timing] side=gateway pending_id=53 token=1726203143 nonce_prefix=acdc57bd result=ok wait_ct_us=1 verify_us=113 decap_us=90 peer_us=74 total_us=331
[mlkem_channel] ciphertext buffered token=2526770331 nonce_prefix=ebc05aeb
[timing] side=gateway pending_id=54 token=2526770331 nonce_prefix=ebc05aeb result=ok wait_ct_us=1 verify_us=95 decap_us=90 peer_us=74 total_us=281
[mlkem_channel] ciphertext buffered token=818395582 nonce_prefix=44861ddf
[timing] side=gateway pending_id=55 token=818395582 nonce_prefix=44861ddf result=ok wait_ct_us=1 verify_us=110 decap_us=100 peer_us=73 total_us=304
[mlkem_channel] ciphertext buffered token=818291938 nonce_prefix=4fdfd1b0
[timing] side=gateway pending_id=56 token=818291938 nonce_prefix=4fdfd1b0 result=ok wait_ct_us=1 verify_us=109 decap_us=90 peer_us=73 total_us=294
[mlkem_channel] ciphertext buffered token=1549454216 nonce_prefix=a3b52a3e
[timing] side=gateway pending_id=57 token=1549454216 nonce_prefix=a3b52a3e result=ok wait_ct_us=1 verify_us=97 decap_us=91 peer_us=92 total_us=490
[mlkem_channel] ciphertext buffered token=608259436 nonce_prefix=5c072560
[timing] side=gateway pending_id=58 token=608259436 nonce_prefix=5c072560 result=ok wait_ct_us=1 verify_us=96 decap_us=141 peer_us=97 total_us=358
[mlkem_channel] ciphertext buffered token=2893849262 nonce_prefix=90317dcc
[timing] side=gateway pending_id=59 token=2893849262 nonce_prefix=90317dcc result=ok wait_ct_us=1 verify_us=110 decap_us=140 peer_us=75 total_us=370
[mlkem_channel] ciphertext buffered token=4043444085 nonce_prefix=3e393b6b
[timing] side=gateway pending_id=60 token=4043444085 nonce_prefix=3e393b6b result=ok wait_ct_us=1 verify_us=161 decap_us=90 peer_us=76 total_us=371
[mlkem_channel] ciphertext buffered token=2172925151 nonce_prefix=86794759
[timing] side=gateway pending_id=61 token=2172925151 nonce_prefix=86794759 result=ok wait_ct_us=1 verify_us=95 decap_us=105 peer_us=72 total_us=296
[mlkem_channel] ciphertext buffered token=72001846 nonce_prefix=4c81eb06
[timing] side=gateway pending_id=62 token=72001846 nonce_prefix=4c81eb06 result=ok wait_ct_us=2 verify_us=95 decap_us=138 peer_us=119 total_us=374
[mlkem_channel] ciphertext buffered token=4161617356 nonce_prefix=47df4bd1
[timing] side=gateway pending_id=63 token=4161617356 nonce_prefix=47df4bd1 result=ok wait_ct_us=1 verify_us=145 decap_us=128 peer_us=76 total_us=366
[mlkem_channel] ciphertext buffered token=3858599816 nonce_prefix=523be0c7
[timing] side=gateway pending_id=64 token=3858599816 nonce_prefix=523be0c7 result=ok wait_ct_us=2 verify_us=95 decap_us=105 peer_us=79 total_us=304
[mlkem_channel] ciphertext buffered token=943804420 nonce_prefix=53f4bad5
[timing] side=gateway pending_id=65 token=943804420 nonce_prefix=53f4bad5 result=ok wait_ct_us=1 verify_us=95 decap_us=90 peer_us=122 total_us=331
[mlkem_channel] ciphertext buffered token=60364405 nonce_prefix=18ca6844
[timing] side=gateway pending_id=66 token=60364405 nonce_prefix=18ca6844 result=ok wait_ct_us=1 verify_us=96 decap_us=89 peer_us=78 total_us=399
[mlkem_channel] ciphertext buffered token=2573142147 nonce_prefix=8e423d24
[timing] side=gateway pending_id=67 token=2573142147 nonce_prefix=8e423d24 result=ok wait_ct_us=1 verify_us=97 decap_us=91 peer_us=79 total_us=290
[mlkem_channel] ciphertext buffered token=1773905301 nonce_prefix=8505dd03
[timing] side=gateway pending_id=68 token=1773905301 nonce_prefix=8505dd03 result=ok wait_ct_us=1 verify_us=96 decap_us=90 peer_us=74 total_us=282
[mlkem_channel] ciphertext buffered token=2113419305 nonce_prefix=12f03367
[timing] side=gateway pending_id=69 token=2113419305 nonce_prefix=12f03367 result=ok wait_ct_us=1 verify_us=96 decap_us=91 peer_us=237 total_us=445
[mlkem_channel] ciphertext buffered token=3152419631 nonce_prefix=29270c2b
[timing] side=gateway pending_id=70 token=3152419631 nonce_prefix=29270c2b result=ok wait_ct_us=1 verify_us=95 decap_us=106 peer_us=74 total_us=294
[mlkem_channel] ciphertext buffered token=2178060508 nonce_prefix=30a95090
[timing] side=gateway pending_id=71 token=2178060508 nonce_prefix=30a95090 result=ok wait_ct_us=1 verify_us=109 decap_us=99 peer_us=74 total_us=306
[mlkem_channel] ciphertext buffered token=618008099 nonce_prefix=12ac590c
[timing] side=gateway pending_id=72 token=618008099 nonce_prefix=12ac590c result=ok wait_ct_us=1 verify_us=110 decap_us=141 peer_us=76 total_us=378
[mlkem_channel] ciphertext buffered token=3361365004 nonce_prefix=73ce60d0
[timing] side=gateway pending_id=73 token=3361365004 nonce_prefix=73ce60d0 result=ok wait_ct_us=1 verify_us=96 decap_us=89 peer_us=77 total_us=310
[mlkem_channel] ciphertext buffered token=2629119702 nonce_prefix=ac6b59e1
[timing] side=gateway pending_id=74 token=2629119702 nonce_prefix=ac6b59e1 result=ok wait_ct_us=1 verify_us=96 decap_us=157 peer_us=78 total_us=349
[mlkem_channel] ciphertext buffered token=3640494599 nonce_prefix=2029f516
[timing] side=gateway pending_id=75 token=3640494599 nonce_prefix=2029f516 result=ok wait_ct_us=1 verify_us=112 decap_us=90 peer_us=132 total_us=356
[mlkem_channel] ciphertext buffered token=837035255 nonce_prefix=4018b863
[timing] side=gateway pending_id=76 token=837035255 nonce_prefix=4018b863 result=ok wait_ct_us=1 verify_us=110 decap_us=91 peer_us=77 total_us=303
[mlkem_channel] ciphertext buffered token=367492904 nonce_prefix=cb8986ad
[timing] side=gateway pending_id=77 token=367492904 nonce_prefix=cb8986ad result=ok wait_ct_us=1 verify_us=113 decap_us=92 peer_us=76 total_us=302
[mlkem_channel] ciphertext buffered token=3960035328 nonce_prefix=55bca8a4
[timing] side=gateway pending_id=78 token=3960035328 nonce_prefix=55bca8a4 result=ok wait_ct_us=1 verify_us=147 decap_us=107 peer_us=81 total_us=359
[mlkem_channel] ciphertext buffered token=158785444 nonce_prefix=9db43ea7
[timing] side=gateway pending_id=79 token=158785444 nonce_prefix=9db43ea7 result=ok wait_ct_us=2 verify_us=122 decap_us=90 peer_us=80 total_us=319
[mlkem_channel] ciphertext buffered token=3554013033 nonce_prefix=9ada7156
[timing] side=gateway pending_id=80 token=3554013033 nonce_prefix=9ada7156 result=ok wait_ct_us=2 verify_us=105 decap_us=89 peer_us=74 total_us=288
[mlkem_channel] ciphertext buffered token=312315748 nonce_prefix=6c1e5b4d
[timing] side=gateway pending_id=81 token=312315748 nonce_prefix=6c1e5b4d result=ok wait_ct_us=1 verify_us=95 decap_us=89 peer_us=74 total_us=280
[mlkem_channel] ciphertext buffered token=1109684536 nonce_prefix=05e46bcd
[timing] side=gateway pending_id=82 token=1109684536 nonce_prefix=05e46bcd result=ok wait_ct_us=1 verify_us=147 decap_us=107 peer_us=75 total_us=354
[mlkem_channel] ciphertext buffered token=1188087370 nonce_prefix=3565c922
[timing] side=gateway pending_id=83 token=1188087370 nonce_prefix=3565c922 result=ok wait_ct_us=2 verify_us=102 decap_us=202 peer_us=79 total_us=438
[mlkem_channel] ciphertext buffered token=2665375082 nonce_prefix=ddbbdf72
[timing] side=gateway pending_id=84 token=2665375082 nonce_prefix=ddbbdf72 result=ok wait_ct_us=1 verify_us=97 decap_us=92 peer_us=80 total_us=355
[mlkem_channel] ciphertext buffered token=3988141038 nonce_prefix=a353d0e0
[timing] side=gateway pending_id=85 token=3988141038 nonce_prefix=a353d0e0 result=ok wait_ct_us=1 verify_us=148 decap_us=132 peer_us=90 total_us=406
[mlkem_channel] ciphertext buffered token=2012126474 nonce_prefix=679f6547
[timing] side=gateway pending_id=86 token=2012126474 nonce_prefix=679f6547 result=ok wait_ct_us=1 verify_us=96 decap_us=91 peer_us=77 total_us=285
[mlkem_channel] ciphertext buffered token=2392553174 nonce_prefix=1b13a92b
[timing] side=gateway pending_id=87 token=2392553174 nonce_prefix=1b13a92b result=ok wait_ct_us=1 verify_us=107 decap_us=106 peer_us=76 total_us=310
[mlkem_channel] ciphertext buffered token=3472364221 nonce_prefix=7015c610
[timing] side=gateway pending_id=88 token=3472364221 nonce_prefix=7015c610 result=ok wait_ct_us=2 verify_us=122 decap_us=90 peer_us=74 total_us=311
[mlkem_channel] ciphertext buffered token=2225712518 nonce_prefix=3007abf1
[timing] side=gateway pending_id=89 token=2225712518 nonce_prefix=3007abf1 result=ok wait_ct_us=1 verify_us=113 decap_us=90 peer_us=74 total_us=299
[mlkem_channel] ciphertext buffered token=2622162240 nonce_prefix=6a7b6f9b
[timing] side=gateway pending_id=90 token=2622162240 nonce_prefix=6a7b6f9b result=ok wait_ct_us=1 verify_us=95 decap_us=89 peer_us=122 total_us=328
[mlkem_channel] ciphertext buffered token=1276184985 nonce_prefix=5a082c81
[timing] side=gateway pending_id=91 token=1276184985 nonce_prefix=5a082c81 result=ok wait_ct_us=1 verify_us=96 decap_us=90 peer_us=75 total_us=281
[mlkem_channel] ciphertext buffered token=603764689 nonce_prefix=523ef30f
[timing] side=gateway pending_id=92 token=603764689 nonce_prefix=523ef30f result=ok wait_ct_us=2 verify_us=96 decap_us=91 peer_us=137 total_us=494
[mlkem_channel] ciphertext buffered token=1027999141 nonce_prefix=4e0af897
[timing] side=gateway pending_id=93 token=1027999141 nonce_prefix=4e0af897 result=ok wait_ct_us=1 verify_us=97 decap_us=91 peer_us=133 total_us=375
[mlkem_channel] ciphertext buffered token=1743836381 nonce_prefix=82652587
[timing] side=gateway pending_id=94 token=1743836381 nonce_prefix=82652587 result=ok wait_ct_us=1 verify_us=96 decap_us=92 peer_us=133 total_us=373
[mlkem_channel] ciphertext buffered token=3394405041 nonce_prefix=67606859
[timing] side=gateway pending_id=95 token=3394405041 nonce_prefix=67606859 result=ok wait_ct_us=1 verify_us=97 decap_us=91 peer_us=76 total_us=323
[mlkem_channel] ciphertext buffered token=561549803 nonce_prefix=35092854
[timing] side=gateway pending_id=96 token=561549803 nonce_prefix=35092854 result=ok wait_ct_us=1 verify_us=111 decap_us=90 peer_us=85 total_us=308
[mlkem_channel] ciphertext buffered token=3835288390 nonce_prefix=bf39a101
[timing] side=gateway pending_id=97 token=3835288390 nonce_prefix=bf39a101 result=ok wait_ct_us=2 verify_us=95 decap_us=114 peer_us=76 total_us=397
[mlkem_channel] ciphertext buffered token=2592556420 nonce_prefix=33d0768c
[timing] side=gateway pending_id=98 token=2592556420 nonce_prefix=33d0768c result=ok wait_ct_us=1 verify_us=112 decap_us=89 peer_us=75 total_us=299
[mlkem_channel] ciphertext buffered token=1032111590 nonce_prefix=6db0229b
[timing] side=gateway pending_id=99 token=1032111590 nonce_prefix=6db0229b result=ok wait_ct_us=2 verify_us=111 decap_us=90 peer_us=121 total_us=347
[mlkem_channel] ciphertext buffered token=1410598652 nonce_prefix=c2408548
[timing] side=gateway pending_id=100 token=1410598652 nonce_prefix=c2408548 result=ok wait_ct_us=1 verify_us=96 decap_us=105 peer_us=75 total_us=300
[mlkem_channel] ciphertext buffered token=540366961 nonce_prefix=c0a172e8
[timing] side=gateway pending_id=101 token=540366961 nonce_prefix=c0a172e8 result=ok wait_ct_us=1 verify_us=112 decap_us=91 peer_us=79 total_us=306
Stopping wgzk daemon (gateway)...
wgzk.service: Deactivated successfully.
Stopped wgzk daemon (gateway).
Started wgzk daemon (gateway).
[daemon] Starting
[gateway] mode=0x01 epoch=1 previous_epoch=no iface=wg1r installer=netlink
[gateway] adopted 0 existing peer(s) of wg1r; 0 in the table, WGZK_PEER_MAX=4096
[gateway] joined wgzk events, ns=net:[4026531840]
[timing] side=gateway pending_id=1 token=- nonce_prefix=90add0f5 result=ok wait_ct_us=0 verify_us=159 decap_us=0 peer_us=110 total_us=301
[timing] side=gateway pending_id=2 token=- nonce_prefix=e8edebb1 result=ok wait_ct_us=0 verify_us=95 decap_us=0 peer_us=84 total_us=200
[timing] side=gateway pending_id=3 token=- nonce_prefix=d29c85e7 result=ok wait_ct_us=0 verify_us=95 decap_us=0 peer_us=79 total_us=202
[timing] side=gateway pending_id=4 token=- nonce_prefix=d5f36ed7 result=ok wait_ct_us=0 verify_us=96 decap_us=0 peer_us=81 total_us=221
[timing] side=gateway pending_id=5 token=- nonce_prefix=204096c6 result=ok wait_ct_us=0 verify_us=102 decap_us=0 peer_us=77 total_us=199
[timing] side=gateway pending_id=6 token=- nonce_prefix=31c41955 result=ok wait_ct_us=0 verify_us=132 decap_us=0 peer_us=78 total_us=251
[timing] side=gateway pending_id=7 token=- nonce_prefix=086ba6f9 result=ok wait_ct_us=0 verify_us=95 decap_us=0 peer_us=92 total_us=215
[timing] side=gateway pending_id=8 token=- nonce_prefix=0028606b result=ok wait_ct_us=0 verify_us=131 decap_us=0 peer_us=78 total_us=241
[timing] side=gateway pending_id=9 token=- nonce_prefix=10221159 result=ok wait_ct_us=0 verify_us=94 decap_us=0 peer_us=75 total_us=195
[timing] side=gateway pending_id=10 token=- nonce_prefix=f6071bdb result=ok wait_ct_us=0 verify_us=95 decap_us=0 peer_us=74 total_us=197
[timing] side=gateway pending_id=11 token=- nonce_prefix=86202643 result=ok wait_ct_us=0 verify_us=94 decap_us=0 peer_us=80 total_us=210
[timing] side=gateway pending_id=12 token=- nonce_prefix=b3650ca4 result=ok wait_ct_us=0 verify_us=103 decap_us=0 peer_us=80 total_us=212
[timing] side=gateway pending_id=13 token=- nonce_prefix=46a625c7 result=ok wait_ct_us=0 verify_us=102 decap_us=0 peer_us=79 total_us=211
[timing] side=gateway pending_id=14 token=- nonce_prefix=e9a1fb20 result=ok wait_ct_us=0 verify_us=94 decap_us=0 peer_us=74 total_us=187
[timing] side=gateway pending_id=15 token=- nonce_prefix=200471ff result=ok wait_ct_us=0 verify_us=130 decap_us=0 peer_us=77 total_us=245
[timing] side=gateway pending_id=16 token=- nonce_prefix=1a483859 result=ok wait_ct_us=0 verify_us=94 decap_us=0 peer_us=75 total_us=196
[timing] side=gateway pending_id=17 token=- nonce_prefix=a66597e4 result=ok wait_ct_us=0 verify_us=93 decap_us=0 peer_us=74 total_us=191
[timing] side=gateway pending_id=18 token=- nonce_prefix=54eae323 result=ok wait_ct_us=0 verify_us=94 decap_us=0 peer_us=109 total_us=223
[timing] side=gateway pending_id=19 token=- nonce_prefix=e670aa40 result=ok wait_ct_us=0 verify_us=93 decap_us=0 peer_us=74 total_us=191
[timing] side=gateway pending_id=20 token=- nonce_prefix=3a03d735 result=ok wait_ct_us=0 verify_us=96 decap_us=0 peer_us=92 total_us=208
[timing] side=gateway pending_id=21 token=- nonce_prefix=e3e50703 result=ok wait_ct_us=0 verify_us=96 decap_us=0 peer_us=87 total_us=212
[timing] side=gateway pending_id=22 token=- nonce_prefix=05842ef6 result=ok wait_ct_us=0 verify_us=95 decap_us=0 peer_us=83 total_us=200
[timing] side=gateway pending_id=23 token=- nonce_prefix=aefa67f3 result=ok wait_ct_us=0 verify_us=133 decap_us=0 peer_us=82 total_us=245
[timing] side=gateway pending_id=24 token=- nonce_prefix=fdf31c7c result=ok wait_ct_us=0 verify_us=130 decap_us=0 peer_us=77 total_us=226
[timing] side=gateway pending_id=25 token=- nonce_prefix=145526f4 result=ok wait_ct_us=0 verify_us=131 decap_us=0 peer_us=73 total_us=231
[timing] side=gateway pending_id=26 token=- nonce_prefix=40683d9c result=ok wait_ct_us=0 verify_us=107 decap_us=0 peer_us=72 total_us=196
[timing] side=gateway pending_id=27 token=- nonce_prefix=c1f0e629 result=ok wait_ct_us=0 verify_us=130 decap_us=0 peer_us=77 total_us=231
[timing] side=gateway pending_id=28 token=- nonce_prefix=f09e3450 result=ok wait_ct_us=0 verify_us=108 decap_us=0 peer_us=76 total_us=207
[timing] side=gateway pending_id=29 token=- nonce_prefix=766e62db result=ok wait_ct_us=0 verify_us=95 decap_us=0 peer_us=82 total_us=219
[timing] side=gateway pending_id=30 token=- nonce_prefix=b4b4986c result=ok wait_ct_us=0 verify_us=95 decap_us=0 peer_us=77 total_us=192
[timing] side=gateway pending_id=31 token=- nonce_prefix=f488d3cd result=ok wait_ct_us=0 verify_us=131 decap_us=0 peer_us=79 total_us=234
[timing] side=gateway pending_id=32 token=- nonce_prefix=69e0bc68 result=ok wait_ct_us=0 verify_us=112 decap_us=0 peer_us=76 total_us=211
[timing] side=gateway pending_id=33 token=- nonce_prefix=d6a4d903 result=ok wait_ct_us=0 verify_us=94 decap_us=0 peer_us=74 total_us=203
[timing] side=gateway pending_id=34 token=- nonce_prefix=e27ff028 result=ok wait_ct_us=0 verify_us=106 decap_us=0 peer_us=110 total_us=236
[timing] side=gateway pending_id=35 token=- nonce_prefix=359064f3 result=ok wait_ct_us=0 verify_us=93 decap_us=0 peer_us=76 total_us=196
[timing] side=gateway pending_id=36 token=- nonce_prefix=10fb6bb5 result=ok wait_ct_us=0 verify_us=93 decap_us=0 peer_us=75 total_us=187
[timing] side=gateway pending_id=37 token=- nonce_prefix=c44e07d5 result=ok wait_ct_us=0 verify_us=94 decap_us=0 peer_us=110 total_us=230
[timing] side=gateway pending_id=38 token=- nonce_prefix=0b7702f0 result=ok wait_ct_us=0 verify_us=127 decap_us=0 peer_us=87 total_us=236
[timing] side=gateway pending_id=39 token=- nonce_prefix=cb3ab09f result=ok wait_ct_us=0 verify_us=95 decap_us=0 peer_us=77 total_us=227
[timing] side=gateway pending_id=40 token=- nonce_prefix=e13ee633 result=ok wait_ct_us=0 verify_us=114 decap_us=0 peer_us=91 total_us=226
[timing] side=gateway pending_id=41 token=- nonce_prefix=c2de13c8 result=ok wait_ct_us=0 verify_us=94 decap_us=0 peer_us=90 total_us=208
[timing] side=gateway pending_id=42 token=- nonce_prefix=ad2aedcd result=ok wait_ct_us=0 verify_us=132 decap_us=0 peer_us=78 total_us=230
[timing] side=gateway pending_id=43 token=- nonce_prefix=0f945f1e result=ok wait_ct_us=0 verify_us=93 decap_us=0 peer_us=82 total_us=198
[timing] side=gateway pending_id=44 token=- nonce_prefix=8ce5450d result=ok wait_ct_us=0 verify_us=93 decap_us=0 peer_us=98 total_us=210
[timing] side=gateway pending_id=45 token=- nonce_prefix=3f5f65bf result=ok wait_ct_us=0 verify_us=93 decap_us=0 peer_us=75 total_us=215
[timing] side=gateway pending_id=46 token=- nonce_prefix=ced82543 result=ok wait_ct_us=0 verify_us=99 decap_us=0 peer_us=75 total_us=198
[timing] side=gateway pending_id=47 token=- nonce_prefix=295e70cb result=ok wait_ct_us=0 verify_us=95 decap_us=0 peer_us=80 total_us=241
[timing] side=gateway pending_id=48 token=- nonce_prefix=5195b520 result=ok wait_ct_us=0 verify_us=96 decap_us=0 peer_us=83 total_us=239
[timing] side=gateway pending_id=49 token=- nonce_prefix=d3d3eca6 result=ok wait_ct_us=0 verify_us=128 decap_us=0 peer_us=81 total_us=233
[timing] side=gateway pending_id=50 token=- nonce_prefix=dda81983 result=ok wait_ct_us=0 verify_us=95 decap_us=0 peer_us=76 total_us=228
[timing] side=gateway pending_id=51 token=- nonce_prefix=3090de56 result=ok wait_ct_us=0 verify_us=93 decap_us=0 peer_us=81 total_us=198
[timing] side=gateway pending_id=52 token=- nonce_prefix=862de407 result=ok wait_ct_us=0 verify_us=94 decap_us=0 peer_us=110 total_us=222
[timing] side=gateway pending_id=53 token=- nonce_prefix=cb2ae12a result=ok wait_ct_us=0 verify_us=132 decap_us=0 peer_us=75 total_us=229
[timing] side=gateway pending_id=54 token=- nonce_prefix=e6a94e0c result=ok wait_ct_us=0 verify_us=131 decap_us=0 peer_us=74 total_us=225
[timing] side=gateway pending_id=55 token=- nonce_prefix=d4e8f400 result=ok wait_ct_us=0 verify_us=94 decap_us=0 peer_us=77 total_us=199
[timing] side=gateway pending_id=56 token=- nonce_prefix=179b0cb3 result=ok wait_ct_us=0 verify_us=94 decap_us=0 peer_us=83 total_us=208
[timing] side=gateway pending_id=57 token=- nonce_prefix=c85de42a result=ok wait_ct_us=0 verify_us=97 decap_us=0 peer_us=97 total_us=230
[timing] side=gateway pending_id=58 token=- nonce_prefix=90c27b51 result=ok wait_ct_us=0 verify_us=94 decap_us=0 peer_us=77 total_us=191
[timing] side=gateway pending_id=59 token=- nonce_prefix=3d1ce84f result=ok wait_ct_us=0 verify_us=95 decap_us=0 peer_us=79 total_us=199
[timing] side=gateway pending_id=60 token=- nonce_prefix=47e7078a result=ok wait_ct_us=0 verify_us=94 decap_us=0 peer_us=114 total_us=228
[timing] side=gateway pending_id=61 token=- nonce_prefix=0d785aa2 result=ok wait_ct_us=0 verify_us=93 decap_us=0 peer_us=75 total_us=194
[timing] side=gateway pending_id=62 token=- nonce_prefix=72e93524 result=ok wait_ct_us=0 verify_us=94 decap_us=0 peer_us=80 total_us=194
[timing] side=gateway pending_id=63 token=- nonce_prefix=bba9666c result=ok wait_ct_us=0 verify_us=94 decap_us=0 peer_us=75 total_us=192
[timing] side=gateway pending_id=64 token=- nonce_prefix=022c4b41 result=ok wait_ct_us=0 verify_us=102 decap_us=0 peer_us=88 total_us=221
[timing] side=gateway pending_id=65 token=- nonce_prefix=91f42529 result=ok wait_ct_us=0 verify_us=95 decap_us=0 peer_us=82 total_us=245
[timing] side=gateway pending_id=66 token=- nonce_prefix=95e7179c result=ok wait_ct_us=0 verify_us=95 decap_us=0 peer_us=79 total_us=193
[timing] side=gateway pending_id=67 token=- nonce_prefix=06ec8a77 result=ok wait_ct_us=0 verify_us=94 decap_us=0 peer_us=75 total_us=192
[timing] side=gateway pending_id=68 token=- nonce_prefix=fd790985 result=ok wait_ct_us=0 verify_us=94 decap_us=0 peer_us=76 total_us=189
[timing] side=gateway pending_id=69 token=- nonce_prefix=19f6ee96 result=ok wait_ct_us=0 verify_us=131 decap_us=0 peer_us=74 total_us=228
[timing] side=gateway pending_id=70 token=- nonce_prefix=597897a9 result=ok wait_ct_us=0 verify_us=129 decap_us=0 peer_us=74 total_us=222
[timing] side=gateway pending_id=71 token=- nonce_prefix=624cfcd5 result=ok wait_ct_us=0 verify_us=92 decap_us=0 peer_us=75 total_us=194
[timing] side=gateway pending_id=72 token=- nonce_prefix=11c684db result=ok wait_ct_us=0 verify_us=94 decap_us=0 peer_us=75 total_us=193
[timing] side=gateway pending_id=73 token=- nonce_prefix=e4cabdd0 result=ok wait_ct_us=0 verify_us=134 decap_us=0 peer_us=81 total_us=237
[timing] side=gateway pending_id=74 token=- nonce_prefix=9574f84b result=ok wait_ct_us=0 verify_us=102 decap_us=0 peer_us=81 total_us=207
[timing] side=gateway pending_id=75 token=- nonce_prefix=6475805c result=ok wait_ct_us=0 verify_us=95 decap_us=0 peer_us=79 total_us=195
[timing] side=gateway pending_id=76 token=- nonce_prefix=5ed85ad6 result=ok wait_ct_us=0 verify_us=96 decap_us=0 peer_us=78 total_us=197
[timing] side=gateway pending_id=77 token=- nonce_prefix=d3daee74 result=ok wait_ct_us=0 verify_us=94 decap_us=0 peer_us=111 total_us=228
[timing] side=gateway pending_id=78 token=- nonce_prefix=1ad48916 result=ok wait_ct_us=0 verify_us=94 decap_us=0 peer_us=73 total_us=189
[timing] side=gateway pending_id=79 token=- nonce_prefix=2445a7a4 result=ok wait_ct_us=0 verify_us=93 decap_us=0 peer_us=118 total_us=229
[timing] side=gateway pending_id=80 token=- nonce_prefix=0f219d52 result=ok wait_ct_us=0 verify_us=94 decap_us=0 peer_us=76 total_us=229
[timing] side=gateway pending_id=81 token=- nonce_prefix=d7eb7d30 result=ok wait_ct_us=0 verify_us=94 decap_us=0 peer_us=84 total_us=203
[timing] side=gateway pending_id=82 token=- nonce_prefix=a838b449 result=ok wait_ct_us=0 verify_us=94 decap_us=0 peer_us=77 total_us=211
[timing] side=gateway pending_id=83 token=- nonce_prefix=1351c1b5 result=ok wait_ct_us=0 verify_us=95 decap_us=0 peer_us=78 total_us=202
[timing] side=gateway pending_id=84 token=- nonce_prefix=ade1f708 result=ok wait_ct_us=0 verify_us=95 decap_us=0 peer_us=89 total_us=205
[timing] side=gateway pending_id=85 token=- nonce_prefix=d1fc9200 result=ok wait_ct_us=0 verify_us=130 decap_us=0 peer_us=82 total_us=237
[timing] side=gateway pending_id=86 token=- nonce_prefix=f9229d8a result=ok wait_ct_us=0 verify_us=94 decap_us=0 peer_us=82 total_us=195
[timing] side=gateway pending_id=87 token=- nonce_prefix=f5f9f5a7 result=ok wait_ct_us=0 verify_us=94 decap_us=0 peer_us=75 total_us=193
[timing] side=gateway pending_id=88 token=- nonce_prefix=6a45f6e5 result=ok wait_ct_us=0 verify_us=94 decap_us=0 peer_us=75 total_us=188
[timing] side=gateway pending_id=89 token=- nonce_prefix=f9ab9131 result=ok wait_ct_us=0 verify_us=109 decap_us=0 peer_us=75 total_us=210
[timing] side=gateway pending_id=90 token=- nonce_prefix=26e9f62f result=ok wait_ct_us=0 verify_us=96 decap_us=0 peer_us=122 total_us=242
[timing] side=gateway pending_id=91 token=- nonce_prefix=29098e5f result=ok wait_ct_us=0 verify_us=96 decap_us=0 peer_us=82 total_us=234
[timing] side=gateway pending_id=92 token=- nonce_prefix=2c2d4e3f result=ok wait_ct_us=0 verify_us=94 decap_us=0 peer_us=75 total_us=196
[timing] side=gateway pending_id=93 token=- nonce_prefix=3a929731 result=ok wait_ct_us=0 verify_us=131 decap_us=0 peer_us=73 total_us=228
[timing] side=gateway pending_id=94 token=- nonce_prefix=da29e160 result=ok wait_ct_us=0 verify_us=101 decap_us=0 peer_us=75 total_us=194
[timing] side=gateway pending_id=95 token=- nonce_prefix=f05e3abe result=ok wait_ct_us=0 verify_us=94 decap_us=0 peer_us=74 total_us=190
[timing] side=gateway pending_id=96 token=- nonce_prefix=b9b55be6 result=ok wait_ct_us=0 verify_us=131 decap_us=0 peer_us=73 total_us=222
[timing] side=gateway pending_id=97 token=- nonce_prefix=ac6365c6 result=ok wait_ct_us=0 verify_us=92 decap_us=0 peer_us=73 total_us=190
[timing] side=gateway pending_id=98 token=- nonce_prefix=65bc8be4 result=ok wait_ct_us=0 verify_us=297 decap_us=0 peer_us=90 total_us=411
[timing] side=gateway pending_id=99 token=- nonce_prefix=b954494c result=ok wait_ct_us=0 verify_us=114 decap_us=0 peer_us=92 total_us=229
[timing] side=gateway pending_id=100 token=- nonce_prefix=2419834e result=ok wait_ct_us=0 verify_us=279 decap_us=0 peer_us=84 total_us=403
[timing] side=gateway pending_id=101 token=- nonce_prefix=65226ecb result=ok wait_ct_us=0 verify_us=247 decap_us=0 peer_us=77 total_us=358
Stopping wgzk daemon (gateway)...
wgzk.service: Deactivated successfully.
Stopped wgzk daemon (gateway).
Started wgzk daemon (gateway).
[daemon] Starting
[mlkem_channel] TLS listener on TCP :51821
[gateway] mode=0x02 epoch=1 previous_epoch=no iface=wg1r installer=netlink
[gateway] adopted 0 existing peer(s) of wg1r; 0 in the table, WGZK_PEER_MAX=4096
[gateway] joined wgzk events, ns=net:[4026531840]
[mlkem_channel] ciphertext buffered token=2921076088 nonce_prefix=e952c7ee
[timing] side=gateway pending_id=1 token=2921076088 nonce_prefix=e952c7ee result=ok wait_ct_us=1 verify_us=180 decap_us=95 peer_us=83 total_us=390
[mlkem_channel] ciphertext buffered token=20887791 nonce_prefix=bd84fa5f
[timing] side=gateway pending_id=2 token=20887791 nonce_prefix=bd84fa5f result=ok wait_ct_us=1 verify_us=97 decap_us=92 peer_us=77 total_us=299
[mlkem_channel] ciphertext buffered token=1632440212 nonce_prefix=3de868ea
[timing] side=gateway pending_id=3 token=1632440212 nonce_prefix=3de868ea result=ok wait_ct_us=2 verify_us=97 decap_us=139 peer_us=77 total_us=333
[mlkem_channel] ciphertext buffered token=643872528 nonce_prefix=82f4dad4
[timing] side=gateway pending_id=4 token=643872528 nonce_prefix=82f4dad4 result=ok wait_ct_us=2 verify_us=121 decap_us=91 peer_us=74 total_us=315
[mlkem_channel] ciphertext buffered token=2630287347 nonce_prefix=7afee6b5
[timing] side=gateway pending_id=5 token=2630287347 nonce_prefix=7afee6b5 result=ok wait_ct_us=2 verify_us=130 decap_us=145 peer_us=75 total_us=373
[mlkem_channel] ciphertext buffered token=872799921 nonce_prefix=a900d9fd
[timing] side=gateway pending_id=6 token=872799921 nonce_prefix=a900d9fd result=ok wait_ct_us=2 verify_us=110 decap_us=89 peer_us=74 total_us=326
[mlkem_channel] ciphertext buffered token=2460500353 nonce_prefix=6dbb213b
[timing] side=gateway pending_id=7 token=2460500353 nonce_prefix=6dbb213b result=ok wait_ct_us=1 verify_us=96 decap_us=105 peer_us=75 total_us=297
[mlkem_channel] ciphertext buffered token=2291893465 nonce_prefix=ef11bce2
[timing] side=gateway pending_id=8 token=2291893465 nonce_prefix=ef11bce2 result=ok wait_ct_us=2 verify_us=96 decap_us=90 peer_us=96 total_us=308
[mlkem_channel] ciphertext buffered token=4103386766 nonce_prefix=1d9388aa
[timing] side=gateway pending_id=9 token=4103386766 nonce_prefix=1d9388aa result=ok wait_ct_us=2 verify_us=98 decap_us=91 peer_us=78 total_us=304
[mlkem_channel] ciphertext buffered token=2464555281 nonce_prefix=c2b9093c
[timing] side=gateway pending_id=10 token=2464555281 nonce_prefix=c2b9093c result=ok wait_ct_us=2 verify_us=112 decap_us=91 peer_us=75 total_us=302
[mlkem_channel] ciphertext buffered token=3048400612 nonce_prefix=7e965a44
[timing] side=gateway pending_id=11 token=3048400612 nonce_prefix=7e965a44 result=ok wait_ct_us=2 verify_us=113 decap_us=91 peer_us=74 total_us=338
[mlkem_channel] ciphertext buffered token=3498463966 nonce_prefix=90c51897
[timing] side=gateway pending_id=12 token=3498463966 nonce_prefix=90c51897 result=ok wait_ct_us=2 verify_us=96 decap_us=137 peer_us=74 total_us=332
[mlkem_channel] ciphertext buffered token=481359751 nonce_prefix=d480723e
[timing] side=gateway pending_id=13 token=481359751 nonce_prefix=d480723e result=ok wait_ct_us=2 verify_us=96 decap_us=137 peer_us=74 total_us=330
[mlkem_channel] ciphertext buffered token=3428873029 nonce_prefix=39df65f0
[timing] side=gateway pending_id=14 token=3428873029 nonce_prefix=39df65f0 result=ok wait_ct_us=2 verify_us=113 decap_us=90 peer_us=74 total_us=425
[mlkem_channel] ciphertext buffered token=2462806202 nonce_prefix=48947eac
[timing] side=gateway pending_id=15 token=2462806202 nonce_prefix=48947eac result=ok wait_ct_us=1 verify_us=110 decap_us=90 peer_us=78 total_us=311
[mlkem_channel] ciphertext buffered token=1201669456 nonce_prefix=5bb1b9fb
[timing] side=gateway pending_id=16 token=1201669456 nonce_prefix=5bb1b9fb result=ok wait_ct_us=2 verify_us=146 decap_us=90 peer_us=76 total_us=366
[mlkem_channel] ciphertext buffered token=3280823736 nonce_prefix=2123961d
[timing] side=gateway pending_id=17 token=3280823736 nonce_prefix=2123961d result=ok wait_ct_us=2 verify_us=107 decap_us=92 peer_us=77 total_us=329
[mlkem_channel] ciphertext buffered token=3063923939 nonce_prefix=78561a73
[timing] side=gateway pending_id=18 token=3063923939 nonce_prefix=78561a73 result=ok wait_ct_us=2 verify_us=146 decap_us=91 peer_us=80 total_us=375
[mlkem_channel] ciphertext buffered token=453503553 nonce_prefix=678e1f19
[timing] side=gateway pending_id=19 token=453503553 nonce_prefix=678e1f19 result=ok wait_ct_us=1 verify_us=111 decap_us=90 peer_us=125 total_us=377
[mlkem_channel] ciphertext buffered token=1916396211 nonce_prefix=fa441179
[timing] side=gateway pending_id=20 token=1916396211 nonce_prefix=fa441179 result=ok wait_ct_us=1 verify_us=98 decap_us=90 peer_us=71 total_us=318
[mlkem_channel] ciphertext buffered token=768726914 nonce_prefix=6e7944ba
[timing] side=gateway pending_id=21 token=768726914 nonce_prefix=6e7944ba result=ok wait_ct_us=2 verify_us=95 decap_us=90 peer_us=109 total_us=328
[mlkem_channel] ciphertext buffered token=3443250229 nonce_prefix=4a0a9848
[timing] side=gateway pending_id=22 token=3443250229 nonce_prefix=4a0a9848 result=ok wait_ct_us=1 verify_us=96 decap_us=89 peer_us=81 total_us=304
[mlkem_channel] ciphertext buffered token=3348576848 nonce_prefix=5a89d152
[timing] side=gateway pending_id=23 token=3348576848 nonce_prefix=5a89d152 result=ok wait_ct_us=2 verify_us=108 decap_us=141 peer_us=75 total_us=344
[mlkem_channel] ciphertext buffered token=1842468982 nonce_prefix=e86df572
[timing] side=gateway pending_id=24 token=1842468982 nonce_prefix=e86df572 result=ok wait_ct_us=2 verify_us=159 decap_us=90 peer_us=75 total_us=350
[mlkem_channel] ciphertext buffered token=4153362786 nonce_prefix=e8670b14
[timing] side=gateway pending_id=25 token=4153362786 nonce_prefix=e8670b14 result=ok wait_ct_us=2 verify_us=158 decap_us=91 peer_us=78 total_us=355
[mlkem_channel] ciphertext buffered token=242540145 nonce_prefix=c1d3a1b8
[timing] side=gateway pending_id=26 token=242540145 nonce_prefix=c1d3a1b8 result=ok wait_ct_us=2 verify_us=96 decap_us=91 peer_us=84 total_us=296
[mlkem_channel] ciphertext buffered token=2859015543 nonce_prefix=ff9f495f
[timing] side=gateway pending_id=27 token=2859015543 nonce_prefix=ff9f495f result=ok wait_ct_us=2 verify_us=97 decap_us=92 peer_us=79 total_us=291
[mlkem_channel] ciphertext buffered token=521677036 nonce_prefix=1da96be0
[timing] side=gateway pending_id=28 token=521677036 nonce_prefix=1da96be0 result=ok wait_ct_us=1 verify_us=129 decap_us=149 peer_us=74 total_us=375
[mlkem_channel] ciphertext buffered token=1994181641 nonce_prefix=fcf4d87c
[timing] side=gateway pending_id=29 token=1994181641 nonce_prefix=fcf4d87c result=ok wait_ct_us=2 verify_us=114 decap_us=90 peer_us=82 total_us=316
[mlkem_channel] ciphertext buffered token=1815927338 nonce_prefix=fc755c7a
[timing] side=gateway pending_id=30 token=1815927338 nonce_prefix=fc755c7a result=ok wait_ct_us=2 verify_us=106 decap_us=89 peer_us=74 total_us=293
[mlkem_channel] ciphertext buffered token=1757106810 nonce_prefix=f24b7613
[timing] side=gateway pending_id=31 token=1757106810 nonce_prefix=f24b7613 result=ok wait_ct_us=2 verify_us=101 decap_us=91 peer_us=77 total_us=305
[mlkem_channel] ciphertext buffered token=3288995947 nonce_prefix=c77b7df7
[timing] side=gateway pending_id=32 token=3288995947 nonce_prefix=c77b7df7 result=ok wait_ct_us=1 verify_us=95 decap_us=89 peer_us=74 total_us=281
[mlkem_channel] ciphertext buffered token=43942126 nonce_prefix=82bd57ad
[timing] side=gateway pending_id=33 token=43942126 nonce_prefix=82bd57ad result=ok wait_ct_us=2 verify_us=96 decap_us=107 peer_us=76 total_us=303
[mlkem_channel] ciphertext buffered token=2218343527 nonce_prefix=aeecc8ca
[timing] side=gateway pending_id=34 token=2218343527 nonce_prefix=aeecc8ca result=ok wait_ct_us=2 verify_us=95 decap_us=91 peer_us=74 total_us=286
[mlkem_channel] ciphertext buffered token=3146663484 nonce_prefix=3150d52d
[timing] side=gateway pending_id=35 token=3146663484 nonce_prefix=3150d52d result=ok wait_ct_us=2 verify_us=146 decap_us=91 peer_us=78 total_us=371
[mlkem_channel] ciphertext buffered token=3367689973 nonce_prefix=ff83d038
[timing] side=gateway pending_id=36 token=3367689973 nonce_prefix=ff83d038 result=ok wait_ct_us=2 verify_us=147 decap_us=92 peer_us=81 total_us=372
[mlkem_channel] ciphertext buffered token=520974692 nonce_prefix=12c7e868
[timing] side=gateway pending_id=37 token=520974692 nonce_prefix=12c7e868 result=ok wait_ct_us=2 verify_us=124 decap_us=91 peer_us=78 total_us=341
[mlkem_channel] ciphertext buffered token=2998774353 nonce_prefix=56a17960
[timing] side=gateway pending_id=38 token=2998774353 nonce_prefix=56a17960 result=ok wait_ct_us=2 verify_us=106 decap_us=107 peer_us=74 total_us=311
[mlkem_channel] ciphertext buffered token=3392189222 nonce_prefix=d77fda1e
[timing] side=gateway pending_id=39 token=3392189222 nonce_prefix=d77fda1e result=ok wait_ct_us=1 verify_us=96 decap_us=152 peer_us=74 total_us=344
[mlkem_channel] ciphertext buffered token=228270635 nonce_prefix=4c816b79
[timing] side=gateway pending_id=40 token=228270635 nonce_prefix=4c816b79 result=ok wait_ct_us=1 verify_us=119 decap_us=90 peer_us=74 total_us=306
[mlkem_channel] ciphertext buffered token=795503037 nonce_prefix=2773a0d2
[timing] side=gateway pending_id=41 token=795503037 nonce_prefix=2773a0d2 result=ok wait_ct_us=1 verify_us=125 decap_us=145 peer_us=72 total_us=363
[mlkem_channel] ciphertext buffered token=2408021160 nonce_prefix=09ff5884
[timing] side=gateway pending_id=42 token=2408021160 nonce_prefix=09ff5884 result=ok wait_ct_us=2 verify_us=96 decap_us=90 peer_us=74 total_us=446
[mlkem_channel] ciphertext buffered token=3369851261 nonce_prefix=3805275d
[timing] side=gateway pending_id=43 token=3369851261 nonce_prefix=3805275d result=ok wait_ct_us=2 verify_us=99 decap_us=142 peer_us=85 total_us=380
[mlkem_channel] ciphertext buffered token=3598666196 nonce_prefix=06988307
[timing] side=gateway pending_id=44 token=3598666196 nonce_prefix=06988307 result=ok wait_ct_us=2 verify_us=96 decap_us=139 peer_us=79 total_us=341
[mlkem_channel] ciphertext buffered token=60415283 nonce_prefix=1f240b31
[timing] side=gateway pending_id=45 token=60415283 nonce_prefix=1f240b31 result=ok wait_ct_us=2 verify_us=110 decap_us=92 peer_us=80 total_us=301
[mlkem_channel] ciphertext buffered token=967860016 nonce_prefix=9fb5ab60
[timing] side=gateway pending_id=46 token=967860016 nonce_prefix=9fb5ab60 result=ok wait_ct_us=1 verify_us=108 decap_us=91 peer_us=75 total_us=293
[mlkem_channel] ciphertext buffered token=1370561656 nonce_prefix=c4724f6f
[timing] side=gateway pending_id=47 token=1370561656 nonce_prefix=c4724f6f result=ok wait_ct_us=1 verify_us=95 decap_us=141 peer_us=118 total_us=374
[mlkem_channel] ciphertext buffered token=1793321727 nonce_prefix=697ab21e
[timing] side=gateway pending_id=48 token=1793321727 nonce_prefix=697ab21e result=ok wait_ct_us=2 verify_us=95 decap_us=90 peer_us=73 total_us=280
[mlkem_channel] ciphertext buffered token=1740159776 nonce_prefix=5776c59a
[timing] side=gateway pending_id=49 token=1740159776 nonce_prefix=5776c59a result=ok wait_ct_us=2 verify_us=95 decap_us=90 peer_us=73 total_us=327
[mlkem_channel] ciphertext buffered token=3713301270 nonce_prefix=5d84863c
[timing] side=gateway pending_id=50 token=3713301270 nonce_prefix=5d84863c result=ok wait_ct_us=1 verify_us=111 decap_us=102 peer_us=76 total_us=333
[mlkem_channel] ciphertext buffered token=1560395255 nonce_prefix=9b3e838b
[timing] side=gateway pending_id=51 token=1560395255 nonce_prefix=9b3e838b result=ok wait_ct_us=2 verify_us=111 decap_us=139 peer_us=75 total_us=349
[mlkem_channel] ciphertext buffered token=2298389735 nonce_prefix=9db0d0e2
[timing] side=gateway pending_id=52 token=2298389735 nonce_prefix=9db0d0e2 result=ok wait_ct_us=1 verify_us=96 decap_us=91 peer_us=77 total_us=289
[mlkem_channel] ciphertext buffered token=534818429 nonce_prefix=dc7f22d5
[timing] side=gateway pending_id=53 token=534818429 nonce_prefix=dc7f22d5 result=ok wait_ct_us=2 verify_us=97 decap_us=91 peer_us=75 total_us=284
[mlkem_channel] ciphertext buffered token=2644656717 nonce_prefix=aba19338
[timing] side=gateway pending_id=54 token=2644656717 nonce_prefix=aba19338 result=ok wait_ct_us=2 verify_us=113 decap_us=91 peer_us=77 total_us=306
[mlkem_channel] ciphertext buffered token=1293287192 nonce_prefix=413e8250
[timing] side=gateway pending_id=55 token=1293287192 nonce_prefix=413e8250 result=ok wait_ct_us=2 verify_us=95 decap_us=90 peer_us=73 total_us=281
[mlkem_channel] ciphertext buffered token=929201719 nonce_prefix=8d84b33d
[timing] side=gateway pending_id=56 token=929201719 nonce_prefix=8d84b33d result=ok wait_ct_us=2 verify_us=123 decap_us=90 peer_us=75 total_us=333
[mlkem_channel] ciphertext buffered token=3237284128 nonce_prefix=ef00112f
[timing] side=gateway pending_id=57 token=3237284128 nonce_prefix=ef00112f result=ok wait_ct_us=2 verify_us=95 decap_us=90 peer_us=148 total_us=385
[mlkem_channel] ciphertext buffered token=783749446 nonce_prefix=03feb4a9
[timing] side=gateway pending_id=58 token=783749446 nonce_prefix=03feb4a9 result=ok wait_ct_us=1 verify_us=112 decap_us=90 peer_us=72 total_us=319
[mlkem_channel] ciphertext buffered token=2232349578 nonce_prefix=33ec2287
[timing] side=gateway pending_id=59 token=2232349578 nonce_prefix=33ec2287 result=ok wait_ct_us=2 verify_us=106 decap_us=90 peer_us=104 total_us=349
[mlkem_channel] ciphertext buffered token=9484169 nonce_prefix=b3020ca8
[timing] side=gateway pending_id=60 token=9484169 nonce_prefix=b3020ca8 result=ok wait_ct_us=1 verify_us=121 decap_us=90 peer_us=72 total_us=302
[mlkem_channel] ciphertext buffered token=58942915 nonce_prefix=e403ddee
[timing] side=gateway pending_id=61 token=58942915 nonce_prefix=e403ddee result=ok wait_ct_us=2 verify_us=96 decap_us=89 peer_us=75 total_us=281
[mlkem_channel] ciphertext buffered token=1549977559 nonce_prefix=a399a24a
[timing] side=gateway pending_id=62 token=1549977559 nonce_prefix=a399a24a result=ok wait_ct_us=2 verify_us=95 decap_us=106 peer_us=109 total_us=343
[mlkem_channel] ciphertext buffered token=3099314790 nonce_prefix=ab4eaa0a
[timing] side=gateway pending_id=63 token=3099314790 nonce_prefix=ab4eaa0a result=ok wait_ct_us=1 verify_us=111 decap_us=102 peer_us=75 total_us=309
[mlkem_channel] ciphertext buffered token=1167245085 nonce_prefix=c471bdba
[timing] side=gateway pending_id=64 token=1167245085 nonce_prefix=c471bdba result=ok wait_ct_us=1 verify_us=96 decap_us=105 peer_us=131 total_us=354
[mlkem_channel] ciphertext buffered token=1010523644 nonce_prefix=a5f1e61e
[timing] side=gateway pending_id=65 token=1010523644 nonce_prefix=a5f1e61e result=ok wait_ct_us=1 verify_us=105 decap_us=90 peer_us=73 total_us=289
[mlkem_channel] ciphertext buffered token=3685414456 nonce_prefix=90524d43
[timing] side=gateway pending_id=66 token=3685414456 nonce_prefix=90524d43 result=ok wait_ct_us=1 verify_us=110 decap_us=89 peer_us=123 total_us=346
[mlkem_channel] ciphertext buffered token=2914046268 nonce_prefix=eb7ac259
[timing] side=gateway pending_id=67 token=2914046268 nonce_prefix=eb7ac259 result=ok wait_ct_us=2 verify_us=96 decap_us=90 peer_us=76 total_us=282
[mlkem_channel] ciphertext buffered token=1846775578 nonce_prefix=17c2f81a
[timing] side=gateway pending_id=68 token=1846775578 nonce_prefix=17c2f81a result=ok wait_ct_us=1 verify_us=95 decap_us=104 peer_us=122 total_us=344
[mlkem_channel] ciphertext buffered token=4055263924 nonce_prefix=49c7564c
[timing] side=gateway pending_id=69 token=4055263924 nonce_prefix=49c7564c result=ok wait_ct_us=2 verify_us=110 decap_us=89 peer_us=74 total_us=300
[mlkem_channel] ciphertext buffered token=4065338160 nonce_prefix=29d144bd
[timing] side=gateway pending_id=70 token=4065338160 nonce_prefix=29d144bd result=ok wait_ct_us=2 verify_us=111 decap_us=138 peer_us=77 total_us=350
[mlkem_channel] ciphertext buffered token=4028544074 nonce_prefix=848a9065
[timing] side=gateway pending_id=71 token=4028544074 nonce_prefix=848a9065 result=ok wait_ct_us=2 verify_us=112 decap_us=91 peer_us=77 total_us=304
[mlkem_channel] ciphertext buffered token=1279266083 nonce_prefix=6f975193
[timing] side=gateway pending_id=72 token=1279266083 nonce_prefix=6f975193 result=ok wait_ct_us=1 verify_us=106 decap_us=88 peer_us=75 total_us=307
[mlkem_channel] ciphertext buffered token=2393046636 nonce_prefix=3e430a52
[timing] side=gateway pending_id=73 token=2393046636 nonce_prefix=3e430a52 result=ok wait_ct_us=2 verify_us=137 decap_us=89 peer_us=78 total_us=328
[mlkem_channel] ciphertext buffered token=1351405634 nonce_prefix=3d1ff334
[timing] side=gateway pending_id=74 token=1351405634 nonce_prefix=3d1ff334 result=ok wait_ct_us=1 verify_us=105 decap_us=105 peer_us=74 total_us=331
[mlkem_channel] ciphertext buffered token=2132326005 nonce_prefix=5c7f2e47
[timing] side=gateway pending_id=75 token=2132326005 nonce_prefix=5c7f2e47 result=ok wait_ct_us=2 verify_us=95 decap_us=177 peer_us=74 total_us=368
[mlkem_channel] ciphertext buffered token=2815168768 nonce_prefix=fd3e970c
[timing] side=gateway pending_id=76 token=2815168768 nonce_prefix=fd3e970c result=ok wait_ct_us=1 verify_us=96 decap_us=100 peer_us=71 total_us=287
[mlkem_channel] ciphertext buffered token=123364541 nonce_prefix=068091ce
[timing] side=gateway pending_id=77 token=123364541 nonce_prefix=068091ce result=ok wait_ct_us=1 verify_us=96 decap_us=99 peer_us=72 total_us=288
[mlkem_channel] ciphertext buffered token=3570517757 nonce_prefix=aaa2fe76
[timing] side=gateway pending_id=78 token=3570517757 nonce_prefix=aaa2fe76 result=ok wait_ct_us=2 verify_us=96 decap_us=104 peer_us=78 total_us=303
[mlkem_channel] ciphertext buffered token=3245784120 nonce_prefix=4a104141
[timing] side=gateway pending_id=79 token=3245784120 nonce_prefix=4a104141 result=ok wait_ct_us=2 verify_us=112 decap_us=91 peer_us=79 total_us=305
[mlkem_channel] ciphertext buffered token=3487015460 nonce_prefix=268b0b3a
[timing] side=gateway pending_id=80 token=3487015460 nonce_prefix=268b0b3a result=ok wait_ct_us=2 verify_us=98 decap_us=103 peer_us=81 total_us=424
[mlkem_channel] ciphertext buffered token=1902189783 nonce_prefix=5a4018bf
[timing] side=gateway pending_id=81 token=1902189783 nonce_prefix=5a4018bf result=ok wait_ct_us=1 verify_us=97 decap_us=103 peer_us=74 total_us=321
[mlkem_channel] ciphertext buffered token=1427818208 nonce_prefix=dde2bf5f
[timing] side=gateway pending_id=82 token=1427818208 nonce_prefix=dde2bf5f result=ok wait_ct_us=2 verify_us=96 decap_us=92 peer_us=87 total_us=303
[mlkem_channel] ciphertext buffered token=4091555190 nonce_prefix=58bd2952
[timing] side=gateway pending_id=83 token=4091555190 nonce_prefix=58bd2952 result=ok wait_ct_us=1 verify_us=95 decap_us=90 peer_us=84 total_us=310
[mlkem_channel] ciphertext buffered token=2735915371 nonce_prefix=34ed0c5a
[timing] side=gateway pending_id=84 token=2735915371 nonce_prefix=34ed0c5a result=ok wait_ct_us=2 verify_us=97 decap_us=100 peer_us=74 total_us=330
[mlkem_channel] ciphertext buffered token=342656503 nonce_prefix=9e19e33e
[timing] side=gateway pending_id=85 token=342656503 nonce_prefix=9e19e33e result=ok wait_ct_us=1 verify_us=143 decap_us=88 peer_us=80 total_us=334
[mlkem_channel] ciphertext buffered token=231068153 nonce_prefix=d95a6ef8
[timing] side=gateway pending_id=86 token=231068153 nonce_prefix=d95a6ef8 result=ok wait_ct_us=2 verify_us=96 decap_us=90 peer_us=74 total_us=328
[mlkem_channel] ciphertext buffered token=2706208751 nonce_prefix=5d193904
[timing] side=gateway pending_id=87 token=2706208751 nonce_prefix=5d193904 result=ok wait_ct_us=2 verify_us=162 decap_us=92 peer_us=82 total_us=392
[mlkem_channel] ciphertext buffered token=3809349269 nonce_prefix=3928024a
[timing] side=gateway pending_id=88 token=3809349269 nonce_prefix=3928024a result=ok wait_ct_us=1 verify_us=142 decap_us=91 peer_us=79 total_us=367
[mlkem_channel] ciphertext buffered token=1314037983 nonce_prefix=6770e420
[timing] side=gateway pending_id=89 token=1314037983 nonce_prefix=6770e420 result=ok wait_ct_us=1 verify_us=95 decap_us=152 peer_us=76 total_us=344
[mlkem_channel] ciphertext buffered token=624266903 nonce_prefix=4a049208
[timing] side=gateway pending_id=90 token=624266903 nonce_prefix=4a049208 result=ok wait_ct_us=1 verify_us=109 decap_us=88 peer_us=74 total_us=295
[mlkem_channel] ciphertext buffered token=1434810157 nonce_prefix=49323249
[timing] side=gateway pending_id=91 token=1434810157 nonce_prefix=49323249 result=ok wait_ct_us=1 verify_us=95 decap_us=105 peer_us=73 total_us=297
[mlkem_channel] ciphertext buffered token=3853082399 nonce_prefix=9794651c
[timing] side=gateway pending_id=92 token=3853082399 nonce_prefix=9794651c result=ok wait_ct_us=1 verify_us=95 decap_us=89 peer_us=83 total_us=355
[mlkem_channel] ciphertext buffered token=835042041 nonce_prefix=d7dd502c
[timing] side=gateway pending_id=93 token=835042041 nonce_prefix=d7dd502c result=ok wait_ct_us=1 verify_us=95 decap_us=137 peer_us=74 total_us=342
[mlkem_channel] ciphertext buffered token=1268158230 nonce_prefix=8ab38866
[timing] side=gateway pending_id=94 token=1268158230 nonce_prefix=8ab38866 result=ok wait_ct_us=2 verify_us=137 decap_us=90 peer_us=75 total_us=320
[mlkem_channel] ciphertext buffered token=1060490197 nonce_prefix=8f1e2854
[timing] side=gateway pending_id=95 token=1060490197 nonce_prefix=8f1e2854 result=ok wait_ct_us=1 verify_us=109 decap_us=90 peer_us=71 total_us=291
[mlkem_channel] ciphertext buffered token=2920868750 nonce_prefix=13099d66
[timing] side=gateway pending_id=96 token=2920868750 nonce_prefix=13099d66 result=ok wait_ct_us=1 verify_us=141 decap_us=91 peer_us=90 total_us=344
[mlkem_channel] ciphertext buffered token=4075446355 nonce_prefix=c99b1819
[timing] side=gateway pending_id=97 token=4075446355 nonce_prefix=c99b1819 result=ok wait_ct_us=1 verify_us=182 decap_us=90 peer_us=77 total_us=373
[mlkem_channel] ciphertext buffered token=3364953950 nonce_prefix=72e3038f
[timing] side=gateway pending_id=98 token=3364953950 nonce_prefix=72e3038f result=ok wait_ct_us=2 verify_us=96 decap_us=90 peer_us=87 total_us=313
[mlkem_channel] ciphertext buffered token=3289919321 nonce_prefix=bbbd3f94
[timing] side=gateway pending_id=99 token=3289919321 nonce_prefix=bbbd3f94 result=ok wait_ct_us=1 verify_us=110 decap_us=91 peer_us=74 total_us=296
[mlkem_channel] ciphertext buffered token=236405022 nonce_prefix=87e186bd
[timing] side=gateway pending_id=100 token=236405022 nonce_prefix=87e186bd result=ok wait_ct_us=1 verify_us=108 decap_us=89 peer_us=74 total_us=294
[mlkem_channel] ciphertext buffered token=1516949359 nonce_prefix=34ddd54e
[timing] side=gateway pending_id=101 token=1516949359 nonce_prefix=34ddd54e result=ok wait_ct_us=1 verify_us=95 decap_us=99 peer_us=73 total_us=324
Stopping wgzk daemon (gateway)...
wgzk.service: Deactivated successfully.
Stopped wgzk daemon (gateway).
Started wgzk daemon (gateway).
[daemon] Starting
[gateway] mode=0x01 epoch=1 previous_epoch=no iface=wg1r installer=netlink
[gateway] adopted 0 existing peer(s) of wg1r; 0 in the table, WGZK_PEER_MAX=4096
[gateway] joined wgzk events, ns=net:[4026531840]
[timing] side=gateway pending_id=1 token=- nonce_prefix=2927a955 result=ok wait_ct_us=0 verify_us=148 decap_us=0 peer_us=111 total_us=302
[timing] side=gateway pending_id=2 token=- nonce_prefix=8cf55cec result=ok wait_ct_us=0 verify_us=123 decap_us=0 peer_us=89 total_us=241
[timing] side=gateway pending_id=3 token=- nonce_prefix=9f468cc9 result=ok wait_ct_us=0 verify_us=105 decap_us=0 peer_us=79 total_us=205
[timing] side=gateway pending_id=4 token=- nonce_prefix=b5d8ac7c result=ok wait_ct_us=0 verify_us=103 decap_us=0 peer_us=79 total_us=219
[timing] side=gateway pending_id=5 token=- nonce_prefix=283fc925 result=ok wait_ct_us=0 verify_us=95 decap_us=0 peer_us=114 total_us=238
[timing] side=gateway pending_id=6 token=- nonce_prefix=600bc2fa result=ok wait_ct_us=0 verify_us=95 decap_us=0 peer_us=82 total_us=213
[timing] side=gateway pending_id=7 token=- nonce_prefix=64f8342a result=ok wait_ct_us=0 verify_us=95 decap_us=0 peer_us=80 total_us=206
[timing] side=gateway pending_id=8 token=- nonce_prefix=a1a56913 result=ok wait_ct_us=0 verify_us=96 decap_us=0 peer_us=77 total_us=214
[timing] side=gateway pending_id=9 token=- nonce_prefix=c20ee6de result=ok wait_ct_us=0 verify_us=103 decap_us=0 peer_us=77 total_us=200
[timing] side=gateway pending_id=10 token=- nonce_prefix=acc389d9 result=ok wait_ct_us=0 verify_us=95 decap_us=0 peer_us=77 total_us=195
[timing] side=gateway pending_id=11 token=- nonce_prefix=ce290201 result=ok wait_ct_us=0 verify_us=95 decap_us=0 peer_us=74 total_us=196
[timing] side=gateway pending_id=12 token=- nonce_prefix=7b06d6ab result=ok wait_ct_us=0 verify_us=118 decap_us=0 peer_us=74 total_us=211
[timing] side=gateway pending_id=13 token=- nonce_prefix=a59fbeea result=ok wait_ct_us=0 verify_us=94 decap_us=0 peer_us=73 total_us=191
[timing] side=gateway pending_id=14 token=- nonce_prefix=e9e3656a result=ok wait_ct_us=0 verify_us=94 decap_us=0 peer_us=113 total_us=234
[timing] side=gateway pending_id=15 token=- nonce_prefix=22e958bf result=ok wait_ct_us=0 verify_us=95 decap_us=0 peer_us=120 total_us=250
[timing] side=gateway pending_id=16 token=- nonce_prefix=00f22ab9 result=ok wait_ct_us=0 verify_us=96 decap_us=0 peer_us=79 total_us=202
[timing] side=gateway pending_id=17 token=- nonce_prefix=8bfc18fd result=ok wait_ct_us=0 verify_us=94 decap_us=0 peer_us=79 total_us=202
[timing] side=gateway pending_id=18 token=- nonce_prefix=bb8c2ab2 result=ok wait_ct_us=0 verify_us=96 decap_us=0 peer_us=74 total_us=193
[timing] side=gateway pending_id=19 token=- nonce_prefix=78c89158 result=ok wait_ct_us=0 verify_us=95 decap_us=0 peer_us=75 total_us=190
[timing] side=gateway pending_id=20 token=- nonce_prefix=73173611 result=ok wait_ct_us=0 verify_us=132 decap_us=0 peer_us=76 total_us=231
[timing] side=gateway pending_id=21 token=- nonce_prefix=91074a1f result=ok wait_ct_us=0 verify_us=102 decap_us=0 peer_us=74 total_us=194
[timing] side=gateway pending_id=22 token=- nonce_prefix=2bd0bda2 result=ok wait_ct_us=0 verify_us=94 decap_us=0 peer_us=82 total_us=202
[timing] side=gateway pending_id=23 token=- nonce_prefix=68a591e7 result=ok wait_ct_us=0 verify_us=95 decap_us=0 peer_us=81 total_us=198
[timing] side=gateway pending_id=24 token=- nonce_prefix=4175e300 result=ok wait_ct_us=0 verify_us=95 decap_us=0 peer_us=81 total_us=212
[timing] side=gateway pending_id=25 token=- nonce_prefix=7e18e597 result=ok wait_ct_us=0 verify_us=95 decap_us=0 peer_us=87 total_us=205
[timing] side=gateway pending_id=26 token=- nonce_prefix=a61c943f result=ok wait_ct_us=0 verify_us=95 decap_us=0 peer_us=74 total_us=194
[timing] side=gateway pending_id=27 token=- nonce_prefix=f67a2237 result=ok wait_ct_us=0 verify_us=131 decap_us=0 peer_us=76 total_us=226
[timing] side=gateway pending_id=28 token=- nonce_prefix=208af9d3 result=ok wait_ct_us=0 verify_us=94 decap_us=0 peer_us=72 total_us=190
[timing] side=gateway pending_id=29 token=- nonce_prefix=e3af5b3c result=ok wait_ct_us=0 verify_us=93 decap_us=0 peer_us=83 total_us=209
[timing] side=gateway pending_id=30 token=- nonce_prefix=d938e32e result=ok wait_ct_us=0 verify_us=93 decap_us=0 peer_us=73 total_us=190
[timing] side=gateway pending_id=31 token=- nonce_prefix=f89ee3c1 result=ok wait_ct_us=0 verify_us=132 decap_us=0 peer_us=77 total_us=229
[timing] side=gateway pending_id=32 token=- nonce_prefix=6f9a2c76 result=ok wait_ct_us=0 verify_us=95 decap_us=0 peer_us=88 total_us=209
[timing] side=gateway pending_id=33 token=- nonce_prefix=4153824d result=ok wait_ct_us=0 verify_us=95 decap_us=0 peer_us=79 total_us=212
[timing] side=gateway pending_id=34 token=- nonce_prefix=6750ff48 result=ok wait_ct_us=0 verify_us=96 decap_us=0 peer_us=118 total_us=242
[timing] side=gateway pending_id=35 token=- nonce_prefix=cf237680 result=ok wait_ct_us=0 verify_us=131 decap_us=0 peer_us=77 total_us=228
[timing] side=gateway pending_id=36 token=- nonce_prefix=8cd3cb34 result=ok wait_ct_us=0 verify_us=93 decap_us=0 peer_us=71 total_us=190
[timing] side=gateway pending_id=37 token=- nonce_prefix=17a5f3fc result=ok wait_ct_us=0 verify_us=94 decap_us=0 peer_us=112 total_us=230
[timing] side=gateway pending_id=38 token=- nonce_prefix=71edea55 result=ok wait_ct_us=0 verify_us=131 decap_us=0 peer_us=76 total_us=228
[timing] side=gateway pending_id=39 token=- nonce_prefix=eb885c3a result=ok wait_ct_us=0 verify_us=95 decap_us=0 peer_us=72 total_us=190
[timing] side=gateway pending_id=40 token=- nonce_prefix=5a0e203b result=ok wait_ct_us=0 verify_us=133 decap_us=0 peer_us=75 total_us=228
[timing] side=gateway pending_id=41 token=- nonce_prefix=c8e3a385 result=ok wait_ct_us=0 verify_us=103 decap_us=0 peer_us=82 total_us=214
[timing] side=gateway pending_id=42 token=- nonce_prefix=3e3e0d01 result=ok wait_ct_us=0 verify_us=96 decap_us=0 peer_us=91 total_us=207
[timing] side=gateway pending_id=43 token=- nonce_prefix=ac5f1c86 result=ok wait_ct_us=0 verify_us=95 decap_us=0 peer_us=86 total_us=243
[timing] side=gateway pending_id=44 token=- nonce_prefix=41e65185 result=ok wait_ct_us=0 verify_us=95 decap_us=0 peer_us=73 total_us=193
[timing] side=gateway pending_id=45 token=- nonce_prefix=46d4f727 result=ok wait_ct_us=0 verify_us=94 decap_us=0 peer_us=111 total_us=222
[timing] side=gateway pending_id=46 token=- nonce_prefix=cb741288 result=ok wait_ct_us=0 verify_us=93 decap_us=0 peer_us=72 total_us=188
[timing] side=gateway pending_id=47 token=- nonce_prefix=7d1aa8b9 result=ok wait_ct_us=0 verify_us=94 decap_us=0 peer_us=98 total_us=218
[timing] side=gateway pending_id=48 token=- nonce_prefix=a97df246 result=ok wait_ct_us=0 verify_us=94 decap_us=0 peer_us=74 total_us=191
[timing] side=gateway pending_id=49 token=- nonce_prefix=9611d507 result=ok wait_ct_us=0 verify_us=96 decap_us=0 peer_us=80 total_us=198
[timing] side=gateway pending_id=50 token=- nonce_prefix=638c19a1 result=ok wait_ct_us=0 verify_us=133 decap_us=0 peer_us=85 total_us=247
[timing] side=gateway pending_id=51 token=- nonce_prefix=b1992cbf result=ok wait_ct_us=0 verify_us=97 decap_us=0 peer_us=78 total_us=196
[timing] side=gateway pending_id=52 token=- nonce_prefix=e7d1f97b result=ok wait_ct_us=0 verify_us=131 decap_us=0 peer_us=75 total_us=231
[timing] side=gateway pending_id=53 token=- nonce_prefix=062def87 result=ok wait_ct_us=0 verify_us=94 decap_us=0 peer_us=82 total_us=195
[timing] side=gateway pending_id=54 token=- nonce_prefix=a29ae698 result=ok wait_ct_us=0 verify_us=93 decap_us=0 peer_us=74 total_us=188
[timing] side=gateway pending_id=55 token=- nonce_prefix=cfd69531 result=ok wait_ct_us=0 verify_us=95 decap_us=0 peer_us=71 total_us=185
[timing] side=gateway pending_id=56 token=- nonce_prefix=52af184e result=ok wait_ct_us=0 verify_us=132 decap_us=0 peer_us=74 total_us=231
[timing] side=gateway pending_id=57 token=- nonce_prefix=ff0a2daa result=ok wait_ct_us=0 verify_us=131 decap_us=0 peer_us=95 total_us=248
[timing] side=gateway pending_id=58 token=- nonce_prefix=9677fc35 result=ok wait_ct_us=0 verify_us=95 decap_us=0 peer_us=82 total_us=203
[timing] side=gateway pending_id=59 token=- nonce_prefix=adea10c7 result=ok wait_ct_us=0 verify_us=135 decap_us=0 peer_us=84 total_us=241
[timing] side=gateway pending_id=60 token=- nonce_prefix=46c33fd7 result=ok wait_ct_us=0 verify_us=96 decap_us=0 peer_us=78 total_us=200
[timing] side=gateway pending_id=61 token=- nonce_prefix=5d707d8c result=ok wait_ct_us=0 verify_us=134 decap_us=0 peer_us=75 total_us=229
[timing] side=gateway pending_id=62 token=- nonce_prefix=81574787 result=ok wait_ct_us=0 verify_us=95 decap_us=0 peer_us=80 total_us=200
[timing] side=gateway pending_id=63 token=- nonce_prefix=11a15ed8 result=ok wait_ct_us=0 verify_us=95 decap_us=0 peer_us=74 total_us=196
[timing] side=gateway pending_id=64 token=- nonce_prefix=6307bbdb result=ok wait_ct_us=0 verify_us=94 decap_us=0 peer_us=83 total_us=203
[timing] side=gateway pending_id=65 token=- nonce_prefix=66b2ddda result=ok wait_ct_us=0 verify_us=96 decap_us=0 peer_us=75 total_us=188
[timing] side=gateway pending_id=66 token=- nonce_prefix=7146b426 result=ok wait_ct_us=0 verify_us=94 decap_us=0 peer_us=75 total_us=194
[timing] side=gateway pending_id=67 token=- nonce_prefix=42b0fdd0 result=ok wait_ct_us=0 verify_us=133 decap_us=0 peer_us=75 total_us=228
[timing] side=gateway pending_id=68 token=- nonce_prefix=340ca720 result=ok wait_ct_us=0 verify_us=95 decap_us=0 peer_us=90 total_us=211
[timing] side=gateway pending_id=69 token=- nonce_prefix=bbd86de1 result=ok wait_ct_us=0 verify_us=96 decap_us=0 peer_us=86 total_us=242
[timing] side=gateway pending_id=70 token=- nonce_prefix=920b55ae result=ok wait_ct_us=0 verify_us=94 decap_us=0 peer_us=117 total_us=236
[timing] side=gateway pending_id=71 token=- nonce_prefix=091c9857 result=ok wait_ct_us=0 verify_us=94 decap_us=0 peer_us=75 total_us=187
[timing] side=gateway pending_id=72 token=- nonce_prefix=ed743212 result=ok wait_ct_us=0 verify_us=102 decap_us=0 peer_us=75 total_us=199
[timing] side=gateway pending_id=73 token=- nonce_prefix=57e7b1ad result=ok wait_ct_us=0 verify_us=94 decap_us=0 peer_us=72 total_us=185
[timing] side=gateway pending_id=74 token=- nonce_prefix=a88edb99 result=ok wait_ct_us=0 verify_us=131 decap_us=0 peer_us=74 total_us=231
[timing] side=gateway pending_id=75 token=- nonce_prefix=7768f8db result=ok wait_ct_us=0 verify_us=94 decap_us=0 peer_us=74 total_us=188
[timing] side=gateway pending_id=76 token=- nonce_prefix=9dc825b3 result=ok wait_ct_us=0 verify_us=96 decap_us=0 peer_us=84 total_us=207
[timing] side=gateway pending_id=77 token=- nonce_prefix=16345138 result=ok wait_ct_us=0 verify_us=95 decap_us=0 peer_us=80 total_us=195
[timing] side=gateway pending_id=78 token=- nonce_prefix=647a033b result=ok wait_ct_us=0 verify_us=95 decap_us=0 peer_us=79 total_us=198
[timing] side=gateway pending_id=79 token=- nonce_prefix=39707f48 result=ok wait_ct_us=0 verify_us=322 decap_us=0 peer_us=89 total_us=437
[timing] side=gateway pending_id=80 token=- nonce_prefix=cd4f512a result=ok wait_ct_us=0 verify_us=267 decap_us=0 peer_us=87 total_us=379
[timing] side=gateway pending_id=81 token=- nonce_prefix=c8759890 result=ok wait_ct_us=0 verify_us=260 decap_us=0 peer_us=80 total_us=364
[timing] side=gateway pending_id=82 token=- nonce_prefix=a5557dd8 result=ok wait_ct_us=0 verify_us=204 decap_us=0 peer_us=76 total_us=303
[timing] side=gateway pending_id=83 token=- nonce_prefix=7daf6a39 result=ok wait_ct_us=0 verify_us=93 decap_us=0 peer_us=73 total_us=187
[timing] side=gateway pending_id=84 token=- nonce_prefix=3faa4acd result=ok wait_ct_us=0 verify_us=93 decap_us=0 peer_us=75 total_us=192
[timing] side=gateway pending_id=85 token=- nonce_prefix=d918d6a3 result=ok wait_ct_us=0 verify_us=94 decap_us=0 peer_us=125 total_us=240
[timing] side=gateway pending_id=86 token=- nonce_prefix=77bb2a25 result=ok wait_ct_us=0 verify_us=105 decap_us=0 peer_us=78 total_us=209
[timing] side=gateway pending_id=87 token=- nonce_prefix=33ff8ff5 result=ok wait_ct_us=0 verify_us=96 decap_us=0 peer_us=80 total_us=197
[timing] side=gateway pending_id=88 token=- nonce_prefix=7a03bee7 result=ok wait_ct_us=0 verify_us=95 decap_us=0 peer_us=77 total_us=196
[timing] side=gateway pending_id=89 token=- nonce_prefix=3562fafa result=ok wait_ct_us=0 verify_us=94 decap_us=0 peer_us=75 total_us=224
[timing] side=gateway pending_id=90 token=- nonce_prefix=eb6e55f7 result=ok wait_ct_us=0 verify_us=93 decap_us=0 peer_us=72 total_us=190
[timing] side=gateway pending_id=91 token=- nonce_prefix=6e80b69e result=ok wait_ct_us=0 verify_us=94 decap_us=0 peer_us=76 total_us=191
[timing] side=gateway pending_id=92 token=- nonce_prefix=39eafd39 result=ok wait_ct_us=0 verify_us=132 decap_us=0 peer_us=76 total_us=232
[timing] side=gateway pending_id=93 token=- nonce_prefix=ab62f80f result=ok wait_ct_us=0 verify_us=102 decap_us=0 peer_us=77 total_us=199
[timing] side=gateway pending_id=94 token=- nonce_prefix=51424650 result=ok wait_ct_us=0 verify_us=107 decap_us=0 peer_us=82 total_us=215
[timing] side=gateway pending_id=95 token=- nonce_prefix=5fc592dc result=ok wait_ct_us=0 verify_us=104 decap_us=0 peer_us=80 total_us=205
[timing] side=gateway pending_id=96 token=- nonce_prefix=36aed717 result=ok wait_ct_us=0 verify_us=250 decap_us=0 peer_us=91 total_us=377
[timing] side=gateway pending_id=97 token=- nonce_prefix=769072f0 result=ok wait_ct_us=0 verify_us=247 decap_us=0 peer_us=77 total_us=346
[timing] side=gateway pending_id=98 token=- nonce_prefix=0ef4d0ea result=ok wait_ct_us=0 verify_us=123 decap_us=0 peer_us=94 total_us=247
[timing] side=gateway pending_id=99 token=- nonce_prefix=5194075a result=ok wait_ct_us=0 verify_us=288 decap_us=0 peer_us=78 total_us=390
[timing] side=gateway pending_id=100 token=- nonce_prefix=f314e7e9 result=ok wait_ct_us=0 verify_us=309 decap_us=0 peer_us=79 total_us=413
[timing] side=gateway pending_id=101 token=- nonce_prefix=5a703ccf result=ok wait_ct_us=0 verify_us=249 decap_us=0 peer_us=147 total_us=416
Stopping wgzk daemon (gateway)...
wgzk.service: Deactivated successfully.
Stopped wgzk daemon (gateway).
Started wgzk daemon (gateway).
[daemon] Starting
[mlkem_channel] TLS listener on TCP :51821
[gateway] mode=0x02 epoch=1 previous_epoch=no iface=wg1r installer=netlink
[gateway] adopted 0 existing peer(s) of wg1r; 0 in the table, WGZK_PEER_MAX=4096
[gateway] joined wgzk events, ns=net:[4026531840]
[mlkem_channel] ciphertext buffered token=3240723500 nonce_prefix=40db5950
[timing] side=gateway pending_id=1 token=3240723500 nonce_prefix=40db5950 result=ok wait_ct_us=2 verify_us=174 decap_us=107 peer_us=86 total_us=401
[mlkem_channel] ciphertext buffered token=2630827377 nonce_prefix=5875f675
[timing] side=gateway pending_id=2 token=2630827377 nonce_prefix=5875f675 result=ok wait_ct_us=2 verify_us=97 decap_us=93 peer_us=79 total_us=451
[mlkem_channel] ciphertext buffered token=695533642 nonce_prefix=f2c4d853
[timing] side=gateway pending_id=3 token=695533642 nonce_prefix=f2c4d853 result=ok wait_ct_us=2 verify_us=108 decap_us=90 peer_us=79 total_us=391
[mlkem_channel] ciphertext buffered token=112716353 nonce_prefix=4a4a591c
[timing] side=gateway pending_id=4 token=112716353 nonce_prefix=4a4a591c result=ok wait_ct_us=2 verify_us=149 decap_us=90 peer_us=81 total_us=347
[mlkem_channel] ciphertext buffered token=3630276038 nonce_prefix=e8d9f5d0
[timing] side=gateway pending_id=5 token=3630276038 nonce_prefix=e8d9f5d0 result=ok wait_ct_us=1 verify_us=112 decap_us=91 peer_us=84 total_us=307
[mlkem_channel] ciphertext buffered token=2860044460 nonce_prefix=1fbb783b
[timing] side=gateway pending_id=6 token=2860044460 nonce_prefix=1fbb783b result=ok wait_ct_us=2 verify_us=102 decap_us=114 peer_us=76 total_us=333
[mlkem_channel] ciphertext buffered token=1594763875 nonce_prefix=00a07e8e
[timing] side=gateway pending_id=7 token=1594763875 nonce_prefix=00a07e8e result=ok wait_ct_us=1 verify_us=114 decap_us=132 peer_us=75 total_us=390
[mlkem_channel] ciphertext buffered token=2123730487 nonce_prefix=d83f7ac0
[timing] side=gateway pending_id=8 token=2123730487 nonce_prefix=d83f7ac0 result=ok wait_ct_us=17 verify_us=96 decap_us=89 peer_us=75 total_us=322
[mlkem_channel] ciphertext buffered token=3772210231 nonce_prefix=31cc1c24
[timing] side=gateway pending_id=9 token=3772210231 nonce_prefix=31cc1c24 result=ok wait_ct_us=2 verify_us=111 decap_us=89 peer_us=71 total_us=327
[mlkem_channel] ciphertext buffered token=1655991365 nonce_prefix=e4e38a52
[timing] side=gateway pending_id=10 token=1655991365 nonce_prefix=e4e38a52 result=ok wait_ct_us=1 verify_us=111 decap_us=90 peer_us=73 total_us=297
[mlkem_channel] ciphertext buffered token=3859340885 nonce_prefix=2684e5fb
[timing] side=gateway pending_id=11 token=3859340885 nonce_prefix=2684e5fb result=ok wait_ct_us=2 verify_us=98 decap_us=101 peer_us=79 total_us=336
[mlkem_channel] ciphertext buffered token=3753484347 nonce_prefix=f7f78386
[timing] side=gateway pending_id=12 token=3753484347 nonce_prefix=f7f78386 result=ok wait_ct_us=2 verify_us=98 decap_us=93 peer_us=78 total_us=354
[mlkem_channel] ciphertext buffered token=356997397 nonce_prefix=06d7045f
[timing] side=gateway pending_id=13 token=356997397 nonce_prefix=06d7045f result=ok wait_ct_us=2 verify_us=98 decap_us=102 peer_us=77 total_us=302
[mlkem_channel] ciphertext buffered token=1660371241 nonce_prefix=59dce37c
[timing] side=gateway pending_id=14 token=1660371241 nonce_prefix=59dce37c result=ok wait_ct_us=1 verify_us=114 decap_us=90 peer_us=84 total_us=306
[mlkem_channel] ciphertext buffered token=1130771614 nonce_prefix=11f18605
[timing] side=gateway pending_id=15 token=1130771614 nonce_prefix=11f18605 result=ok wait_ct_us=1 verify_us=96 decap_us=90 peer_us=77 total_us=288
[mlkem_channel] ciphertext buffered token=1272174847 nonce_prefix=c222ad92
[timing] side=gateway pending_id=16 token=1272174847 nonce_prefix=c222ad92 result=ok wait_ct_us=1 verify_us=116 decap_us=116 peer_us=84 total_us=359
[mlkem_channel] ciphertext buffered token=59052838 nonce_prefix=f01e8fda
[timing] side=gateway pending_id=17 token=59052838 nonce_prefix=f01e8fda result=ok wait_ct_us=2 verify_us=115 decap_us=100 peer_us=75 total_us=308
[mlkem_channel] ciphertext buffered token=3014228616 nonce_prefix=da9a443c
[timing] side=gateway pending_id=18 token=3014228616 nonce_prefix=da9a443c result=ok wait_ct_us=1 verify_us=96 decap_us=157 peer_us=75 total_us=350
[mlkem_channel] ciphertext buffered token=3963116450 nonce_prefix=b3727c34
[timing] side=gateway pending_id=19 token=3963116450 nonce_prefix=b3727c34 result=ok wait_ct_us=2 verify_us=97 decap_us=90 peer_us=74 total_us=296
[mlkem_channel] ciphertext buffered token=1133902178 nonce_prefix=34dffe71
[timing] side=gateway pending_id=20 token=1133902178 nonce_prefix=34dffe71 result=ok wait_ct_us=2 verify_us=97 decap_us=105 peer_us=80 total_us=342
[mlkem_channel] ciphertext buffered token=3551273471 nonce_prefix=aed54a38
[timing] side=gateway pending_id=21 token=3551273471 nonce_prefix=aed54a38 result=ok wait_ct_us=1 verify_us=161 decap_us=91 peer_us=80 total_us=358
[mlkem_channel] ciphertext buffered token=662027744 nonce_prefix=fc416821
[timing] side=gateway pending_id=22 token=662027744 nonce_prefix=fc416821 result=ok wait_ct_us=2 verify_us=97 decap_us=91 peer_us=84 total_us=325
[mlkem_channel] ciphertext buffered token=4109131874 nonce_prefix=7ffa7012
[timing] side=gateway pending_id=23 token=4109131874 nonce_prefix=7ffa7012 result=ok wait_ct_us=2 verify_us=147 decap_us=107 peer_us=76 total_us=352
[mlkem_channel] ciphertext buffered token=32793123 nonce_prefix=02889025
[timing] side=gateway pending_id=24 token=32793123 nonce_prefix=02889025 result=ok wait_ct_us=2 verify_us=110 decap_us=90 peer_us=71 total_us=293
[mlkem_channel] ciphertext buffered token=4266210354 nonce_prefix=2bc22862
[timing] side=gateway pending_id=25 token=4266210354 nonce_prefix=2bc22862 result=ok wait_ct_us=1 verify_us=112 decap_us=100 peer_us=73 total_us=310
[mlkem_channel] ciphertext buffered token=639460389 nonce_prefix=30a705ca
[timing] side=gateway pending_id=26 token=639460389 nonce_prefix=30a705ca result=ok wait_ct_us=1 verify_us=112 decap_us=90 peer_us=84 total_us=310
[mlkem_channel] ciphertext buffered token=2119235290 nonce_prefix=ed11f157
[timing] side=gateway pending_id=27 token=2119235290 nonce_prefix=ed11f157 result=ok wait_ct_us=1 verify_us=97 decap_us=103 peer_us=75 total_us=327
[mlkem_channel] ciphertext buffered token=2242085280 nonce_prefix=57018774
[timing] side=gateway pending_id=28 token=2242085280 nonce_prefix=57018774 result=ok wait_ct_us=2 verify_us=132 decap_us=110 peer_us=80 total_us=348
[mlkem_channel] ciphertext buffered token=431683664 nonce_prefix=42e99ea5
[timing] side=gateway pending_id=29 token=431683664 nonce_prefix=42e99ea5 result=ok wait_ct_us=2 verify_us=98 decap_us=102 peer_us=116 total_us=339
[mlkem_channel] ciphertext buffered token=2289875532 nonce_prefix=2ccbfd7f
[timing] side=gateway pending_id=30 token=2289875532 nonce_prefix=2ccbfd7f result=ok wait_ct_us=2 verify_us=101 decap_us=102 peer_us=76 total_us=307
[mlkem_channel] ciphertext buffered token=309491198 nonce_prefix=a1421e60
[timing] side=gateway pending_id=31 token=309491198 nonce_prefix=a1421e60 result=ok wait_ct_us=1 verify_us=97 decap_us=89 peer_us=126 total_us=335
[mlkem_channel] ciphertext buffered token=1907751270 nonce_prefix=d516351f
[timing] side=gateway pending_id=32 token=1907751270 nonce_prefix=d516351f result=ok wait_ct_us=1 verify_us=99 decap_us=89 peer_us=91 total_us=302
[mlkem_channel] ciphertext buffered token=785371860 nonce_prefix=77c3aa58
[timing] side=gateway pending_id=33 token=785371860 nonce_prefix=77c3aa58 result=ok wait_ct_us=1 verify_us=99 decap_us=93 peer_us=77 total_us=394
[mlkem_channel] ciphertext buffered token=1534779081 nonce_prefix=274b8896
[timing] side=gateway pending_id=34 token=1534779081 nonce_prefix=274b8896 result=ok wait_ct_us=2 verify_us=106 decap_us=90 peer_us=116 total_us=335
[mlkem_channel] ciphertext buffered token=4207124229 nonce_prefix=7b5ff004
[timing] side=gateway pending_id=35 token=4207124229 nonce_prefix=7b5ff004 result=ok wait_ct_us=2 verify_us=127 decap_us=283 peer_us=75 total_us=511
[mlkem_channel] ciphertext buffered token=2817680553 nonce_prefix=efa527cc
[timing] side=gateway pending_id=36 token=2817680553 nonce_prefix=efa527cc result=ok wait_ct_us=2 verify_us=98 decap_us=99 peer_us=114 total_us=357
[mlkem_channel] ciphertext buffered token=2733999752 nonce_prefix=d4127d12
[timing] side=gateway pending_id=37 token=2733999752 nonce_prefix=d4127d12 result=ok wait_ct_us=2 verify_us=96 decap_us=108 peer_us=89 total_us=320
[mlkem_channel] ciphertext buffered token=2181664633 nonce_prefix=2f6466f4
[timing] side=gateway pending_id=38 token=2181664633 nonce_prefix=2f6466f4 result=ok wait_ct_us=2 verify_us=185 decap_us=91 peer_us=81 total_us=411
[mlkem_channel] ciphertext buffered token=46646769 nonce_prefix=74db17c9
[timing] side=gateway pending_id=39 token=46646769 nonce_prefix=74db17c9 result=ok wait_ct_us=1 verify_us=97 decap_us=102 peer_us=77 total_us=293
[mlkem_channel] ciphertext buffered token=150713589 nonce_prefix=9b8bc99d
[timing] side=gateway pending_id=40 token=150713589 nonce_prefix=9b8bc99d result=ok wait_ct_us=1 verify_us=97 decap_us=176 peer_us=77 total_us=402
[mlkem_channel] ciphertext buffered token=3101345358 nonce_prefix=abf90831
[timing] side=gateway pending_id=41 token=3101345358 nonce_prefix=abf90831 result=ok wait_ct_us=1 verify_us=159 decap_us=90 peer_us=74 total_us=345
[mlkem_channel] ciphertext buffered token=1627085447 nonce_prefix=3cb3385a
[timing] side=gateway pending_id=42 token=1627085447 nonce_prefix=3cb3385a result=ok wait_ct_us=1 verify_us=114 decap_us=90 peer_us=134 total_us=384
[mlkem_channel] ciphertext buffered token=3628707390 nonce_prefix=ff18d7af
[timing] side=gateway pending_id=43 token=3628707390 nonce_prefix=ff18d7af result=ok wait_ct_us=1 verify_us=113 decap_us=91 peer_us=82 total_us=307
[mlkem_channel] ciphertext buffered token=493265405 nonce_prefix=7c263131
[timing] side=gateway pending_id=44 token=493265405 nonce_prefix=7c263131 result=ok wait_ct_us=2 verify_us=112 decap_us=91 peer_us=76 total_us=302
[mlkem_channel] ciphertext buffered token=341531374 nonce_prefix=99250e04
[timing] side=gateway pending_id=45 token=341531374 nonce_prefix=99250e04 result=ok wait_ct_us=2 verify_us=113 decap_us=101 peer_us=76 total_us=314
[mlkem_channel] ciphertext buffered token=2343388227 nonce_prefix=62822930
[timing] side=gateway pending_id=46 token=2343388227 nonce_prefix=62822930 result=ok wait_ct_us=2 verify_us=113 decap_us=92 peer_us=79 total_us=366
[mlkem_channel] ciphertext buffered token=1860870200 nonce_prefix=7709fbd5
[timing] side=gateway pending_id=47 token=1860870200 nonce_prefix=7709fbd5 result=ok wait_ct_us=2 verify_us=98 decap_us=90 peer_us=91 total_us=430
[mlkem_channel] ciphertext buffered token=1853508217 nonce_prefix=c1b23324
[timing] side=gateway pending_id=48 token=1853508217 nonce_prefix=c1b23324 result=ok wait_ct_us=1 verify_us=113 decap_us=91 peer_us=75 total_us=301
[mlkem_channel] ciphertext buffered token=587616380 nonce_prefix=b7ba044c
[timing] side=gateway pending_id=49 token=587616380 nonce_prefix=b7ba044c result=ok wait_ct_us=1 verify_us=111 decap_us=90 peer_us=73 total_us=296
[mlkem_channel] ciphertext buffered token=1845672792 nonce_prefix=396dc02d
[timing] side=gateway pending_id=50 token=1845672792 nonce_prefix=396dc02d result=ok wait_ct_us=2 verify_us=96 decap_us=91 peer_us=74 total_us=285
[mlkem_channel] ciphertext buffered token=818780628 nonce_prefix=7364962a
[timing] side=gateway pending_id=51 token=818780628 nonce_prefix=7364962a result=ok wait_ct_us=1 verify_us=95 decap_us=91 peer_us=73 total_us=289
[mlkem_channel] ciphertext buffered token=2207308627 nonce_prefix=8e6402a6
[timing] side=gateway pending_id=52 token=2207308627 nonce_prefix=8e6402a6 result=ok wait_ct_us=1 verify_us=95 decap_us=90 peer_us=73 total_us=301
[mlkem_channel] ciphertext buffered token=3493240649 nonce_prefix=f68eff9e
[timing] side=gateway pending_id=53 token=3493240649 nonce_prefix=f68eff9e result=ok wait_ct_us=1 verify_us=123 decap_us=89 peer_us=72 total_us=327
[mlkem_channel] ciphertext buffered token=2858375653 nonce_prefix=64c91126
[timing] side=gateway pending_id=54 token=2858375653 nonce_prefix=64c91126 result=ok wait_ct_us=1 verify_us=147 decap_us=90 peer_us=78 total_us=434
[mlkem_channel] ciphertext buffered token=3594419017 nonce_prefix=f76f4511
[timing] side=gateway pending_id=55 token=3594419017 nonce_prefix=f76f4511 result=ok wait_ct_us=1 verify_us=158 decap_us=92 peer_us=80 total_us=386
[mlkem_channel] ciphertext buffered token=2707325159 nonce_prefix=7bbfed73
[timing] side=gateway pending_id=56 token=2707325159 nonce_prefix=7bbfed73 result=ok wait_ct_us=2 verify_us=106 decap_us=92 peer_us=75 total_us=323
[mlkem_channel] ciphertext buffered token=1988398899 nonce_prefix=05ad32f3
[timing] side=gateway pending_id=57 token=1988398899 nonce_prefix=05ad32f3 result=ok wait_ct_us=1 verify_us=161 decap_us=91 peer_us=81 total_us=359
[mlkem_channel] ciphertext buffered token=3807544688 nonce_prefix=2dfa8ed6
[timing] side=gateway pending_id=58 token=3807544688 nonce_prefix=2dfa8ed6 result=ok wait_ct_us=1 verify_us=96 decap_us=91 peer_us=74 total_us=319
[mlkem_channel] ciphertext buffered token=299987043 nonce_prefix=db85c10e
[timing] side=gateway pending_id=59 token=299987043 nonce_prefix=db85c10e result=ok wait_ct_us=1 verify_us=97 decap_us=90 peer_us=75 total_us=334
[mlkem_channel] ciphertext buffered token=1405215078 nonce_prefix=83385228
[timing] side=gateway pending_id=60 token=1405215078 nonce_prefix=83385228 result=ok wait_ct_us=1 verify_us=95 decap_us=106 peer_us=87 total_us=312
[mlkem_channel] ciphertext buffered token=2478667300 nonce_prefix=5687be78
[timing] side=gateway pending_id=61 token=2478667300 nonce_prefix=5687be78 result=ok wait_ct_us=1 verify_us=96 decap_us=92 peer_us=73 total_us=284
[mlkem_channel] ciphertext buffered token=2373316905 nonce_prefix=46a83160
[timing] side=gateway pending_id=62 token=2373316905 nonce_prefix=46a83160 result=ok wait_ct_us=1 verify_us=114 decap_us=91 peer_us=75 total_us=390
[mlkem_channel] ciphertext buffered token=3078548103 nonce_prefix=bc28121b
[timing] side=gateway pending_id=63 token=3078548103 nonce_prefix=bc28121b result=ok wait_ct_us=1 verify_us=112 decap_us=90 peer_us=74 total_us=301
[mlkem_channel] ciphertext buffered token=880098286 nonce_prefix=68d7ab20
[timing] side=gateway pending_id=64 token=880098286 nonce_prefix=68d7ab20 result=ok wait_ct_us=2 verify_us=97 decap_us=143 peer_us=86 total_us=397
[mlkem_channel] ciphertext buffered token=2521646170 nonce_prefix=f4e988a9
[timing] side=gateway pending_id=65 token=2521646170 nonce_prefix=f4e988a9 result=ok wait_ct_us=1 verify_us=97 decap_us=92 peer_us=77 total_us=293
[mlkem_channel] ciphertext buffered token=1306772598 nonce_prefix=56462387
[timing] side=gateway pending_id=66 token=1306772598 nonce_prefix=56462387 result=ok wait_ct_us=1 verify_us=114 decap_us=91 peer_us=75 total_us=305
[mlkem_channel] ciphertext buffered token=1972323912 nonce_prefix=24110de3
[timing] side=gateway pending_id=67 token=1972323912 nonce_prefix=24110de3 result=ok wait_ct_us=1 verify_us=113 decap_us=92 peer_us=75 total_us=330
[mlkem_channel] ciphertext buffered token=4034308904 nonce_prefix=be7ed2d1
[timing] side=gateway pending_id=68 token=4034308904 nonce_prefix=be7ed2d1 result=ok wait_ct_us=1 verify_us=97 decap_us=101 peer_us=108 total_us=345
[mlkem_channel] ciphertext buffered token=3991976323 nonce_prefix=be421424
[timing] side=gateway pending_id=69 token=3991976323 nonce_prefix=be421424 result=ok wait_ct_us=1 verify_us=149 decap_us=91 peer_us=89 total_us=375
[mlkem_channel] ciphertext buffered token=3102478772 nonce_prefix=af82a34b
[timing] side=gateway pending_id=70 token=3102478772 nonce_prefix=af82a34b result=ok wait_ct_us=1 verify_us=95 decap_us=91 peer_us=72 total_us=278
[mlkem_channel] ciphertext buffered token=569625571 nonce_prefix=e2021488
[timing] side=gateway pending_id=71 token=569625571 nonce_prefix=e2021488 result=ok wait_ct_us=1 verify_us=148 decap_us=92 peer_us=77 total_us=334
[mlkem_channel] ciphertext buffered token=1437179656 nonce_prefix=093638e5
[timing] side=gateway pending_id=72 token=1437179656 nonce_prefix=093638e5 result=ok wait_ct_us=2 verify_us=98 decap_us=91 peer_us=130 total_us=343
[mlkem_channel] ciphertext buffered token=121374184 nonce_prefix=aa7949e9
[timing] side=gateway pending_id=73 token=121374184 nonce_prefix=aa7949e9 result=ok wait_ct_us=2 verify_us=109 decap_us=92 peer_us=79 total_us=305
[mlkem_channel] ciphertext buffered token=1888081751 nonce_prefix=a5c64189
[timing] side=gateway pending_id=74 token=1888081751 nonce_prefix=a5c64189 result=ok wait_ct_us=2 verify_us=108 decap_us=92 peer_us=112 total_us=336
[mlkem_channel] ciphertext buffered token=2892215732 nonce_prefix=47dfb7f7
[timing] side=gateway pending_id=75 token=2892215732 nonce_prefix=47dfb7f7 result=ok wait_ct_us=1 verify_us=97 decap_us=142 peer_us=77 total_us=366
[mlkem_channel] ciphertext buffered token=3324869232 nonce_prefix=dbc1b32c
[timing] side=gateway pending_id=76 token=3324869232 nonce_prefix=dbc1b32c result=ok wait_ct_us=1 verify_us=97 decap_us=91 peer_us=72 total_us=310
[mlkem_channel] ciphertext buffered token=3269209184 nonce_prefix=07e77586
[timing] side=gateway pending_id=77 token=3269209184 nonce_prefix=07e77586 result=ok wait_ct_us=1 verify_us=130 decap_us=90 peer_us=76 total_us=345
[mlkem_channel] ciphertext buffered token=2457794944 nonce_prefix=358ecc6a
[timing] side=gateway pending_id=78 token=2457794944 nonce_prefix=358ecc6a result=ok wait_ct_us=1 verify_us=95 decap_us=90 peer_us=83 total_us=292
[mlkem_channel] ciphertext buffered token=3635479843 nonce_prefix=ae841e72
[timing] side=gateway pending_id=79 token=3635479843 nonce_prefix=ae841e72 result=ok wait_ct_us=1 verify_us=96 decap_us=93 peer_us=75 total_us=317
[mlkem_channel] ciphertext buffered token=1597486952 nonce_prefix=30cf5c64
[timing] side=gateway pending_id=80 token=1597486952 nonce_prefix=30cf5c64 result=ok wait_ct_us=1 verify_us=98 decap_us=92 peer_us=75 total_us=288
[mlkem_channel] ciphertext buffered token=3568884064 nonce_prefix=df4561a5
[timing] side=gateway pending_id=81 token=3568884064 nonce_prefix=df4561a5 result=ok wait_ct_us=2 verify_us=98 decap_us=90 peer_us=76 total_us=290
[mlkem_channel] ciphertext buffered token=3008921478 nonce_prefix=f5abd666
[timing] side=gateway pending_id=82 token=3008921478 nonce_prefix=f5abd666 result=ok wait_ct_us=2 verify_us=99 decap_us=141 peer_us=79 total_us=341
[mlkem_channel] ciphertext buffered token=3375002322 nonce_prefix=020ba68c
[timing] side=gateway pending_id=83 token=3375002322 nonce_prefix=020ba68c result=ok wait_ct_us=2 verify_us=99 decap_us=91 peer_us=93 total_us=308
[mlkem_channel] ciphertext buffered token=2407295028 nonce_prefix=9cb9ca20
[timing] side=gateway pending_id=84 token=2407295028 nonce_prefix=9cb9ca20 result=ok wait_ct_us=2 verify_us=137 decap_us=91 peer_us=79 total_us=336
[mlkem_channel] ciphertext buffered token=3990713563 nonce_prefix=f6015c5e
[timing] side=gateway pending_id=85 token=3990713563 nonce_prefix=f6015c5e result=ok wait_ct_us=2 verify_us=112 decap_us=92 peer_us=84 total_us=456
[mlkem_channel] ciphertext buffered token=2666561190 nonce_prefix=96d2579a
[timing] side=gateway pending_id=86 token=2666561190 nonce_prefix=96d2579a result=ok wait_ct_us=2 verify_us=160 decap_us=90 peer_us=73 total_us=369
[mlkem_channel] ciphertext buffered token=1452585750 nonce_prefix=2dbfe73d
[timing] side=gateway pending_id=87 token=1452585750 nonce_prefix=2dbfe73d result=ok wait_ct_us=1 verify_us=112 decap_us=136 peer_us=76 total_us=373
[mlkem_channel] ciphertext buffered token=88740243 nonce_prefix=3d21da4d
[timing] side=gateway pending_id=88 token=88740243 nonce_prefix=3d21da4d result=ok wait_ct_us=1 verify_us=146 decap_us=91 peer_us=92 total_us=379
[mlkem_channel] ciphertext buffered token=2609260672 nonce_prefix=0cd71f3e
[timing] side=gateway pending_id=89 token=2609260672 nonce_prefix=0cd71f3e result=ok wait_ct_us=2 verify_us=97 decap_us=92 peer_us=75 total_us=313
[mlkem_channel] ciphertext buffered token=1241665334 nonce_prefix=a6641af4
[timing] side=gateway pending_id=90 token=1241665334 nonce_prefix=a6641af4 result=ok wait_ct_us=2 verify_us=114 decap_us=92 peer_us=78 total_us=344
[mlkem_channel] ciphertext buffered token=555201375 nonce_prefix=20d25690
[timing] side=gateway pending_id=91 token=555201375 nonce_prefix=20d25690 result=ok wait_ct_us=1 verify_us=99 decap_us=91 peer_us=78 total_us=294
[mlkem_channel] ciphertext buffered token=2162741856 nonce_prefix=af3f9200
[timing] side=gateway pending_id=92 token=2162741856 nonce_prefix=af3f9200 result=ok wait_ct_us=1 verify_us=142 decap_us=91 peer_us=75 total_us=368
[mlkem_channel] ciphertext buffered token=3017368223 nonce_prefix=b6ca7ed4
[timing] side=gateway pending_id=93 token=3017368223 nonce_prefix=b6ca7ed4 result=ok wait_ct_us=1 verify_us=97 decap_us=92 peer_us=72 total_us=325
[mlkem_channel] ciphertext buffered token=3863163008 nonce_prefix=62c333e7
[timing] side=gateway pending_id=94 token=3863163008 nonce_prefix=62c333e7 result=ok wait_ct_us=2 verify_us=96 decap_us=140 peer_us=74 total_us=359
[mlkem_channel] ciphertext buffered token=2907185165 nonce_prefix=e8bae93d
[timing] side=gateway pending_id=95 token=2907185165 nonce_prefix=e8bae93d result=ok wait_ct_us=1 verify_us=113 decap_us=100 peer_us=74 total_us=332
[mlkem_channel] ciphertext buffered token=2159555004 nonce_prefix=c0e7cbf4
[timing] side=gateway pending_id=96 token=2159555004 nonce_prefix=c0e7cbf4 result=ok wait_ct_us=1 verify_us=111 decap_us=138 peer_us=78 total_us=429
[mlkem_channel] ciphertext buffered token=465798873 nonce_prefix=b966c4ff
[timing] side=gateway pending_id=97 token=465798873 nonce_prefix=b966c4ff result=ok wait_ct_us=1 verify_us=112 decap_us=90 peer_us=75 total_us=296
[mlkem_channel] ciphertext buffered token=4294195157 nonce_prefix=aa807195
[timing] side=gateway pending_id=98 token=4294195157 nonce_prefix=aa807195 result=ok wait_ct_us=2 verify_us=97 decap_us=109 peer_us=88 total_us=319
[mlkem_channel] ciphertext buffered token=868473885 nonce_prefix=010c49da
[timing] side=gateway pending_id=99 token=868473885 nonce_prefix=010c49da result=ok wait_ct_us=2 verify_us=115 decap_us=92 peer_us=91 total_us=322
[mlkem_channel] ciphertext buffered token=3072571633 nonce_prefix=2a34858f
[timing] side=gateway pending_id=100 token=3072571633 nonce_prefix=2a34858f result=ok wait_ct_us=2 verify_us=98 decap_us=125 peer_us=80 total_us=341
[mlkem_channel] ciphertext buffered token=2765748507 nonce_prefix=51bdaf3a
[timing] side=gateway pending_id=101 token=2765748507 nonce_prefix=51bdaf3a result=ok wait_ct_us=1 verify_us=96 decap_us=107 peer_us=75 total_us=299
Stopping wgzk daemon (gateway)...
wgzk.service: Deactivated successfully.
Stopped wgzk daemon (gateway).
Started wgzk daemon (gateway).
[daemon] Starting
[gateway] mode=0x01 epoch=1 previous_epoch=no iface=wg1r installer=netlink
[gateway] adopted 0 existing peer(s) of wg1r; 0 in the table, WGZK_PEER_MAX=4096
[gateway] joined wgzk events, ns=net:[4026531840]
[timing] side=gateway pending_id=1 token=- nonce_prefix=3d9569b3 result=ok wait_ct_us=0 verify_us=158 decap_us=0 peer_us=111 total_us=297
[timing] side=gateway pending_id=2 token=- nonce_prefix=211d5891 result=ok wait_ct_us=0 verify_us=95 decap_us=0 peer_us=81 total_us=206
[timing] side=gateway pending_id=3 token=- nonce_prefix=c0025f75 result=ok wait_ct_us=0 verify_us=96 decap_us=0 peer_us=78 total_us=195
[timing] side=gateway pending_id=4 token=- nonce_prefix=0d2f0c23 result=ok wait_ct_us=0 verify_us=102 decap_us=0 peer_us=106 total_us=248
[timing] side=gateway pending_id=5 token=- nonce_prefix=ac24dc16 result=ok wait_ct_us=0 verify_us=93 decap_us=0 peer_us=73 total_us=194
[timing] side=gateway pending_id=6 token=- nonce_prefix=88980f54 result=ok wait_ct_us=0 verify_us=121 decap_us=0 peer_us=77 total_us=238
[timing] side=gateway pending_id=7 token=- nonce_prefix=7581c8df result=ok wait_ct_us=0 verify_us=96 decap_us=0 peer_us=76 total_us=199
[timing] side=gateway pending_id=8 token=- nonce_prefix=93318865 result=ok wait_ct_us=0 verify_us=104 decap_us=0 peer_us=79 total_us=228
[timing] side=gateway pending_id=9 token=- nonce_prefix=94bee5a9 result=ok wait_ct_us=0 verify_us=96 decap_us=0 peer_us=79 total_us=197
[timing] side=gateway pending_id=10 token=- nonce_prefix=954b06c3 result=ok wait_ct_us=0 verify_us=96 decap_us=0 peer_us=80 total_us=203
[timing] side=gateway pending_id=11 token=- nonce_prefix=bd0d7ae7 result=ok wait_ct_us=0 verify_us=123 decap_us=0 peer_us=81 total_us=249
[timing] side=gateway pending_id=12 token=- nonce_prefix=7148a180 result=ok wait_ct_us=0 verify_us=133 decap_us=0 peer_us=79 total_us=231
[timing] side=gateway pending_id=13 token=- nonce_prefix=e632d62e result=ok wait_ct_us=0 verify_us=94 decap_us=0 peer_us=87 total_us=206
[timing] side=gateway pending_id=14 token=- nonce_prefix=423a041f result=ok wait_ct_us=0 verify_us=94 decap_us=0 peer_us=71 total_us=191
[timing] side=gateway pending_id=15 token=- nonce_prefix=e7068046 result=ok wait_ct_us=0 verify_us=94 decap_us=0 peer_us=85 total_us=214
[timing] side=gateway pending_id=16 token=- nonce_prefix=2a1c6450 result=ok wait_ct_us=0 verify_us=94 decap_us=0 peer_us=77 total_us=198
[timing] side=gateway pending_id=17 token=- nonce_prefix=f814a775 result=ok wait_ct_us=0 verify_us=96 decap_us=0 peer_us=80 total_us=196
[timing] side=gateway pending_id=18 token=- nonce_prefix=ca781615 result=ok wait_ct_us=0 verify_us=95 decap_us=0 peer_us=80 total_us=205
[timing] side=gateway pending_id=19 token=- nonce_prefix=0c7b9e27 result=ok wait_ct_us=0 verify_us=96 decap_us=0 peer_us=78 total_us=196
[timing] side=gateway pending_id=20 token=- nonce_prefix=5d0d1a55 result=ok wait_ct_us=0 verify_us=95 decap_us=0 peer_us=76 total_us=196
[timing] side=gateway pending_id=21 token=- nonce_prefix=ac64896c result=ok wait_ct_us=0 verify_us=102 decap_us=0 peer_us=101 total_us=223
[timing] side=gateway pending_id=22 token=- nonce_prefix=f01fd547 result=ok wait_ct_us=0 verify_us=93 decap_us=0 peer_us=119 total_us=238
[timing] side=gateway pending_id=23 token=- nonce_prefix=4ba89a64 result=ok wait_ct_us=0 verify_us=94 decap_us=0 peer_us=74 total_us=225
[timing] side=gateway pending_id=24 token=- nonce_prefix=11877f32 result=ok wait_ct_us=0 verify_us=94 decap_us=0 peer_us=74 total_us=194
[timing] side=gateway pending_id=25 token=- nonce_prefix=6b7cbbea result=ok wait_ct_us=0 verify_us=102 decap_us=0 peer_us=76 total_us=203
[timing] side=gateway pending_id=26 token=- nonce_prefix=dddb30ec result=ok wait_ct_us=0 verify_us=95 decap_us=0 peer_us=87 total_us=211
[timing] side=gateway pending_id=27 token=- nonce_prefix=75be29a0 result=ok wait_ct_us=0 verify_us=96 decap_us=0 peer_us=79 total_us=201
[timing] side=gateway pending_id=28 token=- nonce_prefix=c0611659 result=ok wait_ct_us=0 verify_us=111 decap_us=0 peer_us=82 total_us=214
[timing] side=gateway pending_id=29 token=- nonce_prefix=254b59ec result=ok wait_ct_us=0 verify_us=94 decap_us=0 peer_us=80 total_us=213
[timing] side=gateway pending_id=30 token=- nonce_prefix=94639429 result=ok wait_ct_us=0 verify_us=131 decap_us=0 peer_us=74 total_us=225
[timing] side=gateway pending_id=31 token=- nonce_prefix=65feffd2 result=ok wait_ct_us=0 verify_us=94 decap_us=0 peer_us=115 total_us=259
[timing] side=gateway pending_id=32 token=- nonce_prefix=7b5ec676 result=ok wait_ct_us=0 verify_us=94 decap_us=0 peer_us=83 total_us=196
[timing] side=gateway pending_id=33 token=- nonce_prefix=c6f87530 result=ok wait_ct_us=0 verify_us=131 decap_us=0 peer_us=75 total_us=243
[timing] side=gateway pending_id=34 token=- nonce_prefix=4631ee3d result=ok wait_ct_us=0 verify_us=97 decap_us=0 peer_us=74 total_us=190
[timing] side=gateway pending_id=35 token=- nonce_prefix=2c9554ff result=ok wait_ct_us=0 verify_us=94 decap_us=0 peer_us=77 total_us=195
[timing] side=gateway pending_id=36 token=- nonce_prefix=20e64418 result=ok wait_ct_us=0 verify_us=96 decap_us=0 peer_us=78 total_us=196
[timing] side=gateway pending_id=37 token=- nonce_prefix=209a6962 result=ok wait_ct_us=0 verify_us=95 decap_us=0 peer_us=80 total_us=203
[timing] side=gateway pending_id=38 token=- nonce_prefix=b538eeba result=ok wait_ct_us=0 verify_us=97 decap_us=0 peer_us=75 total_us=193
[timing] side=gateway pending_id=39 token=- nonce_prefix=3cf7b6c0 result=ok wait_ct_us=0 verify_us=94 decap_us=0 peer_us=115 total_us=233
[timing] side=gateway pending_id=40 token=- nonce_prefix=505951c6 result=ok wait_ct_us=0 verify_us=131 decap_us=0 peer_us=76 total_us=226
[timing] side=gateway pending_id=41 token=- nonce_prefix=f445aaa1 result=ok wait_ct_us=0 verify_us=94 decap_us=0 peer_us=72 total_us=188
[timing] side=gateway pending_id=42 token=- nonce_prefix=b947b679 result=ok wait_ct_us=0 verify_us=94 decap_us=0 peer_us=74 total_us=197
[timing] side=gateway pending_id=43 token=- nonce_prefix=7b4cf65e result=ok wait_ct_us=0 verify_us=95 decap_us=0 peer_us=124 total_us=244
[timing] side=gateway pending_id=44 token=- nonce_prefix=5497813a result=ok wait_ct_us=0 verify_us=96 decap_us=0 peer_us=79 total_us=197
[timing] side=gateway pending_id=45 token=- nonce_prefix=59a6bd7c result=ok wait_ct_us=0 verify_us=96 decap_us=0 peer_us=78 total_us=199
[timing] side=gateway pending_id=46 token=- nonce_prefix=69aef83d result=ok wait_ct_us=0 verify_us=95 decap_us=0 peer_us=88 total_us=205
[timing] side=gateway pending_id=47 token=- nonce_prefix=2338be16 result=ok wait_ct_us=0 verify_us=120 decap_us=0 peer_us=80 total_us=228
[timing] side=gateway pending_id=48 token=- nonce_prefix=04bf3b45 result=ok wait_ct_us=0 verify_us=131 decap_us=0 peer_us=76 total_us=226
[timing] side=gateway pending_id=49 token=- nonce_prefix=cf06b686 result=ok wait_ct_us=0 verify_us=94 decap_us=0 peer_us=83 total_us=201
[timing] side=gateway pending_id=50 token=- nonce_prefix=55a8f2c3 result=ok wait_ct_us=0 verify_us=93 decap_us=0 peer_us=74 total_us=187
[timing] side=gateway pending_id=51 token=- nonce_prefix=57f6721e result=ok wait_ct_us=0 verify_us=131 decap_us=0 peer_us=117 total_us=305
[timing] side=gateway pending_id=52 token=- nonce_prefix=6441f0a9 result=ok wait_ct_us=0 verify_us=94 decap_us=0 peer_us=109 total_us=229
[timing] side=gateway pending_id=53 token=- nonce_prefix=832bb246 result=ok wait_ct_us=0 verify_us=95 decap_us=0 peer_us=85 total_us=202
[timing] side=gateway pending_id=54 token=- nonce_prefix=719509e3 result=ok wait_ct_us=0 verify_us=95 decap_us=0 peer_us=79 total_us=203
[timing] side=gateway pending_id=55 token=- nonce_prefix=7bf2fafa result=ok wait_ct_us=0 verify_us=137 decap_us=0 peer_us=82 total_us=246
[timing] side=gateway pending_id=56 token=- nonce_prefix=b2f2c17a result=ok wait_ct_us=0 verify_us=99 decap_us=0 peer_us=79 total_us=206
[timing] side=gateway pending_id=57 token=- nonce_prefix=d5bdaaa5 result=ok wait_ct_us=0 verify_us=132 decap_us=0 peer_us=91 total_us=245
[timing] side=gateway pending_id=58 token=- nonce_prefix=3336caf3 result=ok wait_ct_us=0 verify_us=94 decap_us=0 peer_us=72 total_us=189
[timing] side=gateway pending_id=59 token=- nonce_prefix=15b30aea result=ok wait_ct_us=0 verify_us=175 decap_us=0 peer_us=87 total_us=282
[timing] side=gateway pending_id=60 token=- nonce_prefix=29d33e94 result=ok wait_ct_us=0 verify_us=94 decap_us=0 peer_us=75 total_us=193
[timing] side=gateway pending_id=61 token=- nonce_prefix=8b922e7a result=ok wait_ct_us=0 verify_us=134 decap_us=0 peer_us=77 total_us=231
[timing] side=gateway pending_id=62 token=- nonce_prefix=f2b72b63 result=ok wait_ct_us=0 verify_us=96 decap_us=0 peer_us=79 total_us=200
[timing] side=gateway pending_id=63 token=- nonce_prefix=81a3211c result=ok wait_ct_us=0 verify_us=95 decap_us=0 peer_us=80 total_us=198
[timing] side=gateway pending_id=64 token=- nonce_prefix=e596375f result=ok wait_ct_us=0 verify_us=94 decap_us=0 peer_us=84 total_us=202
[timing] side=gateway pending_id=65 token=- nonce_prefix=46f98141 result=ok wait_ct_us=0 verify_us=95 decap_us=0 peer_us=76 total_us=191
[timing] side=gateway pending_id=66 token=- nonce_prefix=c9d486bf result=ok wait_ct_us=0 verify_us=95 decap_us=0 peer_us=86 total_us=208
[timing] side=gateway pending_id=67 token=- nonce_prefix=bf98f423 result=ok wait_ct_us=0 verify_us=94 decap_us=0 peer_us=86 total_us=200
[timing] side=gateway pending_id=68 token=- nonce_prefix=c9fb078e result=ok wait_ct_us=0 verify_us=94 decap_us=0 peer_us=86 total_us=205
[timing] side=gateway pending_id=69 token=- nonce_prefix=c2e59bec result=ok wait_ct_us=0 verify_us=94 decap_us=0 peer_us=74 total_us=187
[timing] side=gateway pending_id=70 token=- nonce_prefix=4241ac19 result=ok wait_ct_us=0 verify_us=112 decap_us=0 peer_us=84 total_us=220
[timing] side=gateway pending_id=71 token=- nonce_prefix=af9270bb result=ok wait_ct_us=0 verify_us=95 decap_us=0 peer_us=78 total_us=193
[timing] side=gateway pending_id=72 token=- nonce_prefix=b709b73d result=ok wait_ct_us=0 verify_us=96 decap_us=0 peer_us=80 total_us=203
[timing] side=gateway pending_id=73 token=- nonce_prefix=85399008 result=ok wait_ct_us=0 verify_us=95 decap_us=0 peer_us=118 total_us=234
[timing] side=gateway pending_id=74 token=- nonce_prefix=187b8683 result=ok wait_ct_us=0 verify_us=95 decap_us=0 peer_us=75 total_us=196
[timing] side=gateway pending_id=75 token=- nonce_prefix=a91d4847 result=ok wait_ct_us=0 verify_us=94 decap_us=0 peer_us=75 total_us=187
[timing] side=gateway pending_id=76 token=- nonce_prefix=97bc63df result=ok wait_ct_us=0 verify_us=101 decap_us=0 peer_us=71 total_us=195
[timing] side=gateway pending_id=77 token=- nonce_prefix=21e8a92c result=ok wait_ct_us=0 verify_us=101 decap_us=0 peer_us=73 total_us=194
[timing] side=gateway pending_id=78 token=- nonce_prefix=594e6a54 result=ok wait_ct_us=0 verify_us=94 decap_us=0 peer_us=83 total_us=201
[timing] side=gateway pending_id=79 token=- nonce_prefix=3b71e9fe result=ok wait_ct_us=0 verify_us=96 decap_us=0 peer_us=79 total_us=196
[timing] side=gateway pending_id=80 token=- nonce_prefix=2d697ad3 result=ok wait_ct_us=0 verify_us=95 decap_us=0 peer_us=79 total_us=201
[timing] side=gateway pending_id=81 token=- nonce_prefix=d120215d result=ok wait_ct_us=0 verify_us=105 decap_us=0 peer_us=78 total_us=205
[timing] side=gateway pending_id=82 token=- nonce_prefix=af37bd61 result=ok wait_ct_us=0 verify_us=132 decap_us=0 peer_us=77 total_us=233
[timing] side=gateway pending_id=83 token=- nonce_prefix=9a1105d6 result=ok wait_ct_us=0 verify_us=102 decap_us=0 peer_us=77 total_us=201
[timing] side=gateway pending_id=84 token=- nonce_prefix=56c71882 result=ok wait_ct_us=0 verify_us=101 decap_us=0 peer_us=74 total_us=199
[timing] side=gateway pending_id=85 token=- nonce_prefix=27549b89 result=ok wait_ct_us=0 verify_us=131 decap_us=0 peer_us=81 total_us=232
[timing] side=gateway pending_id=86 token=- nonce_prefix=e89a9e73 result=ok wait_ct_us=0 verify_us=94 decap_us=0 peer_us=73 total_us=189
[timing] side=gateway pending_id=87 token=- nonce_prefix=61b53bd3 result=ok wait_ct_us=0 verify_us=94 decap_us=0 peer_us=116 total_us=230
[timing] side=gateway pending_id=88 token=- nonce_prefix=ed4bc919 result=ok wait_ct_us=0 verify_us=96 decap_us=0 peer_us=79 total_us=242
[timing] side=gateway pending_id=89 token=- nonce_prefix=e39e8bad result=ok wait_ct_us=0 verify_us=96 decap_us=0 peer_us=89 total_us=213
[timing] side=gateway pending_id=90 token=- nonce_prefix=9fe8cfa2 result=ok wait_ct_us=0 verify_us=102 decap_us=0 peer_us=80 total_us=204
[timing] side=gateway pending_id=91 token=- nonce_prefix=3446ee9f result=ok wait_ct_us=0 verify_us=95 decap_us=0 peer_us=74 total_us=195
[timing] side=gateway pending_id=92 token=- nonce_prefix=eb7f1956 result=ok wait_ct_us=0 verify_us=143 decap_us=0 peer_us=114 total_us=278
[timing] side=gateway pending_id=93 token=- nonce_prefix=6ccfc0ea result=ok wait_ct_us=0 verify_us=94 decap_us=0 peer_us=75 total_us=194
[timing] side=gateway pending_id=94 token=- nonce_prefix=d28f5675 result=ok wait_ct_us=0 verify_us=95 decap_us=0 peer_us=83 total_us=198
[timing] side=gateway pending_id=95 token=- nonce_prefix=ed5465d0 result=ok wait_ct_us=0 verify_us=94 decap_us=0 peer_us=75 total_us=193
[timing] side=gateway pending_id=96 token=- nonce_prefix=d4a71f9a result=ok wait_ct_us=0 verify_us=94 decap_us=0 peer_us=76 total_us=191
[timing] side=gateway pending_id=97 token=- nonce_prefix=b72a67fd result=ok wait_ct_us=0 verify_us=96 decap_us=0 peer_us=79 total_us=205
[timing] side=gateway pending_id=98 token=- nonce_prefix=058ff6e5 result=ok wait_ct_us=0 verify_us=96 decap_us=0 peer_us=83 total_us=200
[timing] side=gateway pending_id=99 token=- nonce_prefix=84ec79fa result=ok wait_ct_us=0 verify_us=96 decap_us=0 peer_us=81 total_us=204
[timing] side=gateway pending_id=100 token=- nonce_prefix=893c0b4f result=ok wait_ct_us=0 verify_us=95 decap_us=0 peer_us=75 total_us=191
[timing] side=gateway pending_id=101 token=- nonce_prefix=53b92977 result=ok wait_ct_us=0 verify_us=94 decap_us=0 peer_us=75 total_us=192
Stopping wgzk daemon (gateway)...
wgzk.service: Deactivated successfully.
Stopped wgzk daemon (gateway).
Started wgzk daemon (gateway).
[daemon] Starting
[mlkem_channel] TLS listener on TCP :51821
[gateway] mode=0x02 epoch=1 previous_epoch=no iface=wg1r installer=netlink
[gateway] adopted 0 existing peer(s) of wg1r; 0 in the table, WGZK_PEER_MAX=4096
[gateway] joined wgzk events, ns=net:[4026531840]
[mlkem_channel] ciphertext buffered token=2798332862 nonce_prefix=72135802
[timing] side=gateway pending_id=1 token=2798332862 nonce_prefix=72135802 result=ok wait_ct_us=5 verify_us=182 decap_us=116 peer_us=131 total_us=479
[mlkem_channel] ciphertext buffered token=1213359994 nonce_prefix=92c0cf07
[timing] side=gateway pending_id=2 token=1213359994 nonce_prefix=92c0cf07 result=ok wait_ct_us=2 verify_us=97 decap_us=90 peer_us=76 total_us=294
[mlkem_channel] ciphertext buffered token=4247480673 nonce_prefix=d010d294
[timing] side=gateway pending_id=3 token=4247480673 nonce_prefix=d010d294 result=ok wait_ct_us=2 verify_us=97 decap_us=90 peer_us=77 total_us=340
[mlkem_channel] ciphertext buffered token=180787436 nonce_prefix=f0514b5e
[timing] side=gateway pending_id=4 token=180787436 nonce_prefix=f0514b5e result=ok wait_ct_us=2 verify_us=97 decap_us=90 peer_us=75 total_us=310
[mlkem_channel] ciphertext buffered token=3176839178 nonce_prefix=98f25a8f
[timing] side=gateway pending_id=5 token=3176839178 nonce_prefix=98f25a8f result=ok wait_ct_us=2 verify_us=96 decap_us=90 peer_us=76 total_us=319
[mlkem_channel] ciphertext buffered token=3077381542 nonce_prefix=08b2702d
[timing] side=gateway pending_id=6 token=3077381542 nonce_prefix=08b2702d result=ok wait_ct_us=2 verify_us=110 decap_us=100 peer_us=73 total_us=307
[mlkem_channel] ciphertext buffered token=3782521044 nonce_prefix=a844daef
[timing] side=gateway pending_id=7 token=3782521044 nonce_prefix=a844daef result=ok wait_ct_us=2 verify_us=112 decap_us=105 peer_us=109 total_us=378
[mlkem_channel] ciphertext buffered token=179728479 nonce_prefix=490cff75
[timing] side=gateway pending_id=8 token=179728479 nonce_prefix=490cff75 result=ok wait_ct_us=1 verify_us=113 decap_us=90 peer_us=77 total_us=352
[mlkem_channel] ciphertext buffered token=18274101 nonce_prefix=a1307695
[timing] side=gateway pending_id=9 token=18274101 nonce_prefix=a1307695 result=ok wait_ct_us=2 verify_us=96 decap_us=106 peer_us=74 total_us=299
[mlkem_channel] ciphertext buffered token=1412201465 nonce_prefix=35cda261
[timing] side=gateway pending_id=10 token=1412201465 nonce_prefix=35cda261 result=ok wait_ct_us=89 verify_us=100 decap_us=100 peer_us=105 total_us=415
[mlkem_channel] ciphertext buffered token=1345288172 nonce_prefix=074a06ac
[timing] side=gateway pending_id=11 token=1345288172 nonce_prefix=074a06ac result=ok wait_ct_us=2 verify_us=98 decap_us=148 peer_us=79 total_us=436
[mlkem_channel] ciphertext buffered token=1989550612 nonce_prefix=999b9b9d
[timing] side=gateway pending_id=12 token=1989550612 nonce_prefix=999b9b9d result=ok wait_ct_us=1 verify_us=96 decap_us=90 peer_us=76 total_us=289
[mlkem_channel] ciphertext buffered token=625133445 nonce_prefix=54e6a851
[timing] side=gateway pending_id=13 token=625133445 nonce_prefix=54e6a851 result=ok wait_ct_us=2 verify_us=160 decap_us=90 peer_us=75 total_us=346
[mlkem_channel] ciphertext buffered token=2259858497 nonce_prefix=f12d119e
[timing] side=gateway pending_id=14 token=2259858497 nonce_prefix=f12d119e result=ok wait_ct_us=2 verify_us=109 decap_us=91 peer_us=73 total_us=298
[mlkem_channel] ciphertext buffered token=1365516732 nonce_prefix=c8c83e8b
[timing] side=gateway pending_id=15 token=1365516732 nonce_prefix=c8c83e8b result=ok wait_ct_us=2 verify_us=96 decap_us=90 peer_us=83 total_us=389
[mlkem_channel] ciphertext buffered token=1390439809 nonce_prefix=898dbed0
[timing] side=gateway pending_id=16 token=1390439809 nonce_prefix=898dbed0 result=ok wait_ct_us=2 verify_us=95 decap_us=149 peer_us=76 total_us=368
[mlkem_channel] ciphertext buffered token=4115508575 nonce_prefix=4a42e850
[timing] side=gateway pending_id=17 token=4115508575 nonce_prefix=4a42e850 result=ok wait_ct_us=2 verify_us=96 decap_us=90 peer_us=109 total_us=345
[mlkem_channel] ciphertext buffered token=1771129838 nonce_prefix=daa677f1
[timing] side=gateway pending_id=18 token=1771129838 nonce_prefix=daa677f1 result=ok wait_ct_us=2 verify_us=95 decap_us=90 peer_us=71 total_us=278
[mlkem_channel] ciphertext buffered token=41830760 nonce_prefix=7cc737f3
[timing] side=gateway pending_id=19 token=41830760 nonce_prefix=7cc737f3 result=ok wait_ct_us=2 verify_us=107 decap_us=91 peer_us=101 total_us=346
[mlkem_channel] ciphertext buffered token=3103184322 nonce_prefix=5b3c7a72
[timing] side=gateway pending_id=20 token=3103184322 nonce_prefix=5b3c7a72 result=ok wait_ct_us=2 verify_us=98 decap_us=92 peer_us=87 total_us=330
[mlkem_channel] ciphertext buffered token=2387409166 nonce_prefix=333b013b
[timing] side=gateway pending_id=21 token=2387409166 nonce_prefix=333b013b result=ok wait_ct_us=2 verify_us=96 decap_us=138 peer_us=83 total_us=419
[mlkem_channel] ciphertext buffered token=3776296388 nonce_prefix=51aa324b
[timing] side=gateway pending_id=22 token=3776296388 nonce_prefix=51aa324b result=ok wait_ct_us=1 verify_us=97 decap_us=92 peer_us=94 total_us=336
[mlkem_channel] ciphertext buffered token=2677123728 nonce_prefix=329d540f
[timing] side=gateway pending_id=23 token=2677123728 nonce_prefix=329d540f result=ok wait_ct_us=2 verify_us=107 decap_us=89 peer_us=74 total_us=287
[mlkem_channel] ciphertext buffered token=59067575 nonce_prefix=a9be76a5
[timing] side=gateway pending_id=24 token=59067575 nonce_prefix=a9be76a5 result=ok wait_ct_us=2 verify_us=96 decap_us=132 peer_us=75 total_us=327
[mlkem_channel] ciphertext buffered token=1404921535 nonce_prefix=9d07f33d
[timing] side=gateway pending_id=25 token=1404921535 nonce_prefix=9d07f33d result=ok wait_ct_us=2 verify_us=95 decap_us=91 peer_us=84 total_us=292
[mlkem_channel] ciphertext buffered token=2448100017 nonce_prefix=09e9292b
[timing] side=gateway pending_id=26 token=2448100017 nonce_prefix=09e9292b result=ok wait_ct_us=1 verify_us=96 decap_us=91 peer_us=87 total_us=296
[mlkem_channel] ciphertext buffered token=1144088296 nonce_prefix=ea0ef0f0
[timing] side=gateway pending_id=27 token=1144088296 nonce_prefix=ea0ef0f0 result=ok wait_ct_us=1 verify_us=110 decap_us=90 peer_us=73 total_us=294
[mlkem_channel] ciphertext buffered token=2166235172 nonce_prefix=6c4d940a
[timing] side=gateway pending_id=28 token=2166235172 nonce_prefix=6c4d940a result=ok wait_ct_us=2 verify_us=97 decap_us=90 peer_us=79 total_us=409
[mlkem_channel] ciphertext buffered token=1110468797 nonce_prefix=6f9d1afe
[timing] side=gateway pending_id=29 token=1110468797 nonce_prefix=6f9d1afe result=ok wait_ct_us=2 verify_us=96 decap_us=91 peer_us=146 total_us=408
[mlkem_channel] ciphertext buffered token=1308426636 nonce_prefix=36e5f859
[timing] side=gateway pending_id=30 token=1308426636 nonce_prefix=36e5f859 result=ok wait_ct_us=1 verify_us=96 decap_us=91 peer_us=79 total_us=314
[mlkem_channel] ciphertext buffered token=3443718828 nonce_prefix=be30bbf2
[timing] side=gateway pending_id=31 token=3443718828 nonce_prefix=be30bbf2 result=ok wait_ct_us=1 verify_us=96 decap_us=91 peer_us=74 total_us=310
[mlkem_channel] ciphertext buffered token=3146346716 nonce_prefix=a5c05f54
[timing] side=gateway pending_id=32 token=3146346716 nonce_prefix=a5c05f54 result=ok wait_ct_us=2 verify_us=97 decap_us=89 peer_us=76 total_us=319
[mlkem_channel] ciphertext buffered token=555388931 nonce_prefix=d03f4ce2
[timing] side=gateway pending_id=33 token=555388931 nonce_prefix=d03f4ce2 result=ok wait_ct_us=2 verify_us=163 decap_us=90 peer_us=77 total_us=383
[mlkem_channel] ciphertext buffered token=166809363 nonce_prefix=cc054763
[timing] side=gateway pending_id=34 token=166809363 nonce_prefix=cc054763 result=ok wait_ct_us=1 verify_us=110 decap_us=90 peer_us=73 total_us=296
[mlkem_channel] ciphertext buffered token=3579745779 nonce_prefix=25f3cefb
[timing] side=gateway pending_id=35 token=3579745779 nonce_prefix=25f3cefb result=ok wait_ct_us=2 verify_us=153 decap_us=89 peer_us=74 total_us=338
[mlkem_channel] ciphertext buffered token=1703512875 nonce_prefix=845c6ad4
[timing] side=gateway pending_id=36 token=1703512875 nonce_prefix=845c6ad4 result=ok wait_ct_us=1 verify_us=96 decap_us=101 peer_us=75 total_us=324
[mlkem_channel] ciphertext buffered token=981411397 nonce_prefix=9e79aac1
[timing] side=gateway pending_id=37 token=981411397 nonce_prefix=9e79aac1 result=ok wait_ct_us=2 verify_us=123 decap_us=92 peer_us=102 total_us=369
[mlkem_channel] ciphertext buffered token=868853278 nonce_prefix=f2c5d529
[timing] side=gateway pending_id=38 token=868853278 nonce_prefix=f2c5d529 result=ok wait_ct_us=2 verify_us=97 decap_us=90 peer_us=77 total_us=317
[mlkem_channel] ciphertext buffered token=489997470 nonce_prefix=f782c61f
[timing] side=gateway pending_id=39 token=489997470 nonce_prefix=f782c61f result=ok wait_ct_us=2 verify_us=96 decap_us=90 peer_us=75 total_us=306
[mlkem_channel] ciphertext buffered token=3796486599 nonce_prefix=f36fcccb
[timing] side=gateway pending_id=40 token=3796486599 nonce_prefix=f36fcccb result=ok wait_ct_us=2 verify_us=146 decap_us=90 peer_us=104 total_us=363
[mlkem_channel] ciphertext buffered token=2714851493 nonce_prefix=e9bf7bfb
[timing] side=gateway pending_id=41 token=2714851493 nonce_prefix=e9bf7bfb result=ok wait_ct_us=2 verify_us=110 decap_us=90 peer_us=75 total_us=302
[mlkem_channel] ciphertext buffered token=1915547821 nonce_prefix=bd1cb05a
[timing] side=gateway pending_id=42 token=1915547821 nonce_prefix=bd1cb05a result=ok wait_ct_us=2 verify_us=95 decap_us=105 peer_us=74 total_us=297
[mlkem_channel] ciphertext buffered token=3873381994 nonce_prefix=6dfb122c
[timing] side=gateway pending_id=43 token=3873381994 nonce_prefix=6dfb122c result=ok wait_ct_us=1 verify_us=96 decap_us=90 peer_us=82 total_us=371
[mlkem_channel] ciphertext buffered token=3579972627 nonce_prefix=906a7000
[timing] side=gateway pending_id=44 token=3579972627 nonce_prefix=906a7000 result=ok wait_ct_us=1 verify_us=111 decap_us=89 peer_us=74 total_us=299
[mlkem_channel] ciphertext buffered token=1359199533 nonce_prefix=9cc8f89a
[timing] side=gateway pending_id=45 token=1359199533 nonce_prefix=9cc8f89a result=ok wait_ct_us=2 verify_us=96 decap_us=91 peer_us=91 total_us=302
[mlkem_channel] ciphertext buffered token=2249734573 nonce_prefix=2eef4a3a
[timing] side=gateway pending_id=46 token=2249734573 nonce_prefix=2eef4a3a result=ok wait_ct_us=2 verify_us=169 decap_us=90 peer_us=77 total_us=361
[mlkem_channel] ciphertext buffered token=3362430181 nonce_prefix=980ffeb9
[timing] side=gateway pending_id=47 token=3362430181 nonce_prefix=980ffeb9 result=ok wait_ct_us=2 verify_us=113 decap_us=91 peer_us=77 total_us=309
[mlkem_channel] ciphertext buffered token=1301489288 nonce_prefix=5e999fb9
[timing] side=gateway pending_id=48 token=1301489288 nonce_prefix=5e999fb9 result=ok wait_ct_us=1 verify_us=155 decap_us=89 peer_us=131 total_us=398
[mlkem_channel] ciphertext buffered token=1259313064 nonce_prefix=96e47de9
[timing] side=gateway pending_id=49 token=1259313064 nonce_prefix=96e47de9 result=ok wait_ct_us=1 verify_us=110 decap_us=89 peer_us=75 total_us=296
[mlkem_channel] ciphertext buffered token=3769304347 nonce_prefix=327429dc
[timing] side=gateway pending_id=50 token=3769304347 nonce_prefix=327429dc result=ok wait_ct_us=1 verify_us=112 decap_us=140 peer_us=77 total_us=349
[mlkem_channel] ciphertext buffered token=1579871325 nonce_prefix=9c40ebaa
[timing] side=gateway pending_id=51 token=1579871325 nonce_prefix=9c40ebaa result=ok wait_ct_us=2 verify_us=96 decap_us=90 peer_us=100 total_us=326
[mlkem_channel] ciphertext buffered token=3788909226 nonce_prefix=fa86ed8d
[timing] side=gateway pending_id=52 token=3788909226 nonce_prefix=fa86ed8d result=ok wait_ct_us=2 verify_us=96 decap_us=89 peer_us=73 total_us=311
[mlkem_channel] ciphertext buffered token=1865122669 nonce_prefix=426f4c85
[timing] side=gateway pending_id=53 token=1865122669 nonce_prefix=426f4c85 result=ok wait_ct_us=2 verify_us=148 decap_us=132 peer_us=102 total_us=408
[mlkem_channel] ciphertext buffered token=3570737369 nonce_prefix=eedbc5e9
[timing] side=gateway pending_id=54 token=3570737369 nonce_prefix=eedbc5e9 result=ok wait_ct_us=2 verify_us=97 decap_us=92 peer_us=78 total_us=293
[mlkem_channel] ciphertext buffered token=4207058494 nonce_prefix=3f413ae6
[timing] side=gateway pending_id=55 token=4207058494 nonce_prefix=3f413ae6 result=ok wait_ct_us=2 verify_us=170 decap_us=90 peer_us=79 total_us=365
[mlkem_channel] ciphertext buffered token=2352888774 nonce_prefix=dfc2cdfa
[timing] side=gateway pending_id=56 token=2352888774 nonce_prefix=dfc2cdfa result=ok wait_ct_us=1 verify_us=97 decap_us=92 peer_us=77 total_us=319
[mlkem_channel] ciphertext buffered token=2416509193 nonce_prefix=b114b189
[timing] side=gateway pending_id=57 token=2416509193 nonce_prefix=b114b189 result=ok wait_ct_us=2 verify_us=96 decap_us=90 peer_us=109 total_us=324
[mlkem_channel] ciphertext buffered token=3120360633 nonce_prefix=c1fe5a26
[timing] side=gateway pending_id=58 token=3120360633 nonce_prefix=c1fe5a26 result=ok wait_ct_us=2 verify_us=109 decap_us=90 peer_us=73 total_us=294
[mlkem_channel] ciphertext buffered token=2486182415 nonce_prefix=9cf51d96
[timing] side=gateway pending_id=59 token=2486182415 nonce_prefix=9cf51d96 result=ok wait_ct_us=2 verify_us=145 decap_us=93 peer_us=73 total_us=334
[mlkem_channel] ciphertext buffered token=695236088 nonce_prefix=611413fe
[timing] side=gateway pending_id=60 token=695236088 nonce_prefix=611413fe result=ok wait_ct_us=2 verify_us=95 decap_us=91 peer_us=98 total_us=308
[mlkem_channel] ciphertext buffered token=1951974452 nonce_prefix=bc7cedeb
[timing] side=gateway pending_id=61 token=1951974452 nonce_prefix=bc7cedeb result=ok wait_ct_us=2 verify_us=145 decap_us=90 peer_us=74 total_us=332
[mlkem_channel] ciphertext buffered token=3946286604 nonce_prefix=d2a38d4d
[timing] side=gateway pending_id=62 token=3946286604 nonce_prefix=d2a38d4d result=ok wait_ct_us=2 verify_us=96 decap_us=91 peer_us=75 total_us=332
[mlkem_channel] ciphertext buffered token=4018354391 nonce_prefix=6386acc3
[timing] side=gateway pending_id=63 token=4018354391 nonce_prefix=6386acc3 result=ok wait_ct_us=2 verify_us=96 decap_us=116 peer_us=76 total_us=313
[mlkem_channel] ciphertext buffered token=3533694200 nonce_prefix=d0b9d7eb
[timing] side=gateway pending_id=64 token=3533694200 nonce_prefix=d0b9d7eb result=ok wait_ct_us=2 verify_us=97 decap_us=90 peer_us=85 total_us=295
[mlkem_channel] ciphertext buffered token=1997332408 nonce_prefix=b952da36
[timing] side=gateway pending_id=65 token=1997332408 nonce_prefix=b952da36 result=ok wait_ct_us=2 verify_us=96 decap_us=90 peer_us=78 total_us=287
[mlkem_channel] ciphertext buffered token=241408443 nonce_prefix=544c874a
[timing] side=gateway pending_id=66 token=241408443 nonce_prefix=544c874a result=ok wait_ct_us=2 verify_us=162 decap_us=90 peer_us=76 total_us=345
[mlkem_channel] ciphertext buffered token=299493161 nonce_prefix=113f6190
[timing] side=gateway pending_id=67 token=299493161 nonce_prefix=113f6190 result=ok wait_ct_us=2 verify_us=96 decap_us=113 peer_us=99 total_us=330
[mlkem_channel] ciphertext buffered token=2318405566 nonce_prefix=79af78d3
[timing] side=gateway pending_id=68 token=2318405566 nonce_prefix=79af78d3 result=ok wait_ct_us=2 verify_us=164 decap_us=90 peer_us=75 total_us=354
[mlkem_channel] ciphertext buffered token=2904050556 nonce_prefix=0c6bac41
[timing] side=gateway pending_id=69 token=2904050556 nonce_prefix=0c6bac41 result=ok wait_ct_us=2 verify_us=95 decap_us=156 peer_us=75 total_us=346
[mlkem_channel] ciphertext buffered token=2023752532 nonce_prefix=6383e3ba
[timing] side=gateway pending_id=70 token=2023752532 nonce_prefix=6383e3ba result=ok wait_ct_us=2 verify_us=162 decap_us=90 peer_us=74 total_us=348
[mlkem_channel] ciphertext buffered token=3255357042 nonce_prefix=b1561e14
[timing] side=gateway pending_id=71 token=3255357042 nonce_prefix=b1561e14 result=ok wait_ct_us=2 verify_us=96 decap_us=102 peer_us=78 total_us=401
[mlkem_channel] ciphertext buffered token=494554181 nonce_prefix=987688da
[timing] side=gateway pending_id=72 token=494554181 nonce_prefix=987688da result=ok wait_ct_us=2 verify_us=97 decap_us=91 peer_us=80 total_us=340
[mlkem_channel] ciphertext buffered token=3927308160 nonce_prefix=e1146df4
[timing] side=gateway pending_id=73 token=3927308160 nonce_prefix=e1146df4 result=ok wait_ct_us=2 verify_us=99 decap_us=91 peer_us=80 total_us=407
[mlkem_channel] ciphertext buffered token=1057166209 nonce_prefix=19726508
[timing] side=gateway pending_id=74 token=1057166209 nonce_prefix=19726508 result=ok wait_ct_us=2 verify_us=96 decap_us=106 peer_us=76 total_us=303
[mlkem_channel] ciphertext buffered token=2985896672 nonce_prefix=62674726
[timing] side=gateway pending_id=75 token=2985896672 nonce_prefix=62674726 result=ok wait_ct_us=2 verify_us=116 decap_us=90 peer_us=74 total_us=331
[mlkem_channel] ciphertext buffered token=2646731447 nonce_prefix=70e9ad24
[timing] side=gateway pending_id=76 token=2646731447 nonce_prefix=70e9ad24 result=ok wait_ct_us=1 verify_us=96 decap_us=90 peer_us=73 total_us=282
[mlkem_channel] ciphertext buffered token=4155810366 nonce_prefix=c4e9d1a6
[timing] side=gateway pending_id=77 token=4155810366 nonce_prefix=c4e9d1a6 result=ok wait_ct_us=1 verify_us=96 decap_us=91 peer_us=73 total_us=306
[mlkem_channel] ciphertext buffered token=150862327 nonce_prefix=0a0785cb
[timing] side=gateway pending_id=78 token=150862327 nonce_prefix=0a0785cb result=ok wait_ct_us=2 verify_us=110 decap_us=90 peer_us=72 total_us=322
[mlkem_channel] ciphertext buffered token=3139773633 nonce_prefix=3d0e5087
[timing] side=gateway pending_id=79 token=3139773633 nonce_prefix=3d0e5087 result=ok wait_ct_us=2 verify_us=100 decap_us=90 peer_us=73 total_us=343
[mlkem_channel] ciphertext buffered token=2578380877 nonce_prefix=ef730721
[timing] side=gateway pending_id=80 token=2578380877 nonce_prefix=ef730721 result=ok wait_ct_us=1 verify_us=96 decap_us=137 peer_us=74 total_us=332
[mlkem_channel] ciphertext buffered token=2578353932 nonce_prefix=69815476
[timing] side=gateway pending_id=81 token=2578353932 nonce_prefix=69815476 result=ok wait_ct_us=2 verify_us=126 decap_us=91 peer_us=82 total_us=325
[mlkem_channel] ciphertext buffered token=652669196 nonce_prefix=7ac758ba
[timing] side=gateway pending_id=82 token=652669196 nonce_prefix=7ac758ba result=ok wait_ct_us=2 verify_us=97 decap_us=91 peer_us=78 total_us=291
[mlkem_channel] ciphertext buffered token=1216364278 nonce_prefix=20a55a76
[timing] side=gateway pending_id=83 token=1216364278 nonce_prefix=20a55a76 result=ok wait_ct_us=1 verify_us=97 decap_us=91 peer_us=114 total_us=468
[mlkem_channel] ciphertext buffered token=463650334 nonce_prefix=c267cf9c
[timing] side=gateway pending_id=84 token=463650334 nonce_prefix=c267cf9c result=ok wait_ct_us=1 verify_us=112 decap_us=89 peer_us=74 total_us=297
[mlkem_channel] ciphertext buffered token=2410513785 nonce_prefix=4cbb5a74
[timing] side=gateway pending_id=85 token=2410513785 nonce_prefix=4cbb5a74 result=ok wait_ct_us=1 verify_us=96 decap_us=92 peer_us=83 total_us=294
[mlkem_channel] ciphertext buffered token=1538337042 nonce_prefix=254e6f5f
[timing] side=gateway pending_id=86 token=1538337042 nonce_prefix=254e6f5f result=ok wait_ct_us=1 verify_us=97 decap_us=90 peer_us=78 total_us=293
[mlkem_channel] ciphertext buffered token=943786758 nonce_prefix=14e3e0ea
[timing] side=gateway pending_id=87 token=943786758 nonce_prefix=14e3e0ea result=ok wait_ct_us=2 verify_us=96 decap_us=103 peer_us=74 total_us=333
[mlkem_channel] ciphertext buffered token=4214669608 nonce_prefix=83baa6d4
[timing] side=gateway pending_id=88 token=4214669608 nonce_prefix=83baa6d4 result=ok wait_ct_us=2 verify_us=96 decap_us=90 peer_us=75 total_us=312
[mlkem_channel] ciphertext buffered token=3349086208 nonce_prefix=5f5a2837
[timing] side=gateway pending_id=89 token=3349086208 nonce_prefix=5f5a2837 result=ok wait_ct_us=2 verify_us=144 decap_us=89 peer_us=77 total_us=332
[mlkem_channel] ciphertext buffered token=452511035 nonce_prefix=b7364789
[timing] side=gateway pending_id=90 token=452511035 nonce_prefix=b7364789 result=ok wait_ct_us=2 verify_us=113 decap_us=91 peer_us=78 total_us=303
[mlkem_channel] ciphertext buffered token=4115878250 nonce_prefix=b193212f
[timing] side=gateway pending_id=91 token=4115878250 nonce_prefix=b193212f result=ok wait_ct_us=2 verify_us=96 decap_us=90 peer_us=77 total_us=302
[mlkem_channel] ciphertext buffered token=1139972006 nonce_prefix=984940d8
[timing] side=gateway pending_id=92 token=1139972006 nonce_prefix=984940d8 result=ok wait_ct_us=2 verify_us=99 decap_us=101 peer_us=77 total_us=404
[mlkem_channel] ciphertext buffered token=3989144781 nonce_prefix=2220e08a
[timing] side=gateway pending_id=93 token=3989144781 nonce_prefix=2220e08a result=ok wait_ct_us=2 verify_us=96 decap_us=90 peer_us=78 total_us=361
[mlkem_channel] ciphertext buffered token=1044968292 nonce_prefix=c6751c7b
[timing] side=gateway pending_id=94 token=1044968292 nonce_prefix=c6751c7b result=ok wait_ct_us=2 verify_us=97 decap_us=91 peer_us=76 total_us=331
[mlkem_channel] ciphertext buffered token=3900997724 nonce_prefix=8d36e8ce
[timing] side=gateway pending_id=95 token=3900997724 nonce_prefix=8d36e8ce result=ok wait_ct_us=1 verify_us=110 decap_us=90 peer_us=104 total_us=352
[mlkem_channel] ciphertext buffered token=930771953 nonce_prefix=b33c2be9
[timing] side=gateway pending_id=96 token=930771953 nonce_prefix=b33c2be9 result=ok wait_ct_us=1 verify_us=95 decap_us=90 peer_us=74 total_us=284
[mlkem_channel] ciphertext buffered token=134614800 nonce_prefix=fb39c170
[timing] side=gateway pending_id=97 token=134614800 nonce_prefix=fb39c170 result=ok wait_ct_us=2 verify_us=96 decap_us=102 peer_us=76 total_us=329
[mlkem_channel] ciphertext buffered token=943280725 nonce_prefix=7c7a5c15
[timing] side=gateway pending_id=98 token=943280725 nonce_prefix=7c7a5c15 result=ok wait_ct_us=2 verify_us=132 decap_us=136 peer_us=81 total_us=402
[mlkem_channel] ciphertext buffered token=223922837 nonce_prefix=ea09bde7
[timing] side=gateway pending_id=99 token=223922837 nonce_prefix=ea09bde7 result=ok wait_ct_us=2 verify_us=97 decap_us=91 peer_us=76 total_us=317
[mlkem_channel] ciphertext buffered token=4186320698 nonce_prefix=25a96e7e
[timing] side=gateway pending_id=100 token=4186320698 nonce_prefix=25a96e7e result=ok wait_ct_us=2 verify_us=97 decap_us=90 peer_us=87 total_us=298
[mlkem_channel] ciphertext buffered token=3883975157 nonce_prefix=0f9c779c
[timing] side=gateway pending_id=101 token=3883975157 nonce_prefix=0f9c779c result=ok wait_ct_us=2 verify_us=110 decap_us=140 peer_us=76 total_us=346
Stopping wgzk daemon (gateway)...
wgzk.service: Deactivated successfully.
Stopped wgzk daemon (gateway).
Started wgzk daemon (gateway).
[daemon] Starting
[gateway] mode=0x01 epoch=1 previous_epoch=no iface=wg1r installer=netlink
[gateway] adopted 0 existing peer(s) of wg1r; 0 in the table, WGZK_PEER_MAX=4096
[gateway] joined wgzk events, ns=net:[4026531840]
[timing] side=gateway pending_id=1 token=- nonce_prefix=3f7e7223 result=ok wait_ct_us=0 verify_us=184 decap_us=0 peer_us=113 total_us=330
[timing] side=gateway pending_id=2 token=- nonce_prefix=23ecc832 result=ok wait_ct_us=0 verify_us=97 decap_us=0 peer_us=79 total_us=198
[timing] side=gateway pending_id=3 token=- nonce_prefix=e0bd5fc1 result=ok wait_ct_us=0 verify_us=95 decap_us=0 peer_us=86 total_us=208
[timing] side=gateway pending_id=4 token=- nonce_prefix=3a113be7 result=ok wait_ct_us=0 verify_us=133 decap_us=0 peer_us=82 total_us=259
[timing] side=gateway pending_id=5 token=- nonce_prefix=b4f44648 result=ok wait_ct_us=0 verify_us=95 decap_us=0 peer_us=75 total_us=198
[timing] side=gateway pending_id=6 token=- nonce_prefix=ecf6830c result=ok wait_ct_us=0 verify_us=95 decap_us=0 peer_us=73 total_us=206
[timing] side=gateway pending_id=7 token=- nonce_prefix=cb0f4aa8 result=ok wait_ct_us=0 verify_us=95 decap_us=0 peer_us=85 total_us=246
[timing] side=gateway pending_id=8 token=- nonce_prefix=f142d2d3 result=ok wait_ct_us=0 verify_us=96 decap_us=0 peer_us=80 total_us=213
[timing] side=gateway pending_id=9 token=- nonce_prefix=fa119a18 result=ok wait_ct_us=0 verify_us=95 decap_us=0 peer_us=87 total_us=247
[timing] side=gateway pending_id=10 token=- nonce_prefix=24cb2efa result=ok wait_ct_us=0 verify_us=132 decap_us=0 peer_us=84 total_us=246
[timing] side=gateway pending_id=11 token=- nonce_prefix=eedeb523 result=ok wait_ct_us=0 verify_us=94 decap_us=0 peer_us=74 total_us=202
[timing] side=gateway pending_id=12 token=- nonce_prefix=0d807eb4 result=ok wait_ct_us=0 verify_us=94 decap_us=0 peer_us=115 total_us=237
[timing] side=gateway pending_id=13 token=- nonce_prefix=4c82e780 result=ok wait_ct_us=0 verify_us=133 decap_us=0 peer_us=78 total_us=238
[timing] side=gateway pending_id=14 token=- nonce_prefix=1211f32e result=ok wait_ct_us=0 verify_us=94 decap_us=0 peer_us=74 total_us=187
[timing] side=gateway pending_id=15 token=- nonce_prefix=cf606f77 result=ok wait_ct_us=0 verify_us=95 decap_us=0 peer_us=79 total_us=211
[timing] side=gateway pending_id=16 token=- nonce_prefix=b08681e4 result=ok wait_ct_us=0 verify_us=95 decap_us=0 peer_us=115 total_us=238
[timing] side=gateway pending_id=17 token=- nonce_prefix=91d968f4 result=ok wait_ct_us=0 verify_us=96 decap_us=0 peer_us=80 total_us=202
[timing] side=gateway pending_id=18 token=- nonce_prefix=fbb083d0 result=ok wait_ct_us=0 verify_us=96 decap_us=0 peer_us=80 total_us=198
[timing] side=gateway pending_id=19 token=- nonce_prefix=6567168d result=ok wait_ct_us=0 verify_us=96 decap_us=0 peer_us=76 total_us=205
[timing] side=gateway pending_id=20 token=- nonce_prefix=80db6b98 result=ok wait_ct_us=0 verify_us=95 decap_us=0 peer_us=72 total_us=191
[timing] side=gateway pending_id=21 token=- nonce_prefix=764232fc result=ok wait_ct_us=0 verify_us=94 decap_us=0 peer_us=74 total_us=188
[timing] side=gateway pending_id=22 token=- nonce_prefix=7e5f8c9a result=ok wait_ct_us=0 verify_us=94 decap_us=0 peer_us=79 total_us=196
[timing] side=gateway pending_id=23 token=- nonce_prefix=0af75c25 result=ok wait_ct_us=0 verify_us=95 decap_us=0 peer_us=74 total_us=191
[timing] side=gateway pending_id=24 token=- nonce_prefix=6ec85bbb result=ok wait_ct_us=0 verify_us=93 decap_us=0 peer_us=73 total_us=193
[timing] side=gateway pending_id=25 token=- nonce_prefix=55aa1f55 result=ok wait_ct_us=0 verify_us=96 decap_us=0 peer_us=77 total_us=203
[timing] side=gateway pending_id=26 token=- nonce_prefix=483a4413 result=ok wait_ct_us=0 verify_us=102 decap_us=0 peer_us=82 total_us=209
[timing] side=gateway pending_id=27 token=- nonce_prefix=8030a8ea result=ok wait_ct_us=0 verify_us=96 decap_us=0 peer_us=77 total_us=200
[timing] side=gateway pending_id=28 token=- nonce_prefix=d154d46a result=ok wait_ct_us=0 verify_us=131 decap_us=0 peer_us=84 total_us=236
[timing] side=gateway pending_id=29 token=- nonce_prefix=f98d92fc result=ok wait_ct_us=0 verify_us=94 decap_us=0 peer_us=77 total_us=209
[timing] side=gateway pending_id=30 token=- nonce_prefix=ac7562bc result=ok wait_ct_us=0 verify_us=94 decap_us=0 peer_us=71 total_us=185
[timing] side=gateway pending_id=31 token=- nonce_prefix=cfee555f result=ok wait_ct_us=0 verify_us=94 decap_us=0 peer_us=74 total_us=192
[timing] side=gateway pending_id=32 token=- nonce_prefix=bb298713 result=ok wait_ct_us=0 verify_us=95 decap_us=0 peer_us=73 total_us=188
[timing] side=gateway pending_id=33 token=- nonce_prefix=c9d4bbac result=ok wait_ct_us=0 verify_us=94 decap_us=0 peer_us=76 total_us=206
[timing] side=gateway pending_id=34 token=- nonce_prefix=bb77be0f result=ok wait_ct_us=0 verify_us=97 decap_us=0 peer_us=79 total_us=197
[timing] side=gateway pending_id=35 token=- nonce_prefix=729925f6 result=ok wait_ct_us=0 verify_us=96 decap_us=0 peer_us=78 total_us=203
[timing] side=gateway pending_id=36 token=- nonce_prefix=804febb7 result=ok wait_ct_us=0 verify_us=95 decap_us=0 peer_us=119 total_us=236
[timing] side=gateway pending_id=37 token=- nonce_prefix=d6188a3c result=ok wait_ct_us=0 verify_us=95 decap_us=0 peer_us=76 total_us=199
[timing] side=gateway pending_id=38 token=- nonce_prefix=c6b48780 result=ok wait_ct_us=0 verify_us=94 decap_us=0 peer_us=74 total_us=188
[timing] side=gateway pending_id=39 token=- nonce_prefix=4e81545a result=ok wait_ct_us=0 verify_us=94 decap_us=0 peer_us=71 total_us=190
[timing] side=gateway pending_id=40 token=- nonce_prefix=ca9b2f01 result=ok wait_ct_us=0 verify_us=132 decap_us=0 peer_us=80 total_us=232
[timing] side=gateway pending_id=41 token=- nonce_prefix=b963e228 result=ok wait_ct_us=0 verify_us=94 decap_us=0 peer_us=103 total_us=219
[timing] side=gateway pending_id=42 token=- nonce_prefix=5ea08368 result=ok wait_ct_us=0 verify_us=96 decap_us=0 peer_us=76 total_us=200
[timing] side=gateway pending_id=43 token=- nonce_prefix=67e5ea92 result=ok wait_ct_us=0 verify_us=97 decap_us=0 peer_us=91 total_us=228
[timing] side=gateway pending_id=44 token=- nonce_prefix=b3363045 result=ok wait_ct_us=0 verify_us=120 decap_us=0 peer_us=80 total_us=222
[timing] side=gateway pending_id=45 token=- nonce_prefix=6dbc8fe7 result=ok wait_ct_us=0 verify_us=95 decap_us=0 peer_us=123 total_us=243
[timing] side=gateway pending_id=46 token=- nonce_prefix=41ca49ba result=ok wait_ct_us=0 verify_us=134 decap_us=0 peer_us=75 total_us=229
[timing] side=gateway pending_id=47 token=- nonce_prefix=e9ebab93 result=ok wait_ct_us=0 verify_us=94 decap_us=0 peer_us=74 total_us=194
[timing] side=gateway pending_id=48 token=- nonce_prefix=6647248c result=ok wait_ct_us=0 verify_us=94 decap_us=0 peer_us=74 total_us=187
[timing] side=gateway pending_id=49 token=- nonce_prefix=da980046 result=ok wait_ct_us=0 verify_us=94 decap_us=0 peer_us=74 total_us=192
[timing] side=gateway pending_id=50 token=- nonce_prefix=1941f2f2 result=ok wait_ct_us=0 verify_us=94 decap_us=0 peer_us=74 total_us=188
[timing] side=gateway pending_id=51 token=- nonce_prefix=a2ec7b79 result=ok wait_ct_us=0 verify_us=93 decap_us=0 peer_us=76 total_us=197
[timing] side=gateway pending_id=52 token=- nonce_prefix=b8cc6390 result=ok wait_ct_us=0 verify_us=141 decap_us=0 peer_us=84 total_us=248
[timing] side=gateway pending_id=53 token=- nonce_prefix=f74fa70c result=ok wait_ct_us=0 verify_us=95 decap_us=0 peer_us=81 total_us=204
[timing] side=gateway pending_id=54 token=- nonce_prefix=da1d3811 result=ok wait_ct_us=0 verify_us=96 decap_us=0 peer_us=103 total_us=221
[timing] side=gateway pending_id=55 token=- nonce_prefix=a5db0aac result=ok wait_ct_us=0 verify_us=138 decap_us=0 peer_us=76 total_us=241
[timing] side=gateway pending_id=56 token=- nonce_prefix=4d7ff353 result=ok wait_ct_us=0 verify_us=95 decap_us=0 peer_us=76 total_us=190
[timing] side=gateway pending_id=57 token=- nonce_prefix=538137eb result=ok wait_ct_us=0 verify_us=94 decap_us=0 peer_us=90 total_us=212
[timing] side=gateway pending_id=58 token=- nonce_prefix=71207334 result=ok wait_ct_us=0 verify_us=93 decap_us=0 peer_us=74 total_us=186
[timing] side=gateway pending_id=59 token=- nonce_prefix=ca6b8e2a result=ok wait_ct_us=0 verify_us=93 decap_us=0 peer_us=75 total_us=194
[timing] side=gateway pending_id=60 token=- nonce_prefix=211556e1 result=ok wait_ct_us=0 verify_us=94 decap_us=0 peer_us=76 total_us=190
[timing] side=gateway pending_id=61 token=- nonce_prefix=05cc635d result=ok wait_ct_us=0 verify_us=95 decap_us=0 peer_us=104 total_us=226
[timing] side=gateway pending_id=62 token=- nonce_prefix=7be80de2 result=ok wait_ct_us=0 verify_us=96 decap_us=0 peer_us=81 total_us=199
[timing] side=gateway pending_id=63 token=- nonce_prefix=d2bd4eaa result=ok wait_ct_us=0 verify_us=95 decap_us=0 peer_us=76 total_us=198
[timing] side=gateway pending_id=64 token=- nonce_prefix=37b0b82b result=ok wait_ct_us=0 verify_us=94 decap_us=0 peer_us=130 total_us=244
[timing] side=gateway pending_id=65 token=- nonce_prefix=27ab4d77 result=ok wait_ct_us=0 verify_us=95 decap_us=0 peer_us=78 total_us=234
[timing] side=gateway pending_id=66 token=- nonce_prefix=57e9014b result=ok wait_ct_us=0 verify_us=95 decap_us=0 peer_us=104 total_us=219
[timing] side=gateway pending_id=67 token=- nonce_prefix=fe991934 result=ok wait_ct_us=0 verify_us=94 decap_us=0 peer_us=78 total_us=201
[timing] side=gateway pending_id=68 token=- nonce_prefix=54d74432 result=ok wait_ct_us=0 verify_us=95 decap_us=0 peer_us=76 total_us=198
[timing] side=gateway pending_id=69 token=- nonce_prefix=ac4d8439 result=ok wait_ct_us=0 verify_us=95 decap_us=0 peer_us=79 total_us=203
[timing] side=gateway pending_id=70 token=- nonce_prefix=f6d78cec result=ok wait_ct_us=0 verify_us=95 decap_us=0 peer_us=82 total_us=200
[timing] side=gateway pending_id=71 token=- nonce_prefix=39c296bc result=ok wait_ct_us=0 verify_us=95 decap_us=0 peer_us=78 total_us=200
[timing] side=gateway pending_id=72 token=- nonce_prefix=08594e62 result=ok wait_ct_us=0 verify_us=96 decap_us=0 peer_us=76 total_us=194
[timing] side=gateway pending_id=73 token=- nonce_prefix=23cab2cf result=ok wait_ct_us=0 verify_us=131 decap_us=0 peer_us=77 total_us=233
[timing] side=gateway pending_id=74 token=- nonce_prefix=dce5c93d result=ok wait_ct_us=0 verify_us=94 decap_us=0 peer_us=125 total_us=237
[timing] side=gateway pending_id=75 token=- nonce_prefix=fa34e7de result=ok wait_ct_us=0 verify_us=94 decap_us=0 peer_us=73 total_us=192
[timing] side=gateway pending_id=76 token=- nonce_prefix=653388dc result=ok wait_ct_us=0 verify_us=94 decap_us=0 peer_us=74 total_us=187
[timing] side=gateway pending_id=77 token=- nonce_prefix=a1884b3a result=ok wait_ct_us=0 verify_us=93 decap_us=0 peer_us=74 total_us=194
[timing] side=gateway pending_id=78 token=- nonce_prefix=f8b8800b result=ok wait_ct_us=0 verify_us=96 decap_us=0 peer_us=82 total_us=202
[timing] side=gateway pending_id=79 token=- nonce_prefix=2e3bc45e result=ok wait_ct_us=0 verify_us=135 decap_us=0 peer_us=80 total_us=244
[timing] side=gateway pending_id=80 token=- nonce_prefix=d4adf6c8 result=ok wait_ct_us=0 verify_us=96 decap_us=0 peer_us=78 total_us=194
[timing] side=gateway pending_id=81 token=- nonce_prefix=7c16bead result=ok wait_ct_us=0 verify_us=96 decap_us=0 peer_us=76 total_us=196
[timing] side=gateway pending_id=82 token=- nonce_prefix=2939f68e result=ok wait_ct_us=0 verify_us=94 decap_us=0 peer_us=77 total_us=191
[timing] side=gateway pending_id=83 token=- nonce_prefix=b32745d1 result=ok wait_ct_us=0 verify_us=94 decap_us=0 peer_us=74 total_us=194
[timing] side=gateway pending_id=84 token=- nonce_prefix=4dd3f04f result=ok wait_ct_us=0 verify_us=94 decap_us=0 peer_us=72 total_us=185
[timing] side=gateway pending_id=85 token=- nonce_prefix=e28f08b6 result=ok wait_ct_us=0 verify_us=93 decap_us=0 peer_us=81 total_us=200
[timing] side=gateway pending_id=86 token=- nonce_prefix=3f59358c result=ok wait_ct_us=0 verify_us=94 decap_us=0 peer_us=76 total_us=229
[timing] side=gateway pending_id=87 token=- nonce_prefix=3e256e55 result=ok wait_ct_us=0 verify_us=96 decap_us=0 peer_us=77 total_us=199
[timing] side=gateway pending_id=88 token=- nonce_prefix=f793c735 result=ok wait_ct_us=0 verify_us=103 decap_us=0 peer_us=122 total_us=247
[timing] side=gateway pending_id=89 token=- nonce_prefix=20d49c30 result=ok wait_ct_us=0 verify_us=132 decap_us=0 peer_us=79 total_us=236
[timing] side=gateway pending_id=90 token=- nonce_prefix=9c5f40d9 result=ok wait_ct_us=0 verify_us=132 decap_us=0 peer_us=75 total_us=227
[timing] side=gateway pending_id=91 token=- nonce_prefix=b5ef4e90 result=ok wait_ct_us=0 verify_us=132 decap_us=0 peer_us=77 total_us=234
[timing] side=gateway pending_id=92 token=- nonce_prefix=b641b359 result=ok wait_ct_us=0 verify_us=94 decap_us=0 peer_us=74 total_us=188
[timing] side=gateway pending_id=93 token=- nonce_prefix=39ae4460 result=ok wait_ct_us=0 verify_us=102 decap_us=0 peer_us=115 total_us=240
[timing] side=gateway pending_id=94 token=- nonce_prefix=c1d9908c result=ok wait_ct_us=0 verify_us=94 decap_us=0 peer_us=72 total_us=185
[timing] side=gateway pending_id=95 token=- nonce_prefix=025c430a result=ok wait_ct_us=0 verify_us=93 decap_us=0 peer_us=73 total_us=191
[timing] side=gateway pending_id=96 token=- nonce_prefix=e0605ebf result=ok wait_ct_us=0 verify_us=95 decap_us=0 peer_us=77 total_us=193
[timing] side=gateway pending_id=97 token=- nonce_prefix=af9f0faf result=ok wait_ct_us=0 verify_us=96 decap_us=0 peer_us=80 total_us=202
[timing] side=gateway pending_id=98 token=- nonce_prefix=d1a003e7 result=ok wait_ct_us=0 verify_us=95 decap_us=0 peer_us=113 total_us=230
[timing] side=gateway pending_id=99 token=- nonce_prefix=be831a15 result=ok wait_ct_us=0 verify_us=94 decap_us=0 peer_us=81 total_us=198
[timing] side=gateway pending_id=100 token=- nonce_prefix=ef976611 result=ok wait_ct_us=0 verify_us=94 decap_us=0 peer_us=74 total_us=187
[timing] side=gateway pending_id=101 token=- nonce_prefix=cde84ca1 result=ok wait_ct_us=0 verify_us=93 decap_us=0 peer_us=116 total_us=234
Stopping wgzk daemon (gateway)...
wgzk.service: Deactivated successfully.
Stopped wgzk daemon (gateway).
Started wgzk daemon (gateway).
[daemon] Starting
[mlkem_channel] TLS listener on TCP :51821
[gateway] mode=0x02 epoch=1 previous_epoch=no iface=wg1r installer=netlink
[gateway] adopted 0 existing peer(s) of wg1r; 0 in the table, WGZK_PEER_MAX=4096
[gateway] joined wgzk events, ns=net:[4026531840]
[mlkem_channel] ciphertext buffered token=450026772 nonce_prefix=0b82acd3
[timing] side=gateway pending_id=1 token=450026772 nonce_prefix=0b82acd3 result=ok wait_ct_us=1 verify_us=169 decap_us=94 peer_us=93 total_us=387
[mlkem_channel] ciphertext buffered token=3794090054 nonce_prefix=841a5adf
[timing] side=gateway pending_id=2 token=3794090054 nonce_prefix=841a5adf result=ok wait_ct_us=2 verify_us=98 decap_us=91 peer_us=128 total_us=341
[mlkem_channel] ciphertext buffered token=3924185170 nonce_prefix=5f79d5e6
[timing] side=gateway pending_id=3 token=3924185170 nonce_prefix=5f79d5e6 result=ok wait_ct_us=2 verify_us=96 decap_us=92 peer_us=78 total_us=290
[mlkem_channel] ciphertext buffered token=712735025 nonce_prefix=79ce3951
[timing] side=gateway pending_id=4 token=712735025 nonce_prefix=79ce3951 result=ok wait_ct_us=1 verify_us=96 decap_us=90 peer_us=128 total_us=364
[mlkem_channel] ciphertext buffered token=1322966231 nonce_prefix=87af72ed
[timing] side=gateway pending_id=5 token=1322966231 nonce_prefix=87af72ed result=ok wait_ct_us=2 verify_us=113 decap_us=91 peer_us=87 total_us=341
[mlkem_channel] ciphertext buffered token=3032973017 nonce_prefix=5ad38c86
[timing] side=gateway pending_id=6 token=3032973017 nonce_prefix=5ad38c86 result=ok wait_ct_us=2 verify_us=97 decap_us=100 peer_us=79 total_us=299
[mlkem_channel] ciphertext buffered token=1937486780 nonce_prefix=dca9fcc7
[timing] side=gateway pending_id=7 token=1937486780 nonce_prefix=dca9fcc7 result=ok wait_ct_us=1 verify_us=97 decap_us=92 peer_us=73 total_us=293
[mlkem_channel] ciphertext buffered token=3794673037 nonce_prefix=d68d9749
[timing] side=gateway pending_id=8 token=3794673037 nonce_prefix=d68d9749 result=ok wait_ct_us=1 verify_us=147 decap_us=89 peer_us=77 total_us=330
[mlkem_channel] ciphertext buffered token=1566904730 nonce_prefix=1ed3b994
[timing] side=gateway pending_id=9 token=1566904730 nonce_prefix=1ed3b994 result=ok wait_ct_us=1 verify_us=96 decap_us=89 peer_us=73 total_us=279
[mlkem_channel] ciphertext buffered token=2755238112 nonce_prefix=c7f063f2
[timing] side=gateway pending_id=10 token=2755238112 nonce_prefix=c7f063f2 result=ok wait_ct_us=2 verify_us=111 decap_us=138 peer_us=76 total_us=422
[mlkem_channel] ciphertext buffered token=508495433 nonce_prefix=949adb19
[timing] side=gateway pending_id=11 token=508495433 nonce_prefix=949adb19 result=ok wait_ct_us=2 verify_us=97 decap_us=90 peer_us=125 total_us=336
[mlkem_channel] ciphertext buffered token=3466539374 nonce_prefix=aa8e4db6
[timing] side=gateway pending_id=12 token=3466539374 nonce_prefix=aa8e4db6 result=ok wait_ct_us=1 verify_us=111 decap_us=100 peer_us=74 total_us=307
[mlkem_channel] ciphertext buffered token=4226233325 nonce_prefix=67c078df
[timing] side=gateway pending_id=13 token=4226233325 nonce_prefix=67c078df result=ok wait_ct_us=2 verify_us=112 decap_us=92 peer_us=126 total_us=353
[mlkem_channel] ciphertext buffered token=3592002907 nonce_prefix=b7ab33fc
[timing] side=gateway pending_id=14 token=3592002907 nonce_prefix=b7ab33fc result=ok wait_ct_us=1 verify_us=112 decap_us=92 peer_us=78 total_us=307
[mlkem_channel] ciphertext buffered token=3795825901 nonce_prefix=9c67f008
[timing] side=gateway pending_id=15 token=3795825901 nonce_prefix=9c67f008 result=ok wait_ct_us=2 verify_us=148 decap_us=92 peer_us=83 total_us=455
[mlkem_channel] ciphertext buffered token=3610783945 nonce_prefix=5339179c
[timing] side=gateway pending_id=16 token=3610783945 nonce_prefix=5339179c result=ok wait_ct_us=1 verify_us=113 decap_us=90 peer_us=76 total_us=378
[mlkem_channel] ciphertext buffered token=3235489764 nonce_prefix=4e8ac91c
[timing] side=gateway pending_id=17 token=3235489764 nonce_prefix=4e8ac91c result=ok wait_ct_us=1 verify_us=111 decap_us=91 peer_us=73 total_us=325
[mlkem_channel] ciphertext buffered token=883091145 nonce_prefix=ef8c2bfc
[timing] side=gateway pending_id=18 token=883091145 nonce_prefix=ef8c2bfc result=ok wait_ct_us=1 verify_us=96 decap_us=91 peer_us=72 total_us=281
[mlkem_channel] ciphertext buffered token=2808788829 nonce_prefix=1742b6e0
[timing] side=gateway pending_id=19 token=2808788829 nonce_prefix=1742b6e0 result=ok wait_ct_us=1 verify_us=110 decap_us=99 peer_us=72 total_us=327
[mlkem_channel] ciphertext buffered token=2234604608 nonce_prefix=17b643bf
[timing] side=gateway pending_id=20 token=2234604608 nonce_prefix=17b643bf result=ok wait_ct_us=1 verify_us=96 decap_us=104 peer_us=75 total_us=308
[mlkem_channel] ciphertext buffered token=1418781443 nonce_prefix=f290b146
[timing] side=gateway pending_id=21 token=1418781443 nonce_prefix=f290b146 result=ok wait_ct_us=1 verify_us=112 decap_us=90 peer_us=74 total_us=337
[mlkem_channel] ciphertext buffered token=1539956340 nonce_prefix=a971afee
[timing] side=gateway pending_id=22 token=1539956340 nonce_prefix=a971afee result=ok wait_ct_us=2 verify_us=96 decap_us=117 peer_us=86 total_us=325
[mlkem_channel] ciphertext buffered token=3488346553 nonce_prefix=6d16f803
[timing] side=gateway pending_id=23 token=3488346553 nonce_prefix=6d16f803 result=ok wait_ct_us=2 verify_us=97 decap_us=91 peer_us=81 total_us=404
[mlkem_channel] ciphertext buffered token=1400498748 nonce_prefix=fd2a1070
[timing] side=gateway pending_id=24 token=1400498748 nonce_prefix=fd2a1070 result=ok wait_ct_us=2 verify_us=97 decap_us=102 peer_us=79 total_us=343
[mlkem_channel] ciphertext buffered token=3968991788 nonce_prefix=9d6ec940
[timing] side=gateway pending_id=25 token=3968991788 nonce_prefix=9d6ec940 result=ok wait_ct_us=1 verify_us=96 decap_us=200 peer_us=75 total_us=396
[mlkem_channel] ciphertext buffered token=146225170 nonce_prefix=bda70fbe
[timing] side=gateway pending_id=26 token=146225170 nonce_prefix=bda70fbe result=ok wait_ct_us=2 verify_us=95 decap_us=102 peer_us=72 total_us=291
[mlkem_channel] ciphertext buffered token=152367900 nonce_prefix=84a7ff51
[timing] side=gateway pending_id=27 token=152367900 nonce_prefix=84a7ff51 result=ok wait_ct_us=1 verify_us=110 decap_us=140 peer_us=74 total_us=372
[mlkem_channel] ciphertext buffered token=533927573 nonce_prefix=da126124
[timing] side=gateway pending_id=28 token=533927573 nonce_prefix=da126124 result=ok wait_ct_us=1 verify_us=96 decap_us=152 peer_us=76 total_us=376
[mlkem_channel] ciphertext buffered token=3738553102 nonce_prefix=e668a5ee
[timing] side=gateway pending_id=29 token=3738553102 nonce_prefix=e668a5ee result=ok wait_ct_us=1 verify_us=145 decap_us=91 peer_us=76 total_us=345
[mlkem_channel] ciphertext buffered token=2647897929 nonce_prefix=56e0d0eb
[timing] side=gateway pending_id=30 token=2647897929 nonce_prefix=56e0d0eb result=ok wait_ct_us=2 verify_us=111 decap_us=90 peer_us=242 total_us=468
[mlkem_channel] ciphertext buffered token=322650231 nonce_prefix=f7b17f37
[timing] side=gateway pending_id=31 token=322650231 nonce_prefix=f7b17f37 result=ok wait_ct_us=1 verify_us=98 decap_us=91 peer_us=77 total_us=290
[mlkem_channel] ciphertext buffered token=1087092247 nonce_prefix=cc6d5a84
[timing] side=gateway pending_id=32 token=1087092247 nonce_prefix=cc6d5a84 result=ok wait_ct_us=2 verify_us=97 decap_us=92 peer_us=90 total_us=470
[mlkem_channel] ciphertext buffered token=1303924134 nonce_prefix=f08d3863
[timing] side=gateway pending_id=33 token=1303924134 nonce_prefix=f08d3863 result=ok wait_ct_us=2 verify_us=111 decap_us=140 peer_us=81 total_us=381
[mlkem_channel] ciphertext buffered token=3780810548 nonce_prefix=c83efeeb
[timing] side=gateway pending_id=34 token=3780810548 nonce_prefix=c83efeeb result=ok wait_ct_us=1 verify_us=110 decap_us=91 peer_us=86 total_us=336
[mlkem_channel] ciphertext buffered token=1122885396 nonce_prefix=11133ced
[timing] side=gateway pending_id=35 token=1122885396 nonce_prefix=11133ced result=ok wait_ct_us=1 verify_us=95 decap_us=107 peer_us=74 total_us=296
[mlkem_channel] ciphertext buffered token=3875527275 nonce_prefix=3fe4a2ff
[timing] side=gateway pending_id=36 token=3875527275 nonce_prefix=3fe4a2ff result=ok wait_ct_us=2 verify_us=97 decap_us=91 peer_us=81 total_us=347
[mlkem_channel] ciphertext buffered token=3152659807 nonce_prefix=7c4e7401
[timing] side=gateway pending_id=37 token=3152659807 nonce_prefix=7c4e7401 result=ok wait_ct_us=2 verify_us=112 decap_us=90 peer_us=126 total_us=381
[mlkem_channel] ciphertext buffered token=3344751051 nonce_prefix=9aec0658
[timing] side=gateway pending_id=38 token=3344751051 nonce_prefix=9aec0658 result=ok wait_ct_us=2 verify_us=97 decap_us=90 peer_us=121 total_us=446
[mlkem_channel] ciphertext buffered token=3538413175 nonce_prefix=6794b945
[timing] side=gateway pending_id=39 token=3538413175 nonce_prefix=6794b945 result=ok wait_ct_us=1 verify_us=97 decap_us=91 peer_us=77 total_us=319
[mlkem_channel] ciphertext buffered token=4056321515 nonce_prefix=d66c4dbc
[timing] side=gateway pending_id=40 token=4056321515 nonce_prefix=d66c4dbc result=ok wait_ct_us=2 verify_us=98 decap_us=92 peer_us=79 total_us=322
[mlkem_channel] ciphertext buffered token=3612064435 nonce_prefix=2953f968
[timing] side=gateway pending_id=41 token=3612064435 nonce_prefix=2953f968 result=ok wait_ct_us=2 verify_us=97 decap_us=106 peer_us=80 total_us=310
[mlkem_channel] ciphertext buffered token=2368804200 nonce_prefix=bf61f018
[timing] side=gateway pending_id=42 token=2368804200 nonce_prefix=bf61f018 result=ok wait_ct_us=2 verify_us=98 decap_us=91 peer_us=77 total_us=308
[mlkem_channel] ciphertext buffered token=877249985 nonce_prefix=a52805cb
[timing] side=gateway pending_id=43 token=877249985 nonce_prefix=a52805cb result=ok wait_ct_us=1 verify_us=112 decap_us=99 peer_us=83 total_us=313
[mlkem_channel] ciphertext buffered token=304017632 nonce_prefix=1b5d38e5
[timing] side=gateway pending_id=44 token=304017632 nonce_prefix=1b5d38e5 result=ok wait_ct_us=1 verify_us=163 decap_us=90 peer_us=78 total_us=375
[mlkem_channel] ciphertext buffered token=3223164629 nonce_prefix=dc21230d
[timing] side=gateway pending_id=45 token=3223164629 nonce_prefix=dc21230d result=ok wait_ct_us=2 verify_us=97 decap_us=89 peer_us=74 total_us=308
[mlkem_channel] ciphertext buffered token=950989862 nonce_prefix=d703c5a3
[timing] side=gateway pending_id=46 token=950989862 nonce_prefix=d703c5a3 result=ok wait_ct_us=1 verify_us=96 decap_us=91 peer_us=73 total_us=307
[mlkem_channel] ciphertext buffered token=1936900621 nonce_prefix=16e9c88c
[timing] side=gateway pending_id=47 token=1936900621 nonce_prefix=16e9c88c result=ok wait_ct_us=1 verify_us=97 decap_us=91 peer_us=75 total_us=285
[mlkem_channel] ciphertext buffered token=1024303661 nonce_prefix=a46f398b
[timing] side=gateway pending_id=48 token=1024303661 nonce_prefix=a46f398b result=ok wait_ct_us=1 verify_us=121 decap_us=91 peer_us=75 total_us=312
[mlkem_channel] ciphertext buffered token=3717948622 nonce_prefix=96837bd4
[timing] side=gateway pending_id=49 token=3717948622 nonce_prefix=96837bd4 result=ok wait_ct_us=2 verify_us=121 decap_us=91 peer_us=81 total_us=318
[mlkem_channel] ciphertext buffered token=3564915020 nonce_prefix=30ca97e1
[timing] side=gateway pending_id=50 token=3564915020 nonce_prefix=30ca97e1 result=ok wait_ct_us=1 verify_us=96 decap_us=105 peer_us=77 total_us=299
[mlkem_channel] ciphertext buffered token=1533920926 nonce_prefix=760e7b73
[timing] side=gateway pending_id=51 token=1533920926 nonce_prefix=760e7b73 result=ok wait_ct_us=2 verify_us=95 decap_us=91 peer_us=76 total_us=287
[mlkem_channel] ciphertext buffered token=2426489886 nonce_prefix=6e942409
[timing] side=gateway pending_id=52 token=2426489886 nonce_prefix=6e942409 result=ok wait_ct_us=1 verify_us=95 decap_us=91 peer_us=78 total_us=370
[mlkem_channel] ciphertext buffered token=1652489308 nonce_prefix=b8dda0e5
[timing] side=gateway pending_id=53 token=1652489308 nonce_prefix=b8dda0e5 result=ok wait_ct_us=2 verify_us=111 decap_us=90 peer_us=86 total_us=335
[mlkem_channel] ciphertext buffered token=3092368232 nonce_prefix=fe43e17f
[timing] side=gateway pending_id=54 token=3092368232 nonce_prefix=fe43e17f result=ok wait_ct_us=1 verify_us=97 decap_us=89 peer_us=72 total_us=307
[mlkem_channel] ciphertext buffered token=946620454 nonce_prefix=8a126f14
[timing] side=gateway pending_id=55 token=946620454 nonce_prefix=8a126f14 result=ok wait_ct_us=1 verify_us=95 decap_us=90 peer_us=71 total_us=278
[mlkem_channel] ciphertext buffered token=2729913165 nonce_prefix=9a282413
[timing] side=gateway pending_id=56 token=2729913165 nonce_prefix=9a282413 result=ok wait_ct_us=1 verify_us=107 decap_us=91 peer_us=76 total_us=301
[mlkem_channel] ciphertext buffered token=1196595476 nonce_prefix=df1e61ae
[timing] side=gateway pending_id=57 token=1196595476 nonce_prefix=df1e61ae result=ok wait_ct_us=2 verify_us=113 decap_us=134 peer_us=81 total_us=370
[mlkem_channel] ciphertext buffered token=4168210081 nonce_prefix=1253ed8f
[timing] side=gateway pending_id=58 token=4168210081 nonce_prefix=1253ed8f result=ok wait_ct_us=2 verify_us=96 decap_us=106 peer_us=128 total_us=352
[mlkem_channel] ciphertext buffered token=486735614 nonce_prefix=c2e4e082
[timing] side=gateway pending_id=59 token=486735614 nonce_prefix=c2e4e082 result=ok wait_ct_us=1 verify_us=114 decap_us=91 peer_us=79 total_us=307
[mlkem_channel] ciphertext buffered token=2005144845 nonce_prefix=983d14b1
[timing] side=gateway pending_id=60 token=2005144845 nonce_prefix=983d14b1 result=ok wait_ct_us=1 verify_us=97 decap_us=107 peer_us=76 total_us=304
[mlkem_channel] ciphertext buffered token=3986283810 nonce_prefix=fbd7a824
[timing] side=gateway pending_id=61 token=3986283810 nonce_prefix=fbd7a824 result=ok wait_ct_us=1 verify_us=123 decap_us=91 peer_us=77 total_us=339
[mlkem_channel] ciphertext buffered token=3411620311 nonce_prefix=99fd6543
[timing] side=gateway pending_id=62 token=3411620311 nonce_prefix=99fd6543 result=ok wait_ct_us=1 verify_us=149 decap_us=108 peer_us=81 total_us=360
[mlkem_channel] ciphertext buffered token=2796584726 nonce_prefix=4688a1f9
[timing] side=gateway pending_id=63 token=2796584726 nonce_prefix=4688a1f9 result=ok wait_ct_us=1 verify_us=112 decap_us=90 peer_us=75 total_us=299
[mlkem_channel] ciphertext buffered token=303727669 nonce_prefix=9b9a4db4
[timing] side=gateway pending_id=64 token=303727669 nonce_prefix=9b9a4db4 result=ok wait_ct_us=1 verify_us=164 decap_us=90 peer_us=83 total_us=360
[mlkem_channel] ciphertext buffered token=388561086 nonce_prefix=5821316d
[timing] side=gateway pending_id=65 token=388561086 nonce_prefix=5821316d result=ok wait_ct_us=1 verify_us=147 decap_us=90 peer_us=93 total_us=354
[mlkem_channel] ciphertext buffered token=3330420186 nonce_prefix=8713e0bc
[timing] side=gateway pending_id=66 token=3330420186 nonce_prefix=8713e0bc result=ok wait_ct_us=2 verify_us=147 decap_us=91 peer_us=79 total_us=344
[mlkem_channel] ciphertext buffered token=1802312157 nonce_prefix=a711c344
[timing] side=gateway pending_id=67 token=1802312157 nonce_prefix=a711c344 result=ok wait_ct_us=2 verify_us=97 decap_us=92 peer_us=80 total_us=294
[mlkem_channel] ciphertext buffered token=1547087777 nonce_prefix=bd2233c1
[timing] side=gateway pending_id=68 token=1547087777 nonce_prefix=bd2233c1 result=ok wait_ct_us=1 verify_us=97 decap_us=91 peer_us=77 total_us=289
[mlkem_channel] ciphertext buffered token=948196326 nonce_prefix=4020341c
[timing] side=gateway pending_id=69 token=948196326 nonce_prefix=4020341c result=ok wait_ct_us=1 verify_us=95 decap_us=89 peer_us=75 total_us=331
[mlkem_channel] ciphertext buffered token=69824292 nonce_prefix=3d13df51
[timing] side=gateway pending_id=70 token=69824292 nonce_prefix=3d13df51 result=ok wait_ct_us=2 verify_us=96 decap_us=90 peer_us=85 total_us=296
[mlkem_channel] ciphertext buffered token=709024037 nonce_prefix=eb9dfe0a
[timing] side=gateway pending_id=71 token=709024037 nonce_prefix=eb9dfe0a result=ok wait_ct_us=1 verify_us=100 decap_us=90 peer_us=74 total_us=303
[mlkem_channel] ciphertext buffered token=1192817845 nonce_prefix=03a2dbcb
[timing] side=gateway pending_id=72 token=1192817845 nonce_prefix=03a2dbcb result=ok wait_ct_us=2 verify_us=96 decap_us=105 peer_us=129 total_us=351
[mlkem_channel] ciphertext buffered token=4043190455 nonce_prefix=c9a5a7e2
[timing] side=gateway pending_id=73 token=4043190455 nonce_prefix=c9a5a7e2 result=ok wait_ct_us=1 verify_us=95 decap_us=89 peer_us=143 total_us=350
[mlkem_channel] ciphertext buffered token=3296720283 nonce_prefix=67e26fef
[timing] side=gateway pending_id=74 token=3296720283 nonce_prefix=67e26fef result=ok wait_ct_us=1 verify_us=96 decap_us=157 peer_us=76 total_us=352
[mlkem_channel] ciphertext buffered token=3660846029 nonce_prefix=67b0eabc
[timing] side=gateway pending_id=75 token=3660846029 nonce_prefix=67b0eabc result=ok wait_ct_us=2 verify_us=98 decap_us=93 peer_us=79 total_us=354
[mlkem_channel] ciphertext buffered token=2858401665 nonce_prefix=89f4f940
[timing] side=gateway pending_id=76 token=2858401665 nonce_prefix=89f4f940 result=ok wait_ct_us=1 verify_us=112 decap_us=142 peer_us=80 total_us=386
[mlkem_channel] ciphertext buffered token=1613021415 nonce_prefix=a41fe35a
[timing] side=gateway pending_id=77 token=1613021415 nonce_prefix=a41fe35a result=ok wait_ct_us=2 verify_us=105 decap_us=92 peer_us=78 total_us=299
[mlkem_channel] ciphertext buffered token=2632648101 nonce_prefix=6b308191
[timing] side=gateway pending_id=78 token=2632648101 nonce_prefix=6b308191 result=ok wait_ct_us=2 verify_us=96 decap_us=90 peer_us=88 total_us=298
[mlkem_channel] ciphertext buffered token=2774402454 nonce_prefix=3038ef71
[timing] side=gateway pending_id=79 token=2774402454 nonce_prefix=3038ef71 result=ok wait_ct_us=2 verify_us=97 decap_us=90 peer_us=147 total_us=384
[mlkem_channel] ciphertext buffered token=1039757807 nonce_prefix=a8aa0395
[timing] side=gateway pending_id=80 token=1039757807 nonce_prefix=a8aa0395 result=ok wait_ct_us=1 verify_us=95 decap_us=156 peer_us=75 total_us=347
[mlkem_channel] ciphertext buffered token=57221928 nonce_prefix=3a962ce3
[timing] side=gateway pending_id=81 token=57221928 nonce_prefix=3a962ce3 result=ok wait_ct_us=17 verify_us=95 decap_us=89 peer_us=75 total_us=298
[mlkem_channel] ciphertext buffered token=859151136 nonce_prefix=21647ff7
[timing] side=gateway pending_id=82 token=859151136 nonce_prefix=21647ff7 result=ok wait_ct_us=2 verify_us=112 decap_us=91 peer_us=77 total_us=299
[mlkem_channel] ciphertext buffered token=780690788 nonce_prefix=ff4dfcb0
[timing] side=gateway pending_id=83 token=780690788 nonce_prefix=ff4dfcb0 result=ok wait_ct_us=2 verify_us=97 decap_us=141 peer_us=81 total_us=344
[mlkem_channel] ciphertext buffered token=442975527 nonce_prefix=5375b605
[timing] side=gateway pending_id=84 token=442975527 nonce_prefix=5375b605 result=ok wait_ct_us=1 verify_us=97 decap_us=106 peer_us=80 total_us=305
[mlkem_channel] ciphertext buffered token=1533911458 nonce_prefix=ef7ebb25
[timing] side=gateway pending_id=85 token=1533911458 nonce_prefix=ef7ebb25 result=ok wait_ct_us=2 verify_us=112 decap_us=92 peer_us=85 total_us=312
[mlkem_channel] ciphertext buffered token=4076473996 nonce_prefix=3dd2c325
[timing] side=gateway pending_id=86 token=4076473996 nonce_prefix=3dd2c325 result=ok wait_ct_us=1 verify_us=96 decap_us=91 peer_us=76 total_us=288
[mlkem_channel] ciphertext buffered token=1413024683 nonce_prefix=7a4f4b51
[timing] side=gateway pending_id=87 token=1413024683 nonce_prefix=7a4f4b51 result=ok wait_ct_us=2 verify_us=113 decap_us=90 peer_us=128 total_us=382
[mlkem_channel] ciphertext buffered token=1837004857 nonce_prefix=a93d10b5
[timing] side=gateway pending_id=88 token=1837004857 nonce_prefix=a93d10b5 result=ok wait_ct_us=2 verify_us=111 decap_us=90 peer_us=85 total_us=306
[mlkem_channel] ciphertext buffered token=357895153 nonce_prefix=5f6b61b2
[timing] side=gateway pending_id=89 token=357895153 nonce_prefix=5f6b61b2 result=ok wait_ct_us=2 verify_us=96 decap_us=90 peer_us=75 total_us=284
[mlkem_channel] ciphertext buffered token=202079889 nonce_prefix=51fc669c
[timing] side=gateway pending_id=90 token=202079889 nonce_prefix=51fc669c result=ok wait_ct_us=2 verify_us=97 decap_us=90 peer_us=75 total_us=297
[mlkem_channel] ciphertext buffered token=2296039624 nonce_prefix=2fcba6cf
[timing] side=gateway pending_id=91 token=2296039624 nonce_prefix=2fcba6cf result=ok wait_ct_us=2 verify_us=103 decap_us=90 peer_us=76 total_us=293
[mlkem_channel] ciphertext buffered token=198703194 nonce_prefix=6387ae21
[timing] side=gateway pending_id=92 token=198703194 nonce_prefix=6387ae21 result=ok wait_ct_us=2 verify_us=97 decap_us=92 peer_us=79 total_us=293
[mlkem_channel] ciphertext buffered token=780425669 nonce_prefix=29dc1da2
[timing] side=gateway pending_id=93 token=780425669 nonce_prefix=29dc1da2 result=ok wait_ct_us=2 verify_us=113 decap_us=91 peer_us=78 total_us=309
[mlkem_channel] ciphertext buffered token=842891082 nonce_prefix=c6d848fd
[timing] side=gateway pending_id=94 token=842891082 nonce_prefix=c6d848fd result=ok wait_ct_us=2 verify_us=121 decap_us=91 peer_us=79 total_us=316
[mlkem_channel] ciphertext buffered token=1687903816 nonce_prefix=57d03656
[timing] side=gateway pending_id=95 token=1687903816 nonce_prefix=57d03656 result=ok wait_ct_us=2 verify_us=97 decap_us=91 peer_us=83 total_us=340
[mlkem_channel] ciphertext buffered token=3134159928 nonce_prefix=572cc9bb
[timing] side=gateway pending_id=96 token=3134159928 nonce_prefix=572cc9bb result=ok wait_ct_us=1 verify_us=112 decap_us=91 peer_us=78 total_us=339
[mlkem_channel] ciphertext buffered token=841953668 nonce_prefix=e5525a41
[timing] side=gateway pending_id=97 token=841953668 nonce_prefix=e5525a41 result=ok wait_ct_us=1 verify_us=95 decap_us=90 peer_us=74 total_us=322
[mlkem_channel] ciphertext buffered token=326782230 nonce_prefix=8c0b6491
[timing] side=gateway pending_id=98 token=326782230 nonce_prefix=8c0b6491 result=ok wait_ct_us=2 verify_us=111 decap_us=141 peer_us=76 total_us=351
[mlkem_channel] ciphertext buffered token=2756933149 nonce_prefix=3b4482fb
[timing] side=gateway pending_id=99 token=2756933149 nonce_prefix=3b4482fb result=ok wait_ct_us=2 verify_us=97 decap_us=160 peer_us=74 total_us=351
[mlkem_channel] ciphertext buffered token=4046258801 nonce_prefix=824f65ac
[timing] side=gateway pending_id=100 token=4046258801 nonce_prefix=824f65ac result=ok wait_ct_us=2 verify_us=96 decap_us=107 peer_us=77 total_us=305
[mlkem_channel] ciphertext buffered token=3769694378 nonce_prefix=490908b6
[timing] side=gateway pending_id=101 token=3769694378 nonce_prefix=490908b6 result=ok wait_ct_us=2 verify_us=97 decap_us=93 peer_us=80 total_us=293
[gateway] removed 1 idle peer(s), 100 remain
[gateway] removed 24 idle peer(s), 76 remain
[gateway] removed 26 idle peer(s), 50 remain
[gateway] removed 27 idle peer(s), 23 remain
[gateway] removed 23 idle peer(s), 0 remain
Stopping wgzk daemon (gateway)...
wgzk.service: Deactivated successfully.
Stopped wgzk daemon (gateway).
Started wgzk daemon (gateway).
[daemon] Starting
[mlkem_channel] TLS listener on TCP :51821
[gateway] mode=0x02 epoch=1 previous_epoch=no iface=wg1r installer=netlink
[gateway] adopted 0 existing peer(s) of wg1r; 0 in the table, WGZK_PEER_MAX=4096
[gateway] joined wgzk events, ns=net:[4026531840]
[mlkem_channel] ciphertext buffered token=248458071 nonce_prefix=0a0423bc
[timing] side=gateway pending_id=1 token=248458071 nonce_prefix=0a0423bc result=ok wait_ct_us=2 verify_us=170 decap_us=97 peer_us=110 total_us=403
Stopping wgzk daemon (gateway)...
wgzk.service: Deactivated successfully.
Stopped wgzk daemon (gateway).
Started wgzk daemon (gateway).
[daemon] Starting
[mlkem_channel] TLS listener on TCP :51821
[gateway] mode=0x02 epoch=1 previous_epoch=no iface=wg1r installer=netlink
[gateway] adopted 0 existing peer(s) of wg1r; 0 in the table, WGZK_PEER_MAX=4096
[gateway] joined wgzk events, ns=net:[4026531840]
Stopping wgzk daemon (gateway)...
wgzk.service: Deactivated successfully.
Stopped wgzk daemon (gateway).
Started wgzk daemon (gateway).
[daemon] Starting
[mlkem_channel] TLS listener on TCP :51821
[gateway] mode=0x02 epoch=1 previous_epoch=no iface=wg1r installer=tool
[gateway] adopted 0 existing peer(s) of wg1r; 0 in the table, WGZK_PEER_MAX=4096
[gateway] joined wgzk events, ns=net:[4026531840]
[mlkem_channel] ciphertext buffered token=691448653 nonce_prefix=afe6e219
[timing] side=gateway pending_id=1 token=691448653 nonce_prefix=afe6e219 result=ok wait_ct_us=2 verify_us=166 decap_us=95 peer_us=1338 total_us=1630
[exit 0]
