
$ [gateway] rm -rf /etc/systemd/system/wgzk.service.d /etc/wgzk-test.env; bash /vagrant/vagrant/02-load-module.sh && WGZK_VARIANT=zk-pq bash /vagrant/vagrant/03-gateway.sh
==> Kernel: 6.8.0-59-generic
==> insmod OK
==> lsmod:
wireguard             135168  0
curve25519_x86_64      36864  1 wireguard
libcurve25519_generic    45056  2 curve25519_x86_64,wireguard
ip6_udp_tunnel         16384  1 wireguard
udp_tunnel             32768  1 wireguard
libchacha20poly1305    20480  1 wireguard
==> wireguard.ko loaded OK — wgzk genl registered
active
==> wgzk daemon running (gateway, zk-pq, epoch 1)
interface: wg1r
  public key: /04haUify5NyBHxcAlPNMZYDW7ZeFUCWRvTnHZkKQmE=
  private key: (hidden)
  listening port: 51921
[exit 0]

$ [client] GW_IP=192.168.100.1 PEER_IP=192.168.100.1 WGZK_VARIANT=zk-pq WGZK_M7_N=8 bash /vagrant/vagrant/03-client-m7.sh
==> Kernel: 6.8.0-59-generic
==> insmod OK
==> lsmod:
wireguard             135168  0
curve25519_x86_64      36864  1 wireguard
libcurve25519_generic    45056  2 curve25519_x86_64,wireguard
ip6_udp_tunnel         16384  1 wireguard
udp_tunnel             32768  1 wireguard
libchacha20poly1305    20480  1 wireguard
==> wireguard.ko loaded OK — wgzk genl registered
public_key=D6HYqZz6eM3MIqwfnZsb+wXBDM/Voh0/dVltHm1Tc00=
address=fd57:475a:4b00:0:db6a:cb1d:77dd:6d59
public_key=/HxSDW+Hph2jJ4qKkitf9hXlVyIlz5v1cOtN2WCw5Vc=
address=fd57:475a:4b00:0:a7b2:e269:9b17:59c5
public_key=smpvOu5pyVq+1QS/v8WMUKFPwbXhbqg9/AedkQMH0kQ=
address=fd57:475a:4b00:0:a56e:292:8163:cdeb
public_key=uQsOzMxhBe+OCWWx0WMUyMY2WKAZSyhoTVqm0b/WnFE=
address=fd57:475a:4b00:0:7532:b5f6:53e7:562a
public_key=91Gw32qH+YWzROCPVcUt1LIQ8SRNK0XFoDty7q1IbTs=
address=fd57:475a:4b00:0:4bb3:20d1:499f:7b99
public_key=5huKWGMeOgrIBOKUjad7sAf6/ROxmUM2+k0G0hypgVA=
address=fd57:475a:4b00:0:4c78:4cd9:c144:3528
public_key=jnh4cVpjcLY6nOUv6YyuduhrhhU4oxQjARsYNRveF2Q=
address=fd57:475a:4b00:0:2852:bfc0:8898:ed39
public_key=l/7ZGiN1MwHB3ou9aWs/sR0A5IZT9CVAwAtn75JQw3s=
address=fd57:475a:4b00:0:5012:1216:2d62:f10e
==> 8 wgzk-m7 daemons running (zk-pq, epoch 1)
interface: wgc0
  public key: D6HYqZz6eM3MIqwfnZsb+wXBDM/Voh0/dVltHm1Tc00=
  private key: (hidden)
  listening port: 50123

peer: /04haUify5NyBHxcAlPNMZYDW7ZeFUCWRvTnHZkKQmE=
  endpoint: 192.168.100.1:51921
  allowed ips: fd57:475a:4b00::/64
interface: wgc1
  public key: /HxSDW+Hph2jJ4qKkitf9hXlVyIlz5v1cOtN2WCw5Vc=
  private key: (hidden)
  listening port: 42907

peer: /04haUify5NyBHxcAlPNMZYDW7ZeFUCWRvTnHZkKQmE=
  endpoint: 192.168.100.1:51921
  allowed ips: fd57:475a:4b00::/64
interface: wgc2
  public key: smpvOu5pyVq+1QS/v8WMUKFPwbXhbqg9/AedkQMH0kQ=
  private key: (hidden)
  listening port: 55162

peer: /04haUify5NyBHxcAlPNMZYDW7ZeFUCWRvTnHZkKQmE=
  endpoint: 192.168.100.1:51921
  allowed ips: fd57:475a:4b00::/64
interface: wgc3
  public key: uQsOzMxhBe+OCWWx0WMUyMY2WKAZSyhoTVqm0b/WnFE=
  private key: (hidden)
  listening port: 50986

peer: /04haUify5NyBHxcAlPNMZYDW7ZeFUCWRvTnHZkKQmE=
  endpoint: 192.168.100.1:51921
  allowed ips: fd57:475a:4b00::/64
interface: wgc4
  public key: 91Gw32qH+YWzROCPVcUt1LIQ8SRNK0XFoDty7q1IbTs=
  private key: (hidden)
  listening port: 42171

peer: /04haUify5NyBHxcAlPNMZYDW7ZeFUCWRvTnHZkKQmE=
  endpoint: 192.168.100.1:51921
  allowed ips: fd57:475a:4b00::/64
interface: wgc5
  public key: 5huKWGMeOgrIBOKUjad7sAf6/ROxmUM2+k0G0hypgVA=
  private key: (hidden)
  listening port: 60233

peer: /04haUify5NyBHxcAlPNMZYDW7ZeFUCWRvTnHZkKQmE=
  endpoint: 192.168.100.1:51921
  allowed ips: fd57:475a:4b00::/64
interface: wgc6
  public key: jnh4cVpjcLY6nOUv6YyuduhrhhU4oxQjARsYNRveF2Q=
  private key: (hidden)
  listening port: 55037

peer: /04haUify5NyBHxcAlPNMZYDW7ZeFUCWRvTnHZkKQmE=
  endpoint: 192.168.100.1:51921
  allowed ips: fd57:475a:4b00::/64
interface: wgc7
  public key: l/7ZGiN1MwHB3ou9aWs/sR0A5IZT9CVAwAtn75JQw3s=
  private key: (hidden)
  listening port: 58621

peer: /04haUify5NyBHxcAlPNMZYDW7ZeFUCWRvTnHZkKQmE=
  endpoint: 192.168.100.1:51921
  allowed ips: fd57:475a:4b00::/64
The unit files have no installation config (WantedBy=, RequiredBy=, Also=,
Alias= settings in the [Install] section, and DefaultInstance= for template
units). This means they are not meant to be enabled using systemctl.
 
Possible reasons for having this kind of units are:
• A unit may be statically enabled by being symlinked from another unit's
  .wants/ or .requires/ directory.
• A unit's purpose may be to act as a helper for some other unit which has
  a requirement dependency on it.
• A unit may be started when needed via activation (socket, path, timer,
  D-Bus, udev, scripted systemctl call, ...).
• In case of template units, the unit is meant to be enabled with some
  instance name specified.
The unit files have no installation config (WantedBy=, RequiredBy=, Also=,
Alias= settings in the [Install] section, and DefaultInstance= for template
units). This means they are not meant to be enabled using systemctl.
 
Possible reasons for having this kind of units are:
• A unit may be statically enabled by being symlinked from another unit's
  .wants/ or .requires/ directory.
• A unit's purpose may be to act as a helper for some other unit which has
  a requirement dependency on it.
• A unit may be started when needed via activation (socket, path, timer,
  D-Bus, udev, scripted systemctl call, ...).
• In case of template units, the unit is meant to be enabled with some
  instance name specified.
The unit files have no installation config (WantedBy=, RequiredBy=, Also=,
Alias= settings in the [Install] section, and DefaultInstance= for template
units). This means they are not meant to be enabled using systemctl.
 
Possible reasons for having this kind of units are:
• A unit may be statically enabled by being symlinked from another unit's
  .wants/ or .requires/ directory.
• A unit's purpose may be to act as a helper for some other unit which has
  a requirement dependency on it.
• A unit may be started when needed via activation (socket, path, timer,
  D-Bus, udev, scripted systemctl call, ...).
• In case of template units, the unit is meant to be enabled with some
  instance name specified.
The unit files have no installation config (WantedBy=, RequiredBy=, Also=,
Alias= settings in the [Install] section, and DefaultInstance= for template
units). This means they are not meant to be enabled using systemctl.
 
Possible reasons for having this kind of units are:
• A unit may be statically enabled by being symlinked from another unit's
  .wants/ or .requires/ directory.
• A unit's purpose may be to act as a helper for some other unit which has
  a requirement dependency on it.
• A unit may be started when needed via activation (socket, path, timer,
  D-Bus, udev, scripted systemctl call, ...).
• In case of template units, the unit is meant to be enabled with some
  instance name specified.
The unit files have no installation config (WantedBy=, RequiredBy=, Also=,
Alias= settings in the [Install] section, and DefaultInstance= for template
units). This means they are not meant to be enabled using systemctl.
 
Possible reasons for having this kind of units are:
• A unit may be statically enabled by being symlinked from another unit's
  .wants/ or .requires/ directory.
• A unit's purpose may be to act as a helper for some other unit which has
  a requirement dependency on it.
• A unit may be started when needed via activation (socket, path, timer,
  D-Bus, udev, scripted systemctl call, ...).
• In case of template units, the unit is meant to be enabled with some
  instance name specified.
The unit files have no installation config (WantedBy=, RequiredBy=, Also=,
Alias= settings in the [Install] section, and DefaultInstance= for template
units). This means they are not meant to be enabled using systemctl.
 
Possible reasons for having this kind of units are:
• A unit may be statically enabled by being symlinked from another unit's
  .wants/ or .requires/ directory.
• A unit's purpose may be to act as a helper for some other unit which has
  a requirement dependency on it.
• A unit may be started when needed via activation (socket, path, timer,
  D-Bus, udev, scripted systemctl call, ...).
• In case of template units, the unit is meant to be enabled with some
  instance name specified.
The unit files have no installation config (WantedBy=, RequiredBy=, Also=,
Alias= settings in the [Install] section, and DefaultInstance= for template
units). This means they are not meant to be enabled using systemctl.
 
Possible reasons for having this kind of units are:
• A unit may be statically enabled by being symlinked from another unit's
  .wants/ or .requires/ directory.
• A unit's purpose may be to act as a helper for some other unit which has
  a requirement dependency on it.
• A unit may be started when needed via activation (socket, path, timer,
  D-Bus, udev, scripted systemctl call, ...).
• In case of template units, the unit is meant to be enabled with some
  instance name specified.
The unit files have no installation config (WantedBy=, RequiredBy=, Also=,
Alias= settings in the [Install] section, and DefaultInstance= for template
units). This means they are not meant to be enabled using systemctl.
 
Possible reasons for having this kind of units are:
• A unit may be statically enabled by being symlinked from another unit's
  .wants/ or .requires/ directory.
• A unit's purpose may be to act as a helper for some other unit which has
  a requirement dependency on it.
• A unit may be started when needed via activation (socket, path, timer,
  D-Bus, udev, scripted systemctl call, ...).
• In case of template units, the unit is meant to be enabled with some
  instance name specified.
[exit 0]

$ [client] ping -n -c 3 -W 2 192.168.100.1 >/dev/null; ping -6 -n -c 3 -W 5 fd57:475a:4b00::1 -I wgc0 >/dev/null || true
[exit 0]

$ [gateway] journalctl -u wgzk -n 1 --show-cursor -o cat --no-pager | tail -1
-- cursor: s=e6a325d7aab144b09b565d8c4be4d789;i=694e;b=803d77ddc49e4e5ea7391884acfbd14f;m=f534ad9ad;t=65cb14e9dacaf;x=1bb9df78dcbff9bb
[exit 0]

$ [client] journalctl -u wgzk-m7@wgc0.service -n 1 --show-cursor -o cat --no-pager | tail -1
-- cursor: s=a04ba51497c94fceb15b4fa2d2c14874;i=406d;b=dfcb8dac886d4627bbdfedf02e3e59de;m=2e2a5545;t=65cb14e9d9fb9;x=a0ea94ad01269f1a
[exit 0]

$ [client] journalctl -u wgzk-m7@wgc1.service -n 1 --show-cursor -o cat --no-pager | tail -1
-- cursor: s=a04ba51497c94fceb15b4fa2d2c14874;i=406a;b=dfcb8dac886d4627bbdfedf02e3e59de;m=2e2a4f94;t=65cb14e9d9a08;x=677f9502d67f799d
[exit 0]

$ [client] journalctl -u wgzk-m7@wgc2.service -n 1 --show-cursor -o cat --no-pager | tail -1
-- cursor: s=a04ba51497c94fceb15b4fa2d2c14874;i=4067;b=dfcb8dac886d4627bbdfedf02e3e59de;m=2e2a4e05;t=65cb14e9d987a;x=2b2dac4ff82bb728
[exit 0]

$ [client] journalctl -u wgzk-m7@wgc3.service -n 1 --show-cursor -o cat --no-pager | tail -1
-- cursor: s=a04ba51497c94fceb15b4fa2d2c14874;i=4069;b=dfcb8dac886d4627bbdfedf02e3e59de;m=2e2a4ef2;t=65cb14e9d9967;x=2f1a525f99ea2097
[exit 0]

$ [client] journalctl -u wgzk-m7@wgc4.service -n 1 --show-cursor -o cat --no-pager | tail -1
-- cursor: s=a04ba51497c94fceb15b4fa2d2c14874;i=406c;b=dfcb8dac886d4627bbdfedf02e3e59de;m=2e2a50e6;t=65cb14e9d9b5a;x=ec5f37bed7d84248
[exit 0]

$ [client] journalctl -u wgzk-m7@wgc5.service -n 1 --show-cursor -o cat --no-pager | tail -1
-- cursor: s=a04ba51497c94fceb15b4fa2d2c14874;i=406b;b=dfcb8dac886d4627bbdfedf02e3e59de;m=2e2a501e;t=65cb14e9d9a93;x=ed12b4de957036ca
[exit 0]

$ [client] journalctl -u wgzk-m7@wgc6.service -n 1 --show-cursor -o cat --no-pager | tail -1
-- cursor: s=a04ba51497c94fceb15b4fa2d2c14874;i=4068;b=dfcb8dac886d4627bbdfedf02e3e59de;m=2e2a4e84;t=65cb14e9d98f9;x=444beecebd509850
[exit 0]

$ [client] journalctl -u wgzk-m7@wgc7.service -n 1 --show-cursor -o cat --no-pager | tail -1
-- cursor: s=a04ba51497c94fceb15b4fa2d2c14874;i=4066;b=dfcb8dac886d4627bbdfedf02e3e59de;m=2e2a4cf4;t=65cb14e9d9768;x=de5ddbba952366af
[exit 0]

$ [gateway] journalctl -u wgzk -o json --no-pager --after-cursor='s=e6a325d7aab144b09b565d8c4be4d789;i=694e;b=803d77ddc49e4e5ea7391884acfbd14f;m=f534ad9ad;t=65cb14e9dacaf;x=1bb9df78dcbff9bb' | grep -F '[timing]' || true
{"PRIORITY":"6","_SELINUX_CONTEXT":"unconfined\n","_GID":"0","_UID":"0","__REALTIME_TIMESTAMP":"1790766464760267","_STREAM_ID":"c06b84c0a30b4e8ca7b18f0ef25e60f6","SYSLOG_FACILITY":"3","_COMM":"wg-zk-daemon","_MACHINE_ID":"690ce7d60d764639b5ea18bbb8cfa3c2","_BOOT_ID":"803d77ddc49e4e5ea7391884acfbd14f","MESSAGE":"[timing] side=gateway pending_id=2 token=3441893685 nonce_prefix=cd4f1808 result=ok wait_ct_us=1 verify_us=111 decap_us=90 peer_us=108 total_us=340","_TRANSPORT":"stdout","_PID":"24784","_HOSTNAME":"wgzk-gateway","_EXE":"/usr/local/bin/wg-zk-daemon","__CURSOR":"s=e6a325d7aab144b09b565d8c4be4d789;i=6952;b=803d77ddc49e4e5ea7391884acfbd14f;m=f53af26c9;t=65cb14f01f9cb;x=5a04a79252dae3f1","__MONOTONIC_TIMESTAMP":"65828497097","SYSLOG_IDENTIFIER":"wgzk-start.sh","_CMDLINE":"/usr/local/bin/wg-zk-daemon","_SYSTEMD_UNIT":"wgzk.service","_CAP_EFFECTIVE":"1ffffffffff","_SYSTEMD_SLICE":"system.slice","_SYSTEMD_INVOCATION_ID":"e80a96ce807a42dfbb6c3a602e7234cb","_SYSTEMD_CGROUP":"/system.slice/wgzk.service"}
{"SYSLOG_IDENTIFIER":"wgzk-start.sh","_MACHINE_ID":"690ce7d60d764639b5ea18bbb8cfa3c2","_SYSTEMD_INVOCATION_ID":"e80a96ce807a42dfbb6c3a602e7234cb","__REALTIME_TIMESTAMP":"1790766464760267","_SELINUX_CONTEXT":"unconfined\n","__MONOTONIC_TIMESTAMP":"65828497097","_COMM":"wg-zk-daemon","_UID":"0","_GID":"0","MESSAGE":"[timing] side=gateway pending_id=3 token=1160750700 nonce_prefix=5880193d result=ok wait_ct_us=1 verify_us=245 decap_us=115 peer_us=60 total_us=1265","_SYSTEMD_SLICE":"system.slice","_HOSTNAME":"wgzk-gateway","_SYSTEMD_CGROUP":"/system.slice/wgzk.service","PRIORITY":"6","_TRANSPORT":"stdout","__CURSOR":"s=e6a325d7aab144b09b565d8c4be4d789;i=6953;b=803d77ddc49e4e5ea7391884acfbd14f;m=f53af26c9;t=65cb14f01f9cb;x=4e25c1d697eb3de2","_CAP_EFFECTIVE":"1ffffffffff","_STREAM_ID":"c06b84c0a30b4e8ca7b18f0ef25e60f6","SYSLOG_FACILITY":"3","_SYSTEMD_UNIT":"wgzk.service","_PID":"24784","_CMDLINE":"/usr/local/bin/wg-zk-daemon","_BOOT_ID":"803d77ddc49e4e5ea7391884acfbd14f","_EXE":"/usr/local/bin/wg-zk-daemon"}
{"__CURSOR":"s=e6a325d7aab144b09b565d8c4be4d789;i=6954;b=803d77ddc49e4e5ea7391884acfbd14f;m=f53af2afd;t=65cb14f01fdff;x=7193c8d3f3b110d5","_SYSTEMD_SLICE":"system.slice","__MONOTONIC_TIMESTAMP":"65828498173","_CMDLINE":"/usr/local/bin/wg-zk-daemon","_PID":"24784","MESSAGE":"[timing] side=gateway pending_id=4 token=2922216855 nonce_prefix=4d4d3370 result=ok wait_ct_us=1 verify_us=92 decap_us=85 peer_us=96 total_us=378","_SYSTEMD_CGROUP":"/system.slice/wgzk.service","_SELINUX_CONTEXT":"unconfined\n","_MACHINE_ID":"690ce7d60d764639b5ea18bbb8cfa3c2","PRIORITY":"6","_TRANSPORT":"stdout","_BOOT_ID":"803d77ddc49e4e5ea7391884acfbd14f","_CAP_EFFECTIVE":"1ffffffffff","_STREAM_ID":"c06b84c0a30b4e8ca7b18f0ef25e60f6","_HOSTNAME":"wgzk-gateway","_SYSTEMD_INVOCATION_ID":"e80a96ce807a42dfbb6c3a602e7234cb","SYSLOG_IDENTIFIER":"wgzk-start.sh","_UID":"0","_GID":"0","_SYSTEMD_UNIT":"wgzk.service","_COMM":"wg-zk-daemon","__REALTIME_TIMESTAMP":"1790766464761343","SYSLOG_FACILITY":"3","_EXE":"/usr/local/bin/wg-zk-daemon"}
{"_SYSTEMD_SLICE":"system.slice","_CAP_EFFECTIVE":"1ffffffffff","_UID":"0","SYSLOG_IDENTIFIER":"wgzk-start.sh","__REALTIME_TIMESTAMP":"1790766464764386","_EXE":"/usr/local/bin/wg-zk-daemon","_STREAM_ID":"c06b84c0a30b4e8ca7b18f0ef25e60f6","_SELINUX_CONTEXT":"unconfined\n","_SYSTEMD_INVOCATION_ID":"e80a96ce807a42dfbb6c3a602e7234cb","_SYSTEMD_CGROUP":"/system.slice/wgzk.service","_BOOT_ID":"803d77ddc49e4e5ea7391884acfbd14f","SYSLOG_FACILITY":"3","_CMDLINE":"/usr/local/bin/wg-zk-daemon","_MACHINE_ID":"690ce7d60d764639b5ea18bbb8cfa3c2","_TRANSPORT":"stdout","PRIORITY":"6","__MONOTONIC_TIMESTAMP":"65828501216","__CURSOR":"s=e6a325d7aab144b09b565d8c4be4d789;i=6959;b=803d77ddc49e4e5ea7391884acfbd14f;m=f53af36e0;t=65cb14f0209e2;x=a934daabcbed0b3c","_PID":"24784","_GID":"0","_COMM":"wg-zk-daemon","_SYSTEMD_UNIT":"wgzk.service","_HOSTNAME":"wgzk-gateway","MESSAGE":"[timing] side=gateway pending_id=5 token=1219217657 nonce_prefix=b763c66e result=ok wait_ct_us=1 verify_us=106 decap_us=83 peer_us=103 total_us=389"}
{"_BOOT_ID":"803d77ddc49e4e5ea7391884acfbd14f","_SYSTEMD_INVOCATION_ID":"e80a96ce807a42dfbb6c3a602e7234cb","_CAP_EFFECTIVE":"1ffffffffff","SYSLOG_IDENTIFIER":"wgzk-start.sh","_UID":"0","_CMDLINE":"/usr/local/bin/wg-zk-daemon","_TRANSPORT":"stdout","_SYSTEMD_SLICE":"system.slice","__REALTIME_TIMESTAMP":"1790766464765029","_SELINUX_CONTEXT":"unconfined\n","_SYSTEMD_UNIT":"wgzk.service","__CURSOR":"s=e6a325d7aab144b09b565d8c4be4d789;i=695a;b=803d77ddc49e4e5ea7391884acfbd14f;m=f53af3963;t=65cb14f020c65;x=48a362c8c1617c06","_SYSTEMD_CGROUP":"/system.slice/wgzk.service","SYSLOG_FACILITY":"3","_STREAM_ID":"c06b84c0a30b4e8ca7b18f0ef25e60f6","__MONOTONIC_TIMESTAMP":"65828501859","PRIORITY":"6","_MACHINE_ID":"690ce7d60d764639b5ea18bbb8cfa3c2","_HOSTNAME":"wgzk-gateway","_COMM":"wg-zk-daemon","_PID":"24784","MESSAGE":"[timing] side=gateway pending_id=6 token=784525143 nonce_prefix=f294fdbc result=ok wait_ct_us=1 verify_us=92 decap_us=144 peer_us=107 total_us=1257","_GID":"0","_EXE":"/usr/local/bin/wg-zk-daemon"}
{"_BOOT_ID":"803d77ddc49e4e5ea7391884acfbd14f","_COMM":"wg-zk-daemon","_SYSTEMD_CGROUP":"/system.slice/wgzk.service","_UID":"0","_SYSTEMD_UNIT":"wgzk.service","_CAP_EFFECTIVE":"1ffffffffff","_HOSTNAME":"wgzk-gateway","__REALTIME_TIMESTAMP":"1790766464766066","_EXE":"/usr/local/bin/wg-zk-daemon","__MONOTONIC_TIMESTAMP":"65828502896","_SYSTEMD_SLICE":"system.slice","__CURSOR":"s=e6a325d7aab144b09b565d8c4be4d789;i=695c;b=803d77ddc49e4e5ea7391884acfbd14f;m=f53af3d70;t=65cb14f021072;x=23a0a8e3d4b623f","_MACHINE_ID":"690ce7d60d764639b5ea18bbb8cfa3c2","MESSAGE":"[timing] side=gateway pending_id=7 token=1470308627 nonce_prefix=6f311562 result=ok wait_ct_us=1 verify_us=91 decap_us=81 peer_us=58 total_us=406","PRIORITY":"6","_STREAM_ID":"c06b84c0a30b4e8ca7b18f0ef25e60f6","_CMDLINE":"/usr/local/bin/wg-zk-daemon","SYSLOG_IDENTIFIER":"wgzk-start.sh","_GID":"0","_SYSTEMD_INVOCATION_ID":"e80a96ce807a42dfbb6c3a602e7234cb","_PID":"24784","_SELINUX_CONTEXT":"unconfined\n","SYSLOG_FACILITY":"3","_TRANSPORT":"stdout"}
{"_SYSTEMD_CGROUP":"/system.slice/wgzk.service","_COMM":"wg-zk-daemon","_STREAM_ID":"c06b84c0a30b4e8ca7b18f0ef25e60f6","_TRANSPORT":"stdout","__REALTIME_TIMESTAMP":"1790766464766705","_GID":"0","__CURSOR":"s=e6a325d7aab144b09b565d8c4be4d789;i=695d;b=803d77ddc49e4e5ea7391884acfbd14f;m=f53af3fef;t=65cb14f0212f1;x=79e4fdbec4ad589d","_SYSTEMD_SLICE":"system.slice","SYSLOG_IDENTIFIER":"wgzk-start.sh","_SELINUX_CONTEXT":"unconfined\n","_EXE":"/usr/local/bin/wg-zk-daemon","SYSLOG_FACILITY":"3","_HOSTNAME":"wgzk-gateway","__MONOTONIC_TIMESTAMP":"65828503535","_CMDLINE":"/usr/local/bin/wg-zk-daemon","_SYSTEMD_UNIT":"wgzk.service","_CAP_EFFECTIVE":"1ffffffffff","_SYSTEMD_INVOCATION_ID":"e80a96ce807a42dfbb6c3a602e7234cb","_BOOT_ID":"803d77ddc49e4e5ea7391884acfbd14f","_MACHINE_ID":"690ce7d60d764639b5ea18bbb8cfa3c2","_UID":"0","PRIORITY":"6","_PID":"24784","MESSAGE":"[timing] side=gateway pending_id=8 token=3755849223 nonce_prefix=f7561447 result=ok wait_ct_us=1 verify_us=92 decap_us=81 peer_us=58 total_us=1063"}
{"__CURSOR":"s=e6a325d7aab144b09b565d8c4be4d789;i=695e;b=803d77ddc49e4e5ea7391884acfbd14f;m=f53af42c1;t=65cb14f0215c2;x=6560dcaf7ae31fec","SYSLOG_FACILITY":"3","__MONOTONIC_TIMESTAMP":"65828504257","_STREAM_ID":"c06b84c0a30b4e8ca7b18f0ef25e60f6","_PID":"24784","_UID":"0","_HOSTNAME":"wgzk-gateway","_GID":"0","_SYSTEMD_INVOCATION_ID":"e80a96ce807a42dfbb6c3a602e7234cb","PRIORITY":"6","_COMM":"wg-zk-daemon","SYSLOG_IDENTIFIER":"wgzk-start.sh","_EXE":"/usr/local/bin/wg-zk-daemon","_CAP_EFFECTIVE":"1ffffffffff","_TRANSPORT":"stdout","MESSAGE":"[timing] side=gateway pending_id=9 token=4088776937 nonce_prefix=3a5267e2 result=ok wait_ct_us=1 verify_us=95 decap_us=85 peer_us=61 total_us=1670","_MACHINE_ID":"690ce7d60d764639b5ea18bbb8cfa3c2","_SYSTEMD_SLICE":"system.slice","_SYSTEMD_UNIT":"wgzk.service","_BOOT_ID":"803d77ddc49e4e5ea7391884acfbd14f","_SELINUX_CONTEXT":"unconfined\n","__REALTIME_TIMESTAMP":"1790766464767426","_SYSTEMD_CGROUP":"/system.slice/wgzk.service","_CMDLINE":"/usr/local/bin/wg-zk-daemon"}
{"_SELINUX_CONTEXT":"unconfined\n","MESSAGE":"[timing] side=gateway pending_id=10 token=3506091804 nonce_prefix=4ecf19ad result=ok wait_ct_us=2 verify_us=117 decap_us=99 peer_us=77 total_us=410","_PID":"24784","_SYSTEMD_SLICE":"system.slice","_COMM":"wg-zk-daemon","__MONOTONIC_TIMESTAMP":"65829860911","__CURSOR":"s=e6a325d7aab144b09b565d8c4be4d789;i=6962;b=803d77ddc49e4e5ea7391884acfbd14f;m=f53c3f62f;t=65cb14f16c931;x=a3cc6b9367c6379c","_SYSTEMD_INVOCATION_ID":"e80a96ce807a42dfbb6c3a602e7234cb","_SYSTEMD_UNIT":"wgzk.service","_BOOT_ID":"803d77ddc49e4e5ea7391884acfbd14f","_EXE":"/usr/local/bin/wg-zk-daemon","_GID":"0","__REALTIME_TIMESTAMP":"1790766466124081","_HOSTNAME":"wgzk-gateway","_UID":"0","SYSLOG_IDENTIFIER":"wgzk-start.sh","_SYSTEMD_CGROUP":"/system.slice/wgzk.service","_STREAM_ID":"c06b84c0a30b4e8ca7b18f0ef25e60f6","_CAP_EFFECTIVE":"1ffffffffff","SYSLOG_FACILITY":"3","PRIORITY":"6","_MACHINE_ID":"690ce7d60d764639b5ea18bbb8cfa3c2","_TRANSPORT":"stdout","_CMDLINE":"/usr/local/bin/wg-zk-daemon"}
{"_SYSTEMD_CGROUP":"/system.slice/wgzk.service","_SYSTEMD_SLICE":"system.slice","_GID":"0","_COMM":"wg-zk-daemon","_HOSTNAME":"wgzk-gateway","__MONOTONIC_TIMESTAMP":"65829860911","_CMDLINE":"/usr/local/bin/wg-zk-daemon","SYSLOG_FACILITY":"3","_SELINUX_CONTEXT":"unconfined\n","_EXE":"/usr/local/bin/wg-zk-daemon","_PID":"24784","_SYSTEMD_UNIT":"wgzk.service","_CAP_EFFECTIVE":"1ffffffffff","SYSLOG_IDENTIFIER":"wgzk-start.sh","__CURSOR":"s=e6a325d7aab144b09b565d8c4be4d789;i=6963;b=803d77ddc49e4e5ea7391884acfbd14f;m=f53c3f62f;t=65cb14f16c931;x=483b362da943ac98","_SYSTEMD_INVOCATION_ID":"e80a96ce807a42dfbb6c3a602e7234cb","_STREAM_ID":"c06b84c0a30b4e8ca7b18f0ef25e60f6","_UID":"0","PRIORITY":"6","_TRANSPORT":"stdout","_BOOT_ID":"803d77ddc49e4e5ea7391884acfbd14f","MESSAGE":"[timing] side=gateway pending_id=11 token=943784882 nonce_prefix=1a7803ef result=ok wait_ct_us=1 verify_us=92 decap_us=100 peer_us=55 total_us=919","__REALTIME_TIMESTAMP":"1790766466124081","_MACHINE_ID":"690ce7d60d764639b5ea18bbb8cfa3c2"}
{"_COMM":"wg-zk-daemon","MESSAGE":"[timing] side=gateway pending_id=12 token=2041532077 nonce_prefix=8bf58ebc result=ok wait_ct_us=1 verify_us=288 decap_us=120 peer_us=65 total_us=491","_SELINUX_CONTEXT":"unconfined\n","_HOSTNAME":"wgzk-gateway","_MACHINE_ID":"690ce7d60d764639b5ea18bbb8cfa3c2","SYSLOG_IDENTIFIER":"wgzk-start.sh","_UID":"0","_TRANSPORT":"stdout","__REALTIME_TIMESTAMP":"1790766466125242","_EXE":"/usr/local/bin/wg-zk-daemon","_SYSTEMD_INVOCATION_ID":"e80a96ce807a42dfbb6c3a602e7234cb","_SYSTEMD_CGROUP":"/system.slice/wgzk.service","_SYSTEMD_SLICE":"system.slice","__MONOTONIC_TIMESTAMP":"65829862072","_GID":"0","_CAP_EFFECTIVE":"1ffffffffff","PRIORITY":"6","_CMDLINE":"/usr/local/bin/wg-zk-daemon","_STREAM_ID":"c06b84c0a30b4e8ca7b18f0ef25e60f6","_PID":"24784","_BOOT_ID":"803d77ddc49e4e5ea7391884acfbd14f","SYSLOG_FACILITY":"3","__CURSOR":"s=e6a325d7aab144b09b565d8c4be4d789;i=6965;b=803d77ddc49e4e5ea7391884acfbd14f;m=f53c3fab8;t=65cb14f16cdba;x=a42ef22ad0373735","_SYSTEMD_UNIT":"wgzk.service"}
{"_UID":"0","_CMDLINE":"/usr/local/bin/wg-zk-daemon","PRIORITY":"6","_HOSTNAME":"wgzk-gateway","_GID":"0","_BOOT_ID":"803d77ddc49e4e5ea7391884acfbd14f","__CURSOR":"s=e6a325d7aab144b09b565d8c4be4d789;i=6966;b=803d77ddc49e4e5ea7391884acfbd14f;m=f53c3fef8;t=65cb14f16d1fa;x=b5cda214cf64aeed","_SYSTEMD_UNIT":"wgzk.service","_COMM":"wg-zk-daemon","_EXE":"/usr/local/bin/wg-zk-daemon","_SYSTEMD_SLICE":"system.slice","_CAP_EFFECTIVE":"1ffffffffff","_PID":"24784","MESSAGE":"[timing] side=gateway pending_id=13 token=3736758544 nonce_prefix=87d03718 result=ok wait_ct_us=1 verify_us=241 decap_us=87 peer_us=55 total_us=981","SYSLOG_FACILITY":"3","__MONOTONIC_TIMESTAMP":"65829863160","__REALTIME_TIMESTAMP":"1790766466126330","_SELINUX_CONTEXT":"unconfined\n","_MACHINE_ID":"690ce7d60d764639b5ea18bbb8cfa3c2","_TRANSPORT":"stdout","SYSLOG_IDENTIFIER":"wgzk-start.sh","_SYSTEMD_CGROUP":"/system.slice/wgzk.service","_SYSTEMD_INVOCATION_ID":"e80a96ce807a42dfbb6c3a602e7234cb","_STREAM_ID":"c06b84c0a30b4e8ca7b18f0ef25e60f6"}
{"MESSAGE":"[timing] side=gateway pending_id=14 token=3449067228 nonce_prefix=1bd85529 result=ok wait_ct_us=1 verify_us=91 decap_us=86 peer_us=60 total_us=665","_BOOT_ID":"803d77ddc49e4e5ea7391884acfbd14f","_STREAM_ID":"c06b84c0a30b4e8ca7b18f0ef25e60f6","_TRANSPORT":"stdout","__CURSOR":"s=e6a325d7aab144b09b565d8c4be4d789;i=6969;b=803d77ddc49e4e5ea7391884acfbd14f;m=f53c40a88;t=65cb14f16dd8a;x=1de11592f04bf7a8","PRIORITY":"6","_SYSTEMD_UNIT":"wgzk.service","_GID":"0","_UID":"0","_CMDLINE":"/usr/local/bin/wg-zk-daemon","_EXE":"/usr/local/bin/wg-zk-daemon","_SYSTEMD_INVOCATION_ID":"e80a96ce807a42dfbb6c3a602e7234cb","SYSLOG_FACILITY":"3","_HOSTNAME":"wgzk-gateway","__MONOTONIC_TIMESTAMP":"65829866120","__REALTIME_TIMESTAMP":"1790766466129290","SYSLOG_IDENTIFIER":"wgzk-start.sh","_COMM":"wg-zk-daemon","_SYSTEMD_SLICE":"system.slice","_SELINUX_CONTEXT":"unconfined\n","_MACHINE_ID":"690ce7d60d764639b5ea18bbb8cfa3c2","_CAP_EFFECTIVE":"1ffffffffff","_SYSTEMD_CGROUP":"/system.slice/wgzk.service","_PID":"24784"}
{"_SYSTEMD_CGROUP":"/system.slice/wgzk.service","_STREAM_ID":"c06b84c0a30b4e8ca7b18f0ef25e60f6","_SYSTEMD_SLICE":"system.slice","_CAP_EFFECTIVE":"1ffffffffff","_CMDLINE":"/usr/local/bin/wg-zk-daemon","_GID":"0","SYSLOG_FACILITY":"3","_PID":"24784","_COMM":"wg-zk-daemon","_SYSTEMD_UNIT":"wgzk.service","_TRANSPORT":"stdout","_BOOT_ID":"803d77ddc49e4e5ea7391884acfbd14f","MESSAGE":"[timing] side=gateway pending_id=15 token=800205997 nonce_prefix=7a580502 result=ok wait_ct_us=1 verify_us=98 decap_us=92 peer_us=66 total_us=1230","_EXE":"/usr/local/bin/wg-zk-daemon","__REALTIME_TIMESTAMP":"1790766466129290","PRIORITY":"6","_MACHINE_ID":"690ce7d60d764639b5ea18bbb8cfa3c2","__MONOTONIC_TIMESTAMP":"65829866120","_UID":"0","__CURSOR":"s=e6a325d7aab144b09b565d8c4be4d789;i=696b;b=803d77ddc49e4e5ea7391884acfbd14f;m=f53c40a88;t=65cb14f16dd8a;x=a78450790c31c162","_SYSTEMD_INVOCATION_ID":"e80a96ce807a42dfbb6c3a602e7234cb","_SELINUX_CONTEXT":"unconfined\n","_HOSTNAME":"wgzk-gateway","SYSLOG_IDENTIFIER":"wgzk-start.sh"}
{"_SELINUX_CONTEXT":"unconfined\n","_SYSTEMD_CGROUP":"/system.slice/wgzk.service","_MACHINE_ID":"690ce7d60d764639b5ea18bbb8cfa3c2","_UID":"0","_BOOT_ID":"803d77ddc49e4e5ea7391884acfbd14f","__CURSOR":"s=e6a325d7aab144b09b565d8c4be4d789;i=696d;b=803d77ddc49e4e5ea7391884acfbd14f;m=f53c40f25;t=65cb14f16e227;x=83c730ea32e61793","_TRANSPORT":"stdout","_STREAM_ID":"c06b84c0a30b4e8ca7b18f0ef25e60f6","PRIORITY":"6","_SYSTEMD_UNIT":"wgzk.service","_SYSTEMD_SLICE":"system.slice","_PID":"24784","_CAP_EFFECTIVE":"1ffffffffff","_GID":"0","_EXE":"/usr/local/bin/wg-zk-daemon","_CMDLINE":"/usr/local/bin/wg-zk-daemon","SYSLOG_IDENTIFIER":"wgzk-start.sh","_COMM":"wg-zk-daemon","_SYSTEMD_INVOCATION_ID":"e80a96ce807a42dfbb6c3a602e7234cb","MESSAGE":"[timing] side=gateway pending_id=16 token=1367750222 nonce_prefix=93dbbfab result=ok wait_ct_us=1 verify_us=231 decap_us=190 peer_us=60 total_us=2443","__REALTIME_TIMESTAMP":"1790766466130471","SYSLOG_FACILITY":"3","__MONOTONIC_TIMESTAMP":"65829867301","_HOSTNAME":"wgzk-gateway"}
{"__REALTIME_TIMESTAMP":"1790766466131273","_COMM":"wg-zk-daemon","_HOSTNAME":"wgzk-gateway","_TRANSPORT":"stdout","_EXE":"/usr/local/bin/wg-zk-daemon","_BOOT_ID":"803d77ddc49e4e5ea7391884acfbd14f","_SYSTEMD_CGROUP":"/system.slice/wgzk.service","_PID":"24784","SYSLOG_FACILITY":"3","_STREAM_ID":"c06b84c0a30b4e8ca7b18f0ef25e60f6","MESSAGE":"[timing] side=gateway pending_id=17 token=2348107978 nonce_prefix=78c6963b result=ok wait_ct_us=1 verify_us=92 decap_us=83 peer_us=61 total_us=2671","PRIORITY":"6","__MONOTONIC_TIMESTAMP":"65829868103","_CAP_EFFECTIVE":"1ffffffffff","_SYSTEMD_UNIT":"wgzk.service","_UID":"0","SYSLOG_IDENTIFIER":"wgzk-start.sh","_SYSTEMD_INVOCATION_ID":"e80a96ce807a42dfbb6c3a602e7234cb","__CURSOR":"s=e6a325d7aab144b09b565d8c4be4d789;i=696e;b=803d77ddc49e4e5ea7391884acfbd14f;m=f53c41247;t=65cb14f16e549;x=52cfd57c800254f7","_MACHINE_ID":"690ce7d60d764639b5ea18bbb8cfa3c2","_SELINUX_CONTEXT":"unconfined\n","_GID":"0","_SYSTEMD_SLICE":"system.slice","_CMDLINE":"/usr/local/bin/wg-zk-daemon"}
{"_MACHINE_ID":"690ce7d60d764639b5ea18bbb8cfa3c2","_COMM":"wg-zk-daemon","_CMDLINE":"/usr/local/bin/wg-zk-daemon","__CURSOR":"s=e6a325d7aab144b09b565d8c4be4d789;i=6971;b=803d77ddc49e4e5ea7391884acfbd14f;m=f53d89a9b;t=65cb14f2b6d9d;x=203059c5f5dfcbf3","_PID":"24784","_SYSTEMD_SLICE":"system.slice","_STREAM_ID":"c06b84c0a30b4e8ca7b18f0ef25e60f6","_SYSTEMD_INVOCATION_ID":"e80a96ce807a42dfbb6c3a602e7234cb","__MONOTONIC_TIMESTAMP":"65831213723","SYSLOG_FACILITY":"3","SYSLOG_IDENTIFIER":"wgzk-start.sh","_UID":"0","_HOSTNAME":"wgzk-gateway","PRIORITY":"6","_CAP_EFFECTIVE":"1ffffffffff","_SYSTEMD_CGROUP":"/system.slice/wgzk.service","_EXE":"/usr/local/bin/wg-zk-daemon","_TRANSPORT":"stdout","_SYSTEMD_UNIT":"wgzk.service","_BOOT_ID":"803d77ddc49e4e5ea7391884acfbd14f","MESSAGE":"[timing] side=gateway pending_id=18 token=1822884159 nonce_prefix=3709a14a result=ok wait_ct_us=1 verify_us=96 decap_us=187 peer_us=118 total_us=427","__REALTIME_TIMESTAMP":"1790766467476893","_GID":"0","_SELINUX_CONTEXT":"unconfined\n"}
{"__MONOTONIC_TIMESTAMP":"65831214319","__CURSOR":"s=e6a325d7aab144b09b565d8c4be4d789;i=6972;b=803d77ddc49e4e5ea7391884acfbd14f;m=f53d89cef;t=65cb14f2b6fee;x=91209cb7861c96c3","_SYSTEMD_CGROUP":"/system.slice/wgzk.service","_STREAM_ID":"c06b84c0a30b4e8ca7b18f0ef25e60f6","__REALTIME_TIMESTAMP":"1790766467477486","_HOSTNAME":"wgzk-gateway","PRIORITY":"6","_CAP_EFFECTIVE":"1ffffffffff","_SYSTEMD_INVOCATION_ID":"e80a96ce807a42dfbb6c3a602e7234cb","_TRANSPORT":"stdout","_SELINUX_CONTEXT":"unconfined\n","_UID":"0","_PID":"24784","_COMM":"wg-zk-daemon","_CMDLINE":"/usr/local/bin/wg-zk-daemon","_SYSTEMD_SLICE":"system.slice","_GID":"0","SYSLOG_IDENTIFIER":"wgzk-start.sh","_BOOT_ID":"803d77ddc49e4e5ea7391884acfbd14f","SYSLOG_FACILITY":"3","_EXE":"/usr/local/bin/wg-zk-daemon","_MACHINE_ID":"690ce7d60d764639b5ea18bbb8cfa3c2","_SYSTEMD_UNIT":"wgzk.service","MESSAGE":"[timing] side=gateway pending_id=19 token=2787144434 nonce_prefix=c24205ec result=ok wait_ct_us=1 verify_us=600 decap_us=90 peer_us=116 total_us=1450"}
{"_UID":"0","_SYSTEMD_SLICE":"system.slice","_SYSTEMD_CGROUP":"/system.slice/wgzk.service","_MACHINE_ID":"690ce7d60d764639b5ea18bbb8cfa3c2","_SELINUX_CONTEXT":"unconfined\n","PRIORITY":"6","MESSAGE":"[timing] side=gateway pending_id=20 token=3011305526 nonce_prefix=cdec12a5 result=ok wait_ct_us=1 verify_us=492 decap_us=201 peer_us=62 total_us=856","_HOSTNAME":"wgzk-gateway","__REALTIME_TIMESTAMP":"1790766467478715","_SYSTEMD_UNIT":"wgzk.service","_CAP_EFFECTIVE":"1ffffffffff","_GID":"0","SYSLOG_FACILITY":"3","_EXE":"/usr/local/bin/wg-zk-daemon","_TRANSPORT":"stdout","SYSLOG_IDENTIFIER":"wgzk-start.sh","__CURSOR":"s=e6a325d7aab144b09b565d8c4be4d789;i=6974;b=803d77ddc49e4e5ea7391884acfbd14f;m=f53d8a1b9;t=65cb14f2b74bb;x=19e09ff8b160b6bc","__MONOTONIC_TIMESTAMP":"65831215545","_STREAM_ID":"c06b84c0a30b4e8ca7b18f0ef25e60f6","_SYSTEMD_INVOCATION_ID":"e80a96ce807a42dfbb6c3a602e7234cb","_CMDLINE":"/usr/local/bin/wg-zk-daemon","_BOOT_ID":"803d77ddc49e4e5ea7391884acfbd14f","_PID":"24784","_COMM":"wg-zk-daemon"}
{"__CURSOR":"s=e6a325d7aab144b09b565d8c4be4d789;i=6977;b=803d77ddc49e4e5ea7391884acfbd14f;m=f53d8ac1f;t=65cb14f2b7f21;x=6b13b79773245bb2","_SYSTEMD_SLICE":"system.slice","SYSLOG_FACILITY":"3","_EXE":"/usr/local/bin/wg-zk-daemon","_SELINUX_CONTEXT":"unconfined\n","_HOSTNAME":"wgzk-gateway","_SYSTEMD_UNIT":"wgzk.service","_UID":"0","_BOOT_ID":"803d77ddc49e4e5ea7391884acfbd14f","_SYSTEMD_CGROUP":"/system.slice/wgzk.service","_COMM":"wg-zk-daemon","_PID":"24784","_SYSTEMD_INVOCATION_ID":"e80a96ce807a42dfbb6c3a602e7234cb","_STREAM_ID":"c06b84c0a30b4e8ca7b18f0ef25e60f6","_CAP_EFFECTIVE":"1ffffffffff","_CMDLINE":"/usr/local/bin/wg-zk-daemon","PRIORITY":"6","__MONOTONIC_TIMESTAMP":"65831218207","MESSAGE":"[timing] side=gateway pending_id=21 token=164794961 nonce_prefix=1b4077d6 result=ok wait_ct_us=1 verify_us=119 decap_us=82 peer_us=358 total_us=680","_GID":"0","__REALTIME_TIMESTAMP":"1790766467481377","_MACHINE_ID":"690ce7d60d764639b5ea18bbb8cfa3c2","SYSLOG_IDENTIFIER":"wgzk-start.sh","_TRANSPORT":"stdout"}
{"__CURSOR":"s=e6a325d7aab144b09b565d8c4be4d789;i=697a;b=803d77ddc49e4e5ea7391884acfbd14f;m=f53d8afc5;t=65cb14f2b82c7;x=949e72ded2cb93df","_PID":"24784","_STREAM_ID":"c06b84c0a30b4e8ca7b18f0ef25e60f6","PRIORITY":"6","_EXE":"/usr/local/bin/wg-zk-daemon","__REALTIME_TIMESTAMP":"1790766467482311","_GID":"0","_MACHINE_ID":"690ce7d60d764639b5ea18bbb8cfa3c2","MESSAGE":"[timing] side=gateway pending_id=22 token=761748879 nonce_prefix=e04ed22f result=ok wait_ct_us=127 verify_us=98 decap_us=82 peer_us=65 total_us=397","_TRANSPORT":"stdout","SYSLOG_FACILITY":"3","_HOSTNAME":"wgzk-gateway","_SELINUX_CONTEXT":"unconfined\n","_CMDLINE":"/usr/local/bin/wg-zk-daemon","_SYSTEMD_SLICE":"system.slice","__MONOTONIC_TIMESTAMP":"65831219141","_SYSTEMD_CGROUP":"/system.slice/wgzk.service","_BOOT_ID":"803d77ddc49e4e5ea7391884acfbd14f","_UID":"0","_SYSTEMD_UNIT":"wgzk.service","_COMM":"wg-zk-daemon","SYSLOG_IDENTIFIER":"wgzk-start.sh","_SYSTEMD_INVOCATION_ID":"e80a96ce807a42dfbb6c3a602e7234cb","_CAP_EFFECTIVE":"1ffffffffff"}
{"_EXE":"/usr/local/bin/wg-zk-daemon","_SYSTEMD_INVOCATION_ID":"e80a96ce807a42dfbb6c3a602e7234cb","_TRANSPORT":"stdout","_SELINUX_CONTEXT":"unconfined\n","_SYSTEMD_CGROUP":"/system.slice/wgzk.service","_STREAM_ID":"c06b84c0a30b4e8ca7b18f0ef25e60f6","__MONOTONIC_TIMESTAMP":"65831220143","__CURSOR":"s=e6a325d7aab144b09b565d8c4be4d789;i=697b;b=803d77ddc49e4e5ea7391884acfbd14f;m=f53d8b3af;t=65cb14f2b86b1;x=5433e746057a09c5","_SYSTEMD_SLICE":"system.slice","_BOOT_ID":"803d77ddc49e4e5ea7391884acfbd14f","PRIORITY":"6","MESSAGE":"[timing] side=gateway pending_id=23 token=1278067140 nonce_prefix=29399b23 result=ok wait_ct_us=1 verify_us=244 decap_us=117 peer_us=57 total_us=1331","_GID":"0","_CMDLINE":"/usr/local/bin/wg-zk-daemon","_HOSTNAME":"wgzk-gateway","_COMM":"wg-zk-daemon","_SYSTEMD_UNIT":"wgzk.service","_PID":"24784","__REALTIME_TIMESTAMP":"1790766467483313","_CAP_EFFECTIVE":"1ffffffffff","SYSLOG_IDENTIFIER":"wgzk-start.sh","_MACHINE_ID":"690ce7d60d764639b5ea18bbb8cfa3c2","SYSLOG_FACILITY":"3","_UID":"0"}
{"_GID":"0","SYSLOG_FACILITY":"3","_SYSTEMD_SLICE":"system.slice","PRIORITY":"6","_SYSTEMD_CGROUP":"/system.slice/wgzk.service","_EXE":"/usr/local/bin/wg-zk-daemon","_TRANSPORT":"stdout","_UID":"0","_BOOT_ID":"803d77ddc49e4e5ea7391884acfbd14f","_STREAM_ID":"c06b84c0a30b4e8ca7b18f0ef25e60f6","_SYSTEMD_UNIT":"wgzk.service","_HOSTNAME":"wgzk-gateway","_SYSTEMD_INVOCATION_ID":"e80a96ce807a42dfbb6c3a602e7234cb","__MONOTONIC_TIMESTAMP":"65831221053","_CAP_EFFECTIVE":"1ffffffffff","_CMDLINE":"/usr/local/bin/wg-zk-daemon","__REALTIME_TIMESTAMP":"1790766467484223","_PID":"24784","_SELINUX_CONTEXT":"unconfined\n","SYSLOG_IDENTIFIER":"wgzk-start.sh","MESSAGE":"[timing] side=gateway pending_id=24 token=1463019723 nonce_prefix=6eb680d2 result=ok wait_ct_us=1 verify_us=91 decap_us=80 peer_us=69 total_us=2121","__CURSOR":"s=e6a325d7aab144b09b565d8c4be4d789;i=697d;b=803d77ddc49e4e5ea7391884acfbd14f;m=f53d8b73d;t=65cb14f2b8a3f;x=be5973b6176d2c11","_MACHINE_ID":"690ce7d60d764639b5ea18bbb8cfa3c2","_COMM":"wg-zk-daemon"}
{"_COMM":"wg-zk-daemon","_PID":"24784","_UID":"0","_STREAM_ID":"c06b84c0a30b4e8ca7b18f0ef25e60f6","_EXE":"/usr/local/bin/wg-zk-daemon","_SYSTEMD_UNIT":"wgzk.service","__MONOTONIC_TIMESTAMP":"65831221561","PRIORITY":"6","_BOOT_ID":"803d77ddc49e4e5ea7391884acfbd14f","SYSLOG_FACILITY":"3","__REALTIME_TIMESTAMP":"1790766467484731","_TRANSPORT":"stdout","_GID":"0","SYSLOG_IDENTIFIER":"wgzk-start.sh","_SYSTEMD_CGROUP":"/system.slice/wgzk.service","_SYSTEMD_SLICE":"system.slice","_CAP_EFFECTIVE":"1ffffffffff","_HOSTNAME":"wgzk-gateway","__CURSOR":"s=e6a325d7aab144b09b565d8c4be4d789;i=697e;b=803d77ddc49e4e5ea7391884acfbd14f;m=f53d8b939;t=65cb14f2b8c3b;x=745c7b711482060f","_SYSTEMD_INVOCATION_ID":"e80a96ce807a42dfbb6c3a602e7234cb","MESSAGE":"[timing] side=gateway pending_id=25 token=610727140 nonce_prefix=654aa37f result=ok wait_ct_us=1 verify_us=282 decap_us=79 peer_us=56 total_us=2783","_MACHINE_ID":"690ce7d60d764639b5ea18bbb8cfa3c2","_CMDLINE":"/usr/local/bin/wg-zk-daemon","_SELINUX_CONTEXT":"unconfined\n"}
{"_SELINUX_CONTEXT":"unconfined\n","_HOSTNAME":"wgzk-gateway","_STREAM_ID":"c06b84c0a30b4e8ca7b18f0ef25e60f6","_SYSTEMD_CGROUP":"/system.slice/wgzk.service","_EXE":"/usr/local/bin/wg-zk-daemon","_UID":"0","_COMM":"wg-zk-daemon","_SYSTEMD_UNIT":"wgzk.service","MESSAGE":"[timing] side=gateway pending_id=26 token=2639801772 nonce_prefix=c9ac1c82 result=ok wait_ct_us=157 verify_us=106 decap_us=89 peer_us=89 total_us=512","_GID":"0","_SYSTEMD_INVOCATION_ID":"e80a96ce807a42dfbb6c3a602e7234cb","_CMDLINE":"/usr/local/bin/wg-zk-daemon","SYSLOG_FACILITY":"3","_MACHINE_ID":"690ce7d60d764639b5ea18bbb8cfa3c2","__REALTIME_TIMESTAMP":"1790766468824246","__CURSOR":"s=e6a325d7aab144b09b565d8c4be4d789;i=6981;b=803d77ddc49e4e5ea7391884acfbd14f;m=f53ed29b4;t=65cb14f3ffcb6;x=ef59a11907dafe81","_BOOT_ID":"803d77ddc49e4e5ea7391884acfbd14f","_PID":"24784","PRIORITY":"6","_TRANSPORT":"stdout","_SYSTEMD_SLICE":"system.slice","SYSLOG_IDENTIFIER":"wgzk-start.sh","_CAP_EFFECTIVE":"1ffffffffff","__MONOTONIC_TIMESTAMP":"65832561076"}
{"SYSLOG_FACILITY":"3","_GID":"0","SYSLOG_IDENTIFIER":"wgzk-start.sh","__REALTIME_TIMESTAMP":"1790766468824986","_BOOT_ID":"803d77ddc49e4e5ea7391884acfbd14f","_SYSTEMD_CGROUP":"/system.slice/wgzk.service","_TRANSPORT":"stdout","_CMDLINE":"/usr/local/bin/wg-zk-daemon","_PID":"24784","_UID":"0","__MONOTONIC_TIMESTAMP":"65832561816","_MACHINE_ID":"690ce7d60d764639b5ea18bbb8cfa3c2","_STREAM_ID":"c06b84c0a30b4e8ca7b18f0ef25e60f6","_SYSTEMD_INVOCATION_ID":"e80a96ce807a42dfbb6c3a602e7234cb","MESSAGE":"[timing] side=gateway pending_id=27 token=3372275472 nonce_prefix=63451811 result=ok wait_ct_us=1 verify_us=156 decap_us=85 peer_us=62 total_us=321","_CAP_EFFECTIVE":"1ffffffffff","_HOSTNAME":"wgzk-gateway","_SELINUX_CONTEXT":"unconfined\n","_EXE":"/usr/local/bin/wg-zk-daemon","__CURSOR":"s=e6a325d7aab144b09b565d8c4be4d789;i=6982;b=803d77ddc49e4e5ea7391884acfbd14f;m=f53ed2c98;t=65cb14f3fff9a;x=bf9275727ba89dc7","_SYSTEMD_UNIT":"wgzk.service","PRIORITY":"6","_SYSTEMD_SLICE":"system.slice","_COMM":"wg-zk-daemon"}
{"_GID":"0","_MACHINE_ID":"690ce7d60d764639b5ea18bbb8cfa3c2","_EXE":"/usr/local/bin/wg-zk-daemon","_CAP_EFFECTIVE":"1ffffffffff","_HOSTNAME":"wgzk-gateway","__REALTIME_TIMESTAMP":"1790766468828290","_SYSTEMD_INVOCATION_ID":"e80a96ce807a42dfbb6c3a602e7234cb","_TRANSPORT":"stdout","__CURSOR":"s=e6a325d7aab144b09b565d8c4be4d789;i=6984;b=803d77ddc49e4e5ea7391884acfbd14f;m=f53ed3980;t=65cb14f400c82;x=819c9ebece97657","PRIORITY":"6","_BOOT_ID":"803d77ddc49e4e5ea7391884acfbd14f","_SYSTEMD_SLICE":"system.slice","_COMM":"wg-zk-daemon","MESSAGE":"[timing] side=gateway pending_id=28 token=3720373917 nonce_prefix=d7e3f97f result=ok wait_ct_us=1 verify_us=205 decap_us=87 peer_us=63 total_us=564","_SYSTEMD_CGROUP":"/system.slice/wgzk.service","_SELINUX_CONTEXT":"unconfined\n","SYSLOG_FACILITY":"3","_STREAM_ID":"c06b84c0a30b4e8ca7b18f0ef25e60f6","_UID":"0","_CMDLINE":"/usr/local/bin/wg-zk-daemon","_SYSTEMD_UNIT":"wgzk.service","__MONOTONIC_TIMESTAMP":"65832565120","_PID":"24784","SYSLOG_IDENTIFIER":"wgzk-start.sh"}
{"_TRANSPORT":"stdout","SYSLOG_FACILITY":"3","__MONOTONIC_TIMESTAMP":"65832566392","_PID":"24784","_CMDLINE":"/usr/local/bin/wg-zk-daemon","_SYSTEMD_CGROUP":"/system.slice/wgzk.service","_MACHINE_ID":"690ce7d60d764639b5ea18bbb8cfa3c2","_BOOT_ID":"803d77ddc49e4e5ea7391884acfbd14f","SYSLOG_IDENTIFIER":"wgzk-start.sh","__CURSOR":"s=e6a325d7aab144b09b565d8c4be4d789;i=6987;b=803d77ddc49e4e5ea7391884acfbd14f;m=f53ed3e78;t=65cb14f40117a;x=f6a9c43b437345d6","_SYSTEMD_UNIT":"wgzk.service","_SELINUX_CONTEXT":"unconfined\n","_CAP_EFFECTIVE":"1ffffffffff","_GID":"0","_UID":"0","_EXE":"/usr/local/bin/wg-zk-daemon","PRIORITY":"6","_STREAM_ID":"c06b84c0a30b4e8ca7b18f0ef25e60f6","MESSAGE":"[timing] side=gateway pending_id=29 token=3468191342 nonce_prefix=b01adb2c result=ok wait_ct_us=83 verify_us=264 decap_us=114 peer_us=261 total_us=2087","_SYSTEMD_SLICE":"system.slice","_COMM":"wg-zk-daemon","_HOSTNAME":"wgzk-gateway","_SYSTEMD_INVOCATION_ID":"e80a96ce807a42dfbb6c3a602e7234cb","__REALTIME_TIMESTAMP":"1790766468829562"}
{"_SYSTEMD_UNIT":"wgzk.service","_GID":"0","_CAP_EFFECTIVE":"1ffffffffff","_SELINUX_CONTEXT":"unconfined\n","_PID":"24784","SYSLOG_IDENTIFIER":"wgzk-start.sh","MESSAGE":"[timing] side=gateway pending_id=31 token=33158521 nonce_prefix=67639458 result=ok wait_ct_us=0 verify_us=97 decap_us=82 peer_us=69 total_us=266","PRIORITY":"6","__MONOTONIC_TIMESTAMP":"65832567198","SYSLOG_FACILITY":"3","_SYSTEMD_CGROUP":"/system.slice/wgzk.service","_MACHINE_ID":"690ce7d60d764639b5ea18bbb8cfa3c2","_STREAM_ID":"c06b84c0a30b4e8ca7b18f0ef25e60f6","_SYSTEMD_SLICE":"system.slice","_UID":"0","_BOOT_ID":"803d77ddc49e4e5ea7391884acfbd14f","_CMDLINE":"/usr/local/bin/wg-zk-daemon","_HOSTNAME":"wgzk-gateway","__REALTIME_TIMESTAMP":"1790766468830367","_EXE":"/usr/local/bin/wg-zk-daemon","_TRANSPORT":"stdout","_SYSTEMD_INVOCATION_ID":"e80a96ce807a42dfbb6c3a602e7234cb","__CURSOR":"s=e6a325d7aab144b09b565d8c4be4d789;i=6988;b=803d77ddc49e4e5ea7391884acfbd14f;m=f53ed419e;t=65cb14f40149f;x=c1efe242ff0b3b75","_COMM":"wg-zk-daemon"}
{"_MACHINE_ID":"690ce7d60d764639b5ea18bbb8cfa3c2","MESSAGE":"[timing] side=gateway pending_id=32 token=1043370851 nonce_prefix=a5b9f9bc result=ok wait_ct_us=131 verify_us=253 decap_us=110 peer_us=277 total_us=1552","_SELINUX_CONTEXT":"unconfined\n","_STREAM_ID":"c06b84c0a30b4e8ca7b18f0ef25e60f6","SYSLOG_FACILITY":"3","_UID":"0","_SYSTEMD_UNIT":"wgzk.service","_SYSTEMD_INVOCATION_ID":"e80a96ce807a42dfbb6c3a602e7234cb","_CAP_EFFECTIVE":"1ffffffffff","_SYSTEMD_CGROUP":"/system.slice/wgzk.service","PRIORITY":"6","__REALTIME_TIMESTAMP":"1790766468831561","_PID":"24784","_BOOT_ID":"803d77ddc49e4e5ea7391884acfbd14f","__CURSOR":"s=e6a325d7aab144b09b565d8c4be4d789;i=698b;b=803d77ddc49e4e5ea7391884acfbd14f;m=f53ed4647;t=65cb14f401949;x=bc4cb10a1cb862ef","_CMDLINE":"/usr/local/bin/wg-zk-daemon","SYSLOG_IDENTIFIER":"wgzk-start.sh","_TRANSPORT":"stdout","_GID":"0","__MONOTONIC_TIMESTAMP":"65832568391","_HOSTNAME":"wgzk-gateway","_COMM":"wg-zk-daemon","_EXE":"/usr/local/bin/wg-zk-daemon","_SYSTEMD_SLICE":"system.slice"}
{"_SYSTEMD_CGROUP":"/system.slice/wgzk.service","SYSLOG_FACILITY":"3","__CURSOR":"s=e6a325d7aab144b09b565d8c4be4d789;i=698c;b=803d77ddc49e4e5ea7391884acfbd14f;m=f53ed4a9a;t=65cb14f401d9c;x=cf52494aad271c2a","_HOSTNAME":"wgzk-gateway","_COMM":"wg-zk-daemon","_CMDLINE":"/usr/local/bin/wg-zk-daemon","__MONOTONIC_TIMESTAMP":"65832569498","MESSAGE":"[timing] side=gateway pending_id=30 token=1620771058 nonce_prefix=2da5894e result=ok wait_ct_us=2007 verify_us=99 decap_us=106 peer_us=55 total_us=4768","_STREAM_ID":"c06b84c0a30b4e8ca7b18f0ef25e60f6","_TRANSPORT":"stdout","_PID":"24784","PRIORITY":"6","_SYSTEMD_UNIT":"wgzk.service","_EXE":"/usr/local/bin/wg-zk-daemon","_SYSTEMD_SLICE":"system.slice","_GID":"0","_UID":"0","SYSLOG_IDENTIFIER":"wgzk-start.sh","_MACHINE_ID":"690ce7d60d764639b5ea18bbb8cfa3c2","_SYSTEMD_INVOCATION_ID":"e80a96ce807a42dfbb6c3a602e7234cb","__REALTIME_TIMESTAMP":"1790766468832668","_BOOT_ID":"803d77ddc49e4e5ea7391884acfbd14f","_CAP_EFFECTIVE":"1ffffffffff","_SELINUX_CONTEXT":"unconfined\n"}
{"SYSLOG_FACILITY":"3","_MACHINE_ID":"690ce7d60d764639b5ea18bbb8cfa3c2","_CAP_EFFECTIVE":"1ffffffffff","_GID":"0","_PID":"24784","_BOOT_ID":"803d77ddc49e4e5ea7391884acfbd14f","_SELINUX_CONTEXT":"unconfined\n","_SYSTEMD_INVOCATION_ID":"e80a96ce807a42dfbb6c3a602e7234cb","SYSLOG_IDENTIFIER":"wgzk-start.sh","_SYSTEMD_CGROUP":"/system.slice/wgzk.service","_HOSTNAME":"wgzk-gateway","__REALTIME_TIMESTAMP":"1790766468834542","_SYSTEMD_UNIT":"wgzk.service","_STREAM_ID":"c06b84c0a30b4e8ca7b18f0ef25e60f6","MESSAGE":"[timing] side=gateway pending_id=33 token=2262338079 nonce_prefix=6f5a9029 result=ok wait_ct_us=1 verify_us=91 decap_us=120 peer_us=56 total_us=285","__MONOTONIC_TIMESTAMP":"65832571372","_SYSTEMD_SLICE":"system.slice","_COMM":"wg-zk-daemon","_CMDLINE":"/usr/local/bin/wg-zk-daemon","_UID":"0","_EXE":"/usr/local/bin/wg-zk-daemon","_TRANSPORT":"stdout","__CURSOR":"s=e6a325d7aab144b09b565d8c4be4d789;i=698e;b=803d77ddc49e4e5ea7391884acfbd14f;m=f53ed51ec;t=65cb14f4024ee;x=f20fdd587b7fa2d9","PRIORITY":"6"}
{"_UID":"0","_EXE":"/usr/local/bin/wg-zk-daemon","_SELINUX_CONTEXT":"unconfined\n","MESSAGE":"[timing] side=gateway pending_id=34 token=2787543158 nonce_prefix=5029f52c result=ok wait_ct_us=1 verify_us=97 decap_us=89 peer_us=103 total_us=323","__REALTIME_TIMESTAMP":"1790766470178313","PRIORITY":"6","_HOSTNAME":"wgzk-gateway","SYSLOG_IDENTIFIER":"wgzk-start.sh","_COMM":"wg-zk-daemon","_SYSTEMD_UNIT":"wgzk.service","SYSLOG_FACILITY":"3","_CAP_EFFECTIVE":"1ffffffffff","_MACHINE_ID":"690ce7d60d764639b5ea18bbb8cfa3c2","_STREAM_ID":"c06b84c0a30b4e8ca7b18f0ef25e60f6","__MONOTONIC_TIMESTAMP":"65833915144","_GID":"0","_BOOT_ID":"803d77ddc49e4e5ea7391884acfbd14f","__CURSOR":"s=e6a325d7aab144b09b565d8c4be4d789;i=6993;b=803d77ddc49e4e5ea7391884acfbd14f;m=f5401d308;t=65cb14f54a609;x=a8e2e72b20ad55bf","_SYSTEMD_CGROUP":"/system.slice/wgzk.service","_SYSTEMD_INVOCATION_ID":"e80a96ce807a42dfbb6c3a602e7234cb","_PID":"24784","_SYSTEMD_SLICE":"system.slice","_CMDLINE":"/usr/local/bin/wg-zk-daemon","_TRANSPORT":"stdout"}
{"_GID":"0","PRIORITY":"6","__CURSOR":"s=e6a325d7aab144b09b565d8c4be4d789;i=6994;b=803d77ddc49e4e5ea7391884acfbd14f;m=f5401d308;t=65cb14f54a609;x=fef36bb7e6abfcf5","__REALTIME_TIMESTAMP":"1790766470178313","_HOSTNAME":"wgzk-gateway","_SYSTEMD_UNIT":"wgzk.service","_CAP_EFFECTIVE":"1ffffffffff","_COMM":"wg-zk-daemon","SYSLOG_FACILITY":"3","_PID":"24784","_SELINUX_CONTEXT":"unconfined\n","_SYSTEMD_CGROUP":"/system.slice/wgzk.service","_UID":"0","_MACHINE_ID":"690ce7d60d764639b5ea18bbb8cfa3c2","_EXE":"/usr/local/bin/wg-zk-daemon","MESSAGE":"[timing] side=gateway pending_id=35 token=3870960535 nonce_prefix=cbd54d6f result=ok wait_ct_us=1 verify_us=166 decap_us=84 peer_us=54 total_us=849","_STREAM_ID":"c06b84c0a30b4e8ca7b18f0ef25e60f6","_SYSTEMD_INVOCATION_ID":"e80a96ce807a42dfbb6c3a602e7234cb","_TRANSPORT":"stdout","SYSLOG_IDENTIFIER":"wgzk-start.sh","_BOOT_ID":"803d77ddc49e4e5ea7391884acfbd14f","__MONOTONIC_TIMESTAMP":"65833915144","_CMDLINE":"/usr/local/bin/wg-zk-daemon","_SYSTEMD_SLICE":"system.slice"}
{"_COMM":"wg-zk-daemon","_SYSTEMD_INVOCATION_ID":"e80a96ce807a42dfbb6c3a602e7234cb","_SYSTEMD_CGROUP":"/system.slice/wgzk.service","SYSLOG_IDENTIFIER":"wgzk-start.sh","_CAP_EFFECTIVE":"1ffffffffff","__CURSOR":"s=e6a325d7aab144b09b565d8c4be4d789;i=6995;b=803d77ddc49e4e5ea7391884acfbd14f;m=f5401d308;t=65cb14f54a609;x=7c1bfc00e29de4af","_SELINUX_CONTEXT":"unconfined\n","__MONOTONIC_TIMESTAMP":"65833915144","_TRANSPORT":"stdout","_PID":"24784","_MACHINE_ID":"690ce7d60d764639b5ea18bbb8cfa3c2","PRIORITY":"6","_GID":"0","_EXE":"/usr/local/bin/wg-zk-daemon","_SYSTEMD_SLICE":"system.slice","_BOOT_ID":"803d77ddc49e4e5ea7391884acfbd14f","__REALTIME_TIMESTAMP":"1790766470178313","_HOSTNAME":"wgzk-gateway","_CMDLINE":"/usr/local/bin/wg-zk-daemon","_SYSTEMD_UNIT":"wgzk.service","_UID":"0","_STREAM_ID":"c06b84c0a30b4e8ca7b18f0ef25e60f6","SYSLOG_FACILITY":"3","MESSAGE":"[timing] side=gateway pending_id=36 token=3812057785 nonce_prefix=f9505fc0 result=ok wait_ct_us=1 verify_us=160 decap_us=81 peer_us=52 total_us=1402"}
{"_CAP_EFFECTIVE":"1ffffffffff","_HOSTNAME":"wgzk-gateway","SYSLOG_IDENTIFIER":"wgzk-start.sh","_MACHINE_ID":"690ce7d60d764639b5ea18bbb8cfa3c2","_TRANSPORT":"stdout","SYSLOG_FACILITY":"3","PRIORITY":"6","_COMM":"wg-zk-daemon","_SYSTEMD_INVOCATION_ID":"e80a96ce807a42dfbb6c3a602e7234cb","_EXE":"/usr/local/bin/wg-zk-daemon","_PID":"24784","_GID":"0","__MONOTONIC_TIMESTAMP":"65833916140","_SELINUX_CONTEXT":"unconfined\n","_SYSTEMD_CGROUP":"/system.slice/wgzk.service","_SYSTEMD_SLICE":"system.slice","_UID":"0","_SYSTEMD_UNIT":"wgzk.service","_STREAM_ID":"c06b84c0a30b4e8ca7b18f0ef25e60f6","__REALTIME_TIMESTAMP":"1790766470179310","MESSAGE":"[timing] side=gateway pending_id=37 token=2936785297 nonce_prefix=a0cbd906 result=ok wait_ct_us=1 verify_us=91 decap_us=897 peer_us=64 total_us=2686","__CURSOR":"s=e6a325d7aab144b09b565d8c4be4d789;i=6996;b=803d77ddc49e4e5ea7391884acfbd14f;m=f5401d6ec;t=65cb14f54a9ee;x=c5b4e6a453b9889d","_BOOT_ID":"803d77ddc49e4e5ea7391884acfbd14f","_CMDLINE":"/usr/local/bin/wg-zk-daemon"}
{"_MACHINE_ID":"690ce7d60d764639b5ea18bbb8cfa3c2","_SYSTEMD_UNIT":"wgzk.service","_SYSTEMD_SLICE":"system.slice","_HOSTNAME":"wgzk-gateway","__MONOTONIC_TIMESTAMP":"65833917106","_SYSTEMD_INVOCATION_ID":"e80a96ce807a42dfbb6c3a602e7234cb","_SELINUX_CONTEXT":"unconfined\n","_COMM":"wg-zk-daemon","SYSLOG_IDENTIFIER":"wgzk-start.sh","_SYSTEMD_CGROUP":"/system.slice/wgzk.service","__REALTIME_TIMESTAMP":"1790766470180276","_TRANSPORT":"stdout","_CAP_EFFECTIVE":"1ffffffffff","MESSAGE":"[timing] side=gateway pending_id=38 token=1705911239 nonce_prefix=a93ccdad result=ok wait_ct_us=139 verify_us=91 decap_us=114 peer_us=62 total_us=613","_BOOT_ID":"803d77ddc49e4e5ea7391884acfbd14f","_UID":"0","_CMDLINE":"/usr/local/bin/wg-zk-daemon","SYSLOG_FACILITY":"3","__CURSOR":"s=e6a325d7aab144b09b565d8c4be4d789;i=6999;b=803d77ddc49e4e5ea7391884acfbd14f;m=f5401dab2;t=65cb14f54adb4;x=c1de06f613530dd9","_PID":"24784","_GID":"0","_EXE":"/usr/local/bin/wg-zk-daemon","_STREAM_ID":"c06b84c0a30b4e8ca7b18f0ef25e60f6","PRIORITY":"6"}
{"_SYSTEMD_INVOCATION_ID":"e80a96ce807a42dfbb6c3a602e7234cb","_PID":"24784","_GID":"0","_SYSTEMD_SLICE":"system.slice","_COMM":"wg-zk-daemon","SYSLOG_IDENTIFIER":"wgzk-start.sh","_CMDLINE":"/usr/local/bin/wg-zk-daemon","SYSLOG_FACILITY":"3","_MACHINE_ID":"690ce7d60d764639b5ea18bbb8cfa3c2","__CURSOR":"s=e6a325d7aab144b09b565d8c4be4d789;i=699a;b=803d77ddc49e4e5ea7391884acfbd14f;m=f5401de85;t=65cb14f54b187;x=cde840b806b7dd66","_STREAM_ID":"c06b84c0a30b4e8ca7b18f0ef25e60f6","_BOOT_ID":"803d77ddc49e4e5ea7391884acfbd14f","_SYSTEMD_UNIT":"wgzk.service","__REALTIME_TIMESTAMP":"1790766470181255","MESSAGE":"[timing] side=gateway pending_id=39 token=2355953057 nonce_prefix=96f4c760 result=ok wait_ct_us=1 verify_us=244 decap_us=87 peer_us=57 total_us=1517","_CAP_EFFECTIVE":"1ffffffffff","_SYSTEMD_CGROUP":"/system.slice/wgzk.service","__MONOTONIC_TIMESTAMP":"65833918085","_UID":"0","PRIORITY":"6","_EXE":"/usr/local/bin/wg-zk-daemon","_TRANSPORT":"stdout","_SELINUX_CONTEXT":"unconfined\n","_HOSTNAME":"wgzk-gateway"}
{"MESSAGE":"[timing] side=gateway pending_id=40 token=3426376971 nonce_prefix=99bc9eb4 result=ok wait_ct_us=1 verify_us=91 decap_us=85 peer_us=61 total_us=333","__CURSOR":"s=e6a325d7aab144b09b565d8c4be4d789;i=699d;b=803d77ddc49e4e5ea7391884acfbd14f;m=f5401ea1b;t=65cb14f54bd1c;x=82520675c1b642d9","_SELINUX_CONTEXT":"unconfined\n","_SYSTEMD_SLICE":"system.slice","_SYSTEMD_INVOCATION_ID":"e80a96ce807a42dfbb6c3a602e7234cb","_MACHINE_ID":"690ce7d60d764639b5ea18bbb8cfa3c2","_CMDLINE":"/usr/local/bin/wg-zk-daemon","_TRANSPORT":"stdout","_BOOT_ID":"803d77ddc49e4e5ea7391884acfbd14f","_HOSTNAME":"wgzk-gateway","_GID":"0","__MONOTONIC_TIMESTAMP":"65833921051","PRIORITY":"6","_PID":"24784","_EXE":"/usr/local/bin/wg-zk-daemon","_SYSTEMD_UNIT":"wgzk.service","_STREAM_ID":"c06b84c0a30b4e8ca7b18f0ef25e60f6","_COMM":"wg-zk-daemon","_SYSTEMD_CGROUP":"/system.slice/wgzk.service","_UID":"0","__REALTIME_TIMESTAMP":"1790766470184220","SYSLOG_IDENTIFIER":"wgzk-start.sh","SYSLOG_FACILITY":"3","_CAP_EFFECTIVE":"1ffffffffff"}
{"_UID":"0","_BOOT_ID":"803d77ddc49e4e5ea7391884acfbd14f","_CMDLINE":"/usr/local/bin/wg-zk-daemon","_MACHINE_ID":"690ce7d60d764639b5ea18bbb8cfa3c2","_TRANSPORT":"stdout","_EXE":"/usr/local/bin/wg-zk-daemon","__MONOTONIC_TIMESTAMP":"65833921512","__CURSOR":"s=e6a325d7aab144b09b565d8c4be4d789;i=699e;b=803d77ddc49e4e5ea7391884acfbd14f;m=f5401ebe8;t=65cb14f54beea;x=8a45d88fe5fc6480","_SYSTEMD_SLICE":"system.slice","_PID":"24784","_SYSTEMD_INVOCATION_ID":"e80a96ce807a42dfbb6c3a602e7234cb","MESSAGE":"[timing] side=gateway pending_id=41 token=3222766504 nonce_prefix=ec301577 result=ok wait_ct_us=1 verify_us=92 decap_us=238 peer_us=59 total_us=994","_STREAM_ID":"c06b84c0a30b4e8ca7b18f0ef25e60f6","_CAP_EFFECTIVE":"1ffffffffff","_GID":"0","SYSLOG_IDENTIFIER":"wgzk-start.sh","_SYSTEMD_CGROUP":"/system.slice/wgzk.service","_HOSTNAME":"wgzk-gateway","_SELINUX_CONTEXT":"unconfined\n","_COMM":"wg-zk-daemon","_SYSTEMD_UNIT":"wgzk.service","__REALTIME_TIMESTAMP":"1790766470184682","PRIORITY":"6","SYSLOG_FACILITY":"3"}
{"_TRANSPORT":"stdout","_UID":"0","_GID":"0","_MACHINE_ID":"690ce7d60d764639b5ea18bbb8cfa3c2","_STREAM_ID":"c06b84c0a30b4e8ca7b18f0ef25e60f6","_SYSTEMD_SLICE":"system.slice","SYSLOG_FACILITY":"3","_CMDLINE":"/usr/local/bin/wg-zk-daemon","MESSAGE":"[timing] side=gateway pending_id=42 token=3761716179 nonce_prefix=f13e3bf4 result=ok wait_ct_us=1 verify_us=96 decap_us=195 peer_us=90 total_us=406","_HOSTNAME":"wgzk-gateway","_SELINUX_CONTEXT":"unconfined\n","__MONOTONIC_TIMESTAMP":"65835269604","_SYSTEMD_INVOCATION_ID":"e80a96ce807a42dfbb6c3a602e7234cb","__REALTIME_TIMESTAMP":"1790766471532774","SYSLOG_IDENTIFIER":"wgzk-start.sh","_EXE":"/usr/local/bin/wg-zk-daemon","_SYSTEMD_CGROUP":"/system.slice/wgzk.service","__CURSOR":"s=e6a325d7aab144b09b565d8c4be4d789;i=69a1;b=803d77ddc49e4e5ea7391884acfbd14f;m=f54167de4;t=65cb14f6950e6;x=773dfba88f6e5b99","_CAP_EFFECTIVE":"1ffffffffff","_PID":"24784","PRIORITY":"6","_BOOT_ID":"803d77ddc49e4e5ea7391884acfbd14f","_COMM":"wg-zk-daemon","_SYSTEMD_UNIT":"wgzk.service"}
{"_UID":"0","_SYSTEMD_UNIT":"wgzk.service","_CAP_EFFECTIVE":"1ffffffffff","SYSLOG_IDENTIFIER":"wgzk-start.sh","_EXE":"/usr/local/bin/wg-zk-daemon","_PID":"24784","_SYSTEMD_INVOCATION_ID":"e80a96ce807a42dfbb6c3a602e7234cb","_CMDLINE":"/usr/local/bin/wg-zk-daemon","__CURSOR":"s=e6a325d7aab144b09b565d8c4be4d789;i=69a2;b=803d77ddc49e4e5ea7391884acfbd14f;m=f541683d2;t=65cb14f6956d3;x=b8313fdfc4cc2405","_BOOT_ID":"803d77ddc49e4e5ea7391884acfbd14f","_SELINUX_CONTEXT":"unconfined\n","_COMM":"wg-zk-daemon","_MACHINE_ID":"690ce7d60d764639b5ea18bbb8cfa3c2","PRIORITY":"6","_HOSTNAME":"wgzk-gateway","SYSLOG_FACILITY":"3","MESSAGE":"[timing] side=gateway pending_id=43 token=3261668913 nonce_prefix=db594d0e result=ok wait_ct_us=1 verify_us=92 decap_us=84 peer_us=77 total_us=272","__MONOTONIC_TIMESTAMP":"65835271122","_STREAM_ID":"c06b84c0a30b4e8ca7b18f0ef25e60f6","_SYSTEMD_CGROUP":"/system.slice/wgzk.service","_GID":"0","__REALTIME_TIMESTAMP":"1790766471534291","_TRANSPORT":"stdout","_SYSTEMD_SLICE":"system.slice"}
{"SYSLOG_FACILITY":"3","_PID":"24784","_UID":"0","SYSLOG_IDENTIFIER":"wgzk-start.sh","__REALTIME_TIMESTAMP":"1790766471536546","MESSAGE":"[timing] side=gateway pending_id=44 token=3196905456 nonce_prefix=bbd5dd15 result=ok wait_ct_us=1 verify_us=121 decap_us=99 peer_us=106 total_us=761","_MACHINE_ID":"690ce7d60d764639b5ea18bbb8cfa3c2","_SYSTEMD_INVOCATION_ID":"e80a96ce807a42dfbb6c3a602e7234cb","PRIORITY":"6","__CURSOR":"s=e6a325d7aab144b09b565d8c4be4d789;i=69a5;b=803d77ddc49e4e5ea7391884acfbd14f;m=f54168ca0;t=65cb14f695fa2;x=b91f024e55264e","_STREAM_ID":"c06b84c0a30b4e8ca7b18f0ef25e60f6","_SYSTEMD_CGROUP":"/system.slice/wgzk.service","_SYSTEMD_UNIT":"wgzk.service","_SYSTEMD_SLICE":"system.slice","_GID":"0","_TRANSPORT":"stdout","_SELINUX_CONTEXT":"unconfined\n","__MONOTONIC_TIMESTAMP":"65835273376","_EXE":"/usr/local/bin/wg-zk-daemon","_BOOT_ID":"803d77ddc49e4e5ea7391884acfbd14f","_COMM":"wg-zk-daemon","_HOSTNAME":"wgzk-gateway","_CMDLINE":"/usr/local/bin/wg-zk-daemon","_CAP_EFFECTIVE":"1ffffffffff"}
{"_PID":"24784","_TRANSPORT":"stdout","__REALTIME_TIMESTAMP":"1790766471537239","_SYSTEMD_SLICE":"system.slice","_COMM":"wg-zk-daemon","_SYSTEMD_INVOCATION_ID":"e80a96ce807a42dfbb6c3a602e7234cb","SYSLOG_IDENTIFIER":"wgzk-start.sh","_BOOT_ID":"803d77ddc49e4e5ea7391884acfbd14f","__CURSOR":"s=e6a325d7aab144b09b565d8c4be4d789;i=69a6;b=803d77ddc49e4e5ea7391884acfbd14f;m=f54168f55;t=65cb14f696257;x=f552cc0e37d79ef2","_MACHINE_ID":"690ce7d60d764639b5ea18bbb8cfa3c2","_STREAM_ID":"c06b84c0a30b4e8ca7b18f0ef25e60f6","_EXE":"/usr/local/bin/wg-zk-daemon","_CAP_EFFECTIVE":"1ffffffffff","_SYSTEMD_CGROUP":"/system.slice/wgzk.service","__MONOTONIC_TIMESTAMP":"65835274069","_HOSTNAME":"wgzk-gateway","_CMDLINE":"/usr/local/bin/wg-zk-daemon","_SYSTEMD_UNIT":"wgzk.service","MESSAGE":"[timing] side=gateway pending_id=45 token=1023655738 nonce_prefix=4deb800b result=ok wait_ct_us=1 verify_us=92 decap_us=83 peer_us=55 total_us=1364","_UID":"0","_SELINUX_CONTEXT":"unconfined\n","PRIORITY":"6","_GID":"0","SYSLOG_FACILITY":"3"}
{"_TRANSPORT":"stdout","_HOSTNAME":"wgzk-gateway","_SYSTEMD_CGROUP":"/system.slice/wgzk.service","PRIORITY":"6","_CMDLINE":"/usr/local/bin/wg-zk-daemon","_SYSTEMD_INVOCATION_ID":"e80a96ce807a42dfbb6c3a602e7234cb","_GID":"0","_PID":"24784","_MACHINE_ID":"690ce7d60d764639b5ea18bbb8cfa3c2","SYSLOG_IDENTIFIER":"wgzk-start.sh","_EXE":"/usr/local/bin/wg-zk-daemon","__REALTIME_TIMESTAMP":"1790766471538276","__MONOTONIC_TIMESTAMP":"65835275106","_COMM":"wg-zk-daemon","_UID":"0","_SYSTEMD_SLICE":"system.slice","_CAP_EFFECTIVE":"1ffffffffff","MESSAGE":"[timing] side=gateway pending_id=48 token=70310387 nonce_prefix=55febd87 result=ok wait_ct_us=0 verify_us=91 decap_us=100 peer_us=71 total_us=626","_SELINUX_CONTEXT":"unconfined\n","__CURSOR":"s=e6a325d7aab144b09b565d8c4be4d789;i=69a9;b=803d77ddc49e4e5ea7391884acfbd14f;m=f54169362;t=65cb14f696664;x=2aa8bc5f51fe75e7","_STREAM_ID":"c06b84c0a30b4e8ca7b18f0ef25e60f6","SYSLOG_FACILITY":"3","_BOOT_ID":"803d77ddc49e4e5ea7391884acfbd14f","_SYSTEMD_UNIT":"wgzk.service"}
{"_TRANSPORT":"stdout","__REALTIME_TIMESTAMP":"1790766471539995","__CURSOR":"s=e6a325d7aab144b09b565d8c4be4d789;i=69ab;b=803d77ddc49e4e5ea7391884acfbd14f;m=f54169a19;t=65cb14f696d1b;x=ced089663b57d827","SYSLOG_FACILITY":"3","_PID":"24784","_SELINUX_CONTEXT":"unconfined\n","_SYSTEMD_CGROUP":"/system.slice/wgzk.service","_GID":"0","_COMM":"wg-zk-daemon","SYSLOG_IDENTIFIER":"wgzk-start.sh","_UID":"0","_SYSTEMD_SLICE":"system.slice","_EXE":"/usr/local/bin/wg-zk-daemon","_CMDLINE":"/usr/local/bin/wg-zk-daemon","_STREAM_ID":"c06b84c0a30b4e8ca7b18f0ef25e60f6","_SYSTEMD_UNIT":"wgzk.service","PRIORITY":"6","MESSAGE":"[timing] side=gateway pending_id=47 token=1366727872 nonce_prefix=74976896 result=ok wait_ct_us=1078 verify_us=263 decap_us=100 peer_us=57 total_us=1712","__MONOTONIC_TIMESTAMP":"65835276825","_CAP_EFFECTIVE":"1ffffffffff","_BOOT_ID":"803d77ddc49e4e5ea7391884acfbd14f","_MACHINE_ID":"690ce7d60d764639b5ea18bbb8cfa3c2","_SYSTEMD_INVOCATION_ID":"e80a96ce807a42dfbb6c3a602e7234cb","_HOSTNAME":"wgzk-gateway"}
{"_MACHINE_ID":"690ce7d60d764639b5ea18bbb8cfa3c2","_SYSTEMD_INVOCATION_ID":"e80a96ce807a42dfbb6c3a602e7234cb","__REALTIME_TIMESTAMP":"1790766471539995","__CURSOR":"s=e6a325d7aab144b09b565d8c4be4d789;i=69ac;b=803d77ddc49e4e5ea7391884acfbd14f;m=f54169a19;t=65cb14f696d1b;x=d8221519cbb5af","_UID":"0","_SYSTEMD_UNIT":"wgzk.service","_TRANSPORT":"stdout","SYSLOG_FACILITY":"3","_PID":"24784","__MONOTONIC_TIMESTAMP":"65835276825","_SYSTEMD_CGROUP":"/system.slice/wgzk.service","_GID":"0","MESSAGE":"[timing] side=gateway pending_id=46 token=2189046736 nonce_prefix=07d88278 result=ok wait_ct_us=1903 verify_us=91 decap_us=79 peer_us=53 total_us=2326","_EXE":"/usr/local/bin/wg-zk-daemon","_STREAM_ID":"c06b84c0a30b4e8ca7b18f0ef25e60f6","_SYSTEMD_SLICE":"system.slice","PRIORITY":"6","_COMM":"wg-zk-daemon","_SELINUX_CONTEXT":"unconfined\n","_BOOT_ID":"803d77ddc49e4e5ea7391884acfbd14f","_CMDLINE":"/usr/local/bin/wg-zk-daemon","_HOSTNAME":"wgzk-gateway","SYSLOG_IDENTIFIER":"wgzk-start.sh","_CAP_EFFECTIVE":"1ffffffffff"}
{"_UID":"0","_CAP_EFFECTIVE":"1ffffffffff","_SYSTEMD_CGROUP":"/system.slice/wgzk.service","_TRANSPORT":"stdout","SYSLOG_FACILITY":"3","__MONOTONIC_TIMESTAMP":"65835278859","SYSLOG_IDENTIFIER":"wgzk-start.sh","__CURSOR":"s=e6a325d7aab144b09b565d8c4be4d789;i=69ae;b=803d77ddc49e4e5ea7391884acfbd14f;m=f5416a20b;t=65cb14f69750d;x=61f97383d163da0b","_PID":"24784","_HOSTNAME":"wgzk-gateway","_COMM":"wg-zk-daemon","_EXE":"/usr/local/bin/wg-zk-daemon","_SYSTEMD_INVOCATION_ID":"e80a96ce807a42dfbb6c3a602e7234cb","_GID":"0","_MACHINE_ID":"690ce7d60d764639b5ea18bbb8cfa3c2","_STREAM_ID":"c06b84c0a30b4e8ca7b18f0ef25e60f6","_SELINUX_CONTEXT":"unconfined\n","_SYSTEMD_SLICE":"system.slice","MESSAGE":"[timing] side=gateway pending_id=49 token=3995260463 nonce_prefix=cef9c733 result=ok wait_ct_us=1 verify_us=103 decap_us=85 peer_us=58 total_us=259","__REALTIME_TIMESTAMP":"1790766471542029","_BOOT_ID":"803d77ddc49e4e5ea7391884acfbd14f","PRIORITY":"6","_CMDLINE":"/usr/local/bin/wg-zk-daemon","_SYSTEMD_UNIT":"wgzk.service"}
{"SYSLOG_FACILITY":"3","_EXE":"/usr/local/bin/wg-zk-daemon","_PID":"24784","__MONOTONIC_TIMESTAMP":"65836625208","__CURSOR":"s=e6a325d7aab144b09b565d8c4be4d789;i=69b0;b=803d77ddc49e4e5ea7391884acfbd14f;m=f542b2d38;t=65cb14f7e003a;x=2ca1b69981123ef1","_TRANSPORT":"stdout","PRIORITY":"6","_SYSTEMD_UNIT":"wgzk.service","_HOSTNAME":"wgzk-gateway","_GID":"0","_BOOT_ID":"803d77ddc49e4e5ea7391884acfbd14f","MESSAGE":"[timing] side=gateway pending_id=50 token=1033996645 nonce_prefix=c82c36da result=ok wait_ct_us=2 verify_us=96 decap_us=90 peer_us=348 total_us=558","_MACHINE_ID":"690ce7d60d764639b5ea18bbb8cfa3c2","_SYSTEMD_INVOCATION_ID":"e80a96ce807a42dfbb6c3a602e7234cb","_SELINUX_CONTEXT":"unconfined\n","__REALTIME_TIMESTAMP":"1790766472888378","_COMM":"wg-zk-daemon","_SYSTEMD_SLICE":"system.slice","_SYSTEMD_CGROUP":"/system.slice/wgzk.service","_CAP_EFFECTIVE":"1ffffffffff","_CMDLINE":"/usr/local/bin/wg-zk-daemon","_STREAM_ID":"c06b84c0a30b4e8ca7b18f0ef25e60f6","_UID":"0","SYSLOG_IDENTIFIER":"wgzk-start.sh"}
{"_COMM":"wg-zk-daemon","PRIORITY":"6","_STREAM_ID":"c06b84c0a30b4e8ca7b18f0ef25e60f6","_PID":"24784","_MACHINE_ID":"690ce7d60d764639b5ea18bbb8cfa3c2","__CURSOR":"s=e6a325d7aab144b09b565d8c4be4d789;i=69b2;b=803d77ddc49e4e5ea7391884acfbd14f;m=f542b3206;t=65cb14f7e0508;x=6e551b8914089980","_CAP_EFFECTIVE":"1ffffffffff","_EXE":"/usr/local/bin/wg-zk-daemon","_TRANSPORT":"stdout","_SYSTEMD_SLICE":"system.slice","_BOOT_ID":"803d77ddc49e4e5ea7391884acfbd14f","_SYSTEMD_CGROUP":"/system.slice/wgzk.service","_GID":"0","_CMDLINE":"/usr/local/bin/wg-zk-daemon","_HOSTNAME":"wgzk-gateway","__REALTIME_TIMESTAMP":"1790766472889608","MESSAGE":"[timing] side=gateway pending_id=51 token=944522913 nonce_prefix=002f6064 result=ok wait_ct_us=343 verify_us=93 decap_us=85 peer_us=110 total_us=677","SYSLOG_IDENTIFIER":"wgzk-start.sh","__MONOTONIC_TIMESTAMP":"65836626438","_UID":"0","_SYSTEMD_INVOCATION_ID":"e80a96ce807a42dfbb6c3a602e7234cb","_SELINUX_CONTEXT":"unconfined\n","_SYSTEMD_UNIT":"wgzk.service","SYSLOG_FACILITY":"3"}
{"SYSLOG_IDENTIFIER":"wgzk-start.sh","__CURSOR":"s=e6a325d7aab144b09b565d8c4be4d789;i=69b4;b=803d77ddc49e4e5ea7391884acfbd14f;m=f542b3853;t=65cb14f7e0b54;x=c1ec779cdcc50c5e","_UID":"0","_SYSTEMD_CGROUP":"/system.slice/wgzk.service","_CMDLINE":"/usr/local/bin/wg-zk-daemon","_HOSTNAME":"wgzk-gateway","SYSLOG_FACILITY":"3","_MACHINE_ID":"690ce7d60d764639b5ea18bbb8cfa3c2","_SYSTEMD_INVOCATION_ID":"e80a96ce807a42dfbb6c3a602e7234cb","_TRANSPORT":"stdout","__MONOTONIC_TIMESTAMP":"65836628051","_BOOT_ID":"803d77ddc49e4e5ea7391884acfbd14f","_SELINUX_CONTEXT":"unconfined\n","_PID":"24784","_STREAM_ID":"c06b84c0a30b4e8ca7b18f0ef25e60f6","_SYSTEMD_SLICE":"system.slice","__REALTIME_TIMESTAMP":"1790766472891220","_SYSTEMD_UNIT":"wgzk.service","_CAP_EFFECTIVE":"1ffffffffff","MESSAGE":"[timing] side=gateway pending_id=52 token=2691583245 nonce_prefix=f6afe386 result=ok wait_ct_us=344 verify_us=190 decap_us=82 peer_us=69 total_us=1836","_GID":"0","_EXE":"/usr/local/bin/wg-zk-daemon","_COMM":"wg-zk-daemon","PRIORITY":"6"}
{"_SELINUX_CONTEXT":"unconfined\n","_EXE":"/usr/local/bin/wg-zk-daemon","_CMDLINE":"/usr/local/bin/wg-zk-daemon","_UID":"0","_SYSTEMD_UNIT":"wgzk.service","SYSLOG_FACILITY":"3","_BOOT_ID":"803d77ddc49e4e5ea7391884acfbd14f","SYSLOG_IDENTIFIER":"wgzk-start.sh","__REALTIME_TIMESTAMP":"1790766472892988","_COMM":"wg-zk-daemon","_GID":"0","PRIORITY":"6","_PID":"24784","_SYSTEMD_CGROUP":"/system.slice/wgzk.service","__CURSOR":"s=e6a325d7aab144b09b565d8c4be4d789;i=69b7;b=803d77ddc49e4e5ea7391884acfbd14f;m=f542b3f3a;t=65cb14f7e123c;x=45b8bb49b260aeec","_MACHINE_ID":"690ce7d60d764639b5ea18bbb8cfa3c2","_TRANSPORT":"stdout","__MONOTONIC_TIMESTAMP":"65836629818","_SYSTEMD_SLICE":"system.slice","_STREAM_ID":"c06b84c0a30b4e8ca7b18f0ef25e60f6","_HOSTNAME":"wgzk-gateway","MESSAGE":"[timing] side=gateway pending_id=53 token=579271309 nonce_prefix=ff8a7711 result=ok wait_ct_us=1 verify_us=91 decap_us=86 peer_us=58 total_us=260","_CAP_EFFECTIVE":"1ffffffffff","_SYSTEMD_INVOCATION_ID":"e80a96ce807a42dfbb6c3a602e7234cb"}
{"_SYSTEMD_UNIT":"wgzk.service","_EXE":"/usr/local/bin/wg-zk-daemon","_SYSTEMD_SLICE":"system.slice","_MACHINE_ID":"690ce7d60d764639b5ea18bbb8cfa3c2","MESSAGE":"[timing] side=gateway pending_id=54 token=2402013329 nonce_prefix=18d4911a result=ok wait_ct_us=1 verify_us=91 decap_us=82 peer_us=61 total_us=1223","_TRANSPORT":"stdout","_GID":"0","_HOSTNAME":"wgzk-gateway","SYSLOG_IDENTIFIER":"wgzk-start.sh","_SYSTEMD_INVOCATION_ID":"e80a96ce807a42dfbb6c3a602e7234cb","_SELINUX_CONTEXT":"unconfined\n","_CAP_EFFECTIVE":"1ffffffffff","_UID":"0","__REALTIME_TIMESTAMP":"1790766472893896","_PID":"24784","_STREAM_ID":"c06b84c0a30b4e8ca7b18f0ef25e60f6","PRIORITY":"6","__MONOTONIC_TIMESTAMP":"65836630726","_COMM":"wg-zk-daemon","SYSLOG_FACILITY":"3","_CMDLINE":"/usr/local/bin/wg-zk-daemon","_BOOT_ID":"803d77ddc49e4e5ea7391884acfbd14f","__CURSOR":"s=e6a325d7aab144b09b565d8c4be4d789;i=69b8;b=803d77ddc49e4e5ea7391884acfbd14f;m=f542b42c6;t=65cb14f7e15c8;x=988599eab3937586","_SYSTEMD_CGROUP":"/system.slice/wgzk.service"}
{"_SYSTEMD_UNIT":"wgzk.service","_UID":"0","SYSLOG_IDENTIFIER":"wgzk-start.sh","_PID":"24784","_CMDLINE":"/usr/local/bin/wg-zk-daemon","SYSLOG_FACILITY":"3","_EXE":"/usr/local/bin/wg-zk-daemon","__REALTIME_TIMESTAMP":"1790766472895481","_SYSTEMD_INVOCATION_ID":"e80a96ce807a42dfbb6c3a602e7234cb","PRIORITY":"6","_SYSTEMD_SLICE":"system.slice","_TRANSPORT":"stdout","MESSAGE":"[timing] side=gateway pending_id=55 token=531217095 nonce_prefix=40d51ef9 result=ok wait_ct_us=1 verify_us=247 decap_us=279 peer_us=130 total_us=2514","_CAP_EFFECTIVE":"1ffffffffff","_BOOT_ID":"803d77ddc49e4e5ea7391884acfbd14f","_SYSTEMD_CGROUP":"/system.slice/wgzk.service","__MONOTONIC_TIMESTAMP":"65836632311","_STREAM_ID":"c06b84c0a30b4e8ca7b18f0ef25e60f6","_MACHINE_ID":"690ce7d60d764639b5ea18bbb8cfa3c2","_SELINUX_CONTEXT":"unconfined\n","_GID":"0","_COMM":"wg-zk-daemon","__CURSOR":"s=e6a325d7aab144b09b565d8c4be4d789;i=69ba;b=803d77ddc49e4e5ea7391884acfbd14f;m=f542b48f7;t=65cb14f7e1bf9;x=aeb3e375667b2186","_HOSTNAME":"wgzk-gateway"}
{"_PID":"24784","_CMDLINE":"/usr/local/bin/wg-zk-daemon","_GID":"0","_TRANSPORT":"stdout","_SYSTEMD_UNIT":"wgzk.service","__CURSOR":"s=e6a325d7aab144b09b565d8c4be4d789;i=69bd;b=803d77ddc49e4e5ea7391884acfbd14f;m=f542b4bd4;t=65cb14f7e1ed5;x=3dcad701aa1ad706","_HOSTNAME":"wgzk-gateway","PRIORITY":"6","_UID":"0","_SYSTEMD_INVOCATION_ID":"e80a96ce807a42dfbb6c3a602e7234cb","_SYSTEMD_SLICE":"system.slice","SYSLOG_FACILITY":"3","__MONOTONIC_TIMESTAMP":"65836633044","_CAP_EFFECTIVE":"1ffffffffff","__REALTIME_TIMESTAMP":"1790766472896213","_COMM":"wg-zk-daemon","_EXE":"/usr/local/bin/wg-zk-daemon","MESSAGE":"[timing] side=gateway pending_id=56 token=2267868046 nonce_prefix=ddc131ef result=ok wait_ct_us=1 verify_us=94 decap_us=80 peer_us=56 total_us=286","SYSLOG_IDENTIFIER":"wgzk-start.sh","_STREAM_ID":"c06b84c0a30b4e8ca7b18f0ef25e60f6","_BOOT_ID":"803d77ddc49e4e5ea7391884acfbd14f","_SELINUX_CONTEXT":"unconfined\n","_MACHINE_ID":"690ce7d60d764639b5ea18bbb8cfa3c2","_SYSTEMD_CGROUP":"/system.slice/wgzk.service"}
{"SYSLOG_IDENTIFIER":"wgzk-start.sh","__REALTIME_TIMESTAMP":"1790766472897021","_TRANSPORT":"stdout","MESSAGE":"[timing] side=gateway pending_id=57 token=301233785 nonce_prefix=9e3adf37 result=ok wait_ct_us=1 verify_us=242 decap_us=81 peer_us=62 total_us=1188","_GID":"0","SYSLOG_FACILITY":"3","_SYSTEMD_CGROUP":"/system.slice/wgzk.service","_UID":"0","_HOSTNAME":"wgzk-gateway","_COMM":"wg-zk-daemon","_SYSTEMD_INVOCATION_ID":"e80a96ce807a42dfbb6c3a602e7234cb","_BOOT_ID":"803d77ddc49e4e5ea7391884acfbd14f","_PID":"24784","_SELINUX_CONTEXT":"unconfined\n","_CMDLINE":"/usr/local/bin/wg-zk-daemon","_STREAM_ID":"c06b84c0a30b4e8ca7b18f0ef25e60f6","_CAP_EFFECTIVE":"1ffffffffff","_SYSTEMD_SLICE":"system.slice","_MACHINE_ID":"690ce7d60d764639b5ea18bbb8cfa3c2","PRIORITY":"6","__CURSOR":"s=e6a325d7aab144b09b565d8c4be4d789;i=69be;b=803d77ddc49e4e5ea7391884acfbd14f;m=f542b4efb;t=65cb14f7e21fd;x=277c7fc4d52cf5c1","_EXE":"/usr/local/bin/wg-zk-daemon","_SYSTEMD_UNIT":"wgzk.service","__MONOTONIC_TIMESTAMP":"65836633851"}
{"_COMM":"wg-zk-daemon","_CMDLINE":"/usr/local/bin/wg-zk-daemon","_PID":"24784","_HOSTNAME":"wgzk-gateway","_SELINUX_CONTEXT":"unconfined\n","_SYSTEMD_UNIT":"wgzk.service","_SYSTEMD_CGROUP":"/system.slice/wgzk.service","_MACHINE_ID":"690ce7d60d764639b5ea18bbb8cfa3c2","__CURSOR":"s=e6a325d7aab144b09b565d8c4be4d789;i=69c0;b=803d77ddc49e4e5ea7391884acfbd14f;m=f543fc3b0;t=65cb14f9296b2;x=db70077f41cc3847","PRIORITY":"6","_STREAM_ID":"c06b84c0a30b4e8ca7b18f0ef25e60f6","SYSLOG_IDENTIFIER":"wgzk-start.sh","__REALTIME_TIMESTAMP":"1790766474237618","_SYSTEMD_SLICE":"system.slice","_TRANSPORT":"stdout","__MONOTONIC_TIMESTAMP":"65837974448","_EXE":"/usr/local/bin/wg-zk-daemon","MESSAGE":"[timing] side=gateway pending_id=58 token=653250250 nonce_prefix=0e6dff21 result=ok wait_ct_us=2 verify_us=118 decap_us=94 peer_us=76 total_us=374","_UID":"0","_CAP_EFFECTIVE":"1ffffffffff","SYSLOG_FACILITY":"3","_SYSTEMD_INVOCATION_ID":"e80a96ce807a42dfbb6c3a602e7234cb","_BOOT_ID":"803d77ddc49e4e5ea7391884acfbd14f","_GID":"0"}
{"_PID":"24784","_TRANSPORT":"stdout","_SYSTEMD_UNIT":"wgzk.service","_BOOT_ID":"803d77ddc49e4e5ea7391884acfbd14f","__REALTIME_TIMESTAMP":"1790766474237618","SYSLOG_IDENTIFIER":"wgzk-start.sh","_CMDLINE":"/usr/local/bin/wg-zk-daemon","__CURSOR":"s=e6a325d7aab144b09b565d8c4be4d789;i=69c2;b=803d77ddc49e4e5ea7391884acfbd14f;m=f543fc3b0;t=65cb14f9296b2;x=7044cec48a06a158","_SYSTEMD_SLICE":"system.slice","_HOSTNAME":"wgzk-gateway","_SYSTEMD_CGROUP":"/system.slice/wgzk.service","_CAP_EFFECTIVE":"1ffffffffff","_UID":"0","_GID":"0","_SYSTEMD_INVOCATION_ID":"e80a96ce807a42dfbb6c3a602e7234cb","PRIORITY":"6","MESSAGE":"[timing] side=gateway pending_id=59 token=599236728 nonce_prefix=4f12d102 result=ok wait_ct_us=1 verify_us=126 decap_us=91 peer_us=57 total_us=910","_MACHINE_ID":"690ce7d60d764639b5ea18bbb8cfa3c2","_EXE":"/usr/local/bin/wg-zk-daemon","__MONOTONIC_TIMESTAMP":"65837974448","_COMM":"wg-zk-daemon","_SELINUX_CONTEXT":"unconfined\n","SYSLOG_FACILITY":"3","_STREAM_ID":"c06b84c0a30b4e8ca7b18f0ef25e60f6"}
{"__REALTIME_TIMESTAMP":"1790766474239361","_SYSTEMD_INVOCATION_ID":"e80a96ce807a42dfbb6c3a602e7234cb","_HOSTNAME":"wgzk-gateway","PRIORITY":"6","_UID":"0","_CAP_EFFECTIVE":"1ffffffffff","SYSLOG_FACILITY":"3","_MACHINE_ID":"690ce7d60d764639b5ea18bbb8cfa3c2","_STREAM_ID":"c06b84c0a30b4e8ca7b18f0ef25e60f6","_SYSTEMD_CGROUP":"/system.slice/wgzk.service","_COMM":"wg-zk-daemon","_PID":"24784","_SYSTEMD_UNIT":"wgzk.service","_GID":"0","__MONOTONIC_TIMESTAMP":"65837976191","_CMDLINE":"/usr/local/bin/wg-zk-daemon","_TRANSPORT":"stdout","_SYSTEMD_SLICE":"system.slice","__CURSOR":"s=e6a325d7aab144b09b565d8c4be4d789;i=69c4;b=803d77ddc49e4e5ea7391884acfbd14f;m=f543fca7f;t=65cb14f929d81;x=8259183d177020dc","MESSAGE":"[timing] side=gateway pending_id=60 token=1466051116 nonce_prefix=c7d75376 result=ok wait_ct_us=1 verify_us=143 decap_us=84 peer_us=148 total_us=413","_BOOT_ID":"803d77ddc49e4e5ea7391884acfbd14f","SYSLOG_IDENTIFIER":"wgzk-start.sh","_EXE":"/usr/local/bin/wg-zk-daemon","_SELINUX_CONTEXT":"unconfined\n"}
{"_HOSTNAME":"wgzk-gateway","MESSAGE":"[timing] side=gateway pending_id=61 token=3360502403 nonce_prefix=0f457381 result=ok wait_ct_us=1 verify_us=99 decap_us=81 peer_us=54 total_us=964","_PID":"24784","_CMDLINE":"/usr/local/bin/wg-zk-daemon","_EXE":"/usr/local/bin/wg-zk-daemon","SYSLOG_FACILITY":"3","_STREAM_ID":"c06b84c0a30b4e8ca7b18f0ef25e60f6","_MACHINE_ID":"690ce7d60d764639b5ea18bbb8cfa3c2","_SYSTEMD_UNIT":"wgzk.service","_SELINUX_CONTEXT":"unconfined\n","__CURSOR":"s=e6a325d7aab144b09b565d8c4be4d789;i=69c6;b=803d77ddc49e4e5ea7391884acfbd14f;m=f543fca7f;t=65cb14f929d81;x=a46810d76df5d806","_GID":"0","_CAP_EFFECTIVE":"1ffffffffff","_SYSTEMD_INVOCATION_ID":"e80a96ce807a42dfbb6c3a602e7234cb","PRIORITY":"6","__REALTIME_TIMESTAMP":"1790766474239361","_SYSTEMD_SLICE":"system.slice","_SYSTEMD_CGROUP":"/system.slice/wgzk.service","_TRANSPORT":"stdout","_UID":"0","_COMM":"wg-zk-daemon","__MONOTONIC_TIMESTAMP":"65837976191","SYSLOG_IDENTIFIER":"wgzk-start.sh","_BOOT_ID":"803d77ddc49e4e5ea7391884acfbd14f"}
{"MESSAGE":"[timing] side=gateway pending_id=62 token=1108240610 nonce_prefix=d4d40640 result=ok wait_ct_us=1 verify_us=91 decap_us=83 peer_us=174 total_us=421","_MACHINE_ID":"690ce7d60d764639b5ea18bbb8cfa3c2","__REALTIME_TIMESTAMP":"1790766474242157","_PID":"24784","__MONOTONIC_TIMESTAMP":"65837978987","_GID":"0","PRIORITY":"6","_SYSTEMD_CGROUP":"/system.slice/wgzk.service","SYSLOG_IDENTIFIER":"wgzk-start.sh","_SYSTEMD_UNIT":"wgzk.service","_STREAM_ID":"c06b84c0a30b4e8ca7b18f0ef25e60f6","_HOSTNAME":"wgzk-gateway","_TRANSPORT":"stdout","_SYSTEMD_INVOCATION_ID":"e80a96ce807a42dfbb6c3a602e7234cb","_CMDLINE":"/usr/local/bin/wg-zk-daemon","__CURSOR":"s=e6a325d7aab144b09b565d8c4be4d789;i=69ca;b=803d77ddc49e4e5ea7391884acfbd14f;m=f543fd56b;t=65cb14f92a86d;x=f9207e1be67ef9fc","_BOOT_ID":"803d77ddc49e4e5ea7391884acfbd14f","_CAP_EFFECTIVE":"1ffffffffff","SYSLOG_FACILITY":"3","_UID":"0","_EXE":"/usr/local/bin/wg-zk-daemon","_SELINUX_CONTEXT":"unconfined\n","_SYSTEMD_SLICE":"system.slice","_COMM":"wg-zk-daemon"}
{"SYSLOG_IDENTIFIER":"wgzk-start.sh","MESSAGE":"[timing] side=gateway pending_id=63 token=220015687 nonce_prefix=86f55a9a result=ok wait_ct_us=1 verify_us=244 decap_us=125 peer_us=67 total_us=459","PRIORITY":"6","_GID":"0","_BOOT_ID":"803d77ddc49e4e5ea7391884acfbd14f","_SYSTEMD_INVOCATION_ID":"e80a96ce807a42dfbb6c3a602e7234cb","_UID":"0","_STREAM_ID":"c06b84c0a30b4e8ca7b18f0ef25e60f6","_HOSTNAME":"wgzk-gateway","_CAP_EFFECTIVE":"1ffffffffff","_MACHINE_ID":"690ce7d60d764639b5ea18bbb8cfa3c2","__MONOTONIC_TIMESTAMP":"65837980195","SYSLOG_FACILITY":"3","_SYSTEMD_UNIT":"wgzk.service","_EXE":"/usr/local/bin/wg-zk-daemon","_TRANSPORT":"stdout","__CURSOR":"s=e6a325d7aab144b09b565d8c4be4d789;i=69cb;b=803d77ddc49e4e5ea7391884acfbd14f;m=f543fda23;t=65cb14f92ad25;x=d745c10aeb683b5c","_SELINUX_CONTEXT":"unconfined\n","__REALTIME_TIMESTAMP":"1790766474243365","_SYSTEMD_CGROUP":"/system.slice/wgzk.service","_COMM":"wg-zk-daemon","_CMDLINE":"/usr/local/bin/wg-zk-daemon","_PID":"24784","_SYSTEMD_SLICE":"system.slice"}
{"_SYSTEMD_INVOCATION_ID":"e80a96ce807a42dfbb6c3a602e7234cb","_CMDLINE":"/usr/local/bin/wg-zk-daemon","_STREAM_ID":"c06b84c0a30b4e8ca7b18f0ef25e60f6","_HOSTNAME":"wgzk-gateway","MESSAGE":"[timing] side=gateway pending_id=64 token=1729297554 nonce_prefix=75193925 result=ok wait_ct_us=1 verify_us=291 decap_us=112 peer_us=113 total_us=1715","_MACHINE_ID":"690ce7d60d764639b5ea18bbb8cfa3c2","_SYSTEMD_SLICE":"system.slice","_EXE":"/usr/local/bin/wg-zk-daemon","SYSLOG_IDENTIFIER":"wgzk-start.sh","_SYSTEMD_CGROUP":"/system.slice/wgzk.service","_SYSTEMD_UNIT":"wgzk.service","_GID":"0","SYSLOG_FACILITY":"3","_COMM":"wg-zk-daemon","_UID":"0","_TRANSPORT":"stdout","__CURSOR":"s=e6a325d7aab144b09b565d8c4be4d789;i=69cd;b=803d77ddc49e4e5ea7391884acfbd14f;m=f543fde09;t=65cb14f92b10b;x=1a2b94306e40a8d3","__MONOTONIC_TIMESTAMP":"65837981193","_BOOT_ID":"803d77ddc49e4e5ea7391884acfbd14f","_CAP_EFFECTIVE":"1ffffffffff","_SELINUX_CONTEXT":"unconfined\n","PRIORITY":"6","__REALTIME_TIMESTAMP":"1790766474244363","_PID":"24784"}
{"_EXE":"/usr/local/bin/wg-zk-daemon","_GID":"0","_STREAM_ID":"c06b84c0a30b4e8ca7b18f0ef25e60f6","_SELINUX_CONTEXT":"unconfined\n","SYSLOG_IDENTIFIER":"wgzk-start.sh","__REALTIME_TIMESTAMP":"1790766474245220","SYSLOG_FACILITY":"3","_BOOT_ID":"803d77ddc49e4e5ea7391884acfbd14f","_SYSTEMD_SLICE":"system.slice","_TRANSPORT":"stdout","_UID":"0","_CMDLINE":"/usr/local/bin/wg-zk-daemon","__CURSOR":"s=e6a325d7aab144b09b565d8c4be4d789;i=69ce;b=803d77ddc49e4e5ea7391884acfbd14f;m=f543fe162;t=65cb14f92b464;x=5d01927c06be4660","_MACHINE_ID":"690ce7d60d764639b5ea18bbb8cfa3c2","_SYSTEMD_INVOCATION_ID":"e80a96ce807a42dfbb6c3a602e7234cb","_PID":"24784","PRIORITY":"6","_SYSTEMD_CGROUP":"/system.slice/wgzk.service","_SYSTEMD_UNIT":"wgzk.service","__MONOTONIC_TIMESTAMP":"65837982050","MESSAGE":"[timing] side=gateway pending_id=65 token=300692026 nonce_prefix=ec82324e result=ok wait_ct_us=1 verify_us=168 decap_us=78 peer_us=61 total_us=2468","_CAP_EFFECTIVE":"1ffffffffff","_HOSTNAME":"wgzk-gateway","_COMM":"wg-zk-daemon"}
{"_TRANSPORT":"stdout","_CAP_EFFECTIVE":"1ffffffffff","__REALTIME_TIMESTAMP":"1790766475597999","_COMM":"wg-zk-daemon","MESSAGE":"[timing] side=gateway pending_id=66 token=258982951 nonce_prefix=1b6200e3 result=ok wait_ct_us=1 verify_us=95 decap_us=132 peer_us=77 total_us=438","__CURSOR":"s=e6a325d7aab144b09b565d8c4be4d789;i=69d2;b=803d77ddc49e4e5ea7391884acfbd14f;m=f545485ad;t=65cb14fa758af;x=1806896a020ad174","_SYSTEMD_UNIT":"wgzk.service","SYSLOG_FACILITY":"3","_EXE":"/usr/local/bin/wg-zk-daemon","_UID":"0","PRIORITY":"6","_CMDLINE":"/usr/local/bin/wg-zk-daemon","SYSLOG_IDENTIFIER":"wgzk-start.sh","_HOSTNAME":"wgzk-gateway","_PID":"24784","_SYSTEMD_CGROUP":"/system.slice/wgzk.service","_SELINUX_CONTEXT":"unconfined\n","_STREAM_ID":"c06b84c0a30b4e8ca7b18f0ef25e60f6","_BOOT_ID":"803d77ddc49e4e5ea7391884acfbd14f","__MONOTONIC_TIMESTAMP":"65839334829","_MACHINE_ID":"690ce7d60d764639b5ea18bbb8cfa3c2","_SYSTEMD_SLICE":"system.slice","_GID":"0","_SYSTEMD_INVOCATION_ID":"e80a96ce807a42dfbb6c3a602e7234cb"}
{"_HOSTNAME":"wgzk-gateway","SYSLOG_IDENTIFIER":"wgzk-start.sh","_SYSTEMD_INVOCATION_ID":"e80a96ce807a42dfbb6c3a602e7234cb","_BOOT_ID":"803d77ddc49e4e5ea7391884acfbd14f","_GID":"0","_SYSTEMD_UNIT":"wgzk.service","_UID":"0","_STREAM_ID":"c06b84c0a30b4e8ca7b18f0ef25e60f6","_CAP_EFFECTIVE":"1ffffffffff","__CURSOR":"s=e6a325d7aab144b09b565d8c4be4d789;i=69d3;b=803d77ddc49e4e5ea7391884acfbd14f;m=f54548815;t=65cb14fa75b17;x=50a1ddeec11d50da","_COMM":"wg-zk-daemon","SYSLOG_FACILITY":"3","_EXE":"/usr/local/bin/wg-zk-daemon","__MONOTONIC_TIMESTAMP":"65839335445","MESSAGE":"[timing] side=gateway pending_id=67 token=1056438676 nonce_prefix=662deb61 result=ok wait_ct_us=1 verify_us=148 decap_us=86 peer_us=74 total_us=1254","__REALTIME_TIMESTAMP":"1790766475598615","_SYSTEMD_CGROUP":"/system.slice/wgzk.service","_SYSTEMD_SLICE":"system.slice","_TRANSPORT":"stdout","_MACHINE_ID":"690ce7d60d764639b5ea18bbb8cfa3c2","PRIORITY":"6","_CMDLINE":"/usr/local/bin/wg-zk-daemon","_PID":"24784","_SELINUX_CONTEXT":"unconfined\n"}
{"_PID":"24784","_HOSTNAME":"wgzk-gateway","_COMM":"wg-zk-daemon","_SYSTEMD_SLICE":"system.slice","_EXE":"/usr/local/bin/wg-zk-daemon","SYSLOG_FACILITY":"3","MESSAGE":"[timing] side=gateway pending_id=68 token=2254182750 nonce_prefix=5200912c result=ok wait_ct_us=1 verify_us=98 decap_us=82 peer_us=142 total_us=2078","__REALTIME_TIMESTAMP":"1790766475599461","PRIORITY":"6","__MONOTONIC_TIMESTAMP":"65839336292","_GID":"0","_SYSTEMD_INVOCATION_ID":"e80a96ce807a42dfbb6c3a602e7234cb","_SELINUX_CONTEXT":"unconfined\n","_SYSTEMD_UNIT":"wgzk.service","_UID":"0","_CMDLINE":"/usr/local/bin/wg-zk-daemon","_MACHINE_ID":"690ce7d60d764639b5ea18bbb8cfa3c2","_TRANSPORT":"stdout","__CURSOR":"s=e6a325d7aab144b09b565d8c4be4d789;i=69d4;b=803d77ddc49e4e5ea7391884acfbd14f;m=f54548b64;t=65cb14fa75e65;x=91aa595d5f5b2018","_STREAM_ID":"c06b84c0a30b4e8ca7b18f0ef25e60f6","SYSLOG_IDENTIFIER":"wgzk-start.sh","_SYSTEMD_CGROUP":"/system.slice/wgzk.service","_CAP_EFFECTIVE":"1ffffffffff","_BOOT_ID":"803d77ddc49e4e5ea7391884acfbd14f"}
{"_SYSTEMD_CGROUP":"/system.slice/wgzk.service","_STREAM_ID":"c06b84c0a30b4e8ca7b18f0ef25e60f6","_GID":"0","_SYSTEMD_INVOCATION_ID":"e80a96ce807a42dfbb6c3a602e7234cb","_EXE":"/usr/local/bin/wg-zk-daemon","SYSLOG_IDENTIFIER":"wgzk-start.sh","_SYSTEMD_UNIT":"wgzk.service","PRIORITY":"6","_MACHINE_ID":"690ce7d60d764639b5ea18bbb8cfa3c2","_CAP_EFFECTIVE":"1ffffffffff","__CURSOR":"s=e6a325d7aab144b09b565d8c4be4d789;i=69d6;b=803d77ddc49e4e5ea7391884acfbd14f;m=f5454913b;t=65cb14fa7643c;x=ada4a7b6efb862f4","_BOOT_ID":"803d77ddc49e4e5ea7391884acfbd14f","_HOSTNAME":"wgzk-gateway","MESSAGE":"[timing] side=gateway pending_id=69 token=2424457783 nonce_prefix=fd89a028 result=ok wait_ct_us=252 verify_us=279 decap_us=162 peer_us=62 total_us=772","_PID":"24784","_SYSTEMD_SLICE":"system.slice","_SELINUX_CONTEXT":"unconfined\n","_UID":"0","_TRANSPORT":"stdout","_COMM":"wg-zk-daemon","__MONOTONIC_TIMESTAMP":"65839337787","SYSLOG_FACILITY":"3","__REALTIME_TIMESTAMP":"1790766475600956","_CMDLINE":"/usr/local/bin/wg-zk-daemon"}
{"SYSLOG_IDENTIFIER":"wgzk-start.sh","_SYSTEMD_SLICE":"system.slice","MESSAGE":"[timing] side=gateway pending_id=70 token=509927356 nonce_prefix=384b146a result=ok wait_ct_us=1 verify_us=109 decap_us=84 peer_us=59 total_us=319","_GID":"0","_TRANSPORT":"stdout","PRIORITY":"6","_MACHINE_ID":"690ce7d60d764639b5ea18bbb8cfa3c2","_SYSTEMD_INVOCATION_ID":"e80a96ce807a42dfbb6c3a602e7234cb","_SYSTEMD_UNIT":"wgzk.service","SYSLOG_FACILITY":"3","_COMM":"wg-zk-daemon","_SELINUX_CONTEXT":"unconfined\n","__REALTIME_TIMESTAMP":"1790766475602941","_EXE":"/usr/local/bin/wg-zk-daemon","__MONOTONIC_TIMESTAMP":"65839339772","_PID":"24784","_CMDLINE":"/usr/local/bin/wg-zk-daemon","__CURSOR":"s=e6a325d7aab144b09b565d8c4be4d789;i=69d9;b=803d77ddc49e4e5ea7391884acfbd14f;m=f545498fc;t=65cb14fa76bfd;x=1bb5eb7eef3ee343","_UID":"0","_HOSTNAME":"wgzk-gateway","_STREAM_ID":"c06b84c0a30b4e8ca7b18f0ef25e60f6","_BOOT_ID":"803d77ddc49e4e5ea7391884acfbd14f","_CAP_EFFECTIVE":"1ffffffffff","_SYSTEMD_CGROUP":"/system.slice/wgzk.service"}
{"__CURSOR":"s=e6a325d7aab144b09b565d8c4be4d789;i=69dc;b=803d77ddc49e4e5ea7391884acfbd14f;m=f54549e17;t=65cb14fa77118;x=278690abea35d845","__MONOTONIC_TIMESTAMP":"65839341079","_GID":"0","PRIORITY":"6","_CAP_EFFECTIVE":"1ffffffffff","_UID":"0","_SYSTEMD_SLICE":"system.slice","_SELINUX_CONTEXT":"unconfined\n","_SYSTEMD_INVOCATION_ID":"e80a96ce807a42dfbb6c3a602e7234cb","_BOOT_ID":"803d77ddc49e4e5ea7391884acfbd14f","__REALTIME_TIMESTAMP":"1790766475604248","_COMM":"wg-zk-daemon","SYSLOG_IDENTIFIER":"wgzk-start.sh","MESSAGE":"[timing] side=gateway pending_id=71 token=1314669290 nonce_prefix=8fa8c179 result=ok wait_ct_us=1 verify_us=203 decap_us=83 peer_us=58 total_us=376","SYSLOG_FACILITY":"3","_MACHINE_ID":"690ce7d60d764639b5ea18bbb8cfa3c2","_TRANSPORT":"stdout","_SYSTEMD_UNIT":"wgzk.service","_STREAM_ID":"c06b84c0a30b4e8ca7b18f0ef25e60f6","_CMDLINE":"/usr/local/bin/wg-zk-daemon","_PID":"24784","_HOSTNAME":"wgzk-gateway","_EXE":"/usr/local/bin/wg-zk-daemon","_SYSTEMD_CGROUP":"/system.slice/wgzk.service"}
{"_CMDLINE":"/usr/local/bin/wg-zk-daemon","_MACHINE_ID":"690ce7d60d764639b5ea18bbb8cfa3c2","__REALTIME_TIMESTAMP":"1790766475604248","SYSLOG_FACILITY":"3","_SELINUX_CONTEXT":"unconfined\n","_PID":"24784","_HOSTNAME":"wgzk-gateway","_UID":"0","_SYSTEMD_CGROUP":"/system.slice/wgzk.service","_GID":"0","_SYSTEMD_SLICE":"system.slice","_SYSTEMD_UNIT":"wgzk.service","_SYSTEMD_INVOCATION_ID":"e80a96ce807a42dfbb6c3a602e7234cb","MESSAGE":"[timing] side=gateway pending_id=72 token=2584882248 nonce_prefix=bd5eca3e result=ok wait_ct_us=1 verify_us=91 decap_us=82 peer_us=59 total_us=818","_COMM":"wg-zk-daemon","_STREAM_ID":"c06b84c0a30b4e8ca7b18f0ef25e60f6","__MONOTONIC_TIMESTAMP":"65839341079","PRIORITY":"6","_TRANSPORT":"stdout","_BOOT_ID":"803d77ddc49e4e5ea7391884acfbd14f","__CURSOR":"s=e6a325d7aab144b09b565d8c4be4d789;i=69dd;b=803d77ddc49e4e5ea7391884acfbd14f;m=f54549e17;t=65cb14fa77118;x=f20f210e63a058b4","_EXE":"/usr/local/bin/wg-zk-daemon","SYSLOG_IDENTIFIER":"wgzk-start.sh","_CAP_EFFECTIVE":"1ffffffffff"}
{"__CURSOR":"s=e6a325d7aab144b09b565d8c4be4d789;i=69de;b=803d77ddc49e4e5ea7391884acfbd14f;m=f5454a163;t=65cb14fa77464;x=13c5c38110966f52","_SYSTEMD_UNIT":"wgzk.service","_PID":"24784","_BOOT_ID":"803d77ddc49e4e5ea7391884acfbd14f","_SYSTEMD_INVOCATION_ID":"e80a96ce807a42dfbb6c3a602e7234cb","PRIORITY":"6","__MONOTONIC_TIMESTAMP":"65839341923","_CMDLINE":"/usr/local/bin/wg-zk-daemon","_SYSTEMD_SLICE":"system.slice","_CAP_EFFECTIVE":"1ffffffffff","_COMM":"wg-zk-daemon","_EXE":"/usr/local/bin/wg-zk-daemon","_STREAM_ID":"c06b84c0a30b4e8ca7b18f0ef25e60f6","_TRANSPORT":"stdout","_HOSTNAME":"wgzk-gateway","_SELINUX_CONTEXT":"unconfined\n","SYSLOG_FACILITY":"3","_MACHINE_ID":"690ce7d60d764639b5ea18bbb8cfa3c2","SYSLOG_IDENTIFIER":"wgzk-start.sh","_SYSTEMD_CGROUP":"/system.slice/wgzk.service","__REALTIME_TIMESTAMP":"1790766475605092","_UID":"0","MESSAGE":"[timing] side=gateway pending_id=73 token=1037626803 nonce_prefix=775a9ed6 result=ok wait_ct_us=1 verify_us=245 decap_us=109 peer_us=128 total_us=1819","_GID":"0"}
{"_BOOT_ID":"803d77ddc49e4e5ea7391884acfbd14f","_EXE":"/usr/local/bin/wg-zk-daemon","_PID":"24784","SYSLOG_FACILITY":"3","_UID":"0","PRIORITY":"6","_CMDLINE":"/usr/local/bin/wg-zk-daemon","MESSAGE":"[timing] side=gateway pending_id=74 token=3922026713 nonce_prefix=03f63b40 result=ok wait_ct_us=2 verify_us=96 decap_us=127 peer_us=77 total_us=464","_STREAM_ID":"c06b84c0a30b4e8ca7b18f0ef25e60f6","_HOSTNAME":"wgzk-gateway","__CURSOR":"s=e6a325d7aab144b09b565d8c4be4d789;i=69e0;b=803d77ddc49e4e5ea7391884acfbd14f;m=f5469105b;t=65cb14fbbe35c;x=ea8dd880b166a007","_SYSTEMD_SLICE":"system.slice","_SYSTEMD_INVOCATION_ID":"e80a96ce807a42dfbb6c3a602e7234cb","__MONOTONIC_TIMESTAMP":"65840681051","__REALTIME_TIMESTAMP":"1790766476944220","_SELINUX_CONTEXT":"unconfined\n","_CAP_EFFECTIVE":"1ffffffffff","SYSLOG_IDENTIFIER":"wgzk-start.sh","_COMM":"wg-zk-daemon","_MACHINE_ID":"690ce7d60d764639b5ea18bbb8cfa3c2","_SYSTEMD_CGROUP":"/system.slice/wgzk.service","_TRANSPORT":"stdout","_SYSTEMD_UNIT":"wgzk.service","_GID":"0"}
{"_BOOT_ID":"803d77ddc49e4e5ea7391884acfbd14f","_CMDLINE":"/usr/local/bin/wg-zk-daemon","__MONOTONIC_TIMESTAMP":"65840682198","_UID":"0","MESSAGE":"[timing] side=gateway pending_id=75 token=2373477152 nonce_prefix=a6706f79 result=ok wait_ct_us=494 verify_us=190 decap_us=93 peer_us=66 total_us=1672","_MACHINE_ID":"690ce7d60d764639b5ea18bbb8cfa3c2","_SYSTEMD_INVOCATION_ID":"e80a96ce807a42dfbb6c3a602e7234cb","_GID":"0","_TRANSPORT":"stdout","SYSLOG_FACILITY":"3","_COMM":"wg-zk-daemon","SYSLOG_IDENTIFIER":"wgzk-start.sh","PRIORITY":"6","_SELINUX_CONTEXT":"unconfined\n","_SYSTEMD_SLICE":"system.slice","_SYSTEMD_UNIT":"wgzk.service","_SYSTEMD_CGROUP":"/system.slice/wgzk.service","_PID":"24784","_STREAM_ID":"c06b84c0a30b4e8ca7b18f0ef25e60f6","__CURSOR":"s=e6a325d7aab144b09b565d8c4be4d789;i=69e2;b=803d77ddc49e4e5ea7391884acfbd14f;m=f546914d6;t=65cb14fbbe7d8;x=e7bc19ed5e3e70fe","_EXE":"/usr/local/bin/wg-zk-daemon","_HOSTNAME":"wgzk-gateway","__REALTIME_TIMESTAMP":"1790766476945368","_CAP_EFFECTIVE":"1ffffffffff"}
{"_SELINUX_CONTEXT":"unconfined\n","__REALTIME_TIMESTAMP":"1790766476947227","PRIORITY":"6","_MACHINE_ID":"690ce7d60d764639b5ea18bbb8cfa3c2","_COMM":"wg-zk-daemon","_PID":"24784","SYSLOG_IDENTIFIER":"wgzk-start.sh","_CAP_EFFECTIVE":"1ffffffffff","_EXE":"/usr/local/bin/wg-zk-daemon","_HOSTNAME":"wgzk-gateway","_UID":"0","_CMDLINE":"/usr/local/bin/wg-zk-daemon","MESSAGE":"[timing] side=gateway pending_id=76 token=3399917125 nonce_prefix=233d2826 result=ok wait_ct_us=1 verify_us=92 decap_us=190 peer_us=60 total_us=613","_STREAM_ID":"c06b84c0a30b4e8ca7b18f0ef25e60f6","__CURSOR":"s=e6a325d7aab144b09b565d8c4be4d789;i=69e5;b=803d77ddc49e4e5ea7391884acfbd14f;m=f54691c1a;t=65cb14fbbef1b;x=de897450877f3e61","SYSLOG_FACILITY":"3","_SYSTEMD_INVOCATION_ID":"e80a96ce807a42dfbb6c3a602e7234cb","__MONOTONIC_TIMESTAMP":"65840684058","_GID":"0","_TRANSPORT":"stdout","_BOOT_ID":"803d77ddc49e4e5ea7391884acfbd14f","_SYSTEMD_UNIT":"wgzk.service","_SYSTEMD_CGROUP":"/system.slice/wgzk.service","_SYSTEMD_SLICE":"system.slice"}
{"_PID":"24784","_SYSTEMD_INVOCATION_ID":"e80a96ce807a42dfbb6c3a602e7234cb","_CAP_EFFECTIVE":"1ffffffffff","_SYSTEMD_UNIT":"wgzk.service","_SYSTEMD_CGROUP":"/system.slice/wgzk.service","_STREAM_ID":"c06b84c0a30b4e8ca7b18f0ef25e60f6","__CURSOR":"s=e6a325d7aab144b09b565d8c4be4d789;i=69e6;b=803d77ddc49e4e5ea7391884acfbd14f;m=f54691c1a;t=65cb14fbbef1b;x=7b83a2c9ada444e2","_HOSTNAME":"wgzk-gateway","__REALTIME_TIMESTAMP":"1790766476947227","_CMDLINE":"/usr/local/bin/wg-zk-daemon","_TRANSPORT":"stdout","SYSLOG_IDENTIFIER":"wgzk-start.sh","_SELINUX_CONTEXT":"unconfined\n","_COMM":"wg-zk-daemon","_MACHINE_ID":"690ce7d60d764639b5ea18bbb8cfa3c2","SYSLOG_FACILITY":"3","__MONOTONIC_TIMESTAMP":"65840684058","_BOOT_ID":"803d77ddc49e4e5ea7391884acfbd14f","_UID":"0","_SYSTEMD_SLICE":"system.slice","PRIORITY":"6","MESSAGE":"[timing] side=gateway pending_id=77 token=2814306525 nonce_prefix=eca14ff6 result=ok wait_ct_us=1 verify_us=94 decap_us=81 peer_us=63 total_us=1223","_EXE":"/usr/local/bin/wg-zk-daemon","_GID":"0"}
{"_COMM":"wg-zk-daemon","_GID":"0","_CAP_EFFECTIVE":"1ffffffffff","_EXE":"/usr/local/bin/wg-zk-daemon","_PID":"24784","MESSAGE":"[timing] side=gateway pending_id=78 token=3134099789 nonce_prefix=101bf7b8 result=ok wait_ct_us=280 verify_us=160 decap_us=99 peer_us=58 total_us=615","SYSLOG_FACILITY":"3","_SELINUX_CONTEXT":"unconfined\n","_STREAM_ID":"c06b84c0a30b4e8ca7b18f0ef25e60f6","_SYSTEMD_CGROUP":"/system.slice/wgzk.service","_HOSTNAME":"wgzk-gateway","__REALTIME_TIMESTAMP":"1790766476948546","_TRANSPORT":"stdout","_SYSTEMD_SLICE":"system.slice","_MACHINE_ID":"690ce7d60d764639b5ea18bbb8cfa3c2","__MONOTONIC_TIMESTAMP":"65840685376","_BOOT_ID":"803d77ddc49e4e5ea7391884acfbd14f","PRIORITY":"6","_SYSTEMD_INVOCATION_ID":"e80a96ce807a42dfbb6c3a602e7234cb","_CMDLINE":"/usr/local/bin/wg-zk-daemon","_SYSTEMD_UNIT":"wgzk.service","SYSLOG_IDENTIFIER":"wgzk-start.sh","_UID":"0","__CURSOR":"s=e6a325d7aab144b09b565d8c4be4d789;i=69e8;b=803d77ddc49e4e5ea7391884acfbd14f;m=f54692140;t=65cb14fbbf442;x=f4eb436b4fcc4b79"}
{"_BOOT_ID":"803d77ddc49e4e5ea7391884acfbd14f","_COMM":"wg-zk-daemon","MESSAGE":"[timing] side=gateway pending_id=79 token=1294023924 nonce_prefix=a478dfb4 result=ok wait_ct_us=1 verify_us=168 decap_us=84 peer_us=67 total_us=543","SYSLOG_IDENTIFIER":"wgzk-start.sh","_UID":"0","_CAP_EFFECTIVE":"1ffffffffff","_EXE":"/usr/local/bin/wg-zk-daemon","__REALTIME_TIMESTAMP":"1790766476950102","_SYSTEMD_SLICE":"system.slice","__MONOTONIC_TIMESTAMP":"65840686932","_TRANSPORT":"stdout","_HOSTNAME":"wgzk-gateway","PRIORITY":"6","_SYSTEMD_INVOCATION_ID":"e80a96ce807a42dfbb6c3a602e7234cb","_SYSTEMD_UNIT":"wgzk.service","_STREAM_ID":"c06b84c0a30b4e8ca7b18f0ef25e60f6","_PID":"24784","SYSLOG_FACILITY":"3","_MACHINE_ID":"690ce7d60d764639b5ea18bbb8cfa3c2","_GID":"0","_CMDLINE":"/usr/local/bin/wg-zk-daemon","__CURSOR":"s=e6a325d7aab144b09b565d8c4be4d789;i=69ea;b=803d77ddc49e4e5ea7391884acfbd14f;m=f54692754;t=65cb14fbbfa56;x=155922e7fdb03e4a","_SYSTEMD_CGROUP":"/system.slice/wgzk.service","_SELINUX_CONTEXT":"unconfined\n"}
{"_EXE":"/usr/local/bin/wg-zk-daemon","_SYSTEMD_UNIT":"wgzk.service","__MONOTONIC_TIMESTAMP":"65840688865","_COMM":"wg-zk-daemon","_PID":"24784","_BOOT_ID":"803d77ddc49e4e5ea7391884acfbd14f","_SYSTEMD_CGROUP":"/system.slice/wgzk.service","__REALTIME_TIMESTAMP":"1790766476952035","_SYSTEMD_SLICE":"system.slice","_UID":"0","_CAP_EFFECTIVE":"1ffffffffff","__CURSOR":"s=e6a325d7aab144b09b565d8c4be4d789;i=69ec;b=803d77ddc49e4e5ea7391884acfbd14f;m=f54692ee1;t=65cb14fbc01e3;x=702e489bc4def62f","_HOSTNAME":"wgzk-gateway","_TRANSPORT":"stdout","_SYSTEMD_INVOCATION_ID":"e80a96ce807a42dfbb6c3a602e7234cb","MESSAGE":"[timing] side=gateway pending_id=80 token=3162433469 nonce_prefix=0673b59f result=ok wait_ct_us=279 verify_us=196 decap_us=81 peer_us=114 total_us=690","SYSLOG_FACILITY":"3","_GID":"0","_MACHINE_ID":"690ce7d60d764639b5ea18bbb8cfa3c2","_CMDLINE":"/usr/local/bin/wg-zk-daemon","_STREAM_ID":"c06b84c0a30b4e8ca7b18f0ef25e60f6","PRIORITY":"6","SYSLOG_IDENTIFIER":"wgzk-start.sh","_SELINUX_CONTEXT":"unconfined\n"}
{"_SYSTEMD_SLICE":"system.slice","PRIORITY":"6","_GID":"0","_CMDLINE":"/usr/local/bin/wg-zk-daemon","_HOSTNAME":"wgzk-gateway","_COMM":"wg-zk-daemon","SYSLOG_FACILITY":"3","MESSAGE":"[timing] side=gateway pending_id=81 token=591470726 nonce_prefix=8d58bb40 result=ok wait_ct_us=1 verify_us=92 decap_us=79 peer_us=54 total_us=1229","_CAP_EFFECTIVE":"1ffffffffff","__MONOTONIC_TIMESTAMP":"65840688865","_BOOT_ID":"803d77ddc49e4e5ea7391884acfbd14f","_SYSTEMD_CGROUP":"/system.slice/wgzk.service","SYSLOG_IDENTIFIER":"wgzk-start.sh","_SYSTEMD_INVOCATION_ID":"e80a96ce807a42dfbb6c3a602e7234cb","__CURSOR":"s=e6a325d7aab144b09b565d8c4be4d789;i=69ee;b=803d77ddc49e4e5ea7391884acfbd14f;m=f54692ee1;t=65cb14fbc01e3;x=79d3df85995fe723","_EXE":"/usr/local/bin/wg-zk-daemon","_SYSTEMD_UNIT":"wgzk.service","_MACHINE_ID":"690ce7d60d764639b5ea18bbb8cfa3c2","_SELINUX_CONTEXT":"unconfined\n","_STREAM_ID":"c06b84c0a30b4e8ca7b18f0ef25e60f6","__REALTIME_TIMESTAMP":"1790766476952035","_TRANSPORT":"stdout","_UID":"0","_PID":"24784"}
{"_TRANSPORT":"stdout","_COMM":"wg-zk-daemon","_SYSTEMD_UNIT":"wgzk.service","__REALTIME_TIMESTAMP":"1790766478310233","__MONOTONIC_TIMESTAMP":"65842047063","_EXE":"/usr/local/bin/wg-zk-daemon","_PID":"24784","_SYSTEMD_INVOCATION_ID":"e80a96ce807a42dfbb6c3a602e7234cb","_STREAM_ID":"c06b84c0a30b4e8ca7b18f0ef25e60f6","_SYSTEMD_SLICE":"system.slice","SYSLOG_FACILITY":"3","SYSLOG_IDENTIFIER":"wgzk-start.sh","__CURSOR":"s=e6a325d7aab144b09b565d8c4be4d789;i=69f1;b=803d77ddc49e4e5ea7391884acfbd14f;m=f547de857;t=65cb14fd0bb59;x=4c76d59492239d54","_CMDLINE":"/usr/local/bin/wg-zk-daemon","_CAP_EFFECTIVE":"1ffffffffff","MESSAGE":"[timing] side=gateway pending_id=82 token=4021881369 nonce_prefix=3b2b6ba7 result=ok wait_ct_us=1 verify_us=95 decap_us=216 peer_us=80 total_us=477","_SYSTEMD_CGROUP":"/system.slice/wgzk.service","_GID":"0","PRIORITY":"6","_HOSTNAME":"wgzk-gateway","_MACHINE_ID":"690ce7d60d764639b5ea18bbb8cfa3c2","_UID":"0","_BOOT_ID":"803d77ddc49e4e5ea7391884acfbd14f","_SELINUX_CONTEXT":"unconfined\n"}
{"__MONOTONIC_TIMESTAMP":"65842047063","__REALTIME_TIMESTAMP":"1790766478310233","_HOSTNAME":"wgzk-gateway","_GID":"0","_SYSTEMD_CGROUP":"/system.slice/wgzk.service","__CURSOR":"s=e6a325d7aab144b09b565d8c4be4d789;i=69f3;b=803d77ddc49e4e5ea7391884acfbd14f;m=f547de857;t=65cb14fd0bb59;x=c99be619a8449508","_PID":"24784","_SYSTEMD_UNIT":"wgzk.service","_SELINUX_CONTEXT":"unconfined\n","SYSLOG_FACILITY":"3","_MACHINE_ID":"690ce7d60d764639b5ea18bbb8cfa3c2","_COMM":"wg-zk-daemon","_SYSTEMD_INVOCATION_ID":"e80a96ce807a42dfbb6c3a602e7234cb","_BOOT_ID":"803d77ddc49e4e5ea7391884acfbd14f","_UID":"0","_STREAM_ID":"c06b84c0a30b4e8ca7b18f0ef25e60f6","MESSAGE":"[timing] side=gateway pending_id=83 token=3751580126 nonce_prefix=9d69eb04 result=ok wait_ct_us=1 verify_us=93 decap_us=123 peer_us=64 total_us=1018","_SYSTEMD_SLICE":"system.slice","_TRANSPORT":"stdout","PRIORITY":"6","SYSLOG_IDENTIFIER":"wgzk-start.sh","_EXE":"/usr/local/bin/wg-zk-daemon","_CMDLINE":"/usr/local/bin/wg-zk-daemon","_CAP_EFFECTIVE":"1ffffffffff"}
{"_MACHINE_ID":"690ce7d60d764639b5ea18bbb8cfa3c2","SYSLOG_FACILITY":"3","_GID":"0","_EXE":"/usr/local/bin/wg-zk-daemon","_SYSTEMD_INVOCATION_ID":"e80a96ce807a42dfbb6c3a602e7234cb","__MONOTONIC_TIMESTAMP":"65842047970","MESSAGE":"[timing] side=gateway pending_id=84 token=1048158442 nonce_prefix=b53b5720 result=ok wait_ct_us=1 verify_us=167 decap_us=81 peer_us=67 total_us=2072","_SYSTEMD_UNIT":"wgzk.service","_PID":"24784","_SYSTEMD_SLICE":"system.slice","PRIORITY":"6","_SELINUX_CONTEXT":"unconfined\n","_BOOT_ID":"803d77ddc49e4e5ea7391884acfbd14f","_COMM":"wg-zk-daemon","__REALTIME_TIMESTAMP":"1790766478311140","SYSLOG_IDENTIFIER":"wgzk-start.sh","_UID":"0","_TRANSPORT":"stdout","_SYSTEMD_CGROUP":"/system.slice/wgzk.service","_HOSTNAME":"wgzk-gateway","_CAP_EFFECTIVE":"1ffffffffff","__CURSOR":"s=e6a325d7aab144b09b565d8c4be4d789;i=69f4;b=803d77ddc49e4e5ea7391884acfbd14f;m=f547debe2;t=65cb14fd0bee4;x=5231454580fba950","_CMDLINE":"/usr/local/bin/wg-zk-daemon","_STREAM_ID":"c06b84c0a30b4e8ca7b18f0ef25e60f6"}
{"_COMM":"wg-zk-daemon","_CMDLINE":"/usr/local/bin/wg-zk-daemon","SYSLOG_IDENTIFIER":"wgzk-start.sh","_GID":"0","_CAP_EFFECTIVE":"1ffffffffff","_HOSTNAME":"wgzk-gateway","_SYSTEMD_UNIT":"wgzk.service","SYSLOG_FACILITY":"3","_SELINUX_CONTEXT":"unconfined\n","_TRANSPORT":"stdout","_MACHINE_ID":"690ce7d60d764639b5ea18bbb8cfa3c2","_PID":"24784","__CURSOR":"s=e6a325d7aab144b09b565d8c4be4d789;i=69f8;b=803d77ddc49e4e5ea7391884acfbd14f;m=f547df962;t=65cb14fd0cc64;x=97d2bb73cecdeab","_SYSTEMD_CGROUP":"/system.slice/wgzk.service","__MONOTONIC_TIMESTAMP":"65842051426","MESSAGE":"[timing] side=gateway pending_id=85 token=1309301275 nonce_prefix=01fad24f result=ok wait_ct_us=1 verify_us=357 decap_us=87 peer_us=68 total_us=987","PRIORITY":"6","_EXE":"/usr/local/bin/wg-zk-daemon","_UID":"0","__REALTIME_TIMESTAMP":"1790766478314596","_SYSTEMD_INVOCATION_ID":"e80a96ce807a42dfbb6c3a602e7234cb","_BOOT_ID":"803d77ddc49e4e5ea7391884acfbd14f","_SYSTEMD_SLICE":"system.slice","_STREAM_ID":"c06b84c0a30b4e8ca7b18f0ef25e60f6"}
{"MESSAGE":"[timing] side=gateway pending_id=86 token=893663451 nonce_prefix=1c960c91 result=ok wait_ct_us=48 verify_us=103 decap_us=145 peer_us=60 total_us=1917","_BOOT_ID":"803d77ddc49e4e5ea7391884acfbd14f","_SELINUX_CONTEXT":"unconfined\n","SYSLOG_FACILITY":"3","_HOSTNAME":"wgzk-gateway","_CMDLINE":"/usr/local/bin/wg-zk-daemon","_EXE":"/usr/local/bin/wg-zk-daemon","_PID":"24784","_STREAM_ID":"c06b84c0a30b4e8ca7b18f0ef25e60f6","__REALTIME_TIMESTAMP":"1790766478316268","PRIORITY":"6","SYSLOG_IDENTIFIER":"wgzk-start.sh","__MONOTONIC_TIMESTAMP":"65842053098","_UID":"0","_SYSTEMD_INVOCATION_ID":"e80a96ce807a42dfbb6c3a602e7234cb","_GID":"0","_MACHINE_ID":"690ce7d60d764639b5ea18bbb8cfa3c2","_TRANSPORT":"stdout","_SYSTEMD_CGROUP":"/system.slice/wgzk.service","_SYSTEMD_SLICE":"system.slice","_COMM":"wg-zk-daemon","_SYSTEMD_UNIT":"wgzk.service","_CAP_EFFECTIVE":"1ffffffffff","__CURSOR":"s=e6a325d7aab144b09b565d8c4be4d789;i=69fa;b=803d77ddc49e4e5ea7391884acfbd14f;m=f547dffea;t=65cb14fd0d2ec;x=fb0ae679326e2948"}
{"SYSLOG_IDENTIFIER":"wgzk-start.sh","_COMM":"wg-zk-daemon","_GID":"0","PRIORITY":"6","__REALTIME_TIMESTAMP":"1790766478316268","_MACHINE_ID":"690ce7d60d764639b5ea18bbb8cfa3c2","_TRANSPORT":"stdout","_SYSTEMD_SLICE":"system.slice","_CMDLINE":"/usr/local/bin/wg-zk-daemon","_STREAM_ID":"c06b84c0a30b4e8ca7b18f0ef25e60f6","SYSLOG_FACILITY":"3","_EXE":"/usr/local/bin/wg-zk-daemon","_SYSTEMD_CGROUP":"/system.slice/wgzk.service","_CAP_EFFECTIVE":"1ffffffffff","__MONOTONIC_TIMESTAMP":"65842053098","_SYSTEMD_UNIT":"wgzk.service","_UID":"0","_SYSTEMD_INVOCATION_ID":"e80a96ce807a42dfbb6c3a602e7234cb","MESSAGE":"[timing] side=gateway pending_id=87 token=1782899733 nonce_prefix=433fcdb1 result=ok wait_ct_us=1 verify_us=92 decap_us=108 peer_us=54 total_us=2430","_BOOT_ID":"803d77ddc49e4e5ea7391884acfbd14f","_PID":"24784","__CURSOR":"s=e6a325d7aab144b09b565d8c4be4d789;i=69fb;b=803d77ddc49e4e5ea7391884acfbd14f;m=f547dffea;t=65cb14fd0d2ec;x=c1fbd96b55c787b0","_SELINUX_CONTEXT":"unconfined\n","_HOSTNAME":"wgzk-gateway"}
{"__REALTIME_TIMESTAMP":"1790766478316863","__MONOTONIC_TIMESTAMP":"65842053693","_SYSTEMD_SLICE":"system.slice","_HOSTNAME":"wgzk-gateway","_GID":"0","MESSAGE":"[timing] side=gateway pending_id=88 token=739529963 nonce_prefix=fbfdebfd result=ok wait_ct_us=1 verify_us=95 decap_us=80 peer_us=58 total_us=3105","__CURSOR":"s=e6a325d7aab144b09b565d8c4be4d789;i=69fc;b=803d77ddc49e4e5ea7391884acfbd14f;m=f547e023d;t=65cb14fd0d53f;x=5737fe0244ba5e0f","_PID":"24784","_CMDLINE":"/usr/local/bin/wg-zk-daemon","_BOOT_ID":"803d77ddc49e4e5ea7391884acfbd14f","_STREAM_ID":"c06b84c0a30b4e8ca7b18f0ef25e60f6","_SELINUX_CONTEXT":"unconfined\n","_EXE":"/usr/local/bin/wg-zk-daemon","_CAP_EFFECTIVE":"1ffffffffff","_TRANSPORT":"stdout","_SYSTEMD_CGROUP":"/system.slice/wgzk.service","_COMM":"wg-zk-daemon","_UID":"0","_MACHINE_ID":"690ce7d60d764639b5ea18bbb8cfa3c2","_SYSTEMD_INVOCATION_ID":"e80a96ce807a42dfbb6c3a602e7234cb","SYSLOG_FACILITY":"3","SYSLOG_IDENTIFIER":"wgzk-start.sh","PRIORITY":"6","_SYSTEMD_UNIT":"wgzk.service"}
{"_SYSTEMD_SLICE":"system.slice","_SELINUX_CONTEXT":"unconfined\n","_GID":"0","_STREAM_ID":"c06b84c0a30b4e8ca7b18f0ef25e60f6","_UID":"0","_CAP_EFFECTIVE":"1ffffffffff","_SYSTEMD_INVOCATION_ID":"e80a96ce807a42dfbb6c3a602e7234cb","_COMM":"wg-zk-daemon","_SYSTEMD_CGROUP":"/system.slice/wgzk.service","_HOSTNAME":"wgzk-gateway","_SYSTEMD_UNIT":"wgzk.service","__MONOTONIC_TIMESTAMP":"65842055047","_MACHINE_ID":"690ce7d60d764639b5ea18bbb8cfa3c2","__REALTIME_TIMESTAMP":"1790766478318217","MESSAGE":"[timing] side=gateway pending_id=89 token=4176628878 nonce_prefix=37f2f849 result=ok wait_ct_us=1 verify_us=248 decap_us=107 peer_us=55 total_us=567","SYSLOG_IDENTIFIER":"wgzk-start.sh","_BOOT_ID":"803d77ddc49e4e5ea7391884acfbd14f","_PID":"24784","PRIORITY":"6","_TRANSPORT":"stdout","_EXE":"/usr/local/bin/wg-zk-daemon","__CURSOR":"s=e6a325d7aab144b09b565d8c4be4d789;i=69fe;b=803d77ddc49e4e5ea7391884acfbd14f;m=f547e0787;t=65cb14fd0da89;x=38a9d30fc1288935","_CMDLINE":"/usr/local/bin/wg-zk-daemon","SYSLOG_FACILITY":"3"}
{"PRIORITY":"6","_HOSTNAME":"wgzk-gateway","_PID":"24784","_SYSTEMD_SLICE":"system.slice","_CMDLINE":"/usr/local/bin/wg-zk-daemon","_UID":"0","_SYSTEMD_UNIT":"wgzk.service","SYSLOG_FACILITY":"3","_SELINUX_CONTEXT":"unconfined\n","_BOOT_ID":"803d77ddc49e4e5ea7391884acfbd14f","_TRANSPORT":"stdout","SYSLOG_IDENTIFIER":"wgzk-start.sh","MESSAGE":"[timing] side=gateway pending_id=90 token=4030906983 nonce_prefix=80b32842 result=ok wait_ct_us=1 verify_us=99 decap_us=92 peer_us=112 total_us=542","_SYSTEMD_CGROUP":"/system.slice/wgzk.service","_SYSTEMD_INVOCATION_ID":"e80a96ce807a42dfbb6c3a602e7234cb","_MACHINE_ID":"690ce7d60d764639b5ea18bbb8cfa3c2","_EXE":"/usr/local/bin/wg-zk-daemon","_CAP_EFFECTIVE":"1ffffffffff","__MONOTONIC_TIMESTAMP":"65843397094","_STREAM_ID":"c06b84c0a30b4e8ca7b18f0ef25e60f6","_GID":"0","_COMM":"wg-zk-daemon","__CURSOR":"s=e6a325d7aab144b09b565d8c4be4d789;i=6a01;b=803d77ddc49e4e5ea7391884acfbd14f;m=f549281e6;t=65cb14fe554e8;x=d14942dcf3a15524","__REALTIME_TIMESTAMP":"1790766479660264"}
{"__CURSOR":"s=e6a325d7aab144b09b565d8c4be4d789;i=6a02;b=803d77ddc49e4e5ea7391884acfbd14f;m=f549288b6;t=65cb14fe55bb7;x=56b98066dc43273f","_SYSTEMD_SLICE":"system.slice","_PID":"24784","_GID":"0","PRIORITY":"6","_TRANSPORT":"stdout","_BOOT_ID":"803d77ddc49e4e5ea7391884acfbd14f","_COMM":"wg-zk-daemon","_SYSTEMD_UNIT":"wgzk.service","_STREAM_ID":"c06b84c0a30b4e8ca7b18f0ef25e60f6","MESSAGE":"[timing] side=gateway pending_id=91 token=2210365048 nonce_prefix=20806a4c result=ok wait_ct_us=1 verify_us=248 decap_us=125 peer_us=69 total_us=1456","_MACHINE_ID":"690ce7d60d764639b5ea18bbb8cfa3c2","_CMDLINE":"/usr/local/bin/wg-zk-daemon","_SELINUX_CONTEXT":"unconfined\n","__REALTIME_TIMESTAMP":"1790766479662007","_SYSTEMD_CGROUP":"/system.slice/wgzk.service","_UID":"0","_SYSTEMD_INVOCATION_ID":"e80a96ce807a42dfbb6c3a602e7234cb","SYSLOG_IDENTIFIER":"wgzk-start.sh","_HOSTNAME":"wgzk-gateway","__MONOTONIC_TIMESTAMP":"65843398838","_CAP_EFFECTIVE":"1ffffffffff","SYSLOG_FACILITY":"3","_EXE":"/usr/local/bin/wg-zk-daemon"}
{"_EXE":"/usr/local/bin/wg-zk-daemon","__MONOTONIC_TIMESTAMP":"65843400907","_PID":"24784","_CMDLINE":"/usr/local/bin/wg-zk-daemon","_MACHINE_ID":"690ce7d60d764639b5ea18bbb8cfa3c2","PRIORITY":"6","_TRANSPORT":"stdout","_UID":"0","_COMM":"wg-zk-daemon","__REALTIME_TIMESTAMP":"1790766479664077","__CURSOR":"s=e6a325d7aab144b09b565d8c4be4d789;i=6a04;b=803d77ddc49e4e5ea7391884acfbd14f;m=f549290cb;t=65cb14fe563cd;x=219196f48175ae01","_SYSTEMD_INVOCATION_ID":"e80a96ce807a42dfbb6c3a602e7234cb","_SYSTEMD_UNIT":"wgzk.service","SYSLOG_IDENTIFIER":"wgzk-start.sh","_CAP_EFFECTIVE":"1ffffffffff","_STREAM_ID":"c06b84c0a30b4e8ca7b18f0ef25e60f6","MESSAGE":"[timing] side=gateway pending_id=92 token=3496357017 nonce_prefix=08b3e4d4 result=ok wait_ct_us=1 verify_us=146 decap_us=234 peer_us=104 total_us=743","_SYSTEMD_CGROUP":"/system.slice/wgzk.service","SYSLOG_FACILITY":"3","_HOSTNAME":"wgzk-gateway","_SYSTEMD_SLICE":"system.slice","_BOOT_ID":"803d77ddc49e4e5ea7391884acfbd14f","_SELINUX_CONTEXT":"unconfined\n","_GID":"0"}
{"SYSLOG_IDENTIFIER":"wgzk-start.sh","_MACHINE_ID":"690ce7d60d764639b5ea18bbb8cfa3c2","PRIORITY":"6","_GID":"0","__MONOTONIC_TIMESTAMP":"65843402057","_SELINUX_CONTEXT":"unconfined\n","_SYSTEMD_SLICE":"system.slice","__CURSOR":"s=e6a325d7aab144b09b565d8c4be4d789;i=6a07;b=803d77ddc49e4e5ea7391884acfbd14f;m=f54929549;t=65cb14fe5684a;x=36f4271050489c52","_STREAM_ID":"c06b84c0a30b4e8ca7b18f0ef25e60f6","MESSAGE":"[timing] side=gateway pending_id=93 token=3002144391 nonce_prefix=58a8e110 result=ok wait_ct_us=1 verify_us=92 decap_us=85 peer_us=62 total_us=534","__REALTIME_TIMESTAMP":"1790766479665226","_TRANSPORT":"stdout","_SYSTEMD_UNIT":"wgzk.service","_CMDLINE":"/usr/local/bin/wg-zk-daemon","_CAP_EFFECTIVE":"1ffffffffff","SYSLOG_FACILITY":"3","_EXE":"/usr/local/bin/wg-zk-daemon","_COMM":"wg-zk-daemon","_SYSTEMD_CGROUP":"/system.slice/wgzk.service","_UID":"0","_PID":"24784","_SYSTEMD_INVOCATION_ID":"e80a96ce807a42dfbb6c3a602e7234cb","_HOSTNAME":"wgzk-gateway","_BOOT_ID":"803d77ddc49e4e5ea7391884acfbd14f"}
{"_HOSTNAME":"wgzk-gateway","_SYSTEMD_CGROUP":"/system.slice/wgzk.service","_CAP_EFFECTIVE":"1ffffffffff","_EXE":"/usr/local/bin/wg-zk-daemon","_GID":"0","PRIORITY":"6","_CMDLINE":"/usr/local/bin/wg-zk-daemon","__MONOTONIC_TIMESTAMP":"65843403121","_SYSTEMD_INVOCATION_ID":"e80a96ce807a42dfbb6c3a602e7234cb","_BOOT_ID":"803d77ddc49e4e5ea7391884acfbd14f","_SELINUX_CONTEXT":"unconfined\n","_UID":"0","__REALTIME_TIMESTAMP":"1790766479666291","SYSLOG_IDENTIFIER":"wgzk-start.sh","_STREAM_ID":"c06b84c0a30b4e8ca7b18f0ef25e60f6","_SYSTEMD_SLICE":"system.slice","_COMM":"wg-zk-daemon","_SYSTEMD_UNIT":"wgzk.service","_MACHINE_ID":"690ce7d60d764639b5ea18bbb8cfa3c2","MESSAGE":"[timing] side=gateway pending_id=94 token=3496387206 nonce_prefix=f864114a result=ok wait_ct_us=213 verify_us=162 decap_us=81 peer_us=135 total_us=1628","SYSLOG_FACILITY":"3","_TRANSPORT":"stdout","_PID":"24784","__CURSOR":"s=e6a325d7aab144b09b565d8c4be4d789;i=6a09;b=803d77ddc49e4e5ea7391884acfbd14f;m=f54929971;t=65cb14fe56c73;x=25c9a7d8c96f873"}
{"MESSAGE":"[timing] side=gateway pending_id=95 token=3811021742 nonce_prefix=dc4b1d0e result=ok wait_ct_us=1 verify_us=231 decap_us=80 peer_us=58 total_us=2470","_CMDLINE":"/usr/local/bin/wg-zk-daemon","PRIORITY":"6","_BOOT_ID":"803d77ddc49e4e5ea7391884acfbd14f","_UID":"0","_EXE":"/usr/local/bin/wg-zk-daemon","_GID":"0","_CAP_EFFECTIVE":"1ffffffffff","SYSLOG_FACILITY":"3","SYSLOG_IDENTIFIER":"wgzk-start.sh","_SYSTEMD_INVOCATION_ID":"e80a96ce807a42dfbb6c3a602e7234cb","_MACHINE_ID":"690ce7d60d764639b5ea18bbb8cfa3c2","_HOSTNAME":"wgzk-gateway","_STREAM_ID":"c06b84c0a30b4e8ca7b18f0ef25e60f6","__REALTIME_TIMESTAMP":"1790766479667216","_SYSTEMD_SLICE":"system.slice","__MONOTONIC_TIMESTAMP":"65843404047","_COMM":"wg-zk-daemon","_SYSTEMD_CGROUP":"/system.slice/wgzk.service","_PID":"24784","_SELINUX_CONTEXT":"unconfined\n","_SYSTEMD_UNIT":"wgzk.service","__CURSOR":"s=e6a325d7aab144b09b565d8c4be4d789;i=6a0a;b=803d77ddc49e4e5ea7391884acfbd14f;m=f54929d0f;t=65cb14fe57010;x=6582364daaf98d59","_TRANSPORT":"stdout"}
{"_SYSTEMD_UNIT":"wgzk.service","__MONOTONIC_TIMESTAMP":"65843406490","_CAP_EFFECTIVE":"1ffffffffff","_PID":"24784","_GID":"0","_MACHINE_ID":"690ce7d60d764639b5ea18bbb8cfa3c2","_SELINUX_CONTEXT":"unconfined\n","_EXE":"/usr/local/bin/wg-zk-daemon","_STREAM_ID":"c06b84c0a30b4e8ca7b18f0ef25e60f6","__CURSOR":"s=e6a325d7aab144b09b565d8c4be4d789;i=6a0d;b=803d77ddc49e4e5ea7391884acfbd14f;m=f5492a69a;t=65cb14fe5799c;x=9fed09658aa1c448","MESSAGE":"[timing] side=gateway pending_id=96 token=2188903257 nonce_prefix=119cfc7e result=ok wait_ct_us=1 verify_us=91 decap_us=96 peer_us=409 total_us=614","_TRANSPORT":"stdout","_BOOT_ID":"803d77ddc49e4e5ea7391884acfbd14f","_SYSTEMD_INVOCATION_ID":"e80a96ce807a42dfbb6c3a602e7234cb","_CMDLINE":"/usr/local/bin/wg-zk-daemon","_HOSTNAME":"wgzk-gateway","__REALTIME_TIMESTAMP":"1790766479669660","_SYSTEMD_SLICE":"system.slice","_UID":"0","_COMM":"wg-zk-daemon","_SYSTEMD_CGROUP":"/system.slice/wgzk.service","PRIORITY":"6","SYSLOG_IDENTIFIER":"wgzk-start.sh","SYSLOG_FACILITY":"3"}
{"_SYSTEMD_INVOCATION_ID":"e80a96ce807a42dfbb6c3a602e7234cb","MESSAGE":"[timing] side=gateway pending_id=97 token=450800526 nonce_prefix=29c4bab3 result=ok wait_ct_us=1 verify_us=94 decap_us=95 peer_us=57 total_us=262","_UID":"0","_CAP_EFFECTIVE":"1ffffffffff","_GID":"0","_SYSTEMD_SLICE":"system.slice","_STREAM_ID":"c06b84c0a30b4e8ca7b18f0ef25e60f6","_PID":"24784","_COMM":"wg-zk-daemon","_CMDLINE":"/usr/local/bin/wg-zk-daemon","_SELINUX_CONTEXT":"unconfined\n","__REALTIME_TIMESTAMP":"1790766479670247","_HOSTNAME":"wgzk-gateway","__CURSOR":"s=e6a325d7aab144b09b565d8c4be4d789;i=6a0e;b=803d77ddc49e4e5ea7391884acfbd14f;m=f5492a8e5;t=65cb14fe57be7;x=15f88c0cea911704","_SYSTEMD_CGROUP":"/system.slice/wgzk.service","_BOOT_ID":"803d77ddc49e4e5ea7391884acfbd14f","__MONOTONIC_TIMESTAMP":"65843407077","_TRANSPORT":"stdout","_MACHINE_ID":"690ce7d60d764639b5ea18bbb8cfa3c2","SYSLOG_IDENTIFIER":"wgzk-start.sh","_SYSTEMD_UNIT":"wgzk.service","PRIORITY":"6","SYSLOG_FACILITY":"3","_EXE":"/usr/local/bin/wg-zk-daemon"}
{"_SYSTEMD_INVOCATION_ID":"e80a96ce807a42dfbb6c3a602e7234cb","__MONOTONIC_TIMESTAMP":"65844741991","_STREAM_ID":"c06b84c0a30b4e8ca7b18f0ef25e60f6","__CURSOR":"s=e6a325d7aab144b09b565d8c4be4d789;i=6a10;b=803d77ddc49e4e5ea7391884acfbd14f;m=f54a70767;t=65cb14ff9da68;x=a2dc18983ff096d4","_MACHINE_ID":"690ce7d60d764639b5ea18bbb8cfa3c2","_TRANSPORT":"stdout","_CAP_EFFECTIVE":"1ffffffffff","SYSLOG_FACILITY":"3","_HOSTNAME":"wgzk-gateway","SYSLOG_IDENTIFIER":"wgzk-start.sh","_SYSTEMD_CGROUP":"/system.slice/wgzk.service","__REALTIME_TIMESTAMP":"1790766481005160","_CMDLINE":"/usr/local/bin/wg-zk-daemon","PRIORITY":"6","_SELINUX_CONTEXT":"unconfined\n","_SYSTEMD_SLICE":"system.slice","_BOOT_ID":"803d77ddc49e4e5ea7391884acfbd14f","MESSAGE":"[timing] side=gateway pending_id=98 token=106404593 nonce_prefix=4e8dcfc5 result=ok wait_ct_us=2 verify_us=96 decap_us=119 peer_us=80 total_us=322","_COMM":"wg-zk-daemon","_GID":"0","_EXE":"/usr/local/bin/wg-zk-daemon","_SYSTEMD_UNIT":"wgzk.service","_PID":"24784","_UID":"0"}
{"_SELINUX_CONTEXT":"unconfined\n","_COMM":"wg-zk-daemon","_CMDLINE":"/usr/local/bin/wg-zk-daemon","_EXE":"/usr/local/bin/wg-zk-daemon","_HOSTNAME":"wgzk-gateway","_SYSTEMD_CGROUP":"/system.slice/wgzk.service","_STREAM_ID":"c06b84c0a30b4e8ca7b18f0ef25e60f6","_UID":"0","PRIORITY":"6","_SYSTEMD_UNIT":"wgzk.service","_SYSTEMD_SLICE":"system.slice","_GID":"0","__CURSOR":"s=e6a325d7aab144b09b565d8c4be4d789;i=6a13;b=803d77ddc49e4e5ea7391884acfbd14f;m=f54a70767;t=65cb14ff9da68;x=e123136704b023bc","_CAP_EFFECTIVE":"1ffffffffff","_SYSTEMD_INVOCATION_ID":"e80a96ce807a42dfbb6c3a602e7234cb","_BOOT_ID":"803d77ddc49e4e5ea7391884acfbd14f","_PID":"24784","_MACHINE_ID":"690ce7d60d764639b5ea18bbb8cfa3c2","SYSLOG_IDENTIFIER":"wgzk-start.sh","__REALTIME_TIMESTAMP":"1790766481005160","SYSLOG_FACILITY":"3","_TRANSPORT":"stdout","__MONOTONIC_TIMESTAMP":"65844741991","MESSAGE":"[timing] side=gateway pending_id=99 token=3302195952 nonce_prefix=56daa2e7 result=ok wait_ct_us=92 verify_us=95 decap_us=84 peer_us=57 total_us=342"}
{"_MACHINE_ID":"690ce7d60d764639b5ea18bbb8cfa3c2","_COMM":"wg-zk-daemon","_SYSTEMD_SLICE":"system.slice","_CMDLINE":"/usr/local/bin/wg-zk-daemon","_SYSTEMD_CGROUP":"/system.slice/wgzk.service","__REALTIME_TIMESTAMP":"1790766481005160","_SYSTEMD_UNIT":"wgzk.service","_STREAM_ID":"c06b84c0a30b4e8ca7b18f0ef25e60f6","SYSLOG_FACILITY":"3","MESSAGE":"[timing] side=gateway pending_id=100 token=1560332313 nonce_prefix=b8086d02 result=ok wait_ct_us=1 verify_us=93 decap_us=82 peer_us=58 total_us=566","PRIORITY":"6","_BOOT_ID":"803d77ddc49e4e5ea7391884acfbd14f","_TRANSPORT":"stdout","__CURSOR":"s=e6a325d7aab144b09b565d8c4be4d789;i=6a14;b=803d77ddc49e4e5ea7391884acfbd14f;m=f54a70767;t=65cb14ff9da68;x=9255a5035499d423","_SELINUX_CONTEXT":"unconfined\n","_PID":"24784","_HOSTNAME":"wgzk-gateway","SYSLOG_IDENTIFIER":"wgzk-start.sh","_EXE":"/usr/local/bin/wg-zk-daemon","_SYSTEMD_INVOCATION_ID":"e80a96ce807a42dfbb6c3a602e7234cb","__MONOTONIC_TIMESTAMP":"65844741991","_GID":"0","_UID":"0","_CAP_EFFECTIVE":"1ffffffffff"}
{"_SYSTEMD_INVOCATION_ID":"e80a96ce807a42dfbb6c3a602e7234cb","_SYSTEMD_UNIT":"wgzk.service","_SYSTEMD_SLICE":"system.slice","MESSAGE":"[timing] side=gateway pending_id=101 token=1220706464 nonce_prefix=7ec536a1 result=ok wait_ct_us=1 verify_us=294 decap_us=110 peer_us=58 total_us=482","_STREAM_ID":"c06b84c0a30b4e8ca7b18f0ef25e60f6","_EXE":"/usr/local/bin/wg-zk-daemon","__REALTIME_TIMESTAMP":"1790766481005160","_CAP_EFFECTIVE":"1ffffffffff","SYSLOG_FACILITY":"3","_SYSTEMD_CGROUP":"/system.slice/wgzk.service","_PID":"24784","SYSLOG_IDENTIFIER":"wgzk-start.sh","_GID":"0","__MONOTONIC_TIMESTAMP":"65844741991","_SELINUX_CONTEXT":"unconfined\n","_BOOT_ID":"803d77ddc49e4e5ea7391884acfbd14f","_CMDLINE":"/usr/local/bin/wg-zk-daemon","_TRANSPORT":"stdout","PRIORITY":"6","__CURSOR":"s=e6a325d7aab144b09b565d8c4be4d789;i=6a16;b=803d77ddc49e4e5ea7391884acfbd14f;m=f54a70767;t=65cb14ff9da68;x=c61ff64342da2da2","_HOSTNAME":"wgzk-gateway","_UID":"0","_MACHINE_ID":"690ce7d60d764639b5ea18bbb8cfa3c2","_COMM":"wg-zk-daemon"}
{"__MONOTONIC_TIMESTAMP":"65844743989","__CURSOR":"s=e6a325d7aab144b09b565d8c4be4d789;i=6a18;b=803d77ddc49e4e5ea7391884acfbd14f;m=f54a70f35;t=65cb14ff9e237;x=24c21d29c9589481","_CMDLINE":"/usr/local/bin/wg-zk-daemon","_BOOT_ID":"803d77ddc49e4e5ea7391884acfbd14f","_SYSTEMD_SLICE":"system.slice","_MACHINE_ID":"690ce7d60d764639b5ea18bbb8cfa3c2","_HOSTNAME":"wgzk-gateway","PRIORITY":"6","MESSAGE":"[timing] side=gateway pending_id=102 token=578686355 nonce_prefix=f34d7ee1 result=ok wait_ct_us=47 verify_us=247 decap_us=112 peer_us=57 total_us=500","_EXE":"/usr/local/bin/wg-zk-daemon","_UID":"0","__REALTIME_TIMESTAMP":"1790766481007159","SYSLOG_IDENTIFIER":"wgzk-start.sh","_TRANSPORT":"stdout","_SYSTEMD_CGROUP":"/system.slice/wgzk.service","_STREAM_ID":"c06b84c0a30b4e8ca7b18f0ef25e60f6","_SYSTEMD_UNIT":"wgzk.service","_SELINUX_CONTEXT":"unconfined\n","_COMM":"wg-zk-daemon","_PID":"24784","_GID":"0","_SYSTEMD_INVOCATION_ID":"e80a96ce807a42dfbb6c3a602e7234cb","SYSLOG_FACILITY":"3","_CAP_EFFECTIVE":"1ffffffffff"}
{"_CMDLINE":"/usr/local/bin/wg-zk-daemon","_PID":"24784","_SYSTEMD_UNIT":"wgzk.service","SYSLOG_FACILITY":"3","_GID":"0","__REALTIME_TIMESTAMP":"1790766481008236","_BOOT_ID":"803d77ddc49e4e5ea7391884acfbd14f","_STREAM_ID":"c06b84c0a30b4e8ca7b18f0ef25e60f6","SYSLOG_IDENTIFIER":"wgzk-start.sh","_MACHINE_ID":"690ce7d60d764639b5ea18bbb8cfa3c2","_TRANSPORT":"stdout","_HOSTNAME":"wgzk-gateway","_CAP_EFFECTIVE":"1ffffffffff","__MONOTONIC_TIMESTAMP":"65844745066","PRIORITY":"6","_EXE":"/usr/local/bin/wg-zk-daemon","_COMM":"wg-zk-daemon","_SELINUX_CONTEXT":"unconfined\n","MESSAGE":"[timing] side=gateway pending_id=103 token=1185852777 nonce_prefix=54b5d6d6 result=ok wait_ct_us=79 verify_us=91 decap_us=85 peer_us=61 total_us=332","__CURSOR":"s=e6a325d7aab144b09b565d8c4be4d789;i=6a1a;b=803d77ddc49e4e5ea7391884acfbd14f;m=f54a7136a;t=65cb14ff9e66c;x=88379d5ca530d6e4","_SYSTEMD_CGROUP":"/system.slice/wgzk.service","_SYSTEMD_SLICE":"system.slice","_SYSTEMD_INVOCATION_ID":"e80a96ce807a42dfbb6c3a602e7234cb","_UID":"0"}
{"_SYSTEMD_SLICE":"system.slice","__REALTIME_TIMESTAMP":"1790766481010589","_TRANSPORT":"stdout","__MONOTONIC_TIMESTAMP":"65844747419","SYSLOG_FACILITY":"3","_SYSTEMD_INVOCATION_ID":"e80a96ce807a42dfbb6c3a602e7234cb","_SELINUX_CONTEXT":"unconfined\n","_PID":"24784","_GID":"0","_CAP_EFFECTIVE":"1ffffffffff","__CURSOR":"s=e6a325d7aab144b09b565d8c4be4d789;i=6a1c;b=803d77ddc49e4e5ea7391884acfbd14f;m=f54a71c9b;t=65cb14ff9ef9d;x=d93be054c05e5cc2","SYSLOG_IDENTIFIER":"wgzk-start.sh","_HOSTNAME":"wgzk-gateway","_EXE":"/usr/local/bin/wg-zk-daemon","_SYSTEMD_UNIT":"wgzk.service","_COMM":"wg-zk-daemon","_SYSTEMD_CGROUP":"/system.slice/wgzk.service","MESSAGE":"[timing] side=gateway pending_id=104 token=434565228 nonce_prefix=4ccda8c4 result=ok wait_ct_us=1 verify_us=321 decap_us=190 peer_us=59 total_us=585","_STREAM_ID":"c06b84c0a30b4e8ca7b18f0ef25e60f6","PRIORITY":"6","_MACHINE_ID":"690ce7d60d764639b5ea18bbb8cfa3c2","_BOOT_ID":"803d77ddc49e4e5ea7391884acfbd14f","_CMDLINE":"/usr/local/bin/wg-zk-daemon","_UID":"0"}
{"_TRANSPORT":"stdout","_GID":"0","_COMM":"wg-zk-daemon","_HOSTNAME":"wgzk-gateway","_CAP_EFFECTIVE":"1ffffffffff","_SYSTEMD_UNIT":"wgzk.service","SYSLOG_FACILITY":"3","_SYSTEMD_SLICE":"system.slice","__CURSOR":"s=e6a325d7aab144b09b565d8c4be4d789;i=6a1e;b=803d77ddc49e4e5ea7391884acfbd14f;m=f54a72168;t=65cb14ff9f46a;x=dafe9f2c776b8097","_PID":"24784","_BOOT_ID":"803d77ddc49e4e5ea7391884acfbd14f","_SYSTEMD_INVOCATION_ID":"e80a96ce807a42dfbb6c3a602e7234cb","_SYSTEMD_CGROUP":"/system.slice/wgzk.service","_CMDLINE":"/usr/local/bin/wg-zk-daemon","_EXE":"/usr/local/bin/wg-zk-daemon","PRIORITY":"6","_MACHINE_ID":"690ce7d60d764639b5ea18bbb8cfa3c2","_SELINUX_CONTEXT":"unconfined\n","MESSAGE":"[timing] side=gateway pending_id=105 token=723592718 nonce_prefix=67aea4f5 result=ok wait_ct_us=56 verify_us=251 decap_us=129 peer_us=60 total_us=509","_STREAM_ID":"c06b84c0a30b4e8ca7b18f0ef25e60f6","__REALTIME_TIMESTAMP":"1790766481011818","SYSLOG_IDENTIFIER":"wgzk-start.sh","_UID":"0","__MONOTONIC_TIMESTAMP":"65844748648"}
{"_SELINUX_CONTEXT":"unconfined\n","_EXE":"/usr/local/bin/wg-zk-daemon","_GID":"0","_CMDLINE":"/usr/local/bin/wg-zk-daemon","_TRANSPORT":"stdout","_CAP_EFFECTIVE":"1ffffffffff","__REALTIME_TIMESTAMP":"1790766482356321","_SYSTEMD_INVOCATION_ID":"e80a96ce807a42dfbb6c3a602e7234cb","PRIORITY":"6","_COMM":"wg-zk-daemon","__CURSOR":"s=e6a325d7aab144b09b565d8c4be4d789;i=6a20;b=803d77ddc49e4e5ea7391884acfbd14f;m=f54bba560;t=65cb1500e7861;x=d4e9428fcb72443d","MESSAGE":"[timing] side=gateway pending_id=106 token=3031065317 nonce_prefix=467ab950 result=ok wait_ct_us=2 verify_us=96 decap_us=258 peer_us=81 total_us=462","_PID":"24784","_HOSTNAME":"wgzk-gateway","_SYSTEMD_CGROUP":"/system.slice/wgzk.service","_MACHINE_ID":"690ce7d60d764639b5ea18bbb8cfa3c2","_UID":"0","__MONOTONIC_TIMESTAMP":"65846093152","_BOOT_ID":"803d77ddc49e4e5ea7391884acfbd14f","_SYSTEMD_UNIT":"wgzk.service","SYSLOG_FACILITY":"3","_SYSTEMD_SLICE":"system.slice","_STREAM_ID":"c06b84c0a30b4e8ca7b18f0ef25e60f6","SYSLOG_IDENTIFIER":"wgzk-start.sh"}
{"_COMM":"wg-zk-daemon","_TRANSPORT":"stdout","_CMDLINE":"/usr/local/bin/wg-zk-daemon","MESSAGE":"[timing] side=gateway pending_id=107 token=258411955 nonce_prefix=6ef0d157 result=ok wait_ct_us=1 verify_us=446 decap_us=217 peer_us=67 total_us=1503","SYSLOG_FACILITY":"3","_SYSTEMD_UNIT":"wgzk.service","_UID":"0","__CURSOR":"s=e6a325d7aab144b09b565d8c4be4d789;i=6a22;b=803d77ddc49e4e5ea7391884acfbd14f;m=f54bba7fa;t=65cb1500e7afc;x=71a95336f5ad9ed2","_EXE":"/usr/local/bin/wg-zk-daemon","_SYSTEMD_INVOCATION_ID":"e80a96ce807a42dfbb6c3a602e7234cb","_BOOT_ID":"803d77ddc49e4e5ea7391884acfbd14f","__REALTIME_TIMESTAMP":"1790766482356988","_CAP_EFFECTIVE":"1ffffffffff","SYSLOG_IDENTIFIER":"wgzk-start.sh","_SYSTEMD_SLICE":"system.slice","_PID":"24784","_SELINUX_CONTEXT":"unconfined\n","_HOSTNAME":"wgzk-gateway","__MONOTONIC_TIMESTAMP":"65846093818","PRIORITY":"6","_GID":"0","_STREAM_ID":"c06b84c0a30b4e8ca7b18f0ef25e60f6","_SYSTEMD_CGROUP":"/system.slice/wgzk.service","_MACHINE_ID":"690ce7d60d764639b5ea18bbb8cfa3c2"}
{"_SYSTEMD_SLICE":"system.slice","_GID":"0","__CURSOR":"s=e6a325d7aab144b09b565d8c4be4d789;i=6a25;b=803d77ddc49e4e5ea7391884acfbd14f;m=f54bbacce;t=65cb1500e7fcf;x=98ce177d54d56c0","_SYSTEMD_INVOCATION_ID":"e80a96ce807a42dfbb6c3a602e7234cb","_HOSTNAME":"wgzk-gateway","_SELINUX_CONTEXT":"unconfined\n","SYSLOG_IDENTIFIER":"wgzk-start.sh","__MONOTONIC_TIMESTAMP":"65846095054","_STREAM_ID":"c06b84c0a30b4e8ca7b18f0ef25e60f6","_BOOT_ID":"803d77ddc49e4e5ea7391884acfbd14f","_EXE":"/usr/local/bin/wg-zk-daemon","_CAP_EFFECTIVE":"1ffffffffff","_UID":"0","_TRANSPORT":"stdout","SYSLOG_FACILITY":"3","PRIORITY":"6","__REALTIME_TIMESTAMP":"1790766482358223","_COMM":"wg-zk-daemon","_MACHINE_ID":"690ce7d60d764639b5ea18bbb8cfa3c2","_PID":"24784","_SYSTEMD_CGROUP":"/system.slice/wgzk.service","_SYSTEMD_UNIT":"wgzk.service","_CMDLINE":"/usr/local/bin/wg-zk-daemon","MESSAGE":"[timing] side=gateway pending_id=108 token=279393259 nonce_prefix=3f259e6d result=ok wait_ct_us=27 verify_us=95 decap_us=84 peer_us=66 total_us=330"}
{"_COMM":"wg-zk-daemon","PRIORITY":"6","_SYSTEMD_INVOCATION_ID":"e80a96ce807a42dfbb6c3a602e7234cb","_GID":"0","SYSLOG_IDENTIFIER":"wgzk-start.sh","_SYSTEMD_SLICE":"system.slice","_STREAM_ID":"c06b84c0a30b4e8ca7b18f0ef25e60f6","_CAP_EFFECTIVE":"1ffffffffff","_CMDLINE":"/usr/local/bin/wg-zk-daemon","_EXE":"/usr/local/bin/wg-zk-daemon","SYSLOG_FACILITY":"3","__MONOTONIC_TIMESTAMP":"65846096301","__CURSOR":"s=e6a325d7aab144b09b565d8c4be4d789;i=6a26;b=803d77ddc49e4e5ea7391884acfbd14f;m=f54bbb1ad;t=65cb1500e83a7;x=e069f3fdeccd06e2","_PID":"24784","_HOSTNAME":"wgzk-gateway","_MACHINE_ID":"690ce7d60d764639b5ea18bbb8cfa3c2","_TRANSPORT":"stdout","_SELINUX_CONTEXT":"unconfined\n","__REALTIME_TIMESTAMP":"1790766482359207","_UID":"0","MESSAGE":"[timing] side=gateway pending_id=109 token=3091764039 nonce_prefix=4bb29b1e result=ok wait_ct_us=1 verify_us=447 decap_us=92 peer_us=58 total_us=1441","_BOOT_ID":"803d77ddc49e4e5ea7391884acfbd14f","_SYSTEMD_CGROUP":"/system.slice/wgzk.service","_SYSTEMD_UNIT":"wgzk.service"}
{"_SYSTEMD_INVOCATION_ID":"e80a96ce807a42dfbb6c3a602e7234cb","_MACHINE_ID":"690ce7d60d764639b5ea18bbb8cfa3c2","_SYSTEMD_UNIT":"wgzk.service","SYSLOG_FACILITY":"3","_GID":"0","_SYSTEMD_SLICE":"system.slice","_UID":"0","_SELINUX_CONTEXT":"unconfined\n","_STREAM_ID":"c06b84c0a30b4e8ca7b18f0ef25e60f6","_PID":"24784","__REALTIME_TIMESTAMP":"1790766482360789","_SYSTEMD_CGROUP":"/system.slice/wgzk.service","__MONOTONIC_TIMESTAMP":"65846097619","_BOOT_ID":"803d77ddc49e4e5ea7391884acfbd14f","PRIORITY":"6","_TRANSPORT":"stdout","MESSAGE":"[timing] side=gateway pending_id=110 token=1255296625 nonce_prefix=84dca4b8 result=ok wait_ct_us=466 verify_us=202 decap_us=115 peer_us=68 total_us=867","__CURSOR":"s=e6a325d7aab144b09b565d8c4be4d789;i=6a28;b=803d77ddc49e4e5ea7391884acfbd14f;m=f54bbb6d3;t=65cb1500e89d5;x=8b57a6e544b3409b","_CAP_EFFECTIVE":"1ffffffffff","_CMDLINE":"/usr/local/bin/wg-zk-daemon","_COMM":"wg-zk-daemon","SYSLOG_IDENTIFIER":"wgzk-start.sh","_EXE":"/usr/local/bin/wg-zk-daemon","_HOSTNAME":"wgzk-gateway"}
{"__REALTIME_TIMESTAMP":"1790766482362160","_MACHINE_ID":"690ce7d60d764639b5ea18bbb8cfa3c2","_CMDLINE":"/usr/local/bin/wg-zk-daemon","__CURSOR":"s=e6a325d7aab144b09b565d8c4be4d789;i=6a2a;b=803d77ddc49e4e5ea7391884acfbd14f;m=f54bbbc2f;t=65cb1500e8f30;x=79479e18c07b79c7","_EXE":"/usr/local/bin/wg-zk-daemon","_SELINUX_CONTEXT":"unconfined\n","_SYSTEMD_UNIT":"wgzk.service","_HOSTNAME":"wgzk-gateway","SYSLOG_IDENTIFIER":"wgzk-start.sh","_SYSTEMD_SLICE":"system.slice","__MONOTONIC_TIMESTAMP":"65846098991","_TRANSPORT":"stdout","SYSLOG_FACILITY":"3","_GID":"0","_COMM":"wg-zk-daemon","PRIORITY":"6","_BOOT_ID":"803d77ddc49e4e5ea7391884acfbd14f","_SYSTEMD_CGROUP":"/system.slice/wgzk.service","_PID":"24784","MESSAGE":"[timing] side=gateway pending_id=111 token=3326557930 nonce_prefix=43a34a72 result=ok wait_ct_us=1 verify_us=109 decap_us=83 peer_us=57 total_us=265","_CAP_EFFECTIVE":"1ffffffffff","_UID":"0","_STREAM_ID":"c06b84c0a30b4e8ca7b18f0ef25e60f6","_SYSTEMD_INVOCATION_ID":"e80a96ce807a42dfbb6c3a602e7234cb"}
{"SYSLOG_IDENTIFIER":"wgzk-start.sh","_MACHINE_ID":"690ce7d60d764639b5ea18bbb8cfa3c2","__REALTIME_TIMESTAMP":"1790766482363221","_GID":"0","_BOOT_ID":"803d77ddc49e4e5ea7391884acfbd14f","_CMDLINE":"/usr/local/bin/wg-zk-daemon","_PID":"24784","_SYSTEMD_SLICE":"system.slice","_STREAM_ID":"c06b84c0a30b4e8ca7b18f0ef25e60f6","_SELINUX_CONTEXT":"unconfined\n","__MONOTONIC_TIMESTAMP":"65846100051","_EXE":"/usr/local/bin/wg-zk-daemon","PRIORITY":"6","MESSAGE":"[timing] side=gateway pending_id=112 token=1783700139 nonce_prefix=f41f063e result=ok wait_ct_us=79 verify_us=283 decap_us=111 peer_us=65 total_us=551","_CAP_EFFECTIVE":"1ffffffffff","__CURSOR":"s=e6a325d7aab144b09b565d8c4be4d789;i=6a2d;b=803d77ddc49e4e5ea7391884acfbd14f;m=f54bbc053;t=65cb1500e9355;x=53ba716e06aec887","_UID":"0","_TRANSPORT":"stdout","_COMM":"wg-zk-daemon","_SYSTEMD_UNIT":"wgzk.service","SYSLOG_FACILITY":"3","_SYSTEMD_INVOCATION_ID":"e80a96ce807a42dfbb6c3a602e7234cb","_SYSTEMD_CGROUP":"/system.slice/wgzk.service","_HOSTNAME":"wgzk-gateway"}
{"_HOSTNAME":"wgzk-gateway","__CURSOR":"s=e6a325d7aab144b09b565d8c4be4d789;i=6a2e;b=803d77ddc49e4e5ea7391884acfbd14f;m=f54bbc360;t=65cb1500e9662;x=d69ad2b095aab050","_SYSTEMD_INVOCATION_ID":"e80a96ce807a42dfbb6c3a602e7234cb","__MONOTONIC_TIMESTAMP":"65846100832","_GID":"0","MESSAGE":"[timing] side=gateway pending_id=113 token=1201634371 nonce_prefix=be5e46ca result=ok wait_ct_us=1 verify_us=91 decap_us=79 peer_us=71 total_us=323","_PID":"24784","_STREAM_ID":"c06b84c0a30b4e8ca7b18f0ef25e60f6","_TRANSPORT":"stdout","_CAP_EFFECTIVE":"1ffffffffff","SYSLOG_IDENTIFIER":"wgzk-start.sh","PRIORITY":"6","_SYSTEMD_CGROUP":"/system.slice/wgzk.service","_SYSTEMD_SLICE":"system.slice","_SYSTEMD_UNIT":"wgzk.service","_BOOT_ID":"803d77ddc49e4e5ea7391884acfbd14f","__REALTIME_TIMESTAMP":"1790766482364002","_UID":"0","_CMDLINE":"/usr/local/bin/wg-zk-daemon","SYSLOG_FACILITY":"3","_SELINUX_CONTEXT":"unconfined\n","_MACHINE_ID":"690ce7d60d764639b5ea18bbb8cfa3c2","_COMM":"wg-zk-daemon","_EXE":"/usr/local/bin/wg-zk-daemon"}
{"_TRANSPORT":"stdout","_CMDLINE":"/usr/local/bin/wg-zk-daemon","_SYSTEMD_INVOCATION_ID":"e80a96ce807a42dfbb6c3a602e7234cb","_SYSTEMD_UNIT":"wgzk.service","__CURSOR":"s=e6a325d7aab144b09b565d8c4be4d789;i=6a30;b=803d77ddc49e4e5ea7391884acfbd14f;m=f54d0809b;t=65cb15023539d;x=84bffaccf295231a","__REALTIME_TIMESTAMP":"1790766483723165","SYSLOG_IDENTIFIER":"wgzk-start.sh","_SELINUX_CONTEXT":"unconfined\n","_STREAM_ID":"c06b84c0a30b4e8ca7b18f0ef25e60f6","_COMM":"wg-zk-daemon","_MACHINE_ID":"690ce7d60d764639b5ea18bbb8cfa3c2","_EXE":"/usr/local/bin/wg-zk-daemon","MESSAGE":"[timing] side=gateway pending_id=114 token=3997727351 nonce_prefix=89c1f9b4 result=ok wait_ct_us=1 verify_us=112 decap_us=91 peer_us=74 total_us=305","PRIORITY":"6","SYSLOG_FACILITY":"3","_SYSTEMD_CGROUP":"/system.slice/wgzk.service","_SYSTEMD_SLICE":"system.slice","_HOSTNAME":"wgzk-gateway","_UID":"0","__MONOTONIC_TIMESTAMP":"65847459995","_GID":"0","_BOOT_ID":"803d77ddc49e4e5ea7391884acfbd14f","_CAP_EFFECTIVE":"1ffffffffff","_PID":"24784"}
{"_CAP_EFFECTIVE":"1ffffffffff","_CMDLINE":"/usr/local/bin/wg-zk-daemon","_PID":"24784","_MACHINE_ID":"690ce7d60d764639b5ea18bbb8cfa3c2","_STREAM_ID":"c06b84c0a30b4e8ca7b18f0ef25e60f6","SYSLOG_FACILITY":"3","_SYSTEMD_CGROUP":"/system.slice/wgzk.service","MESSAGE":"[timing] side=gateway pending_id=115 token=3014732963 nonce_prefix=3bddd327 result=ok wait_ct_us=1 verify_us=401 decap_us=88 peer_us=64 total_us=1310","_GID":"0","SYSLOG_IDENTIFIER":"wgzk-start.sh","_SYSTEMD_SLICE":"system.slice","_SELINUX_CONTEXT":"unconfined\n","_HOSTNAME":"wgzk-gateway","__MONOTONIC_TIMESTAMP":"65847460776","__REALTIME_TIMESTAMP":"1790766483723946","_COMM":"wg-zk-daemon","_UID":"0","_SYSTEMD_INVOCATION_ID":"e80a96ce807a42dfbb6c3a602e7234cb","_BOOT_ID":"803d77ddc49e4e5ea7391884acfbd14f","__CURSOR":"s=e6a325d7aab144b09b565d8c4be4d789;i=6a32;b=803d77ddc49e4e5ea7391884acfbd14f;m=f54d083a8;t=65cb1502356aa;x=96f493c0ce97f67b","PRIORITY":"6","_TRANSPORT":"stdout","_SYSTEMD_UNIT":"wgzk.service","_EXE":"/usr/local/bin/wg-zk-daemon"}
{"_UID":"0","_COMM":"wg-zk-daemon","_STREAM_ID":"c06b84c0a30b4e8ca7b18f0ef25e60f6","_SELINUX_CONTEXT":"unconfined\n","SYSLOG_IDENTIFIER":"wgzk-start.sh","_SYSTEMD_CGROUP":"/system.slice/wgzk.service","_EXE":"/usr/local/bin/wg-zk-daemon","__CURSOR":"s=e6a325d7aab144b09b565d8c4be4d789;i=6a35;b=803d77ddc49e4e5ea7391884acfbd14f;m=f54d088ab;t=65cb150235bad;x=13cb4f54a40315d6","_TRANSPORT":"stdout","_GID":"0","_SYSTEMD_INVOCATION_ID":"e80a96ce807a42dfbb6c3a602e7234cb","_CAP_EFFECTIVE":"1ffffffffff","_BOOT_ID":"803d77ddc49e4e5ea7391884acfbd14f","_HOSTNAME":"wgzk-gateway","__MONOTONIC_TIMESTAMP":"65847462059","MESSAGE":"[timing] side=gateway pending_id=116 token=1127735888 nonce_prefix=1f79cfbf result=ok wait_ct_us=255 verify_us=113 decap_us=85 peer_us=159 total_us=668","SYSLOG_FACILITY":"3","__REALTIME_TIMESTAMP":"1790766483725229","_PID":"24784","_CMDLINE":"/usr/local/bin/wg-zk-daemon","_SYSTEMD_UNIT":"wgzk.service","_MACHINE_ID":"690ce7d60d764639b5ea18bbb8cfa3c2","PRIORITY":"6","_SYSTEMD_SLICE":"system.slice"}
{"_SYSTEMD_INVOCATION_ID":"e80a96ce807a42dfbb6c3a602e7234cb","_SYSTEMD_UNIT":"wgzk.service","_TRANSPORT":"stdout","_SELINUX_CONTEXT":"unconfined\n","_COMM":"wg-zk-daemon","_HOSTNAME":"wgzk-gateway","PRIORITY":"6","_UID":"0","SYSLOG_IDENTIFIER":"wgzk-start.sh","_SYSTEMD_SLICE":"system.slice","_STREAM_ID":"c06b84c0a30b4e8ca7b18f0ef25e60f6","_EXE":"/usr/local/bin/wg-zk-daemon","_CAP_EFFECTIVE":"1ffffffffff","__REALTIME_TIMESTAMP":"1790766483726216","__MONOTONIC_TIMESTAMP":"65847463047","SYSLOG_FACILITY":"3","_MACHINE_ID":"690ce7d60d764639b5ea18bbb8cfa3c2","_BOOT_ID":"803d77ddc49e4e5ea7391884acfbd14f","__CURSOR":"s=e6a325d7aab144b09b565d8c4be4d789;i=6a36;b=803d77ddc49e4e5ea7391884acfbd14f;m=f54d08c87;t=65cb150235f88;x=dc6f5b1eece80f21","_PID":"24784","_SYSTEMD_CGROUP":"/system.slice/wgzk.service","MESSAGE":"[timing] side=gateway pending_id=117 token=749247940 nonce_prefix=2bfd0e49 result=ok wait_ct_us=1 verify_us=304 decap_us=93 peer_us=58 total_us=1546","_CMDLINE":"/usr/local/bin/wg-zk-daemon","_GID":"0"}
{"_UID":"0","SYSLOG_IDENTIFIER":"wgzk-start.sh","_CAP_EFFECTIVE":"1ffffffffff","SYSLOG_FACILITY":"3","_STREAM_ID":"c06b84c0a30b4e8ca7b18f0ef25e60f6","_CMDLINE":"/usr/local/bin/wg-zk-daemon","MESSAGE":"[timing] side=gateway pending_id=118 token=540161603 nonce_prefix=30418e26 result=ok wait_ct_us=1 verify_us=114 decap_us=88 peer_us=60 total_us=437","_EXE":"/usr/local/bin/wg-zk-daemon","_GID":"0","_SYSTEMD_UNIT":"wgzk.service","_MACHINE_ID":"690ce7d60d764639b5ea18bbb8cfa3c2","_SYSTEMD_SLICE":"system.slice","_PID":"24784","__MONOTONIC_TIMESTAMP":"65847465258","_HOSTNAME":"wgzk-gateway","_TRANSPORT":"stdout","_BOOT_ID":"803d77ddc49e4e5ea7391884acfbd14f","_SELINUX_CONTEXT":"unconfined\n","__REALTIME_TIMESTAMP":"1790766483728427","__CURSOR":"s=e6a325d7aab144b09b565d8c4be4d789;i=6a39;b=803d77ddc49e4e5ea7391884acfbd14f;m=f54d0952a;t=65cb15023682b;x=ca1fbf158fc8ad8a","_SYSTEMD_INVOCATION_ID":"e80a96ce807a42dfbb6c3a602e7234cb","_SYSTEMD_CGROUP":"/system.slice/wgzk.service","PRIORITY":"6","_COMM":"wg-zk-daemon"}
{"_CAP_EFFECTIVE":"1ffffffffff","_PID":"24784","_HOSTNAME":"wgzk-gateway","_STREAM_ID":"c06b84c0a30b4e8ca7b18f0ef25e60f6","_SYSTEMD_INVOCATION_ID":"e80a96ce807a42dfbb6c3a602e7234cb","PRIORITY":"6","_TRANSPORT":"stdout","__CURSOR":"s=e6a325d7aab144b09b565d8c4be4d789;i=6a3c;b=803d77ddc49e4e5ea7391884acfbd14f;m=f54d09863;t=65cb150236b65;x=c0b5e45d74dd8575","__REALTIME_TIMESTAMP":"1790766483729253","MESSAGE":"[timing] side=gateway pending_id=119 token=2928812979 nonce_prefix=63b52c84 result=ok wait_ct_us=1 verify_us=98 decap_us=84 peer_us=66 total_us=270","_EXE":"/usr/local/bin/wg-zk-daemon","_CMDLINE":"/usr/local/bin/wg-zk-daemon","__MONOTONIC_TIMESTAMP":"65847466083","_COMM":"wg-zk-daemon","SYSLOG_IDENTIFIER":"wgzk-start.sh","_BOOT_ID":"803d77ddc49e4e5ea7391884acfbd14f","_UID":"0","_GID":"0","SYSLOG_FACILITY":"3","_SYSTEMD_SLICE":"system.slice","_SYSTEMD_UNIT":"wgzk.service","_SELINUX_CONTEXT":"unconfined\n","_MACHINE_ID":"690ce7d60d764639b5ea18bbb8cfa3c2","_SYSTEMD_CGROUP":"/system.slice/wgzk.service"}
{"_SYSTEMD_INVOCATION_ID":"e80a96ce807a42dfbb6c3a602e7234cb","_TRANSPORT":"stdout","_CMDLINE":"/usr/local/bin/wg-zk-daemon","MESSAGE":"[timing] side=gateway pending_id=120 token=3223611471 nonce_prefix=85c28c4e result=ok wait_ct_us=1 verify_us=92 decap_us=81 peer_us=56 total_us=895","_SYSTEMD_SLICE":"system.slice","__CURSOR":"s=e6a325d7aab144b09b565d8c4be4d789;i=6a3d;b=803d77ddc49e4e5ea7391884acfbd14f;m=f54d09a94;t=65cb150236d96;x=41f1cbba5ba46498","__MONOTONIC_TIMESTAMP":"65847466644","_SELINUX_CONTEXT":"unconfined\n","SYSLOG_IDENTIFIER":"wgzk-start.sh","_CAP_EFFECTIVE":"1ffffffffff","PRIORITY":"6","_EXE":"/usr/local/bin/wg-zk-daemon","_STREAM_ID":"c06b84c0a30b4e8ca7b18f0ef25e60f6","_BOOT_ID":"803d77ddc49e4e5ea7391884acfbd14f","_UID":"0","_HOSTNAME":"wgzk-gateway","SYSLOG_FACILITY":"3","_GID":"0","__REALTIME_TIMESTAMP":"1790766483729814","_SYSTEMD_CGROUP":"/system.slice/wgzk.service","_SYSTEMD_UNIT":"wgzk.service","_COMM":"wg-zk-daemon","_MACHINE_ID":"690ce7d60d764639b5ea18bbb8cfa3c2","_PID":"24784"}
{"_SELINUX_CONTEXT":"unconfined\n","MESSAGE":"[timing] side=gateway pending_id=121 token=3500028455 nonce_prefix=8b45eb74 result=ok wait_ct_us=1 verify_us=92 decap_us=167 peer_us=66 total_us=1667","_PID":"24784","_BOOT_ID":"803d77ddc49e4e5ea7391884acfbd14f","_TRANSPORT":"stdout","SYSLOG_IDENTIFIER":"wgzk-start.sh","_SYSTEMD_UNIT":"wgzk.service","_HOSTNAME":"wgzk-gateway","PRIORITY":"6","_MACHINE_ID":"690ce7d60d764639b5ea18bbb8cfa3c2","_SYSTEMD_SLICE":"system.slice","_SYSTEMD_INVOCATION_ID":"e80a96ce807a42dfbb6c3a602e7234cb","_SYSTEMD_CGROUP":"/system.slice/wgzk.service","_STREAM_ID":"c06b84c0a30b4e8ca7b18f0ef25e60f6","_CAP_EFFECTIVE":"1ffffffffff","__MONOTONIC_TIMESTAMP":"65847467352","_UID":"0","__REALTIME_TIMESTAMP":"1790766483730522","__CURSOR":"s=e6a325d7aab144b09b565d8c4be4d789;i=6a3e;b=803d77ddc49e4e5ea7391884acfbd14f;m=f54d09d58;t=65cb15023705a;x=5f1bbede820e6704","_GID":"0","SYSLOG_FACILITY":"3","_COMM":"wg-zk-daemon","_EXE":"/usr/local/bin/wg-zk-daemon","_CMDLINE":"/usr/local/bin/wg-zk-daemon"}
{"__MONOTONIC_TIMESTAMP":"65848814347","_CMDLINE":"/usr/local/bin/wg-zk-daemon","SYSLOG_IDENTIFIER":"wgzk-start.sh","_EXE":"/usr/local/bin/wg-zk-daemon","_SYSTEMD_CGROUP":"/system.slice/wgzk.service","_SYSTEMD_UNIT":"wgzk.service","_BOOT_ID":"803d77ddc49e4e5ea7391884acfbd14f","_COMM":"wg-zk-daemon","_CAP_EFFECTIVE":"1ffffffffff","PRIORITY":"6","SYSLOG_FACILITY":"3","_SELINUX_CONTEXT":"unconfined\n","_TRANSPORT":"stdout","_GID":"0","_HOSTNAME":"wgzk-gateway","_SYSTEMD_SLICE":"system.slice","_STREAM_ID":"c06b84c0a30b4e8ca7b18f0ef25e60f6","__CURSOR":"s=e6a325d7aab144b09b565d8c4be4d789;i=6a41;b=803d77ddc49e4e5ea7391884acfbd14f;m=f54e52b0b;t=65cb15037fe0d;x=9b17813bcfda1dc4","_PID":"24784","MESSAGE":"[timing] side=gateway pending_id=122 token=2957160015 nonce_prefix=eea0e9a3 result=ok wait_ct_us=1 verify_us=95 decap_us=120 peer_us=82 total_us=320","_SYSTEMD_INVOCATION_ID":"e80a96ce807a42dfbb6c3a602e7234cb","__REALTIME_TIMESTAMP":"1790766485077517","_MACHINE_ID":"690ce7d60d764639b5ea18bbb8cfa3c2","_UID":"0"}
{"_UID":"0","_COMM":"wg-zk-daemon","_STREAM_ID":"c06b84c0a30b4e8ca7b18f0ef25e60f6","_GID":"0","__CURSOR":"s=e6a325d7aab144b09b565d8c4be4d789;i=6a42;b=803d77ddc49e4e5ea7391884acfbd14f;m=f54e52ff2;t=65cb1503802f4;x=b8aaa517ea85ebe1","PRIORITY":"6","SYSLOG_FACILITY":"3","SYSLOG_IDENTIFIER":"wgzk-start.sh","_MACHINE_ID":"690ce7d60d764639b5ea18bbb8cfa3c2","_BOOT_ID":"803d77ddc49e4e5ea7391884acfbd14f","__REALTIME_TIMESTAMP":"1790766485078772","_SYSTEMD_SLICE":"system.slice","_EXE":"/usr/local/bin/wg-zk-daemon","_SYSTEMD_CGROUP":"/system.slice/wgzk.service","MESSAGE":"[timing] side=gateway pending_id=123 token=3482911481 nonce_prefix=bd45e666 result=ok wait_ct_us=1 verify_us=293 decap_us=96 peer_us=166 total_us=1496","_HOSTNAME":"wgzk-gateway","_SYSTEMD_INVOCATION_ID":"e80a96ce807a42dfbb6c3a602e7234cb","_SYSTEMD_UNIT":"wgzk.service","_TRANSPORT":"stdout","_CAP_EFFECTIVE":"1ffffffffff","_PID":"24784","_SELINUX_CONTEXT":"unconfined\n","_CMDLINE":"/usr/local/bin/wg-zk-daemon","__MONOTONIC_TIMESTAMP":"65848815602"}
{"SYSLOG_IDENTIFIER":"wgzk-start.sh","_HOSTNAME":"wgzk-gateway","_SELINUX_CONTEXT":"unconfined\n","_SYSTEMD_SLICE":"system.slice","_PID":"24784","_GID":"0","_EXE":"/usr/local/bin/wg-zk-daemon","__MONOTONIC_TIMESTAMP":"65848816405","_CMDLINE":"/usr/local/bin/wg-zk-daemon","_SYSTEMD_UNIT":"wgzk.service","_UID":"0","PRIORITY":"6","_COMM":"wg-zk-daemon","_SYSTEMD_INVOCATION_ID":"e80a96ce807a42dfbb6c3a602e7234cb","_BOOT_ID":"803d77ddc49e4e5ea7391884acfbd14f","_MACHINE_ID":"690ce7d60d764639b5ea18bbb8cfa3c2","__CURSOR":"s=e6a325d7aab144b09b565d8c4be4d789;i=6a44;b=803d77ddc49e4e5ea7391884acfbd14f;m=f54e53315;t=65cb150380617;x=3577a432d842a74e","_SYSTEMD_CGROUP":"/system.slice/wgzk.service","__REALTIME_TIMESTAMP":"1790766485079575","_STREAM_ID":"c06b84c0a30b4e8ca7b18f0ef25e60f6","SYSLOG_FACILITY":"3","MESSAGE":"[timing] side=gateway pending_id=124 token=3009456799 nonce_prefix=d4c171d9 result=ok wait_ct_us=1 verify_us=91 decap_us=146 peer_us=106 total_us=386","_TRANSPORT":"stdout","_CAP_EFFECTIVE":"1ffffffffff"}
{"_SYSTEMD_CGROUP":"/system.slice/wgzk.service","_TRANSPORT":"stdout","__CURSOR":"s=e6a325d7aab144b09b565d8c4be4d789;i=6a46;b=803d77ddc49e4e5ea7391884acfbd14f;m=f54e5389d;t=65cb150380b9f;x=872216c099a28407","_SYSTEMD_SLICE":"system.slice","_CAP_EFFECTIVE":"1ffffffffff","_UID":"0","SYSLOG_FACILITY":"3","_STREAM_ID":"c06b84c0a30b4e8ca7b18f0ef25e60f6","_HOSTNAME":"wgzk-gateway","SYSLOG_IDENTIFIER":"wgzk-start.sh","_SYSTEMD_INVOCATION_ID":"e80a96ce807a42dfbb6c3a602e7234cb","__MONOTONIC_TIMESTAMP":"65848817821","_GID":"0","_SYSTEMD_UNIT":"wgzk.service","_SELINUX_CONTEXT":"unconfined\n","_CMDLINE":"/usr/local/bin/wg-zk-daemon","_EXE":"/usr/local/bin/wg-zk-daemon","_MACHINE_ID":"690ce7d60d764639b5ea18bbb8cfa3c2","MESSAGE":"[timing] side=gateway pending_id=125 token=4040637588 nonce_prefix=2a6740f1 result=ok wait_ct_us=58 verify_us=406 decap_us=80 peer_us=77 total_us=635","__REALTIME_TIMESTAMP":"1790766485080991","_COMM":"wg-zk-daemon","PRIORITY":"6","_BOOT_ID":"803d77ddc49e4e5ea7391884acfbd14f","_PID":"24784"}
{"__CURSOR":"s=e6a325d7aab144b09b565d8c4be4d789;i=6a48;b=803d77ddc49e4e5ea7391884acfbd14f;m=f54e54027;t=65cb150381329;x=4760f305ee09576c","_SYSTEMD_SLICE":"system.slice","_TRANSPORT":"stdout","SYSLOG_FACILITY":"3","_STREAM_ID":"c06b84c0a30b4e8ca7b18f0ef25e60f6","_SYSTEMD_INVOCATION_ID":"e80a96ce807a42dfbb6c3a602e7234cb","_SELINUX_CONTEXT":"unconfined\n","SYSLOG_IDENTIFIER":"wgzk-start.sh","__REALTIME_TIMESTAMP":"1790766485082921","_MACHINE_ID":"690ce7d60d764639b5ea18bbb8cfa3c2","__MONOTONIC_TIMESTAMP":"65848819751","_HOSTNAME":"wgzk-gateway","MESSAGE":"[timing] side=gateway pending_id=126 token=1501664923 nonce_prefix=c7a48d42 result=ok wait_ct_us=55 verify_us=123 decap_us=125 peer_us=67 total_us=384","_GID":"0","_COMM":"wg-zk-daemon","_CMDLINE":"/usr/local/bin/wg-zk-daemon","_SYSTEMD_UNIT":"wgzk.service","_UID":"0","_PID":"24784","_CAP_EFFECTIVE":"1ffffffffff","PRIORITY":"6","_BOOT_ID":"803d77ddc49e4e5ea7391884acfbd14f","_SYSTEMD_CGROUP":"/system.slice/wgzk.service","_EXE":"/usr/local/bin/wg-zk-daemon"}
{"_MACHINE_ID":"690ce7d60d764639b5ea18bbb8cfa3c2","_CAP_EFFECTIVE":"1ffffffffff","_BOOT_ID":"803d77ddc49e4e5ea7391884acfbd14f","PRIORITY":"6","_CMDLINE":"/usr/local/bin/wg-zk-daemon","__CURSOR":"s=e6a325d7aab144b09b565d8c4be4d789;i=6a4a;b=803d77ddc49e4e5ea7391884acfbd14f;m=f54e5458f;t=65cb150381891;x=3a8ebc95a12942b1","SYSLOG_FACILITY":"3","_SELINUX_CONTEXT":"unconfined\n","_SYSTEMD_CGROUP":"/system.slice/wgzk.service","_TRANSPORT":"stdout","_SYSTEMD_SLICE":"system.slice","__REALTIME_TIMESTAMP":"1790766485084305","_SYSTEMD_UNIT":"wgzk.service","_STREAM_ID":"c06b84c0a30b4e8ca7b18f0ef25e60f6","__MONOTONIC_TIMESTAMP":"65848821135","_EXE":"/usr/local/bin/wg-zk-daemon","_UID":"0","_COMM":"wg-zk-daemon","_SYSTEMD_INVOCATION_ID":"e80a96ce807a42dfbb6c3a602e7234cb","_HOSTNAME":"wgzk-gateway","SYSLOG_IDENTIFIER":"wgzk-start.sh","MESSAGE":"[timing] side=gateway pending_id=127 token=809452075 nonce_prefix=9763afb0 result=ok wait_ct_us=257 verify_us=92 decap_us=150 peer_us=63 total_us=797","_GID":"0","_PID":"24784"}
{"_EXE":"/usr/local/bin/wg-zk-daemon","MESSAGE":"[timing] side=gateway pending_id=128 token=3150157048 nonce_prefix=7f8fb958 result=ok wait_ct_us=183 verify_us=92 decap_us=97 peer_us=136 total_us=683","SYSLOG_IDENTIFIER":"wgzk-start.sh","__REALTIME_TIMESTAMP":"1790766485085270","PRIORITY":"6","_SYSTEMD_UNIT":"wgzk.service","__CURSOR":"s=e6a325d7aab144b09b565d8c4be4d789;i=6a4d;b=803d77ddc49e4e5ea7391884acfbd14f;m=f54e54955;t=65cb150381c56;x=813042d1d4b901fb","_SYSTEMD_SLICE":"system.slice","_COMM":"wg-zk-daemon","__MONOTONIC_TIMESTAMP":"65848822101","_CMDLINE":"/usr/local/bin/wg-zk-daemon","_PID":"24784","_SYSTEMD_INVOCATION_ID":"e80a96ce807a42dfbb6c3a602e7234cb","_SELINUX_CONTEXT":"unconfined\n","_SYSTEMD_CGROUP":"/system.slice/wgzk.service","_TRANSPORT":"stdout","_BOOT_ID":"803d77ddc49e4e5ea7391884acfbd14f","SYSLOG_FACILITY":"3","_HOSTNAME":"wgzk-gateway","_UID":"0","_MACHINE_ID":"690ce7d60d764639b5ea18bbb8cfa3c2","_CAP_EFFECTIVE":"1ffffffffff","_GID":"0","_STREAM_ID":"c06b84c0a30b4e8ca7b18f0ef25e60f6"}
{"_CAP_EFFECTIVE":"1ffffffffff","_SYSTEMD_INVOCATION_ID":"e80a96ce807a42dfbb6c3a602e7234cb","_UID":"0","_PID":"24784","_EXE":"/usr/local/bin/wg-zk-daemon","SYSLOG_IDENTIFIER":"wgzk-start.sh","__CURSOR":"s=e6a325d7aab144b09b565d8c4be4d789;i=6a4e;b=803d77ddc49e4e5ea7391884acfbd14f;m=f54e54c5d;t=65cb150381f5f;x=62cf78be1d7a5c45","SYSLOG_FACILITY":"3","_SYSTEMD_CGROUP":"/system.slice/wgzk.service","__MONOTONIC_TIMESTAMP":"65848822877","_CMDLINE":"/usr/local/bin/wg-zk-daemon","__REALTIME_TIMESTAMP":"1790766485086047","MESSAGE":"[timing] side=gateway pending_id=129 token=2700064567 nonce_prefix=9e1f3629 result=ok wait_ct_us=1 verify_us=92 decap_us=81 peer_us=62 total_us=1247","_MACHINE_ID":"690ce7d60d764639b5ea18bbb8cfa3c2","_SYSTEMD_UNIT":"wgzk.service","PRIORITY":"6","_STREAM_ID":"c06b84c0a30b4e8ca7b18f0ef25e60f6","_SYSTEMD_SLICE":"system.slice","_BOOT_ID":"803d77ddc49e4e5ea7391884acfbd14f","_HOSTNAME":"wgzk-gateway","_COMM":"wg-zk-daemon","_SELINUX_CONTEXT":"unconfined\n","_TRANSPORT":"stdout","_GID":"0"}
{"_SYSTEMD_SLICE":"system.slice","_CMDLINE":"/usr/local/bin/wg-zk-daemon","SYSLOG_FACILITY":"3","_EXE":"/usr/local/bin/wg-zk-daemon","__REALTIME_TIMESTAMP":"1790766486434342","MESSAGE":"[timing] side=gateway pending_id=130 token=1869111702 nonce_prefix=d446969a result=ok wait_ct_us=1 verify_us=97 decap_us=93 peer_us=87 total_us=305","_CAP_EFFECTIVE":"1ffffffffff","_SYSTEMD_CGROUP":"/system.slice/wgzk.service","_STREAM_ID":"c06b84c0a30b4e8ca7b18f0ef25e60f6","__CURSOR":"s=e6a325d7aab144b09b565d8c4be4d789;i=6a50;b=803d77ddc49e4e5ea7391884acfbd14f;m=f54f9df24;t=65cb1504cb226;x=de02e6a5361d37d6","_SELINUX_CONTEXT":"unconfined\n","_SYSTEMD_INVOCATION_ID":"e80a96ce807a42dfbb6c3a602e7234cb","__MONOTONIC_TIMESTAMP":"65850171172","_MACHINE_ID":"690ce7d60d764639b5ea18bbb8cfa3c2","PRIORITY":"6","_SYSTEMD_UNIT":"wgzk.service","SYSLOG_IDENTIFIER":"wgzk-start.sh","_TRANSPORT":"stdout","_PID":"24784","_UID":"0","_COMM":"wg-zk-daemon","_BOOT_ID":"803d77ddc49e4e5ea7391884acfbd14f","_GID":"0","_HOSTNAME":"wgzk-gateway"}
{"_TRANSPORT":"stdout","_STREAM_ID":"c06b84c0a30b4e8ca7b18f0ef25e60f6","_SYSTEMD_SLICE":"system.slice","MESSAGE":"[timing] side=gateway pending_id=131 token=741732830 nonce_prefix=3af27c21 result=ok wait_ct_us=1 verify_us=92 decap_us=153 peer_us=111 total_us=371","_SYSTEMD_CGROUP":"/system.slice/wgzk.service","SYSLOG_FACILITY":"3","_CMDLINE":"/usr/local/bin/wg-zk-daemon","_SYSTEMD_UNIT":"wgzk.service","_SYSTEMD_INVOCATION_ID":"e80a96ce807a42dfbb6c3a602e7234cb","_EXE":"/usr/local/bin/wg-zk-daemon","_GID":"0","_PID":"24784","__REALTIME_TIMESTAMP":"1790766486436318","__MONOTONIC_TIMESTAMP":"65850173148","PRIORITY":"6","SYSLOG_IDENTIFIER":"wgzk-start.sh","_COMM":"wg-zk-daemon","_UID":"0","_CAP_EFFECTIVE":"1ffffffffff","__CURSOR":"s=e6a325d7aab144b09b565d8c4be4d789;i=6a53;b=803d77ddc49e4e5ea7391884acfbd14f;m=f54f9e6dc;t=65cb1504cb9de;x=617fc7e3528a78de","_BOOT_ID":"803d77ddc49e4e5ea7391884acfbd14f","_HOSTNAME":"wgzk-gateway","_MACHINE_ID":"690ce7d60d764639b5ea18bbb8cfa3c2","_SELINUX_CONTEXT":"unconfined\n"}
{"_CMDLINE":"/usr/local/bin/wg-zk-daemon","_TRANSPORT":"stdout","_UID":"0","_SYSTEMD_INVOCATION_ID":"e80a96ce807a42dfbb6c3a602e7234cb","_MACHINE_ID":"690ce7d60d764639b5ea18bbb8cfa3c2","_BOOT_ID":"803d77ddc49e4e5ea7391884acfbd14f","_SYSTEMD_CGROUP":"/system.slice/wgzk.service","_EXE":"/usr/local/bin/wg-zk-daemon","_CAP_EFFECTIVE":"1ffffffffff","__CURSOR":"s=e6a325d7aab144b09b565d8c4be4d789;i=6a54;b=803d77ddc49e4e5ea7391884acfbd14f;m=f54f9eaae;t=65cb1504cbdb0;x=15b617f57e12675a","_SYSTEMD_SLICE":"system.slice","SYSLOG_IDENTIFIER":"wgzk-start.sh","__MONOTONIC_TIMESTAMP":"65850174126","PRIORITY":"6","_SYSTEMD_UNIT":"wgzk.service","_PID":"24784","_SELINUX_CONTEXT":"unconfined\n","SYSLOG_FACILITY":"3","_COMM":"wg-zk-daemon","MESSAGE":"[timing] side=gateway pending_id=132 token=4188059041 nonce_prefix=4a9dd260 result=ok wait_ct_us=1 verify_us=244 decap_us=202 peer_us=57 total_us=699","_GID":"0","_STREAM_ID":"c06b84c0a30b4e8ca7b18f0ef25e60f6","_HOSTNAME":"wgzk-gateway","__REALTIME_TIMESTAMP":"1790766486437296"}
{"_TRANSPORT":"stdout","_SYSTEMD_CGROUP":"/system.slice/wgzk.service","PRIORITY":"6","__REALTIME_TIMESTAMP":"1790766486438218","_PID":"24784","_HOSTNAME":"wgzk-gateway","_GID":"0","_SYSTEMD_INVOCATION_ID":"e80a96ce807a42dfbb6c3a602e7234cb","_MACHINE_ID":"690ce7d60d764639b5ea18bbb8cfa3c2","__CURSOR":"s=e6a325d7aab144b09b565d8c4be4d789;i=6a56;b=803d77ddc49e4e5ea7391884acfbd14f;m=f54f9ee48;t=65cb1504cc14a;x=bbf4d9b2157ff33e","_BOOT_ID":"803d77ddc49e4e5ea7391884acfbd14f","SYSLOG_FACILITY":"3","MESSAGE":"[timing] side=gateway pending_id=133 token=1933841188 nonce_prefix=203dfabd result=ok wait_ct_us=1 verify_us=95 decap_us=83 peer_us=64 total_us=300","SYSLOG_IDENTIFIER":"wgzk-start.sh","_COMM":"wg-zk-daemon","_CMDLINE":"/usr/local/bin/wg-zk-daemon","__MONOTONIC_TIMESTAMP":"65850175048","_STREAM_ID":"c06b84c0a30b4e8ca7b18f0ef25e60f6","_SYSTEMD_UNIT":"wgzk.service","_UID":"0","_CAP_EFFECTIVE":"1ffffffffff","_SELINUX_CONTEXT":"unconfined\n","_EXE":"/usr/local/bin/wg-zk-daemon","_SYSTEMD_SLICE":"system.slice"}
{"SYSLOG_IDENTIFIER":"wgzk-start.sh","_CMDLINE":"/usr/local/bin/wg-zk-daemon","_SYSTEMD_CGROUP":"/system.slice/wgzk.service","_EXE":"/usr/local/bin/wg-zk-daemon","__CURSOR":"s=e6a325d7aab144b09b565d8c4be4d789;i=6a5a;b=803d77ddc49e4e5ea7391884acfbd14f;m=f54f9fb11;t=65cb1504cce13;x=d2adbe6e5fb6d1e8","_SYSTEMD_INVOCATION_ID":"e80a96ce807a42dfbb6c3a602e7234cb","_GID":"0","_UID":"0","_SYSTEMD_SLICE":"system.slice","_SELINUX_CONTEXT":"unconfined\n","__MONOTONIC_TIMESTAMP":"65850178321","MESSAGE":"[timing] side=gateway pending_id=134 token=3096940243 nonce_prefix=177bdf9a result=ok wait_ct_us=1 verify_us=91 decap_us=83 peer_us=59 total_us=292","__REALTIME_TIMESTAMP":"1790766486441491","_MACHINE_ID":"690ce7d60d764639b5ea18bbb8cfa3c2","_CAP_EFFECTIVE":"1ffffffffff","_PID":"24784","_SYSTEMD_UNIT":"wgzk.service","_BOOT_ID":"803d77ddc49e4e5ea7391884acfbd14f","_TRANSPORT":"stdout","_COMM":"wg-zk-daemon","_HOSTNAME":"wgzk-gateway","PRIORITY":"6","_STREAM_ID":"c06b84c0a30b4e8ca7b18f0ef25e60f6","SYSLOG_FACILITY":"3"}
{"_SYSTEMD_CGROUP":"/system.slice/wgzk.service","_CMDLINE":"/usr/local/bin/wg-zk-daemon","MESSAGE":"[timing] side=gateway pending_id=135 token=87107504 nonce_prefix=99c2b091 result=ok wait_ct_us=1 verify_us=94 decap_us=90 peer_us=53 total_us=801","_HOSTNAME":"wgzk-gateway","_EXE":"/usr/local/bin/wg-zk-daemon","_SYSTEMD_UNIT":"wgzk.service","_STREAM_ID":"c06b84c0a30b4e8ca7b18f0ef25e60f6","_BOOT_ID":"803d77ddc49e4e5ea7391884acfbd14f","_GID":"0","PRIORITY":"6","_UID":"0","SYSLOG_IDENTIFIER":"wgzk-start.sh","_PID":"24784","_SYSTEMD_SLICE":"system.slice","_MACHINE_ID":"690ce7d60d764639b5ea18bbb8cfa3c2","_SYSTEMD_INVOCATION_ID":"e80a96ce807a42dfbb6c3a602e7234cb","__MONOTONIC_TIMESTAMP":"65850178321","__CURSOR":"s=e6a325d7aab144b09b565d8c4be4d789;i=6a5c;b=803d77ddc49e4e5ea7391884acfbd14f;m=f54f9fb11;t=65cb1504cce13;x=f6b52abf7a6d95fa","_SELINUX_CONTEXT":"unconfined\n","__REALTIME_TIMESTAMP":"1790766486441491","_COMM":"wg-zk-daemon","SYSLOG_FACILITY":"3","_CAP_EFFECTIVE":"1ffffffffff","_TRANSPORT":"stdout"}
{"_GID":"0","__MONOTONIC_TIMESTAMP":"65850179174","_TRANSPORT":"stdout","_SYSTEMD_CGROUP":"/system.slice/wgzk.service","_UID":"0","_SELINUX_CONTEXT":"unconfined\n","_PID":"24784","PRIORITY":"6","__CURSOR":"s=e6a325d7aab144b09b565d8c4be4d789;i=6a5d;b=803d77ddc49e4e5ea7391884acfbd14f;m=f54f9fe66;t=65cb1504cd168;x=6a6bd1cc954493ea","_STREAM_ID":"c06b84c0a30b4e8ca7b18f0ef25e60f6","SYSLOG_IDENTIFIER":"wgzk-start.sh","_SYSTEMD_INVOCATION_ID":"e80a96ce807a42dfbb6c3a602e7234cb","_COMM":"wg-zk-daemon","_CMDLINE":"/usr/local/bin/wg-zk-daemon","_SYSTEMD_SLICE":"system.slice","_SYSTEMD_UNIT":"wgzk.service","_BOOT_ID":"803d77ddc49e4e5ea7391884acfbd14f","_HOSTNAME":"wgzk-gateway","MESSAGE":"[timing] side=gateway pending_id=136 token=85312299 nonce_prefix=b2f6b3f9 result=ok wait_ct_us=1 verify_us=247 decap_us=79 peer_us=57 total_us=402","SYSLOG_FACILITY":"3","__REALTIME_TIMESTAMP":"1790766486442344","_MACHINE_ID":"690ce7d60d764639b5ea18bbb8cfa3c2","_EXE":"/usr/local/bin/wg-zk-daemon","_CAP_EFFECTIVE":"1ffffffffff"}
{"_CMDLINE":"/usr/local/bin/wg-zk-daemon","__MONOTONIC_TIMESTAMP":"65850180054","_SELINUX_CONTEXT":"unconfined\n","_SYSTEMD_SLICE":"system.slice","_BOOT_ID":"803d77ddc49e4e5ea7391884acfbd14f","_EXE":"/usr/local/bin/wg-zk-daemon","SYSLOG_FACILITY":"3","__REALTIME_TIMESTAMP":"1790766486443223","_GID":"0","_TRANSPORT":"stdout","_SYSTEMD_UNIT":"wgzk.service","_SYSTEMD_CGROUP":"/system.slice/wgzk.service","_HOSTNAME":"wgzk-gateway","_STREAM_ID":"c06b84c0a30b4e8ca7b18f0ef25e60f6","MESSAGE":"[timing] side=gateway pending_id=137 token=3053565716 nonce_prefix=105407fb result=ok wait_ct_us=1 verify_us=249 decap_us=110 peer_us=56 total_us=1351","_COMM":"wg-zk-daemon","_PID":"24784","_SYSTEMD_INVOCATION_ID":"e80a96ce807a42dfbb6c3a602e7234cb","_UID":"0","_MACHINE_ID":"690ce7d60d764639b5ea18bbb8cfa3c2","_CAP_EFFECTIVE":"1ffffffffff","SYSLOG_IDENTIFIER":"wgzk-start.sh","__CURSOR":"s=e6a325d7aab144b09b565d8c4be4d789;i=6a5e;b=803d77ddc49e4e5ea7391884acfbd14f;m=f54fa01d6;t=65cb1504cd4d7;x=e8428bf1c66027b6","PRIORITY":"6"}
{"_SYSTEMD_SLICE":"system.slice","_HOSTNAME":"wgzk-gateway","__REALTIME_TIMESTAMP":"1790766487781446","_SYSTEMD_UNIT":"wgzk.service","SYSLOG_IDENTIFIER":"wgzk-start.sh","_CAP_EFFECTIVE":"1ffffffffff","_CMDLINE":"/usr/local/bin/wg-zk-daemon","_UID":"0","_STREAM_ID":"c06b84c0a30b4e8ca7b18f0ef25e60f6","MESSAGE":"[timing] side=gateway pending_id=138 token=3711028456 nonce_prefix=cc7c31ec result=ok wait_ct_us=2 verify_us=102 decap_us=92 peer_us=202 total_us=581","_MACHINE_ID":"690ce7d60d764639b5ea18bbb8cfa3c2","PRIORITY":"6","_COMM":"wg-zk-daemon","_BOOT_ID":"803d77ddc49e4e5ea7391884acfbd14f","_SYSTEMD_CGROUP":"/system.slice/wgzk.service","SYSLOG_FACILITY":"3","_TRANSPORT":"stdout","__CURSOR":"s=e6a325d7aab144b09b565d8c4be4d789;i=6a60;b=803d77ddc49e4e5ea7391884acfbd14f;m=f550e6d44;t=65cb150614046;x=1b9576f72120beae","_GID":"0","_EXE":"/usr/local/bin/wg-zk-daemon","_SELINUX_CONTEXT":"unconfined\n","_PID":"24784","__MONOTONIC_TIMESTAMP":"65851518276","_SYSTEMD_INVOCATION_ID":"e80a96ce807a42dfbb6c3a602e7234cb"}
{"_CMDLINE":"/usr/local/bin/wg-zk-daemon","_COMM":"wg-zk-daemon","__REALTIME_TIMESTAMP":"1790766487782844","_SYSTEMD_CGROUP":"/system.slice/wgzk.service","_SYSTEMD_UNIT":"wgzk.service","_CAP_EFFECTIVE":"1ffffffffff","_STREAM_ID":"c06b84c0a30b4e8ca7b18f0ef25e60f6","_MACHINE_ID":"690ce7d60d764639b5ea18bbb8cfa3c2","MESSAGE":"[timing] side=gateway pending_id=139 token=3680633703 nonce_prefix=195cf53e result=ok wait_ct_us=1 verify_us=92 decap_us=85 peer_us=64 total_us=448","_PID":"24784","__MONOTONIC_TIMESTAMP":"65851519675","_SYSTEMD_SLICE":"system.slice","PRIORITY":"6","_EXE":"/usr/local/bin/wg-zk-daemon","_UID":"0","_SYSTEMD_INVOCATION_ID":"e80a96ce807a42dfbb6c3a602e7234cb","_TRANSPORT":"stdout","SYSLOG_FACILITY":"3","_BOOT_ID":"803d77ddc49e4e5ea7391884acfbd14f","_SELINUX_CONTEXT":"unconfined\n","_GID":"0","_HOSTNAME":"wgzk-gateway","__CURSOR":"s=e6a325d7aab144b09b565d8c4be4d789;i=6a63;b=803d77ddc49e4e5ea7391884acfbd14f;m=f550e72bb;t=65cb1506145bc;x=6febfb34ace5aedc","SYSLOG_IDENTIFIER":"wgzk-start.sh"}
{"_SYSTEMD_INVOCATION_ID":"e80a96ce807a42dfbb6c3a602e7234cb","PRIORITY":"6","_COMM":"wg-zk-daemon","_HOSTNAME":"wgzk-gateway","SYSLOG_IDENTIFIER":"wgzk-start.sh","_EXE":"/usr/local/bin/wg-zk-daemon","_SYSTEMD_SLICE":"system.slice","_PID":"24784","MESSAGE":"[timing] side=gateway pending_id=140 token=3106403000 nonce_prefix=0de31734 result=ok wait_ct_us=1 verify_us=246 decap_us=112 peer_us=122 total_us=1465","_TRANSPORT":"stdout","_UID":"0","_SELINUX_CONTEXT":"unconfined\n","_SYSTEMD_UNIT":"wgzk.service","__REALTIME_TIMESTAMP":"1790766487783965","_CMDLINE":"/usr/local/bin/wg-zk-daemon","_GID":"0","__MONOTONIC_TIMESTAMP":"65851520795","SYSLOG_FACILITY":"3","_STREAM_ID":"c06b84c0a30b4e8ca7b18f0ef25e60f6","_MACHINE_ID":"690ce7d60d764639b5ea18bbb8cfa3c2","_SYSTEMD_CGROUP":"/system.slice/wgzk.service","_BOOT_ID":"803d77ddc49e4e5ea7391884acfbd14f","__CURSOR":"s=e6a325d7aab144b09b565d8c4be4d789;i=6a64;b=803d77ddc49e4e5ea7391884acfbd14f;m=f550e771b;t=65cb150614a1d;x=793f5f2d923bea66","_CAP_EFFECTIVE":"1ffffffffff"}
{"__MONOTONIC_TIMESTAMP":"65851524096","_SYSTEMD_UNIT":"wgzk.service","_HOSTNAME":"wgzk-gateway","__CURSOR":"s=e6a325d7aab144b09b565d8c4be4d789;i=6a69;b=803d77ddc49e4e5ea7391884acfbd14f;m=f550e8400;t=65cb150615702;x=b4c8cd0ccbca3c35","_EXE":"/usr/local/bin/wg-zk-daemon","MESSAGE":"[timing] side=gateway pending_id=141 token=2661042721 nonce_prefix=09e95647 result=ok wait_ct_us=1 verify_us=108 decap_us=87 peer_us=61 total_us=519","PRIORITY":"6","__REALTIME_TIMESTAMP":"1790766487787266","_UID":"0","_PID":"24784","_SYSTEMD_INVOCATION_ID":"e80a96ce807a42dfbb6c3a602e7234cb","_MACHINE_ID":"690ce7d60d764639b5ea18bbb8cfa3c2","SYSLOG_IDENTIFIER":"wgzk-start.sh","_SYSTEMD_SLICE":"system.slice","_CAP_EFFECTIVE":"1ffffffffff","_SELINUX_CONTEXT":"unconfined\n","_GID":"0","_COMM":"wg-zk-daemon","_CMDLINE":"/usr/local/bin/wg-zk-daemon","_STREAM_ID":"c06b84c0a30b4e8ca7b18f0ef25e60f6","_SYSTEMD_CGROUP":"/system.slice/wgzk.service","_TRANSPORT":"stdout","SYSLOG_FACILITY":"3","_BOOT_ID":"803d77ddc49e4e5ea7391884acfbd14f"}
{"PRIORITY":"6","_CAP_EFFECTIVE":"1ffffffffff","_STREAM_ID":"c06b84c0a30b4e8ca7b18f0ef25e60f6","_CMDLINE":"/usr/local/bin/wg-zk-daemon","__CURSOR":"s=e6a325d7aab144b09b565d8c4be4d789;i=6a6a;b=803d77ddc49e4e5ea7391884acfbd14f;m=f550e85f5;t=65cb1506158f7;x=fbdf1b9c7334bcb9","SYSLOG_IDENTIFIER":"wgzk-start.sh","_TRANSPORT":"stdout","_PID":"24784","_SYSTEMD_INVOCATION_ID":"e80a96ce807a42dfbb6c3a602e7234cb","_MACHINE_ID":"690ce7d60d764639b5ea18bbb8cfa3c2","_GID":"0","_HOSTNAME":"wgzk-gateway","MESSAGE":"[timing] side=gateway pending_id=142 token=1138655883 nonce_prefix=ee9f3353 result=ok wait_ct_us=1 verify_us=91 decap_us=287 peer_us=191 total_us=1255","SYSLOG_FACILITY":"3","_BOOT_ID":"803d77ddc49e4e5ea7391884acfbd14f","__REALTIME_TIMESTAMP":"1790766487787767","_SYSTEMD_CGROUP":"/system.slice/wgzk.service","_SYSTEMD_SLICE":"system.slice","_SELINUX_CONTEXT":"unconfined\n","_EXE":"/usr/local/bin/wg-zk-daemon","__MONOTONIC_TIMESTAMP":"65851524597","_COMM":"wg-zk-daemon","_SYSTEMD_UNIT":"wgzk.service","_UID":"0"}
{"_GID":"0","_COMM":"wg-zk-daemon","MESSAGE":"[timing] side=gateway pending_id=143 token=3003184917 nonce_prefix=e1e44dc3 result=ok wait_ct_us=1 verify_us=143 decap_us=82 peer_us=57 total_us=2007","_SYSTEMD_SLICE":"system.slice","__REALTIME_TIMESTAMP":"1790766487788708","_BOOT_ID":"803d77ddc49e4e5ea7391884acfbd14f","_CAP_EFFECTIVE":"1ffffffffff","_SYSTEMD_UNIT":"wgzk.service","_SYSTEMD_INVOCATION_ID":"e80a96ce807a42dfbb6c3a602e7234cb","SYSLOG_FACILITY":"3","_HOSTNAME":"wgzk-gateway","SYSLOG_IDENTIFIER":"wgzk-start.sh","_CMDLINE":"/usr/local/bin/wg-zk-daemon","_TRANSPORT":"stdout","__CURSOR":"s=e6a325d7aab144b09b565d8c4be4d789;i=6a6b;b=803d77ddc49e4e5ea7391884acfbd14f;m=f550e89a2;t=65cb150615ca4;x=aa474e03fa34060f","_SYSTEMD_CGROUP":"/system.slice/wgzk.service","PRIORITY":"6","_MACHINE_ID":"690ce7d60d764639b5ea18bbb8cfa3c2","_STREAM_ID":"c06b84c0a30b4e8ca7b18f0ef25e60f6","_EXE":"/usr/local/bin/wg-zk-daemon","__MONOTONIC_TIMESTAMP":"65851525538","_SELINUX_CONTEXT":"unconfined\n","_PID":"24784","_UID":"0"}
{"__CURSOR":"s=e6a325d7aab144b09b565d8c4be4d789;i=6a6c;b=803d77ddc49e4e5ea7391884acfbd14f;m=f550e8baf;t=65cb150615eb1;x=e400c3b545019e5c","__MONOTONIC_TIMESTAMP":"65851526063","SYSLOG_FACILITY":"3","_SYSTEMD_INVOCATION_ID":"e80a96ce807a42dfbb6c3a602e7234cb","_SELINUX_CONTEXT":"unconfined\n","_COMM":"wg-zk-daemon","_EXE":"/usr/local/bin/wg-zk-daemon","_PID":"24784","_HOSTNAME":"wgzk-gateway","_GID":"0","SYSLOG_IDENTIFIER":"wgzk-start.sh","_UID":"0","_SYSTEMD_CGROUP":"/system.slice/wgzk.service","_STREAM_ID":"c06b84c0a30b4e8ca7b18f0ef25e60f6","_MACHINE_ID":"690ce7d60d764639b5ea18bbb8cfa3c2","_CAP_EFFECTIVE":"1ffffffffff","_BOOT_ID":"803d77ddc49e4e5ea7391884acfbd14f","MESSAGE":"[timing] side=gateway pending_id=144 token=2357546104 nonce_prefix=e4055d39 result=ok wait_ct_us=1 verify_us=98 decap_us=81 peer_us=57 total_us=2716","_SYSTEMD_UNIT":"wgzk.service","__REALTIME_TIMESTAMP":"1790766487789233","_CMDLINE":"/usr/local/bin/wg-zk-daemon","_TRANSPORT":"stdout","PRIORITY":"6","_SYSTEMD_SLICE":"system.slice"}
{"__MONOTONIC_TIMESTAMP":"65851528567","_CAP_EFFECTIVE":"1ffffffffff","_BOOT_ID":"803d77ddc49e4e5ea7391884acfbd14f","_PID":"24784","_EXE":"/usr/local/bin/wg-zk-daemon","_SYSTEMD_CGROUP":"/system.slice/wgzk.service","_MACHINE_ID":"690ce7d60d764639b5ea18bbb8cfa3c2","_TRANSPORT":"stdout","_SYSTEMD_INVOCATION_ID":"e80a96ce807a42dfbb6c3a602e7234cb","__REALTIME_TIMESTAMP":"1790766487791736","_STREAM_ID":"c06b84c0a30b4e8ca7b18f0ef25e60f6","_CMDLINE":"/usr/local/bin/wg-zk-daemon","_GID":"0","_COMM":"wg-zk-daemon","SYSLOG_FACILITY":"3","__CURSOR":"s=e6a325d7aab144b09b565d8c4be4d789;i=6a6e;b=803d77ddc49e4e5ea7391884acfbd14f;m=f550e9577;t=65cb150616878;x=eba95e4b3cd1285c","_SELINUX_CONTEXT":"unconfined\n","_HOSTNAME":"wgzk-gateway","_SYSTEMD_UNIT":"wgzk.service","SYSLOG_IDENTIFIER":"wgzk-start.sh","PRIORITY":"6","_UID":"0","MESSAGE":"[timing] side=gateway pending_id=145 token=1549921379 nonce_prefix=75e770ef result=ok wait_ct_us=1 verify_us=92 decap_us=82 peer_us=95 total_us=284","_SYSTEMD_SLICE":"system.slice"}
{"_PID":"24784","PRIORITY":"6","MESSAGE":"[timing] side=gateway pending_id=146 token=44804488 nonce_prefix=c2959c98 result=ok wait_ct_us=2 verify_us=143 decap_us=164 peer_us=134 total_us=468","_SYSTEMD_SLICE":"system.slice","_GID":"0","_BOOT_ID":"803d77ddc49e4e5ea7391884acfbd14f","_CAP_EFFECTIVE":"1ffffffffff","_SELINUX_CONTEXT":"unconfined\n","_SYSTEMD_INVOCATION_ID":"e80a96ce807a42dfbb6c3a602e7234cb","_MACHINE_ID":"690ce7d60d764639b5ea18bbb8cfa3c2","SYSLOG_FACILITY":"3","_SYSTEMD_UNIT":"wgzk.service","_COMM":"wg-zk-daemon","SYSLOG_IDENTIFIER":"wgzk-start.sh","__REALTIME_TIMESTAMP":"1790766489125913","__CURSOR":"s=e6a325d7aab144b09b565d8c4be4d789;i=6a70;b=803d77ddc49e4e5ea7391884acfbd14f;m=f5522f118;t=65cb15075c419;x=89af8a47341154b7","_SYSTEMD_CGROUP":"/system.slice/wgzk.service","__MONOTONIC_TIMESTAMP":"65852862744","_CMDLINE":"/usr/local/bin/wg-zk-daemon","_STREAM_ID":"c06b84c0a30b4e8ca7b18f0ef25e60f6","_EXE":"/usr/local/bin/wg-zk-daemon","_TRANSPORT":"stdout","_HOSTNAME":"wgzk-gateway","_UID":"0"}
{"_HOSTNAME":"wgzk-gateway","_MACHINE_ID":"690ce7d60d764639b5ea18bbb8cfa3c2","_SELINUX_CONTEXT":"unconfined\n","_CMDLINE":"/usr/local/bin/wg-zk-daemon","SYSLOG_FACILITY":"3","__CURSOR":"s=e6a325d7aab144b09b565d8c4be4d789;i=6a72;b=803d77ddc49e4e5ea7391884acfbd14f;m=f5522f663;t=65cb15075c964;x=312602127495d3a4","SYSLOG_IDENTIFIER":"wgzk-start.sh","_COMM":"wg-zk-daemon","_EXE":"/usr/local/bin/wg-zk-daemon","_PID":"24784","MESSAGE":"[timing] side=gateway pending_id=148 token=2480883048 nonce_prefix=c31381f8 result=ok wait_ct_us=0 verify_us=482 decap_us=116 peer_us=67 total_us=1036","_STREAM_ID":"c06b84c0a30b4e8ca7b18f0ef25e60f6","_CAP_EFFECTIVE":"1ffffffffff","_SYSTEMD_SLICE":"system.slice","_TRANSPORT":"stdout","_BOOT_ID":"803d77ddc49e4e5ea7391884acfbd14f","_GID":"0","_SYSTEMD_CGROUP":"/system.slice/wgzk.service","_UID":"0","__MONOTONIC_TIMESTAMP":"65852864099","_SYSTEMD_INVOCATION_ID":"e80a96ce807a42dfbb6c3a602e7234cb","_SYSTEMD_UNIT":"wgzk.service","__REALTIME_TIMESTAMP":"1790766489127268","PRIORITY":"6"}
{"_UID":"0","SYSLOG_FACILITY":"3","_HOSTNAME":"wgzk-gateway","_EXE":"/usr/local/bin/wg-zk-daemon","_CMDLINE":"/usr/local/bin/wg-zk-daemon","_COMM":"wg-zk-daemon","_CAP_EFFECTIVE":"1ffffffffff","__CURSOR":"s=e6a325d7aab144b09b565d8c4be4d789;i=6a74;b=803d77ddc49e4e5ea7391884acfbd14f;m=f5522fdfe;t=65cb15075d0ff;x=ef87cfa90763c71b","PRIORITY":"6","_BOOT_ID":"803d77ddc49e4e5ea7391884acfbd14f","_SELINUX_CONTEXT":"unconfined\n","MESSAGE":"[timing] side=gateway pending_id=147 token=3273489318 nonce_prefix=400e9249 result=ok wait_ct_us=1691 verify_us=553 decap_us=115 peer_us=105 total_us=2484","__REALTIME_TIMESTAMP":"1790766489129215","_PID":"24784","__MONOTONIC_TIMESTAMP":"65852866046","_SYSTEMD_UNIT":"wgzk.service","_SYSTEMD_INVOCATION_ID":"e80a96ce807a42dfbb6c3a602e7234cb","_MACHINE_ID":"690ce7d60d764639b5ea18bbb8cfa3c2","_SYSTEMD_CGROUP":"/system.slice/wgzk.service","_TRANSPORT":"stdout","_STREAM_ID":"c06b84c0a30b4e8ca7b18f0ef25e60f6","_SYSTEMD_SLICE":"system.slice","SYSLOG_IDENTIFIER":"wgzk-start.sh","_GID":"0"}
{"_HOSTNAME":"wgzk-gateway","_SELINUX_CONTEXT":"unconfined\n","_BOOT_ID":"803d77ddc49e4e5ea7391884acfbd14f","_STREAM_ID":"c06b84c0a30b4e8ca7b18f0ef25e60f6","MESSAGE":"[timing] side=gateway pending_id=149 token=914777571 nonce_prefix=5c26b0ae result=ok wait_ct_us=1 verify_us=91 decap_us=98 peer_us=74 total_us=373","_CMDLINE":"/usr/local/bin/wg-zk-daemon","__CURSOR":"s=e6a325d7aab144b09b565d8c4be4d789;i=6a76;b=803d77ddc49e4e5ea7391884acfbd14f;m=f552300e6;t=65cb15075d3e8;x=3b0dbea1ca4525a7","SYSLOG_IDENTIFIER":"wgzk-start.sh","_EXE":"/usr/local/bin/wg-zk-daemon","_SYSTEMD_CGROUP":"/system.slice/wgzk.service","_CAP_EFFECTIVE":"1ffffffffff","_COMM":"wg-zk-daemon","_PID":"24784","_UID":"0","_SYSTEMD_SLICE":"system.slice","_TRANSPORT":"stdout","__MONOTONIC_TIMESTAMP":"65852866790","_GID":"0","SYSLOG_FACILITY":"3","_MACHINE_ID":"690ce7d60d764639b5ea18bbb8cfa3c2","PRIORITY":"6","_SYSTEMD_INVOCATION_ID":"e80a96ce807a42dfbb6c3a602e7234cb","_SYSTEMD_UNIT":"wgzk.service","__REALTIME_TIMESTAMP":"1790766489129960"}
{"_EXE":"/usr/local/bin/wg-zk-daemon","_SYSTEMD_UNIT":"wgzk.service","_BOOT_ID":"803d77ddc49e4e5ea7391884acfbd14f","_MACHINE_ID":"690ce7d60d764639b5ea18bbb8cfa3c2","_UID":"0","_GID":"0","_TRANSPORT":"stdout","_SELINUX_CONTEXT":"unconfined\n","_COMM":"wg-zk-daemon","_STREAM_ID":"c06b84c0a30b4e8ca7b18f0ef25e60f6","__CURSOR":"s=e6a325d7aab144b09b565d8c4be4d789;i=6a79;b=803d77ddc49e4e5ea7391884acfbd14f;m=f552308b5;t=65cb15075dbb7;x=d0075e22c008b147","_SYSTEMD_INVOCATION_ID":"e80a96ce807a42dfbb6c3a602e7234cb","SYSLOG_FACILITY":"3","_PID":"24784","__REALTIME_TIMESTAMP":"1790766489131959","MESSAGE":"[timing] side=gateway pending_id=150 token=929254050 nonce_prefix=f2caf12f result=ok wait_ct_us=237 verify_us=350 decap_us=180 peer_us=60 total_us=846","PRIORITY":"6","_HOSTNAME":"wgzk-gateway","_CMDLINE":"/usr/local/bin/wg-zk-daemon","_SYSTEMD_CGROUP":"/system.slice/wgzk.service","_CAP_EFFECTIVE":"1ffffffffff","_SYSTEMD_SLICE":"system.slice","__MONOTONIC_TIMESTAMP":"65852868789","SYSLOG_IDENTIFIER":"wgzk-start.sh"}
{"_PID":"24784","_GID":"0","_EXE":"/usr/local/bin/wg-zk-daemon","__MONOTONIC_TIMESTAMP":"65852869668","_CAP_EFFECTIVE":"1ffffffffff","_MACHINE_ID":"690ce7d60d764639b5ea18bbb8cfa3c2","_TRANSPORT":"stdout","_SELINUX_CONTEXT":"unconfined\n","PRIORITY":"6","_BOOT_ID":"803d77ddc49e4e5ea7391884acfbd14f","_SYSTEMD_SLICE":"system.slice","MESSAGE":"[timing] side=gateway pending_id=151 token=2688946830 nonce_prefix=83fbbbfc result=ok wait_ct_us=1 verify_us=289 decap_us=112 peer_us=57 total_us=1728","SYSLOG_FACILITY":"3","__REALTIME_TIMESTAMP":"1790766489132837","_SYSTEMD_INVOCATION_ID":"e80a96ce807a42dfbb6c3a602e7234cb","_CMDLINE":"/usr/local/bin/wg-zk-daemon","_SYSTEMD_CGROUP":"/system.slice/wgzk.service","SYSLOG_IDENTIFIER":"wgzk-start.sh","_COMM":"wg-zk-daemon","__CURSOR":"s=e6a325d7aab144b09b565d8c4be4d789;i=6a7a;b=803d77ddc49e4e5ea7391884acfbd14f;m=f55230c24;t=65cb15075df25;x=4f1a0c68ada1a89c","_HOSTNAME":"wgzk-gateway","_SYSTEMD_UNIT":"wgzk.service","_STREAM_ID":"c06b84c0a30b4e8ca7b18f0ef25e60f6","_UID":"0"}
{"SYSLOG_IDENTIFIER":"wgzk-start.sh","_SYSTEMD_UNIT":"wgzk.service","_UID":"0","_HOSTNAME":"wgzk-gateway","_COMM":"wg-zk-daemon","_SYSTEMD_CGROUP":"/system.slice/wgzk.service","_PID":"24784","_SELINUX_CONTEXT":"unconfined\n","__CURSOR":"s=e6a325d7aab144b09b565d8c4be4d789;i=6a7d;b=803d77ddc49e4e5ea7391884acfbd14f;m=f55231023;t=65cb15075e325;x=8408f59697bae2df","__MONOTONIC_TIMESTAMP":"65852870691","PRIORITY":"6","_MACHINE_ID":"690ce7d60d764639b5ea18bbb8cfa3c2","_GID":"0","MESSAGE":"[timing] side=gateway pending_id=152 token=2053934270 nonce_prefix=d26d286e result=ok wait_ct_us=48 verify_us=94 decap_us=81 peer_us=57 total_us=593","_BOOT_ID":"803d77ddc49e4e5ea7391884acfbd14f","_EXE":"/usr/local/bin/wg-zk-daemon","_SYSTEMD_SLICE":"system.slice","__REALTIME_TIMESTAMP":"1790766489133861","_TRANSPORT":"stdout","_CAP_EFFECTIVE":"1ffffffffff","_CMDLINE":"/usr/local/bin/wg-zk-daemon","_SYSTEMD_INVOCATION_ID":"e80a96ce807a42dfbb6c3a602e7234cb","SYSLOG_FACILITY":"3","_STREAM_ID":"c06b84c0a30b4e8ca7b18f0ef25e60f6"}
{"_BOOT_ID":"803d77ddc49e4e5ea7391884acfbd14f","_CMDLINE":"/usr/local/bin/wg-zk-daemon","MESSAGE":"[timing] side=gateway pending_id=153 token=3367940085 nonce_prefix=c9e25177 result=ok wait_ct_us=1 verify_us=318 decap_us=84 peer_us=104 total_us=1315","_TRANSPORT":"stdout","__CURSOR":"s=e6a325d7aab144b09b565d8c4be4d789;i=6a7e;b=803d77ddc49e4e5ea7391884acfbd14f;m=f5523122f;t=65cb15075e531;x=f3c907bd41c3922c","_SYSTEMD_UNIT":"wgzk.service","_MACHINE_ID":"690ce7d60d764639b5ea18bbb8cfa3c2","_SELINUX_CONTEXT":"unconfined\n","_EXE":"/usr/local/bin/wg-zk-daemon","__REALTIME_TIMESTAMP":"1790766489134385","SYSLOG_IDENTIFIER":"wgzk-start.sh","_GID":"0","_SYSTEMD_INVOCATION_ID":"e80a96ce807a42dfbb6c3a602e7234cb","_HOSTNAME":"wgzk-gateway","_CAP_EFFECTIVE":"1ffffffffff","_SYSTEMD_SLICE":"system.slice","SYSLOG_FACILITY":"3","_UID":"0","_STREAM_ID":"c06b84c0a30b4e8ca7b18f0ef25e60f6","PRIORITY":"6","__MONOTONIC_TIMESTAMP":"65852871215","_COMM":"wg-zk-daemon","_PID":"24784","_SYSTEMD_CGROUP":"/system.slice/wgzk.service"}
{"PRIORITY":"6","_STREAM_ID":"c06b84c0a30b4e8ca7b18f0ef25e60f6","_SYSTEMD_SLICE":"system.slice","_CAP_EFFECTIVE":"1ffffffffff","_SYSTEMD_UNIT":"wgzk.service","__MONOTONIC_TIMESTAMP":"65854209132","__CURSOR":"s=e6a325d7aab144b09b565d8c4be4d789;i=6a80;b=803d77ddc49e4e5ea7391884acfbd14f;m=f55377c6c;t=65cb1508a4f6d;x=f4cc275fbddafdc3","_CMDLINE":"/usr/local/bin/wg-zk-daemon","_COMM":"wg-zk-daemon","_EXE":"/usr/local/bin/wg-zk-daemon","SYSLOG_FACILITY":"3","SYSLOG_IDENTIFIER":"wgzk-start.sh","_GID":"0","_SELINUX_CONTEXT":"unconfined\n","_UID":"0","_HOSTNAME":"wgzk-gateway","_BOOT_ID":"803d77ddc49e4e5ea7391884acfbd14f","_SYSTEMD_CGROUP":"/system.slice/wgzk.service","_PID":"24784","__REALTIME_TIMESTAMP":"1790766490472301","_SYSTEMD_INVOCATION_ID":"e80a96ce807a42dfbb6c3a602e7234cb","_TRANSPORT":"stdout","_MACHINE_ID":"690ce7d60d764639b5ea18bbb8cfa3c2","MESSAGE":"[timing] side=gateway pending_id=154 token=2866498286 nonce_prefix=365a7b78 result=ok wait_ct_us=2 verify_us=137 decap_us=91 peer_us=80 total_us=575"}
{"_SYSTEMD_SLICE":"system.slice","_SYSTEMD_INVOCATION_ID":"e80a96ce807a42dfbb6c3a602e7234cb","__MONOTONIC_TIMESTAMP":"65854209872","_SYSTEMD_CGROUP":"/system.slice/wgzk.service","_EXE":"/usr/local/bin/wg-zk-daemon","_PID":"24784","_CAP_EFFECTIVE":"1ffffffffff","_SELINUX_CONTEXT":"unconfined\n","_BOOT_ID":"803d77ddc49e4e5ea7391884acfbd14f","_CMDLINE":"/usr/local/bin/wg-zk-daemon","_SYSTEMD_UNIT":"wgzk.service","_TRANSPORT":"stdout","_GID":"0","_HOSTNAME":"wgzk-gateway","SYSLOG_FACILITY":"3","SYSLOG_IDENTIFIER":"wgzk-start.sh","MESSAGE":"[timing] side=gateway pending_id=155 token=772498874 nonce_prefix=a68946de result=ok wait_ct_us=1 verify_us=190 decap_us=117 peer_us=63 total_us=388","_MACHINE_ID":"690ce7d60d764639b5ea18bbb8cfa3c2","_COMM":"wg-zk-daemon","PRIORITY":"6","__CURSOR":"s=e6a325d7aab144b09b565d8c4be4d789;i=6a82;b=803d77ddc49e4e5ea7391884acfbd14f;m=f55377f50;t=65cb1508a5252;x=15048a93c2d79d69","_STREAM_ID":"c06b84c0a30b4e8ca7b18f0ef25e60f6","_UID":"0","__REALTIME_TIMESTAMP":"1790766490473042"}
{"_SYSTEMD_SLICE":"system.slice","_SYSTEMD_CGROUP":"/system.slice/wgzk.service","_BOOT_ID":"803d77ddc49e4e5ea7391884acfbd14f","_GID":"0","_SYSTEMD_INVOCATION_ID":"e80a96ce807a42dfbb6c3a602e7234cb","MESSAGE":"[timing] side=gateway pending_id=156 token=1693665715 nonce_prefix=b6526770 result=ok wait_ct_us=308 verify_us=138 decap_us=99 peer_us=65 total_us=954","_UID":"0","_SYSTEMD_UNIT":"wgzk.service","_STREAM_ID":"c06b84c0a30b4e8ca7b18f0ef25e60f6","__MONOTONIC_TIMESTAMP":"65854211520","_TRANSPORT":"stdout","SYSLOG_IDENTIFIER":"wgzk-start.sh","_SELINUX_CONTEXT":"unconfined\n","__CURSOR":"s=e6a325d7aab144b09b565d8c4be4d789;i=6a85;b=803d77ddc49e4e5ea7391884acfbd14f;m=f553785c0;t=65cb1508a58c2;x=cb3c591779f7308c","_EXE":"/usr/local/bin/wg-zk-daemon","SYSLOG_FACILITY":"3","_COMM":"wg-zk-daemon","__REALTIME_TIMESTAMP":"1790766490474690","_CMDLINE":"/usr/local/bin/wg-zk-daemon","_MACHINE_ID":"690ce7d60d764639b5ea18bbb8cfa3c2","_CAP_EFFECTIVE":"1ffffffffff","_PID":"24784","PRIORITY":"6","_HOSTNAME":"wgzk-gateway"}
{"_STREAM_ID":"c06b84c0a30b4e8ca7b18f0ef25e60f6","__REALTIME_TIMESTAMP":"1790766490475772","_HOSTNAME":"wgzk-gateway","SYSLOG_FACILITY":"3","_TRANSPORT":"stdout","_PID":"24784","PRIORITY":"6","_CMDLINE":"/usr/local/bin/wg-zk-daemon","_COMM":"wg-zk-daemon","__MONOTONIC_TIMESTAMP":"65854212602","_SYSTEMD_CGROUP":"/system.slice/wgzk.service","MESSAGE":"[timing] side=gateway pending_id=157 token=406236412 nonce_prefix=ed941544 result=ok wait_ct_us=1 verify_us=364 decap_us=81 peer_us=59 total_us=774","_SYSTEMD_UNIT":"wgzk.service","_UID":"0","__CURSOR":"s=e6a325d7aab144b09b565d8c4be4d789;i=6a86;b=803d77ddc49e4e5ea7391884acfbd14f;m=f553789fa;t=65cb1508a5cfc;x=6e364c700e5e369a","_CAP_EFFECTIVE":"1ffffffffff","_SYSTEMD_SLICE":"system.slice","SYSLOG_IDENTIFIER":"wgzk-start.sh","_SELINUX_CONTEXT":"unconfined\n","_EXE":"/usr/local/bin/wg-zk-daemon","_SYSTEMD_INVOCATION_ID":"e80a96ce807a42dfbb6c3a602e7234cb","_GID":"0","_MACHINE_ID":"690ce7d60d764639b5ea18bbb8cfa3c2","_BOOT_ID":"803d77ddc49e4e5ea7391884acfbd14f"}
{"__MONOTONIC_TIMESTAMP":"65854213971","_SELINUX_CONTEXT":"unconfined\n","_SYSTEMD_UNIT":"wgzk.service","_SYSTEMD_CGROUP":"/system.slice/wgzk.service","_HOSTNAME":"wgzk-gateway","_BOOT_ID":"803d77ddc49e4e5ea7391884acfbd14f","_EXE":"/usr/local/bin/wg-zk-daemon","_GID":"0","_COMM":"wg-zk-daemon","_STREAM_ID":"c06b84c0a30b4e8ca7b18f0ef25e60f6","_UID":"0","__REALTIME_TIMESTAMP":"1790766490477141","PRIORITY":"6","_PID":"24784","_CAP_EFFECTIVE":"1ffffffffff","_SYSTEMD_SLICE":"system.slice","SYSLOG_FACILITY":"3","_SYSTEMD_INVOCATION_ID":"e80a96ce807a42dfbb6c3a602e7234cb","MESSAGE":"[timing] side=gateway pending_id=158 token=3532779586 nonce_prefix=7fb14d30 result=ok wait_ct_us=1 verify_us=91 decap_us=80 peer_us=84 total_us=537","_MACHINE_ID":"690ce7d60d764639b5ea18bbb8cfa3c2","SYSLOG_IDENTIFIER":"wgzk-start.sh","_CMDLINE":"/usr/local/bin/wg-zk-daemon","_TRANSPORT":"stdout","__CURSOR":"s=e6a325d7aab144b09b565d8c4be4d789;i=6a88;b=803d77ddc49e4e5ea7391884acfbd14f;m=f55378f53;t=65cb1508a6255;x=345f226765552eac"}
{"PRIORITY":"6","__REALTIME_TIMESTAMP":"1790766490478787","_CMDLINE":"/usr/local/bin/wg-zk-daemon","_MACHINE_ID":"690ce7d60d764639b5ea18bbb8cfa3c2","SYSLOG_FACILITY":"3","_TRANSPORT":"stdout","_STREAM_ID":"c06b84c0a30b4e8ca7b18f0ef25e60f6","_SYSTEMD_CGROUP":"/system.slice/wgzk.service","_BOOT_ID":"803d77ddc49e4e5ea7391884acfbd14f","_EXE":"/usr/local/bin/wg-zk-daemon","_SYSTEMD_UNIT":"wgzk.service","_SYSTEMD_INVOCATION_ID":"e80a96ce807a42dfbb6c3a602e7234cb","_SELINUX_CONTEXT":"unconfined\n","SYSLOG_IDENTIFIER":"wgzk-start.sh","_SYSTEMD_SLICE":"system.slice","_PID":"24784","_CAP_EFFECTIVE":"1ffffffffff","_GID":"0","_HOSTNAME":"wgzk-gateway","__CURSOR":"s=e6a325d7aab144b09b565d8c4be4d789;i=6a8a;b=803d77ddc49e4e5ea7391884acfbd14f;m=f553795c1;t=65cb1508a68c3;x=3d087c20f9b6da27","_COMM":"wg-zk-daemon","_UID":"0","__MONOTONIC_TIMESTAMP":"65854215617","MESSAGE":"[timing] side=gateway pending_id=159 token=3675300704 nonce_prefix=6b427f64 result=ok wait_ct_us=1 verify_us=95 decap_us=81 peer_us=58 total_us=315"}
{"_SYSTEMD_SLICE":"system.slice","_MACHINE_ID":"690ce7d60d764639b5ea18bbb8cfa3c2","_SELINUX_CONTEXT":"unconfined\n","_PID":"24784","PRIORITY":"6","_STREAM_ID":"c06b84c0a30b4e8ca7b18f0ef25e60f6","_SYSTEMD_INVOCATION_ID":"e80a96ce807a42dfbb6c3a602e7234cb","_HOSTNAME":"wgzk-gateway","_COMM":"wg-zk-daemon","_CMDLINE":"/usr/local/bin/wg-zk-daemon","_CAP_EFFECTIVE":"1ffffffffff","_GID":"0","_SYSTEMD_UNIT":"wgzk.service","__REALTIME_TIMESTAMP":"1790766490480217","MESSAGE":"[timing] side=gateway pending_id=160 token=2743485792 nonce_prefix=30ffdaf7 result=ok wait_ct_us=1 verify_us=91 decap_us=84 peer_us=66 total_us=298","SYSLOG_IDENTIFIER":"wgzk-start.sh","_BOOT_ID":"803d77ddc49e4e5ea7391884acfbd14f","SYSLOG_FACILITY":"3","__MONOTONIC_TIMESTAMP":"65854217048","_TRANSPORT":"stdout","_SYSTEMD_CGROUP":"/system.slice/wgzk.service","_EXE":"/usr/local/bin/wg-zk-daemon","_UID":"0","__CURSOR":"s=e6a325d7aab144b09b565d8c4be4d789;i=6a8d;b=803d77ddc49e4e5ea7391884acfbd14f;m=f55379b58;t=65cb1508a6e59;x=d25d1cec69a15c9b"}
{"_COMM":"wg-zk-daemon","_SYSTEMD_CGROUP":"/system.slice/wgzk.service","_CMDLINE":"/usr/local/bin/wg-zk-daemon","_TRANSPORT":"stdout","_SYSTEMD_UNIT":"wgzk.service","_MACHINE_ID":"690ce7d60d764639b5ea18bbb8cfa3c2","PRIORITY":"6","_GID":"0","__REALTIME_TIMESTAMP":"1790766490480527","_PID":"24784","SYSLOG_FACILITY":"3","__CURSOR":"s=e6a325d7aab144b09b565d8c4be4d789;i=6a8e;b=803d77ddc49e4e5ea7391884acfbd14f;m=f55379c8e;t=65cb1508a6f8f;x=409da8dd74adb7db","_CAP_EFFECTIVE":"1ffffffffff","_SYSTEMD_INVOCATION_ID":"e80a96ce807a42dfbb6c3a602e7234cb","_BOOT_ID":"803d77ddc49e4e5ea7391884acfbd14f","_SYSTEMD_SLICE":"system.slice","_STREAM_ID":"c06b84c0a30b4e8ca7b18f0ef25e60f6","_HOSTNAME":"wgzk-gateway","_EXE":"/usr/local/bin/wg-zk-daemon","__MONOTONIC_TIMESTAMP":"65854217358","_SELINUX_CONTEXT":"unconfined\n","_UID":"0","SYSLOG_IDENTIFIER":"wgzk-start.sh","MESSAGE":"[timing] side=gateway pending_id=161 token=3035942998 nonce_prefix=699f333b result=ok wait_ct_us=1 verify_us=91 decap_us=225 peer_us=58 total_us=907"}
{"PRIORITY":"6","_STREAM_ID":"c06b84c0a30b4e8ca7b18f0ef25e60f6","_COMM":"wg-zk-daemon","_SYSTEMD_UNIT":"wgzk.service","_UID":"0","__REALTIME_TIMESTAMP":"1790766491812550","__MONOTONIC_TIMESTAMP":"65855549380","SYSLOG_FACILITY":"3","_SYSTEMD_INVOCATION_ID":"e80a96ce807a42dfbb6c3a602e7234cb","_CAP_EFFECTIVE":"1ffffffffff","MESSAGE":"[timing] side=gateway pending_id=162 token=2232877995 nonce_prefix=744a2bb2 result=ok wait_ct_us=1 verify_us=96 decap_us=89 peer_us=233 total_us=504","_CMDLINE":"/usr/local/bin/wg-zk-daemon","_MACHINE_ID":"690ce7d60d764639b5ea18bbb8cfa3c2","_SYSTEMD_CGROUP":"/system.slice/wgzk.service","_PID":"24784","_SYSTEMD_SLICE":"system.slice","__CURSOR":"s=e6a325d7aab144b09b565d8c4be4d789;i=6a91;b=803d77ddc49e4e5ea7391884acfbd14f;m=f554befc4;t=65cb1509ec2c6;x=284ec3db5d66dead","_TRANSPORT":"stdout","SYSLOG_IDENTIFIER":"wgzk-start.sh","_GID":"0","_EXE":"/usr/local/bin/wg-zk-daemon","_BOOT_ID":"803d77ddc49e4e5ea7391884acfbd14f","_SELINUX_CONTEXT":"unconfined\n","_HOSTNAME":"wgzk-gateway"}
{"_PID":"24784","_SELINUX_CONTEXT":"unconfined\n","PRIORITY":"6","SYSLOG_IDENTIFIER":"wgzk-start.sh","_GID":"0","_CMDLINE":"/usr/local/bin/wg-zk-daemon","MESSAGE":"[timing] side=gateway pending_id=163 token=2862984702 nonce_prefix=3caa12ee result=ok wait_ct_us=1 verify_us=93 decap_us=88 peer_us=55 total_us=990","_SYSTEMD_CGROUP":"/system.slice/wgzk.service","_CAP_EFFECTIVE":"1ffffffffff","_BOOT_ID":"803d77ddc49e4e5ea7391884acfbd14f","_SYSTEMD_INVOCATION_ID":"e80a96ce807a42dfbb6c3a602e7234cb","_HOSTNAME":"wgzk-gateway","_SYSTEMD_SLICE":"system.slice","_TRANSPORT":"stdout","_UID":"0","__REALTIME_TIMESTAMP":"1790766491812550","_STREAM_ID":"c06b84c0a30b4e8ca7b18f0ef25e60f6","SYSLOG_FACILITY":"3","_SYSTEMD_UNIT":"wgzk.service","__MONOTONIC_TIMESTAMP":"65855549380","_MACHINE_ID":"690ce7d60d764639b5ea18bbb8cfa3c2","__CURSOR":"s=e6a325d7aab144b09b565d8c4be4d789;i=6a92;b=803d77ddc49e4e5ea7391884acfbd14f;m=f554befc4;t=65cb1509ec2c6;x=7732fcb8f7ef0c91","_EXE":"/usr/local/bin/wg-zk-daemon","_COMM":"wg-zk-daemon"}
{"_SYSTEMD_CGROUP":"/system.slice/wgzk.service","__CURSOR":"s=e6a325d7aab144b09b565d8c4be4d789;i=6a94;b=803d77ddc49e4e5ea7391884acfbd14f;m=f554befc4;t=65cb1509ec2c6;x=f26a3b04211c67cb","_CAP_EFFECTIVE":"1ffffffffff","_SELINUX_CONTEXT":"unconfined\n","_SYSTEMD_INVOCATION_ID":"e80a96ce807a42dfbb6c3a602e7234cb","_UID":"0","_COMM":"wg-zk-daemon","SYSLOG_IDENTIFIER":"wgzk-start.sh","SYSLOG_FACILITY":"3","__MONOTONIC_TIMESTAMP":"65855549380","_BOOT_ID":"803d77ddc49e4e5ea7391884acfbd14f","_HOSTNAME":"wgzk-gateway","__REALTIME_TIMESTAMP":"1790766491812550","_SYSTEMD_UNIT":"wgzk.service","_PID":"24784","_EXE":"/usr/local/bin/wg-zk-daemon","MESSAGE":"[timing] side=gateway pending_id=164 token=1270671892 nonce_prefix=04318351 result=ok wait_ct_us=1 verify_us=242 decap_us=132 peer_us=59 total_us=533","_SYSTEMD_SLICE":"system.slice","_CMDLINE":"/usr/local/bin/wg-zk-daemon","_STREAM_ID":"c06b84c0a30b4e8ca7b18f0ef25e60f6","_TRANSPORT":"stdout","PRIORITY":"6","_MACHINE_ID":"690ce7d60d764639b5ea18bbb8cfa3c2","_GID":"0"}
{"__MONOTONIC_TIMESTAMP":"65855549380","_SELINUX_CONTEXT":"unconfined\n","_HOSTNAME":"wgzk-gateway","_SYSTEMD_INVOCATION_ID":"e80a96ce807a42dfbb6c3a602e7234cb","__REALTIME_TIMESTAMP":"1790766491812550","_BOOT_ID":"803d77ddc49e4e5ea7391884acfbd14f","_SYSTEMD_SLICE":"system.slice","_EXE":"/usr/local/bin/wg-zk-daemon","_STREAM_ID":"c06b84c0a30b4e8ca7b18f0ef25e60f6","_GID":"0","_UID":"0","__CURSOR":"s=e6a325d7aab144b09b565d8c4be4d789;i=6a96;b=803d77ddc49e4e5ea7391884acfbd14f;m=f554befc4;t=65cb1509ec2c6;x=6d4001c6a5f15180","_CMDLINE":"/usr/local/bin/wg-zk-daemon","SYSLOG_FACILITY":"3","_TRANSPORT":"stdout","_MACHINE_ID":"690ce7d60d764639b5ea18bbb8cfa3c2","_SYSTEMD_CGROUP":"/system.slice/wgzk.service","_SYSTEMD_UNIT":"wgzk.service","_COMM":"wg-zk-daemon","PRIORITY":"6","_PID":"24784","SYSLOG_IDENTIFIER":"wgzk-start.sh","_CAP_EFFECTIVE":"1ffffffffff","MESSAGE":"[timing] side=gateway pending_id=165 token=3852509035 nonce_prefix=266e9073 result=ok wait_ct_us=1 verify_us=91 decap_us=89 peer_us=83 total_us=298"}
{"_COMM":"wg-zk-daemon","SYSLOG_IDENTIFIER":"wgzk-start.sh","__REALTIME_TIMESTAMP":"1790766491814682","_UID":"0","_CAP_EFFECTIVE":"1ffffffffff","_HOSTNAME":"wgzk-gateway","_SYSTEMD_SLICE":"system.slice","__MONOTONIC_TIMESTAMP":"65855551512","_CMDLINE":"/usr/local/bin/wg-zk-daemon","_GID":"0","_SYSTEMD_CGROUP":"/system.slice/wgzk.service","PRIORITY":"6","_PID":"24784","_SYSTEMD_INVOCATION_ID":"e80a96ce807a42dfbb6c3a602e7234cb","__CURSOR":"s=e6a325d7aab144b09b565d8c4be4d789;i=6a98;b=803d77ddc49e4e5ea7391884acfbd14f;m=f554bf818;t=65cb1509ecb1a;x=f42dac88b47b1ade","_STREAM_ID":"c06b84c0a30b4e8ca7b18f0ef25e60f6","_EXE":"/usr/local/bin/wg-zk-daemon","_SYSTEMD_UNIT":"wgzk.service","_MACHINE_ID":"690ce7d60d764639b5ea18bbb8cfa3c2","MESSAGE":"[timing] side=gateway pending_id=166 token=1917067148 nonce_prefix=14490f6b result=ok wait_ct_us=1 verify_us=299 decap_us=112 peer_us=65 total_us=624","_TRANSPORT":"stdout","_SELINUX_CONTEXT":"unconfined\n","SYSLOG_FACILITY":"3","_BOOT_ID":"803d77ddc49e4e5ea7391884acfbd14f"}
{"_UID":"0","_SYSTEMD_UNIT":"wgzk.service","_SYSTEMD_SLICE":"system.slice","_PID":"24784","_GID":"0","PRIORITY":"6","_EXE":"/usr/local/bin/wg-zk-daemon","_TRANSPORT":"stdout","_SYSTEMD_INVOCATION_ID":"e80a96ce807a42dfbb6c3a602e7234cb","__MONOTONIC_TIMESTAMP":"65855553197","_BOOT_ID":"803d77ddc49e4e5ea7391884acfbd14f","_CAP_EFFECTIVE":"1ffffffffff","SYSLOG_IDENTIFIER":"wgzk-start.sh","MESSAGE":"[timing] side=gateway pending_id=167 token=3964002325 nonce_prefix=6153191d result=ok wait_ct_us=1 verify_us=157 decap_us=89 peer_us=85 total_us=347","_HOSTNAME":"wgzk-gateway","_COMM":"wg-zk-daemon","_CMDLINE":"/usr/local/bin/wg-zk-daemon","_MACHINE_ID":"690ce7d60d764639b5ea18bbb8cfa3c2","_SELINUX_CONTEXT":"unconfined\n","__REALTIME_TIMESTAMP":"1790766491816367","__CURSOR":"s=e6a325d7aab144b09b565d8c4be4d789;i=6a9a;b=803d77ddc49e4e5ea7391884acfbd14f;m=f554bfead;t=65cb1509ed1af;x=7925dd6531ccab9c","_SYSTEMD_CGROUP":"/system.slice/wgzk.service","SYSLOG_FACILITY":"3","_STREAM_ID":"c06b84c0a30b4e8ca7b18f0ef25e60f6"}
{"_SYSTEMD_UNIT":"wgzk.service","_CAP_EFFECTIVE":"1ffffffffff","MESSAGE":"[timing] side=gateway pending_id=168 token=3070587152 nonce_prefix=6c7a8156 result=ok wait_ct_us=217 verify_us=318 decap_us=185 peer_us=68 total_us=801","_SYSTEMD_SLICE":"system.slice","_EXE":"/usr/local/bin/wg-zk-daemon","_STREAM_ID":"c06b84c0a30b4e8ca7b18f0ef25e60f6","_MACHINE_ID":"690ce7d60d764639b5ea18bbb8cfa3c2","_SYSTEMD_INVOCATION_ID":"e80a96ce807a42dfbb6c3a602e7234cb","_SYSTEMD_CGROUP":"/system.slice/wgzk.service","_PID":"24784","PRIORITY":"6","_HOSTNAME":"wgzk-gateway","__MONOTONIC_TIMESTAMP":"65855554381","_BOOT_ID":"803d77ddc49e4e5ea7391884acfbd14f","_UID":"0","_SELINUX_CONTEXT":"unconfined\n","_CMDLINE":"/usr/local/bin/wg-zk-daemon","__REALTIME_TIMESTAMP":"1790766491817551","__CURSOR":"s=e6a325d7aab144b09b565d8c4be4d789;i=6a9c;b=803d77ddc49e4e5ea7391884acfbd14f;m=f554c034d;t=65cb1509ed64f;x=cecc8e5956574281","_GID":"0","_TRANSPORT":"stdout","SYSLOG_IDENTIFIER":"wgzk-start.sh","SYSLOG_FACILITY":"3","_COMM":"wg-zk-daemon"}
{"_UID":"0","SYSLOG_FACILITY":"3","_EXE":"/usr/local/bin/wg-zk-daemon","__REALTIME_TIMESTAMP":"1790766491818531","PRIORITY":"6","_PID":"24784","_CMDLINE":"/usr/local/bin/wg-zk-daemon","_BOOT_ID":"803d77ddc49e4e5ea7391884acfbd14f","_COMM":"wg-zk-daemon","_GID":"0","_MACHINE_ID":"690ce7d60d764639b5ea18bbb8cfa3c2","MESSAGE":"[timing] side=gateway pending_id=169 token=392629064 nonce_prefix=2c0fceb3 result=ok wait_ct_us=293 verify_us=102 decap_us=82 peer_us=109 total_us=600","_STREAM_ID":"c06b84c0a30b4e8ca7b18f0ef25e60f6","_SELINUX_CONTEXT":"unconfined\n","_HOSTNAME":"wgzk-gateway","SYSLOG_IDENTIFIER":"wgzk-start.sh","_SYSTEMD_SLICE":"system.slice","_SYSTEMD_CGROUP":"/system.slice/wgzk.service","_SYSTEMD_INVOCATION_ID":"e80a96ce807a42dfbb6c3a602e7234cb","_TRANSPORT":"stdout","__MONOTONIC_TIMESTAMP":"65855555361","__CURSOR":"s=e6a325d7aab144b09b565d8c4be4d789;i=6a9e;b=803d77ddc49e4e5ea7391884acfbd14f;m=f554c0721;t=65cb1509eda23;x=c14d4941de4b1435","_CAP_EFFECTIVE":"1ffffffffff","_SYSTEMD_UNIT":"wgzk.service"}
{"_MACHINE_ID":"690ce7d60d764639b5ea18bbb8cfa3c2","_TRANSPORT":"stdout","_EXE":"/usr/local/bin/wg-zk-daemon","_SYSTEMD_UNIT":"wgzk.service","_GID":"0","_HOSTNAME":"wgzk-gateway","PRIORITY":"6","_SYSTEMD_CGROUP":"/system.slice/wgzk.service","__CURSOR":"s=e6a325d7aab144b09b565d8c4be4d789;i=6aa1;b=803d77ddc49e4e5ea7391884acfbd14f;m=f556078bd;t=65cb150b34bbf;x=fd336a45fc6368ef","__REALTIME_TIMESTAMP":"1790766493158335","_CAP_EFFECTIVE":"1ffffffffff","_PID":"24784","_CMDLINE":"/usr/local/bin/wg-zk-daemon","SYSLOG_IDENTIFIER":"wgzk-start.sh","SYSLOG_FACILITY":"3","_SYSTEMD_INVOCATION_ID":"e80a96ce807a42dfbb6c3a602e7234cb","_COMM":"wg-zk-daemon","__MONOTONIC_TIMESTAMP":"65856895165","_UID":"0","_STREAM_ID":"c06b84c0a30b4e8ca7b18f0ef25e60f6","_SELINUX_CONTEXT":"unconfined\n","_BOOT_ID":"803d77ddc49e4e5ea7391884acfbd14f","MESSAGE":"[timing] side=gateway pending_id=170 token=600778155 nonce_prefix=f2607448 result=ok wait_ct_us=1 verify_us=132 decap_us=89 peer_us=88 total_us=429","_SYSTEMD_SLICE":"system.slice"}
{"_STREAM_ID":"c06b84c0a30b4e8ca7b18f0ef25e60f6","_MACHINE_ID":"690ce7d60d764639b5ea18bbb8cfa3c2","_TRANSPORT":"stdout","_COMM":"wg-zk-daemon","_CAP_EFFECTIVE":"1ffffffffff","_HOSTNAME":"wgzk-gateway","_CMDLINE":"/usr/local/bin/wg-zk-daemon","_GID":"0","_SYSTEMD_UNIT":"wgzk.service","__REALTIME_TIMESTAMP":"1790766493159347","_SELINUX_CONTEXT":"unconfined\n","SYSLOG_IDENTIFIER":"wgzk-start.sh","_SYSTEMD_CGROUP":"/system.slice/wgzk.service","PRIORITY":"6","_EXE":"/usr/local/bin/wg-zk-daemon","_PID":"24784","_SYSTEMD_INVOCATION_ID":"e80a96ce807a42dfbb6c3a602e7234cb","MESSAGE":"[timing] side=gateway pending_id=171 token=3333758558 nonce_prefix=2c3515ba result=ok wait_ct_us=1 verify_us=145 decap_us=84 peer_us=177 total_us=1659","__MONOTONIC_TIMESTAMP":"65856896177","_BOOT_ID":"803d77ddc49e4e5ea7391884acfbd14f","_SYSTEMD_SLICE":"system.slice","__CURSOR":"s=e6a325d7aab144b09b565d8c4be4d789;i=6aa3;b=803d77ddc49e4e5ea7391884acfbd14f;m=f55607cb1;t=65cb150b34fb3;x=842ca26cb38f763b","_UID":"0","SYSLOG_FACILITY":"3"}
{"__CURSOR":"s=e6a325d7aab144b09b565d8c4be4d789;i=6aa4;b=803d77ddc49e4e5ea7391884acfbd14f;m=f5560806b;t=65cb150b3536d;x=f9a6641d93f7c4d9","SYSLOG_FACILITY":"3","__MONOTONIC_TIMESTAMP":"65856897131","_COMM":"wg-zk-daemon","_CMDLINE":"/usr/local/bin/wg-zk-daemon","_PID":"24784","MESSAGE":"[timing] side=gateway pending_id=172 token=1790897807 nonce_prefix=8a50719b result=ok wait_ct_us=1 verify_us=245 decap_us=96 peer_us=79 total_us=442","SYSLOG_IDENTIFIER":"wgzk-start.sh","_SELINUX_CONTEXT":"unconfined\n","_SYSTEMD_CGROUP":"/system.slice/wgzk.service","_UID":"0","_EXE":"/usr/local/bin/wg-zk-daemon","_HOSTNAME":"wgzk-gateway","_STREAM_ID":"c06b84c0a30b4e8ca7b18f0ef25e60f6","PRIORITY":"6","_GID":"0","_TRANSPORT":"stdout","__REALTIME_TIMESTAMP":"1790766493160301","_SYSTEMD_INVOCATION_ID":"e80a96ce807a42dfbb6c3a602e7234cb","_MACHINE_ID":"690ce7d60d764639b5ea18bbb8cfa3c2","_CAP_EFFECTIVE":"1ffffffffff","_SYSTEMD_SLICE":"system.slice","_BOOT_ID":"803d77ddc49e4e5ea7391884acfbd14f","_SYSTEMD_UNIT":"wgzk.service"}
{"__MONOTONIC_TIMESTAMP":"65856899050","_SYSTEMD_CGROUP":"/system.slice/wgzk.service","PRIORITY":"6","_SELINUX_CONTEXT":"unconfined\n","_SYSTEMD_UNIT":"wgzk.service","_BOOT_ID":"803d77ddc49e4e5ea7391884acfbd14f","MESSAGE":"[timing] side=gateway pending_id=173 token=183453479 nonce_prefix=febad3f6 result=ok wait_ct_us=93 verify_us=91 decap_us=263 peer_us=61 total_us=1860","_TRANSPORT":"stdout","_UID":"0","_HOSTNAME":"wgzk-gateway","_EXE":"/usr/local/bin/wg-zk-daemon","_CAP_EFFECTIVE":"1ffffffffff","_GID":"0","_SYSTEMD_SLICE":"system.slice","__REALTIME_TIMESTAMP":"1790766493162220","_MACHINE_ID":"690ce7d60d764639b5ea18bbb8cfa3c2","SYSLOG_IDENTIFIER":"wgzk-start.sh","_CMDLINE":"/usr/local/bin/wg-zk-daemon","_STREAM_ID":"c06b84c0a30b4e8ca7b18f0ef25e60f6","_PID":"24784","_SYSTEMD_INVOCATION_ID":"e80a96ce807a42dfbb6c3a602e7234cb","_COMM":"wg-zk-daemon","SYSLOG_FACILITY":"3","__CURSOR":"s=e6a325d7aab144b09b565d8c4be4d789;i=6aa6;b=803d77ddc49e4e5ea7391884acfbd14f;m=f556087ea;t=65cb150b35aec;x=7364563fe18ba65a"}
{"_EXE":"/usr/local/bin/wg-zk-daemon","_CAP_EFFECTIVE":"1ffffffffff","_PID":"24784","_SYSTEMD_UNIT":"wgzk.service","SYSLOG_IDENTIFIER":"wgzk-start.sh","SYSLOG_FACILITY":"3","_TRANSPORT":"stdout","_MACHINE_ID":"690ce7d60d764639b5ea18bbb8cfa3c2","_SYSTEMD_CGROUP":"/system.slice/wgzk.service","_BOOT_ID":"803d77ddc49e4e5ea7391884acfbd14f","PRIORITY":"6","_UID":"0","_COMM":"wg-zk-daemon","_SYSTEMD_SLICE":"system.slice","_CMDLINE":"/usr/local/bin/wg-zk-daemon","_SYSTEMD_INVOCATION_ID":"e80a96ce807a42dfbb6c3a602e7234cb","MESSAGE":"[timing] side=gateway pending_id=174 token=755796701 nonce_prefix=4432f9f6 result=ok wait_ct_us=1 verify_us=163 decap_us=100 peer_us=59 total_us=443","__REALTIME_TIMESTAMP":"1790766493162969","_STREAM_ID":"c06b84c0a30b4e8ca7b18f0ef25e60f6","__MONOTONIC_TIMESTAMP":"65856899799","_GID":"0","_SELINUX_CONTEXT":"unconfined\n","_HOSTNAME":"wgzk-gateway","__CURSOR":"s=e6a325d7aab144b09b565d8c4be4d789;i=6aa8;b=803d77ddc49e4e5ea7391884acfbd14f;m=f55608ad7;t=65cb150b35dd9;x=2dedd353e261687"}
{"_UID":"0","MESSAGE":"[timing] side=gateway pending_id=175 token=1835366056 nonce_prefix=f91bb652 result=ok wait_ct_us=36 verify_us=113 decap_us=103 peer_us=59 total_us=373","__REALTIME_TIMESTAMP":"1790766493164307","_STREAM_ID":"c06b84c0a30b4e8ca7b18f0ef25e60f6","PRIORITY":"6","_BOOT_ID":"803d77ddc49e4e5ea7391884acfbd14f","SYSLOG_IDENTIFIER":"wgzk-start.sh","_SYSTEMD_UNIT":"wgzk.service","SYSLOG_FACILITY":"3","_GID":"0","_CAP_EFFECTIVE":"1ffffffffff","_TRANSPORT":"stdout","_HOSTNAME":"wgzk-gateway","_SELINUX_CONTEXT":"unconfined\n","__CURSOR":"s=e6a325d7aab144b09b565d8c4be4d789;i=6aab;b=803d77ddc49e4e5ea7391884acfbd14f;m=f55609011;t=65cb150b36313;x=3c7988c47640c773","_SYSTEMD_CGROUP":"/system.slice/wgzk.service","__MONOTONIC_TIMESTAMP":"65856901137","_PID":"24784","_EXE":"/usr/local/bin/wg-zk-daemon","_SYSTEMD_INVOCATION_ID":"e80a96ce807a42dfbb6c3a602e7234cb","_CMDLINE":"/usr/local/bin/wg-zk-daemon","_COMM":"wg-zk-daemon","_MACHINE_ID":"690ce7d60d764639b5ea18bbb8cfa3c2","_SYSTEMD_SLICE":"system.slice"}
{"_GID":"0","__REALTIME_TIMESTAMP":"1790766493165234","_TRANSPORT":"stdout","_COMM":"wg-zk-daemon","SYSLOG_IDENTIFIER":"wgzk-start.sh","_UID":"0","_BOOT_ID":"803d77ddc49e4e5ea7391884acfbd14f","_CMDLINE":"/usr/local/bin/wg-zk-daemon","_STREAM_ID":"c06b84c0a30b4e8ca7b18f0ef25e60f6","_EXE":"/usr/local/bin/wg-zk-daemon","_SELINUX_CONTEXT":"unconfined\n","_MACHINE_ID":"690ce7d60d764639b5ea18bbb8cfa3c2","_CAP_EFFECTIVE":"1ffffffffff","SYSLOG_FACILITY":"3","PRIORITY":"6","_HOSTNAME":"wgzk-gateway","__MONOTONIC_TIMESTAMP":"65856902064","_SYSTEMD_INVOCATION_ID":"e80a96ce807a42dfbb6c3a602e7234cb","__CURSOR":"s=e6a325d7aab144b09b565d8c4be4d789;i=6aac;b=803d77ddc49e4e5ea7391884acfbd14f;m=f556093b0;t=65cb150b366b2;x=ebd29edb4fa5c29e","MESSAGE":"[timing] side=gateway pending_id=176 token=4079203156 nonce_prefix=3a341ff2 result=ok wait_ct_us=1 verify_us=295 decap_us=79 peer_us=55 total_us=1347","_SYSTEMD_CGROUP":"/system.slice/wgzk.service","_SYSTEMD_SLICE":"system.slice","_PID":"24784","_SYSTEMD_UNIT":"wgzk.service"}
{"PRIORITY":"6","_HOSTNAME":"wgzk-gateway","_SYSTEMD_UNIT":"wgzk.service","_GID":"0","__MONOTONIC_TIMESTAMP":"65856903097","_EXE":"/usr/local/bin/wg-zk-daemon","_CMDLINE":"/usr/local/bin/wg-zk-daemon","_PID":"24784","_SYSTEMD_INVOCATION_ID":"e80a96ce807a42dfbb6c3a602e7234cb","SYSLOG_FACILITY":"3","__REALTIME_TIMESTAMP":"1790766493166267","_UID":"0","_CAP_EFFECTIVE":"1ffffffffff","_COMM":"wg-zk-daemon","MESSAGE":"[timing] side=gateway pending_id=177 token=1821189528 nonce_prefix=604f729e result=ok wait_ct_us=192 verify_us=171 decap_us=85 peer_us=57 total_us=519","_SELINUX_CONTEXT":"unconfined\n","_SYSTEMD_CGROUP":"/system.slice/wgzk.service","_STREAM_ID":"c06b84c0a30b4e8ca7b18f0ef25e60f6","_TRANSPORT":"stdout","SYSLOG_IDENTIFIER":"wgzk-start.sh","_BOOT_ID":"803d77ddc49e4e5ea7391884acfbd14f","_SYSTEMD_SLICE":"system.slice","__CURSOR":"s=e6a325d7aab144b09b565d8c4be4d789;i=6aae;b=803d77ddc49e4e5ea7391884acfbd14f;m=f556097b9;t=65cb150b36abb;x=1dc13245a7f143e1","_MACHINE_ID":"690ce7d60d764639b5ea18bbb8cfa3c2"}
{"PRIORITY":"6","__CURSOR":"s=e6a325d7aab144b09b565d8c4be4d789;i=6ab1;b=803d77ddc49e4e5ea7391884acfbd14f;m=f55755109;t=65cb150c8240a;x=87598182a4dad311","_BOOT_ID":"803d77ddc49e4e5ea7391884acfbd14f","_COMM":"wg-zk-daemon","_HOSTNAME":"wgzk-gateway","__MONOTONIC_TIMESTAMP":"65858261257","_EXE":"/usr/local/bin/wg-zk-daemon","_SYSTEMD_UNIT":"wgzk.service","_CAP_EFFECTIVE":"1ffffffffff","_GID":"0","_TRANSPORT":"stdout","_UID":"0","_CMDLINE":"/usr/local/bin/wg-zk-daemon","_SYSTEMD_INVOCATION_ID":"e80a96ce807a42dfbb6c3a602e7234cb","SYSLOG_IDENTIFIER":"wgzk-start.sh","_STREAM_ID":"c06b84c0a30b4e8ca7b18f0ef25e60f6","SYSLOG_FACILITY":"3","_SYSTEMD_SLICE":"system.slice","_MACHINE_ID":"690ce7d60d764639b5ea18bbb8cfa3c2","__REALTIME_TIMESTAMP":"1790766494524426","_PID":"24784","MESSAGE":"[timing] side=gateway pending_id=178 token=733109374 nonce_prefix=b62a3256 result=ok wait_ct_us=1 verify_us=97 decap_us=90 peer_us=491 total_us=708","_SYSTEMD_CGROUP":"/system.slice/wgzk.service","_SELINUX_CONTEXT":"unconfined\n"}
{"_SYSTEMD_INVOCATION_ID":"e80a96ce807a42dfbb6c3a602e7234cb","MESSAGE":"[timing] side=gateway pending_id=179 token=3858858182 nonce_prefix=f945340a result=ok wait_ct_us=2 verify_us=93 decap_us=86 peer_us=117 total_us=1984","SYSLOG_FACILITY":"3","_UID":"0","_SYSTEMD_UNIT":"wgzk.service","__MONOTONIC_TIMESTAMP":"65858261931","_GID":"0","_MACHINE_ID":"690ce7d60d764639b5ea18bbb8cfa3c2","_SELINUX_CONTEXT":"unconfined\n","_CAP_EFFECTIVE":"1ffffffffff","__REALTIME_TIMESTAMP":"1790766494525101","_STREAM_ID":"c06b84c0a30b4e8ca7b18f0ef25e60f6","_SYSTEMD_SLICE":"system.slice","__CURSOR":"s=e6a325d7aab144b09b565d8c4be4d789;i=6ab2;b=803d77ddc49e4e5ea7391884acfbd14f;m=f557553ab;t=65cb150c826ad;x=86c1007f987b06a5","_TRANSPORT":"stdout","_CMDLINE":"/usr/local/bin/wg-zk-daemon","_HOSTNAME":"wgzk-gateway","PRIORITY":"6","_EXE":"/usr/local/bin/wg-zk-daemon","SYSLOG_IDENTIFIER":"wgzk-start.sh","_BOOT_ID":"803d77ddc49e4e5ea7391884acfbd14f","_PID":"24784","_SYSTEMD_CGROUP":"/system.slice/wgzk.service","_COMM":"wg-zk-daemon"}
{"_SELINUX_CONTEXT":"unconfined\n","MESSAGE":"[timing] side=gateway pending_id=182 token=3845576128 nonce_prefix=f415d604 result=ok wait_ct_us=0 verify_us=147 decap_us=84 peer_us=302 total_us=861","_CMDLINE":"/usr/local/bin/wg-zk-daemon","_TRANSPORT":"stdout","__CURSOR":"s=e6a325d7aab144b09b565d8c4be4d789;i=6ab4;b=803d77ddc49e4e5ea7391884acfbd14f;m=f55755b42;t=65cb150c82e44;x=350bc260ebb0b5e3","SYSLOG_IDENTIFIER":"wgzk-start.sh","_SYSTEMD_UNIT":"wgzk.service","_COMM":"wg-zk-daemon","_UID":"0","_PID":"24784","_BOOT_ID":"803d77ddc49e4e5ea7391884acfbd14f","SYSLOG_FACILITY":"3","_SYSTEMD_SLICE":"system.slice","__REALTIME_TIMESTAMP":"1790766494527044","_MACHINE_ID":"690ce7d60d764639b5ea18bbb8cfa3c2","_STREAM_ID":"c06b84c0a30b4e8ca7b18f0ef25e60f6","PRIORITY":"6","_SYSTEMD_CGROUP":"/system.slice/wgzk.service","__MONOTONIC_TIMESTAMP":"65858263874","_HOSTNAME":"wgzk-gateway","_EXE":"/usr/local/bin/wg-zk-daemon","_SYSTEMD_INVOCATION_ID":"e80a96ce807a42dfbb6c3a602e7234cb","_CAP_EFFECTIVE":"1ffffffffff","_GID":"0"}
{"_CMDLINE":"/usr/local/bin/wg-zk-daemon","_GID":"0","_SELINUX_CONTEXT":"unconfined\n","_EXE":"/usr/local/bin/wg-zk-daemon","__CURSOR":"s=e6a325d7aab144b09b565d8c4be4d789;i=6ab6;b=803d77ddc49e4e5ea7391884acfbd14f;m=f55755da1;t=65cb150c830a3;x=eaafa450293e67e3","_SYSTEMD_SLICE":"system.slice","SYSLOG_FACILITY":"3","_SYSTEMD_CGROUP":"/system.slice/wgzk.service","_HOSTNAME":"wgzk-gateway","_TRANSPORT":"stdout","_PID":"24784","MESSAGE":"[timing] side=gateway pending_id=181 token=1099185435 nonce_prefix=e8479388 result=ok wait_ct_us=903 verify_us=516 decap_us=150 peer_us=61 total_us=1909","__REALTIME_TIMESTAMP":"1790766494527651","SYSLOG_IDENTIFIER":"wgzk-start.sh","_UID":"0","_MACHINE_ID":"690ce7d60d764639b5ea18bbb8cfa3c2","__MONOTONIC_TIMESTAMP":"65858264481","_STREAM_ID":"c06b84c0a30b4e8ca7b18f0ef25e60f6","_SYSTEMD_UNIT":"wgzk.service","PRIORITY":"6","_CAP_EFFECTIVE":"1ffffffffff","_COMM":"wg-zk-daemon","_SYSTEMD_INVOCATION_ID":"e80a96ce807a42dfbb6c3a602e7234cb","_BOOT_ID":"803d77ddc49e4e5ea7391884acfbd14f"}
{"_PID":"24784","SYSLOG_FACILITY":"3","_CAP_EFFECTIVE":"1ffffffffff","__MONOTONIC_TIMESTAMP":"65858265658","_BOOT_ID":"803d77ddc49e4e5ea7391884acfbd14f","_UID":"0","_SYSTEMD_SLICE":"system.slice","_EXE":"/usr/local/bin/wg-zk-daemon","_SYSTEMD_UNIT":"wgzk.service","_GID":"0","__REALTIME_TIMESTAMP":"1790766494528828","_STREAM_ID":"c06b84c0a30b4e8ca7b18f0ef25e60f6","_SYSTEMD_INVOCATION_ID":"e80a96ce807a42dfbb6c3a602e7234cb","MESSAGE":"[timing] side=gateway pending_id=183 token=3822224598 nonce_prefix=aaac9a79 result=ok wait_ct_us=316 verify_us=91 decap_us=93 peer_us=59 total_us=2964","SYSLOG_IDENTIFIER":"wgzk-start.sh","_CMDLINE":"/usr/local/bin/wg-zk-daemon","__CURSOR":"s=e6a325d7aab144b09b565d8c4be4d789;i=6ab9;b=803d77ddc49e4e5ea7391884acfbd14f;m=f5575623a;t=65cb150c8353c;x=cc0030935f1041d2","_SELINUX_CONTEXT":"unconfined\n","PRIORITY":"6","_SYSTEMD_CGROUP":"/system.slice/wgzk.service","_HOSTNAME":"wgzk-gateway","_MACHINE_ID":"690ce7d60d764639b5ea18bbb8cfa3c2","_TRANSPORT":"stdout","_COMM":"wg-zk-daemon"}
{"_SYSTEMD_CGROUP":"/system.slice/wgzk.service","_SYSTEMD_INVOCATION_ID":"e80a96ce807a42dfbb6c3a602e7234cb","_SYSTEMD_SLICE":"system.slice","_TRANSPORT":"stdout","_EXE":"/usr/local/bin/wg-zk-daemon","_PID":"24784","_HOSTNAME":"wgzk-gateway","_UID":"0","PRIORITY":"6","_CMDLINE":"/usr/local/bin/wg-zk-daemon","_COMM":"wg-zk-daemon","_SELINUX_CONTEXT":"unconfined\n","_STREAM_ID":"c06b84c0a30b4e8ca7b18f0ef25e60f6","_CAP_EFFECTIVE":"1ffffffffff","SYSLOG_FACILITY":"3","_SYSTEMD_UNIT":"wgzk.service","_MACHINE_ID":"690ce7d60d764639b5ea18bbb8cfa3c2","_GID":"0","__CURSOR":"s=e6a325d7aab144b09b565d8c4be4d789;i=6aba;b=803d77ddc49e4e5ea7391884acfbd14f;m=f557564ec;t=65cb150c837ee;x=29fd60638adc94e5","MESSAGE":"[timing] side=gateway pending_id=180 token=1273884095 nonce_prefix=08bc67cd result=ok wait_ct_us=3439 verify_us=216 decap_us=81 peer_us=60 total_us=3826","SYSLOG_IDENTIFIER":"wgzk-start.sh","__REALTIME_TIMESTAMP":"1790766494529518","__MONOTONIC_TIMESTAMP":"65858266348","_BOOT_ID":"803d77ddc49e4e5ea7391884acfbd14f"}
{"_PID":"24784","__CURSOR":"s=e6a325d7aab144b09b565d8c4be4d789;i=6abc;b=803d77ddc49e4e5ea7391884acfbd14f;m=f557569fc;t=65cb150c83cfd;x=df8566e9a3ea37f5","_SYSTEMD_SLICE":"system.slice","_UID":"0","_BOOT_ID":"803d77ddc49e4e5ea7391884acfbd14f","_HOSTNAME":"wgzk-gateway","PRIORITY":"6","__MONOTONIC_TIMESTAMP":"65858267644","MESSAGE":"[timing] side=gateway pending_id=184 token=1199244977 nonce_prefix=b5520660 result=ok wait_ct_us=87 verify_us=393 decap_us=149 peer_us=139 total_us=781","_COMM":"wg-zk-daemon","_SYSTEMD_UNIT":"wgzk.service","_MACHINE_ID":"690ce7d60d764639b5ea18bbb8cfa3c2","_SYSTEMD_INVOCATION_ID":"e80a96ce807a42dfbb6c3a602e7234cb","_SELINUX_CONTEXT":"unconfined\n","SYSLOG_FACILITY":"3","_TRANSPORT":"stdout","SYSLOG_IDENTIFIER":"wgzk-start.sh","_EXE":"/usr/local/bin/wg-zk-daemon","_STREAM_ID":"c06b84c0a30b4e8ca7b18f0ef25e60f6","_SYSTEMD_CGROUP":"/system.slice/wgzk.service","__REALTIME_TIMESTAMP":"1790766494530813","_CMDLINE":"/usr/local/bin/wg-zk-daemon","_GID":"0","_CAP_EFFECTIVE":"1ffffffffff"}
{"_UID":"0","_SYSTEMD_INVOCATION_ID":"e80a96ce807a42dfbb6c3a602e7234cb","_CMDLINE":"/usr/local/bin/wg-zk-daemon","_MACHINE_ID":"690ce7d60d764639b5ea18bbb8cfa3c2","_SELINUX_CONTEXT":"unconfined\n","__REALTIME_TIMESTAMP":"1790766494532802","SYSLOG_IDENTIFIER":"wgzk-start.sh","_EXE":"/usr/local/bin/wg-zk-daemon","_SYSTEMD_CGROUP":"/system.slice/wgzk.service","_TRANSPORT":"stdout","SYSLOG_FACILITY":"3","__CURSOR":"s=e6a325d7aab144b09b565d8c4be4d789;i=6abe;b=803d77ddc49e4e5ea7391884acfbd14f;m=f557571c0;t=65cb150c844c2;x=92b44f0235a9f2e7","__MONOTONIC_TIMESTAMP":"65858269632","_HOSTNAME":"wgzk-gateway","_COMM":"wg-zk-daemon","_CAP_EFFECTIVE":"1ffffffffff","_SYSTEMD_UNIT":"wgzk.service","_SYSTEMD_SLICE":"system.slice","_STREAM_ID":"c06b84c0a30b4e8ca7b18f0ef25e60f6","MESSAGE":"[timing] side=gateway pending_id=185 token=987465122 nonce_prefix=c0ca84b0 result=ok wait_ct_us=1 verify_us=91 decap_us=87 peer_us=60 total_us=257","_GID":"0","_PID":"24784","_BOOT_ID":"803d77ddc49e4e5ea7391884acfbd14f","PRIORITY":"6"}
{"PRIORITY":"6","__CURSOR":"s=e6a325d7aab144b09b565d8c4be4d789;i=6ac2;b=803d77ddc49e4e5ea7391884acfbd14f;m=f558a244a;t=65cb150dcf74b;x=c360418957666872","__REALTIME_TIMESTAMP":"1790766495889227","SYSLOG_FACILITY":"3","_STREAM_ID":"c06b84c0a30b4e8ca7b18f0ef25e60f6","_SYSTEMD_INVOCATION_ID":"e80a96ce807a42dfbb6c3a602e7234cb","_MACHINE_ID":"690ce7d60d764639b5ea18bbb8cfa3c2","_HOSTNAME":"wgzk-gateway","_UID":"0","_CMDLINE":"/usr/local/bin/wg-zk-daemon","_TRANSPORT":"stdout","_EXE":"/usr/local/bin/wg-zk-daemon","_SYSTEMD_CGROUP":"/system.slice/wgzk.service","_PID":"24784","_SYSTEMD_SLICE":"system.slice","_GID":"0","_CAP_EFFECTIVE":"1ffffffffff","MESSAGE":"[timing] side=gateway pending_id=186 token=2533617735 nonce_prefix=fa00ee7c result=ok wait_ct_us=2 verify_us=96 decap_us=88 peer_us=146 total_us=789","_BOOT_ID":"803d77ddc49e4e5ea7391884acfbd14f","__MONOTONIC_TIMESTAMP":"65859626058","_SELINUX_CONTEXT":"unconfined\n","_COMM":"wg-zk-daemon","SYSLOG_IDENTIFIER":"wgzk-start.sh","_SYSTEMD_UNIT":"wgzk.service"}
{"__CURSOR":"s=e6a325d7aab144b09b565d8c4be4d789;i=6ac3;b=803d77ddc49e4e5ea7391884acfbd14f;m=f558a27c1;t=65cb150dcfac3;x=535eb6b5bb600d2c","PRIORITY":"6","SYSLOG_FACILITY":"3","_STREAM_ID":"c06b84c0a30b4e8ca7b18f0ef25e60f6","_GID":"0","_MACHINE_ID":"690ce7d60d764639b5ea18bbb8cfa3c2","_EXE":"/usr/local/bin/wg-zk-daemon","_UID":"0","_BOOT_ID":"803d77ddc49e4e5ea7391884acfbd14f","_HOSTNAME":"wgzk-gateway","_TRANSPORT":"stdout","_CAP_EFFECTIVE":"1ffffffffff","_SYSTEMD_CGROUP":"/system.slice/wgzk.service","_PID":"24784","_CMDLINE":"/usr/local/bin/wg-zk-daemon","SYSLOG_IDENTIFIER":"wgzk-start.sh","MESSAGE":"[timing] side=gateway pending_id=187 token=2059600235 nonce_prefix=6da90c03 result=ok wait_ct_us=1 verify_us=297 decap_us=115 peer_us=72 total_us=1299","_SYSTEMD_UNIT":"wgzk.service","__REALTIME_TIMESTAMP":"1790766495890115","_COMM":"wg-zk-daemon","_SELINUX_CONTEXT":"unconfined\n","__MONOTONIC_TIMESTAMP":"65859626945","_SYSTEMD_SLICE":"system.slice","_SYSTEMD_INVOCATION_ID":"e80a96ce807a42dfbb6c3a602e7234cb"}
{"_CAP_EFFECTIVE":"1ffffffffff","_EXE":"/usr/local/bin/wg-zk-daemon","SYSLOG_FACILITY":"3","_SYSTEMD_SLICE":"system.slice","_SYSTEMD_CGROUP":"/system.slice/wgzk.service","__CURSOR":"s=e6a325d7aab144b09b565d8c4be4d789;i=6ac4;b=803d77ddc49e4e5ea7391884acfbd14f;m=f558a2aba;t=65cb150dcfdbc;x=3ff127cfbc581411","_STREAM_ID":"c06b84c0a30b4e8ca7b18f0ef25e60f6","PRIORITY":"6","_UID":"0","_TRANSPORT":"stdout","__MONOTONIC_TIMESTAMP":"65859627706","_SYSTEMD_INVOCATION_ID":"e80a96ce807a42dfbb6c3a602e7234cb","_SYSTEMD_UNIT":"wgzk.service","_BOOT_ID":"803d77ddc49e4e5ea7391884acfbd14f","MESSAGE":"[timing] side=gateway pending_id=188 token=1636485310 nonce_prefix=43b9cc49 result=ok wait_ct_us=1 verify_us=116 decap_us=83 peer_us=59 total_us=2094","_HOSTNAME":"wgzk-gateway","SYSLOG_IDENTIFIER":"wgzk-start.sh","_MACHINE_ID":"690ce7d60d764639b5ea18bbb8cfa3c2","_SELINUX_CONTEXT":"unconfined\n","_GID":"0","_COMM":"wg-zk-daemon","_PID":"24784","_CMDLINE":"/usr/local/bin/wg-zk-daemon","__REALTIME_TIMESTAMP":"1790766495890876"}
{"_MACHINE_ID":"690ce7d60d764639b5ea18bbb8cfa3c2","__CURSOR":"s=e6a325d7aab144b09b565d8c4be4d789;i=6ac6;b=803d77ddc49e4e5ea7391884acfbd14f;m=f558a3006;t=65cb150dd0308;x=771de42589255215","PRIORITY":"6","_CAP_EFFECTIVE":"1ffffffffff","_BOOT_ID":"803d77ddc49e4e5ea7391884acfbd14f","_GID":"0","_EXE":"/usr/local/bin/wg-zk-daemon","_SYSTEMD_INVOCATION_ID":"e80a96ce807a42dfbb6c3a602e7234cb","_TRANSPORT":"stdout","_SYSTEMD_SLICE":"system.slice","_CMDLINE":"/usr/local/bin/wg-zk-daemon","_SYSTEMD_UNIT":"wgzk.service","MESSAGE":"[timing] side=gateway pending_id=189 token=3458739283 nonce_prefix=75152657 result=ok wait_ct_us=1 verify_us=189 decap_us=83 peer_us=62 total_us=585","_STREAM_ID":"c06b84c0a30b4e8ca7b18f0ef25e60f6","_PID":"24784","__MONOTONIC_TIMESTAMP":"65859629062","_SYSTEMD_CGROUP":"/system.slice/wgzk.service","SYSLOG_FACILITY":"3","_COMM":"wg-zk-daemon","_SELINUX_CONTEXT":"unconfined\n","__REALTIME_TIMESTAMP":"1790766495892232","_UID":"0","SYSLOG_IDENTIFIER":"wgzk-start.sh","_HOSTNAME":"wgzk-gateway"}
{"_TRANSPORT":"stdout","_SELINUX_CONTEXT":"unconfined\n","__CURSOR":"s=e6a325d7aab144b09b565d8c4be4d789;i=6aca;b=803d77ddc49e4e5ea7391884acfbd14f;m=f558a3bb4;t=65cb150dd0eb6;x=9005bd7d3012e680","_GID":"0","_COMM":"wg-zk-daemon","_EXE":"/usr/local/bin/wg-zk-daemon","SYSLOG_IDENTIFIER":"wgzk-start.sh","_MACHINE_ID":"690ce7d60d764639b5ea18bbb8cfa3c2","_HOSTNAME":"wgzk-gateway","PRIORITY":"6","_STREAM_ID":"c06b84c0a30b4e8ca7b18f0ef25e60f6","_PID":"24784","_SYSTEMD_UNIT":"wgzk.service","SYSLOG_FACILITY":"3","_CAP_EFFECTIVE":"1ffffffffff","_SYSTEMD_INVOCATION_ID":"e80a96ce807a42dfbb6c3a602e7234cb","_UID":"0","_BOOT_ID":"803d77ddc49e4e5ea7391884acfbd14f","_SYSTEMD_CGROUP":"/system.slice/wgzk.service","MESSAGE":"[timing] side=gateway pending_id=190 token=4019755984 nonce_prefix=f25a58e6 result=ok wait_ct_us=1 verify_us=91 decap_us=84 peer_us=66 total_us=427","__REALTIME_TIMESTAMP":"1790766495895222","_SYSTEMD_SLICE":"system.slice","__MONOTONIC_TIMESTAMP":"65859632052","_CMDLINE":"/usr/local/bin/wg-zk-daemon"}
{"_SYSTEMD_SLICE":"system.slice","_CAP_EFFECTIVE":"1ffffffffff","_SYSTEMD_UNIT":"wgzk.service","_STREAM_ID":"c06b84c0a30b4e8ca7b18f0ef25e60f6","_PID":"24784","MESSAGE":"[timing] side=gateway pending_id=192 token=2045171516 nonce_prefix=a2447950 result=ok wait_ct_us=0 verify_us=98 decap_us=84 peer_us=53 total_us=880","SYSLOG_IDENTIFIER":"wgzk-start.sh","SYSLOG_FACILITY":"3","__MONOTONIC_TIMESTAMP":"65859632230","_SYSTEMD_CGROUP":"/system.slice/wgzk.service","_TRANSPORT":"stdout","_UID":"0","PRIORITY":"6","_HOSTNAME":"wgzk-gateway","__REALTIME_TIMESTAMP":"1790766495895400","_GID":"0","__CURSOR":"s=e6a325d7aab144b09b565d8c4be4d789;i=6acb;b=803d77ddc49e4e5ea7391884acfbd14f;m=f558a3c66;t=65cb150dd0f68;x=e24e9b97daeaca71","_MACHINE_ID":"690ce7d60d764639b5ea18bbb8cfa3c2","_CMDLINE":"/usr/local/bin/wg-zk-daemon","_COMM":"wg-zk-daemon","_EXE":"/usr/local/bin/wg-zk-daemon","_SYSTEMD_INVOCATION_ID":"e80a96ce807a42dfbb6c3a602e7234cb","_SELINUX_CONTEXT":"unconfined\n","_BOOT_ID":"803d77ddc49e4e5ea7391884acfbd14f"}
{"_BOOT_ID":"803d77ddc49e4e5ea7391884acfbd14f","_CMDLINE":"/usr/local/bin/wg-zk-daemon","_SYSTEMD_UNIT":"wgzk.service","_PID":"24784","__MONOTONIC_TIMESTAMP":"65859633515","__CURSOR":"s=e6a325d7aab144b09b565d8c4be4d789;i=6acd;b=803d77ddc49e4e5ea7391884acfbd14f;m=f558a416b;t=65cb150dd146d;x=148eac22c31f8578","SYSLOG_FACILITY":"3","_CAP_EFFECTIVE":"1ffffffffff","_STREAM_ID":"c06b84c0a30b4e8ca7b18f0ef25e60f6","_SYSTEMD_INVOCATION_ID":"e80a96ce807a42dfbb6c3a602e7234cb","MESSAGE":"[timing] side=gateway pending_id=191 token=2569568967 nonce_prefix=9882fbb2 result=ok wait_ct_us=1024 verify_us=319 decap_us=78 peer_us=59 total_us=2125","_COMM":"wg-zk-daemon","SYSLOG_IDENTIFIER":"wgzk-start.sh","_UID":"0","_GID":"0","_SYSTEMD_SLICE":"system.slice","_TRANSPORT":"stdout","PRIORITY":"6","_HOSTNAME":"wgzk-gateway","_SYSTEMD_CGROUP":"/system.slice/wgzk.service","_EXE":"/usr/local/bin/wg-zk-daemon","_MACHINE_ID":"690ce7d60d764639b5ea18bbb8cfa3c2","_SELINUX_CONTEXT":"unconfined\n","__REALTIME_TIMESTAMP":"1790766495896685"}
{"_SYSTEMD_CGROUP":"/system.slice/wgzk.service","_SYSTEMD_UNIT":"wgzk.service","_PID":"24784","_CMDLINE":"/usr/local/bin/wg-zk-daemon","_SELINUX_CONTEXT":"unconfined\n","_BOOT_ID":"803d77ddc49e4e5ea7391884acfbd14f","_SYSTEMD_INVOCATION_ID":"e80a96ce807a42dfbb6c3a602e7234cb","_COMM":"wg-zk-daemon","_GID":"0","_CAP_EFFECTIVE":"1ffffffffff","_TRANSPORT":"stdout","SYSLOG_IDENTIFIER":"wgzk-start.sh","PRIORITY":"6","_EXE":"/usr/local/bin/wg-zk-daemon","_HOSTNAME":"wgzk-gateway","_SYSTEMD_SLICE":"system.slice","_UID":"0","MESSAGE":"[timing] side=gateway pending_id=193 token=558977780 nonce_prefix=89076d76 result=ok wait_ct_us=1 verify_us=94 decap_us=87 peer_us=56 total_us=1224","__MONOTONIC_TIMESTAMP":"65859634145","__CURSOR":"s=e6a325d7aab144b09b565d8c4be4d789;i=6ace;b=803d77ddc49e4e5ea7391884acfbd14f;m=f558a43e1;t=65cb150dd16e3;x=2f91a6c961421ea1","_STREAM_ID":"c06b84c0a30b4e8ca7b18f0ef25e60f6","SYSLOG_FACILITY":"3","__REALTIME_TIMESTAMP":"1790766495897315","_MACHINE_ID":"690ce7d60d764639b5ea18bbb8cfa3c2"}
{"_CMDLINE":"/usr/local/bin/wg-zk-daemon","_SYSTEMD_UNIT":"wgzk.service","_SYSTEMD_INVOCATION_ID":"e80a96ce807a42dfbb6c3a602e7234cb","_MACHINE_ID":"690ce7d60d764639b5ea18bbb8cfa3c2","_EXE":"/usr/local/bin/wg-zk-daemon","_SELINUX_CONTEXT":"unconfined\n","_CAP_EFFECTIVE":"1ffffffffff","__MONOTONIC_TIMESTAMP":"65860974260","_HOSTNAME":"wgzk-gateway","_PID":"24784","SYSLOG_IDENTIFIER":"wgzk-start.sh","_UID":"0","__CURSOR":"s=e6a325d7aab144b09b565d8c4be4d789;i=6ad2;b=803d77ddc49e4e5ea7391884acfbd14f;m=f559eb6b4;t=65cb150f189b6;x=15f321fabfb0a1d1","_COMM":"wg-zk-daemon","_SYSTEMD_CGROUP":"/system.slice/wgzk.service","_BOOT_ID":"803d77ddc49e4e5ea7391884acfbd14f","_GID":"0","MESSAGE":"[timing] side=gateway pending_id=194 token=201339912 nonce_prefix=5ea1d025 result=ok wait_ct_us=1 verify_us=107 decap_us=122 peer_us=80 total_us=460","_STREAM_ID":"c06b84c0a30b4e8ca7b18f0ef25e60f6","SYSLOG_FACILITY":"3","__REALTIME_TIMESTAMP":"1790766497237430","_SYSTEMD_SLICE":"system.slice","PRIORITY":"6","_TRANSPORT":"stdout"}
{"_SYSTEMD_SLICE":"system.slice","_TRANSPORT":"stdout","PRIORITY":"6","_SYSTEMD_INVOCATION_ID":"e80a96ce807a42dfbb6c3a602e7234cb","_EXE":"/usr/local/bin/wg-zk-daemon","_SYSTEMD_UNIT":"wgzk.service","_SELINUX_CONTEXT":"unconfined\n","_PID":"24784","_CMDLINE":"/usr/local/bin/wg-zk-daemon","_CAP_EFFECTIVE":"1ffffffffff","SYSLOG_IDENTIFIER":"wgzk-start.sh","__REALTIME_TIMESTAMP":"1790766497237430","_SYSTEMD_CGROUP":"/system.slice/wgzk.service","__CURSOR":"s=e6a325d7aab144b09b565d8c4be4d789;i=6ad3;b=803d77ddc49e4e5ea7391884acfbd14f;m=f559eb6b4;t=65cb150f189b6;x=1abb9489e91894d6","_MACHINE_ID":"690ce7d60d764639b5ea18bbb8cfa3c2","MESSAGE":"[timing] side=gateway pending_id=195 token=1192680162 nonce_prefix=61c42e36 result=ok wait_ct_us=1 verify_us=93 decap_us=84 peer_us=104 total_us=1004","_GID":"0","_BOOT_ID":"803d77ddc49e4e5ea7391884acfbd14f","_HOSTNAME":"wgzk-gateway","SYSLOG_FACILITY":"3","_UID":"0","_STREAM_ID":"c06b84c0a30b4e8ca7b18f0ef25e60f6","__MONOTONIC_TIMESTAMP":"65860974260","_COMM":"wg-zk-daemon"}
{"_SYSTEMD_UNIT":"wgzk.service","_CAP_EFFECTIVE":"1ffffffffff","_TRANSPORT":"stdout","PRIORITY":"6","_HOSTNAME":"wgzk-gateway","SYSLOG_IDENTIFIER":"wgzk-start.sh","_UID":"0","__CURSOR":"s=e6a325d7aab144b09b565d8c4be4d789;i=6ad4;b=803d77ddc49e4e5ea7391884acfbd14f;m=f559eb6b4;t=65cb150f189b6;x=2e9ebfd4b8483e4","_GID":"0","__MONOTONIC_TIMESTAMP":"65860974260","_CMDLINE":"/usr/local/bin/wg-zk-daemon","_SYSTEMD_INVOCATION_ID":"e80a96ce807a42dfbb6c3a602e7234cb","_SYSTEMD_SLICE":"system.slice","_EXE":"/usr/local/bin/wg-zk-daemon","_PID":"24784","_SELINUX_CONTEXT":"unconfined\n","SYSLOG_FACILITY":"3","_SYSTEMD_CGROUP":"/system.slice/wgzk.service","_COMM":"wg-zk-daemon","MESSAGE":"[timing] side=gateway pending_id=196 token=1405272535 nonce_prefix=dae7f878 result=ok wait_ct_us=1 verify_us=92 decap_us=82 peer_us=55 total_us=265","_BOOT_ID":"803d77ddc49e4e5ea7391884acfbd14f","_STREAM_ID":"c06b84c0a30b4e8ca7b18f0ef25e60f6","__REALTIME_TIMESTAMP":"1790766497237430","_MACHINE_ID":"690ce7d60d764639b5ea18bbb8cfa3c2"}
{"__CURSOR":"s=e6a325d7aab144b09b565d8c4be4d789;i=6ad6;b=803d77ddc49e4e5ea7391884acfbd14f;m=f559eba93;t=65cb150f18d95;x=3cb87354b310e33d","__MONOTONIC_TIMESTAMP":"65860975251","_CMDLINE":"/usr/local/bin/wg-zk-daemon","_SYSTEMD_CGROUP":"/system.slice/wgzk.service","_STREAM_ID":"c06b84c0a30b4e8ca7b18f0ef25e60f6","_SYSTEMD_SLICE":"system.slice","__REALTIME_TIMESTAMP":"1790766497238421","_GID":"0","_SYSTEMD_INVOCATION_ID":"e80a96ce807a42dfbb6c3a602e7234cb","_COMM":"wg-zk-daemon","_UID":"0","_CAP_EFFECTIVE":"1ffffffffff","_HOSTNAME":"wgzk-gateway","MESSAGE":"[timing] side=gateway pending_id=197 token=4119389059 nonce_prefix=48871bcb result=ok wait_ct_us=1 verify_us=196 decap_us=83 peer_us=60 total_us=355","_EXE":"/usr/local/bin/wg-zk-daemon","SYSLOG_IDENTIFIER":"wgzk-start.sh","_BOOT_ID":"803d77ddc49e4e5ea7391884acfbd14f","_PID":"24784","SYSLOG_FACILITY":"3","PRIORITY":"6","_TRANSPORT":"stdout","_SYSTEMD_UNIT":"wgzk.service","_MACHINE_ID":"690ce7d60d764639b5ea18bbb8cfa3c2","_SELINUX_CONTEXT":"unconfined\n"}
{"_UID":"0","SYSLOG_IDENTIFIER":"wgzk-start.sh","_PID":"24784","_SELINUX_CONTEXT":"unconfined\n","__REALTIME_TIMESTAMP":"1790766497240108","__MONOTONIC_TIMESTAMP":"65860976938","PRIORITY":"6","_COMM":"wg-zk-daemon","_SYSTEMD_UNIT":"wgzk.service","_STREAM_ID":"c06b84c0a30b4e8ca7b18f0ef25e60f6","_BOOT_ID":"803d77ddc49e4e5ea7391884acfbd14f","_TRANSPORT":"stdout","_HOSTNAME":"wgzk-gateway","_CMDLINE":"/usr/local/bin/wg-zk-daemon","SYSLOG_FACILITY":"3","_CAP_EFFECTIVE":"1ffffffffff","_GID":"0","_SYSTEMD_CGROUP":"/system.slice/wgzk.service","_SYSTEMD_INVOCATION_ID":"e80a96ce807a42dfbb6c3a602e7234cb","_MACHINE_ID":"690ce7d60d764639b5ea18bbb8cfa3c2","__CURSOR":"s=e6a325d7aab144b09b565d8c4be4d789;i=6ad9;b=803d77ddc49e4e5ea7391884acfbd14f;m=f559ec12a;t=65cb150f1942c;x=4bb4e064ffde7fe2","_EXE":"/usr/local/bin/wg-zk-daemon","MESSAGE":"[timing] side=gateway pending_id=198 token=1166531327 nonce_prefix=979087d8 result=ok wait_ct_us=1 verify_us=154 decap_us=83 peer_us=58 total_us=314","_SYSTEMD_SLICE":"system.slice"}
{"_UID":"0","_GID":"0","_HOSTNAME":"wgzk-gateway","SYSLOG_IDENTIFIER":"wgzk-start.sh","_BOOT_ID":"803d77ddc49e4e5ea7391884acfbd14f","_COMM":"wg-zk-daemon","_STREAM_ID":"c06b84c0a30b4e8ca7b18f0ef25e60f6","__REALTIME_TIMESTAMP":"1790766497240498","_SYSTEMD_SLICE":"system.slice","__CURSOR":"s=e6a325d7aab144b09b565d8c4be4d789;i=6ada;b=803d77ddc49e4e5ea7391884acfbd14f;m=f559ec2b0;t=65cb150f195b2;x=d5a6937f2807f86a","_CMDLINE":"/usr/local/bin/wg-zk-daemon","_SYSTEMD_INVOCATION_ID":"e80a96ce807a42dfbb6c3a602e7234cb","_SYSTEMD_CGROUP":"/system.slice/wgzk.service","MESSAGE":"[timing] side=gateway pending_id=199 token=1543093204 nonce_prefix=678aa4a7 result=ok wait_ct_us=1 verify_us=100 decap_us=347 peer_us=61 total_us=1220","_SYSTEMD_UNIT":"wgzk.service","PRIORITY":"6","_TRANSPORT":"stdout","__MONOTONIC_TIMESTAMP":"65860977328","_CAP_EFFECTIVE":"1ffffffffff","_EXE":"/usr/local/bin/wg-zk-daemon","_SELINUX_CONTEXT":"unconfined\n","_MACHINE_ID":"690ce7d60d764639b5ea18bbb8cfa3c2","SYSLOG_FACILITY":"3","_PID":"24784"}
{"_MACHINE_ID":"690ce7d60d764639b5ea18bbb8cfa3c2","__MONOTONIC_TIMESTAMP":"65860978707","_EXE":"/usr/local/bin/wg-zk-daemon","_SYSTEMD_SLICE":"system.slice","_CMDLINE":"/usr/local/bin/wg-zk-daemon","_SYSTEMD_UNIT":"wgzk.service","SYSLOG_IDENTIFIER":"wgzk-start.sh","_TRANSPORT":"stdout","_CAP_EFFECTIVE":"1ffffffffff","MESSAGE":"[timing] side=gateway pending_id=200 token=466354880 nonce_prefix=8e67cc89 result=ok wait_ct_us=1 verify_us=91 decap_us=81 peer_us=72 total_us=434","_GID":"0","_BOOT_ID":"803d77ddc49e4e5ea7391884acfbd14f","__REALTIME_TIMESTAMP":"1790766497241877","_SELINUX_CONTEXT":"unconfined\n","_SYSTEMD_INVOCATION_ID":"e80a96ce807a42dfbb6c3a602e7234cb","PRIORITY":"6","_UID":"0","_HOSTNAME":"wgzk-gateway","_STREAM_ID":"c06b84c0a30b4e8ca7b18f0ef25e60f6","_COMM":"wg-zk-daemon","_SYSTEMD_CGROUP":"/system.slice/wgzk.service","__CURSOR":"s=e6a325d7aab144b09b565d8c4be4d789;i=6adc;b=803d77ddc49e4e5ea7391884acfbd14f;m=f559ec813;t=65cb150f19b15;x=a178da34821dbcaa","_PID":"24784","SYSLOG_FACILITY":"3"}
{"_GID":"0","_STREAM_ID":"c06b84c0a30b4e8ca7b18f0ef25e60f6","_MACHINE_ID":"690ce7d60d764639b5ea18bbb8cfa3c2","_SELINUX_CONTEXT":"unconfined\n","PRIORITY":"6","SYSLOG_FACILITY":"3","_BOOT_ID":"803d77ddc49e4e5ea7391884acfbd14f","__CURSOR":"s=e6a325d7aab144b09b565d8c4be4d789;i=6ade;b=803d77ddc49e4e5ea7391884acfbd14f;m=f559ecc56;t=65cb150f19f58;x=f07ffc5e89624359","__MONOTONIC_TIMESTAMP":"65860979798","_SYSTEMD_UNIT":"wgzk.service","_SYSTEMD_SLICE":"system.slice","_PID":"24784","_HOSTNAME":"wgzk-gateway","SYSLOG_IDENTIFIER":"wgzk-start.sh","_COMM":"wg-zk-daemon","_CMDLINE":"/usr/local/bin/wg-zk-daemon","_TRANSPORT":"stdout","__REALTIME_TIMESTAMP":"1790766497242968","_EXE":"/usr/local/bin/wg-zk-daemon","MESSAGE":"[timing] side=gateway pending_id=201 token=3892969289 nonce_prefix=f9e0fd1c result=ok wait_ct_us=1 verify_us=171 decap_us=81 peer_us=58 total_us=323","_CAP_EFFECTIVE":"1ffffffffff","_UID":"0","_SYSTEMD_CGROUP":"/system.slice/wgzk.service","_SYSTEMD_INVOCATION_ID":"e80a96ce807a42dfbb6c3a602e7234cb"}
{"_BOOT_ID":"803d77ddc49e4e5ea7391884acfbd14f","_SYSTEMD_INVOCATION_ID":"e80a96ce807a42dfbb6c3a602e7234cb","_SELINUX_CONTEXT":"unconfined\n","_STREAM_ID":"c06b84c0a30b4e8ca7b18f0ef25e60f6","_TRANSPORT":"stdout","_COMM":"wg-zk-daemon","__MONOTONIC_TIMESTAMP":"65862319949","_UID":"0","_EXE":"/usr/local/bin/wg-zk-daemon","__CURSOR":"s=e6a325d7aab144b09b565d8c4be4d789;i=6ae1;b=803d77ddc49e4e5ea7391884acfbd14f;m=f55b33f4d;t=65cb15106124f;x=f24cc935e1fa3945","MESSAGE":"[timing] side=gateway pending_id=202 token=213045348 nonce_prefix=86dae9ae result=ok wait_ct_us=2 verify_us=96 decap_us=138 peer_us=81 total_us=500","_SYSTEMD_SLICE":"system.slice","SYSLOG_IDENTIFIER":"wgzk-start.sh","_GID":"0","_MACHINE_ID":"690ce7d60d764639b5ea18bbb8cfa3c2","_SYSTEMD_CGROUP":"/system.slice/wgzk.service","_HOSTNAME":"wgzk-gateway","_SYSTEMD_UNIT":"wgzk.service","_PID":"24784","SYSLOG_FACILITY":"3","_CAP_EFFECTIVE":"1ffffffffff","PRIORITY":"6","__REALTIME_TIMESTAMP":"1790766498583119","_CMDLINE":"/usr/local/bin/wg-zk-daemon"}
{"_UID":"0","_CMDLINE":"/usr/local/bin/wg-zk-daemon","_BOOT_ID":"803d77ddc49e4e5ea7391884acfbd14f","_GID":"0","SYSLOG_IDENTIFIER":"wgzk-start.sh","__REALTIME_TIMESTAMP":"1790766498583119","_SYSTEMD_UNIT":"wgzk.service","_STREAM_ID":"c06b84c0a30b4e8ca7b18f0ef25e60f6","_HOSTNAME":"wgzk-gateway","__CURSOR":"s=e6a325d7aab144b09b565d8c4be4d789;i=6ae2;b=803d77ddc49e4e5ea7391884acfbd14f;m=f55b33f4d;t=65cb15106124f;x=de97c11b574f5127","__MONOTONIC_TIMESTAMP":"65862319949","_EXE":"/usr/local/bin/wg-zk-daemon","_COMM":"wg-zk-daemon","_SYSTEMD_INVOCATION_ID":"e80a96ce807a42dfbb6c3a602e7234cb","_SYSTEMD_SLICE":"system.slice","_TRANSPORT":"stdout","PRIORITY":"6","_SYSTEMD_CGROUP":"/system.slice/wgzk.service","MESSAGE":"[timing] side=gateway pending_id=203 token=2138795332 nonce_prefix=bac9345e result=ok wait_ct_us=1 verify_us=226 decap_us=84 peer_us=58 total_us=1325","_MACHINE_ID":"690ce7d60d764639b5ea18bbb8cfa3c2","_PID":"24784","_SELINUX_CONTEXT":"unconfined\n","_CAP_EFFECTIVE":"1ffffffffff","SYSLOG_FACILITY":"3"}
{"_EXE":"/usr/local/bin/wg-zk-daemon","_CMDLINE":"/usr/local/bin/wg-zk-daemon","_SYSTEMD_CGROUP":"/system.slice/wgzk.service","SYSLOG_FACILITY":"3","_SELINUX_CONTEXT":"unconfined\n","_PID":"24784","_CAP_EFFECTIVE":"1ffffffffff","__MONOTONIC_TIMESTAMP":"65862321824","_SYSTEMD_UNIT":"wgzk.service","MESSAGE":"[timing] side=gateway pending_id=204 token=1184932918 nonce_prefix=89afc253 result=ok wait_ct_us=323 verify_us=171 decap_us=87 peer_us=106 total_us=747","_HOSTNAME":"wgzk-gateway","SYSLOG_IDENTIFIER":"wgzk-start.sh","__REALTIME_TIMESTAMP":"1790766498584994","_GID":"0","_BOOT_ID":"803d77ddc49e4e5ea7391884acfbd14f","_STREAM_ID":"c06b84c0a30b4e8ca7b18f0ef25e60f6","PRIORITY":"6","__CURSOR":"s=e6a325d7aab144b09b565d8c4be4d789;i=6ae4;b=803d77ddc49e4e5ea7391884acfbd14f;m=f55b346a0;t=65cb1510619a2;x=3dce3a30ada6b258","_SYSTEMD_INVOCATION_ID":"e80a96ce807a42dfbb6c3a602e7234cb","_COMM":"wg-zk-daemon","_MACHINE_ID":"690ce7d60d764639b5ea18bbb8cfa3c2","_SYSTEMD_SLICE":"system.slice","_UID":"0","_TRANSPORT":"stdout"}
{"__CURSOR":"s=e6a325d7aab144b09b565d8c4be4d789;i=6ae6;b=803d77ddc49e4e5ea7391884acfbd14f;m=f55b34bbb;t=65cb151061ebc;x=61ef7bd5523cc872","_BOOT_ID":"803d77ddc49e4e5ea7391884acfbd14f","_SYSTEMD_CGROUP":"/system.slice/wgzk.service","_TRANSPORT":"stdout","_GID":"0","SYSLOG_FACILITY":"3","_CMDLINE":"/usr/local/bin/wg-zk-daemon","__MONOTONIC_TIMESTAMP":"65862323131","_PID":"24784","_SYSTEMD_INVOCATION_ID":"e80a96ce807a42dfbb6c3a602e7234cb","SYSLOG_IDENTIFIER":"wgzk-start.sh","_EXE":"/usr/local/bin/wg-zk-daemon","_HOSTNAME":"wgzk-gateway","_SYSTEMD_SLICE":"system.slice","_SELINUX_CONTEXT":"unconfined\n","_COMM":"wg-zk-daemon","_MACHINE_ID":"690ce7d60d764639b5ea18bbb8cfa3c2","_UID":"0","MESSAGE":"[timing] side=gateway pending_id=205 token=4071238703 nonce_prefix=c01fab55 result=ok wait_ct_us=94 verify_us=102 decap_us=81 peer_us=255 total_us=1604","_SYSTEMD_UNIT":"wgzk.service","_CAP_EFFECTIVE":"1ffffffffff","PRIORITY":"6","__REALTIME_TIMESTAMP":"1790766498586300","_STREAM_ID":"c06b84c0a30b4e8ca7b18f0ef25e60f6"}
{"SYSLOG_FACILITY":"3","_CMDLINE":"/usr/local/bin/wg-zk-daemon","_UID":"0","_CAP_EFFECTIVE":"1ffffffffff","_EXE":"/usr/local/bin/wg-zk-daemon","__REALTIME_TIMESTAMP":"1790766498586300","_STREAM_ID":"c06b84c0a30b4e8ca7b18f0ef25e60f6","_PID":"24784","__MONOTONIC_TIMESTAMP":"65862323131","PRIORITY":"6","_TRANSPORT":"stdout","_SYSTEMD_SLICE":"system.slice","_MACHINE_ID":"690ce7d60d764639b5ea18bbb8cfa3c2","_COMM":"wg-zk-daemon","MESSAGE":"[timing] side=gateway pending_id=206 token=839054249 nonce_prefix=8093ea8d result=ok wait_ct_us=81 verify_us=247 decap_us=104 peer_us=67 total_us=2487","__CURSOR":"s=e6a325d7aab144b09b565d8c4be4d789;i=6ae8;b=803d77ddc49e4e5ea7391884acfbd14f;m=f55b34bbb;t=65cb151061ebc;x=376d475af3f41761","_HOSTNAME":"wgzk-gateway","_SYSTEMD_CGROUP":"/system.slice/wgzk.service","SYSLOG_IDENTIFIER":"wgzk-start.sh","_GID":"0","_SYSTEMD_UNIT":"wgzk.service","_BOOT_ID":"803d77ddc49e4e5ea7391884acfbd14f","_SELINUX_CONTEXT":"unconfined\n","_SYSTEMD_INVOCATION_ID":"e80a96ce807a42dfbb6c3a602e7234cb"}
{"_GID":"0","_COMM":"wg-zk-daemon","_CMDLINE":"/usr/local/bin/wg-zk-daemon","__CURSOR":"s=e6a325d7aab144b09b565d8c4be4d789;i=6aea;b=803d77ddc49e4e5ea7391884acfbd14f;m=f55b35364;t=65cb151062665;x=51ec3ecb8b9425bb","_STREAM_ID":"c06b84c0a30b4e8ca7b18f0ef25e60f6","_SYSTEMD_INVOCATION_ID":"e80a96ce807a42dfbb6c3a602e7234cb","_UID":"0","SYSLOG_IDENTIFIER":"wgzk-start.sh","PRIORITY":"6","_HOSTNAME":"wgzk-gateway","__MONOTONIC_TIMESTAMP":"65862325092","__REALTIME_TIMESTAMP":"1790766498588261","_SYSTEMD_SLICE":"system.slice","_CAP_EFFECTIVE":"1ffffffffff","_SYSTEMD_UNIT":"wgzk.service","_SYSTEMD_CGROUP":"/system.slice/wgzk.service","_BOOT_ID":"803d77ddc49e4e5ea7391884acfbd14f","_SELINUX_CONTEXT":"unconfined\n","SYSLOG_FACILITY":"3","_TRANSPORT":"stdout","_EXE":"/usr/local/bin/wg-zk-daemon","_MACHINE_ID":"690ce7d60d764639b5ea18bbb8cfa3c2","_PID":"24784","MESSAGE":"[timing] side=gateway pending_id=207 token=3667023943 nonce_prefix=96d4fee4 result=ok wait_ct_us=1 verify_us=91 decap_us=83 peer_us=228 total_us=417"}
{"_MACHINE_ID":"690ce7d60d764639b5ea18bbb8cfa3c2","_TRANSPORT":"stdout","_COMM":"wg-zk-daemon","_GID":"0","_HOSTNAME":"wgzk-gateway","_CAP_EFFECTIVE":"1ffffffffff","_CMDLINE":"/usr/local/bin/wg-zk-daemon","_EXE":"/usr/local/bin/wg-zk-daemon","_PID":"24784","_SYSTEMD_INVOCATION_ID":"e80a96ce807a42dfbb6c3a602e7234cb","SYSLOG_FACILITY":"3","__MONOTONIC_TIMESTAMP":"65862326195","MESSAGE":"[timing] side=gateway pending_id=208 token=2453940312 nonce_prefix=87ba26cd result=ok wait_ct_us=197 verify_us=91 decap_us=90 peer_us=58 total_us=453","PRIORITY":"6","_SYSTEMD_CGROUP":"/system.slice/wgzk.service","_SYSTEMD_SLICE":"system.slice","__CURSOR":"s=e6a325d7aab144b09b565d8c4be4d789;i=6aec;b=803d77ddc49e4e5ea7391884acfbd14f;m=f55b357b3;t=65cb151062ab5;x=3de496ffa8b053e5","SYSLOG_IDENTIFIER":"wgzk-start.sh","_SYSTEMD_UNIT":"wgzk.service","__REALTIME_TIMESTAMP":"1790766498589365","_SELINUX_CONTEXT":"unconfined\n","_BOOT_ID":"803d77ddc49e4e5ea7391884acfbd14f","_STREAM_ID":"c06b84c0a30b4e8ca7b18f0ef25e60f6","_UID":"0"}
{"__REALTIME_TIMESTAMP":"1790766498590607","_SYSTEMD_INVOCATION_ID":"e80a96ce807a42dfbb6c3a602e7234cb","_COMM":"wg-zk-daemon","_BOOT_ID":"803d77ddc49e4e5ea7391884acfbd14f","_CMDLINE":"/usr/local/bin/wg-zk-daemon","_TRANSPORT":"stdout","_MACHINE_ID":"690ce7d60d764639b5ea18bbb8cfa3c2","PRIORITY":"6","SYSLOG_IDENTIFIER":"wgzk-start.sh","MESSAGE":"[timing] side=gateway pending_id=209 token=3453731687 nonce_prefix=4612d7a9 result=ok wait_ct_us=1 verify_us=363 decap_us=159 peer_us=68 total_us=1748","_CAP_EFFECTIVE":"1ffffffffff","_SYSTEMD_UNIT":"wgzk.service","_SYSTEMD_SLICE":"system.slice","_SELINUX_CONTEXT":"unconfined\n","__CURSOR":"s=e6a325d7aab144b09b565d8c4be4d789;i=6aee;b=803d77ddc49e4e5ea7391884acfbd14f;m=f55b35c8e;t=65cb151062f8f;x=cd67aeb0b76a13f2","_SYSTEMD_CGROUP":"/system.slice/wgzk.service","__MONOTONIC_TIMESTAMP":"65862327438","_PID":"24784","_HOSTNAME":"wgzk-gateway","_UID":"0","_GID":"0","_EXE":"/usr/local/bin/wg-zk-daemon","SYSLOG_FACILITY":"3","_STREAM_ID":"c06b84c0a30b4e8ca7b18f0ef25e60f6"}
{"_MACHINE_ID":"690ce7d60d764639b5ea18bbb8cfa3c2","__MONOTONIC_TIMESTAMP":"65863666277","_SYSTEMD_INVOCATION_ID":"e80a96ce807a42dfbb6c3a602e7234cb","_HOSTNAME":"wgzk-gateway","_UID":"0","SYSLOG_IDENTIFIER":"wgzk-start.sh","_CAP_EFFECTIVE":"1ffffffffff","MESSAGE":"[timing] side=gateway pending_id=210 token=2235232688 nonce_prefix=fa7b09ea result=ok wait_ct_us=2 verify_us=96 decap_us=90 peer_us=82 total_us=599","PRIORITY":"6","_SYSTEMD_UNIT":"wgzk.service","_GID":"0","_PID":"24784","__CURSOR":"s=e6a325d7aab144b09b565d8c4be4d789;i=6af3;b=803d77ddc49e4e5ea7391884acfbd14f;m=f55c7ca65;t=65cb1511a9d67;x=f793efbd355b31cb","_BOOT_ID":"803d77ddc49e4e5ea7391884acfbd14f","__REALTIME_TIMESTAMP":"1790766499929447","_CMDLINE":"/usr/local/bin/wg-zk-daemon","_SYSTEMD_CGROUP":"/system.slice/wgzk.service","_COMM":"wg-zk-daemon","_TRANSPORT":"stdout","_SELINUX_CONTEXT":"unconfined\n","SYSLOG_FACILITY":"3","_EXE":"/usr/local/bin/wg-zk-daemon","_SYSTEMD_SLICE":"system.slice","_STREAM_ID":"c06b84c0a30b4e8ca7b18f0ef25e60f6"}
{"_BOOT_ID":"803d77ddc49e4e5ea7391884acfbd14f","__REALTIME_TIMESTAMP":"1790766499930269","_MACHINE_ID":"690ce7d60d764639b5ea18bbb8cfa3c2","SYSLOG_FACILITY":"3","SYSLOG_IDENTIFIER":"wgzk-start.sh","_EXE":"/usr/local/bin/wg-zk-daemon","_COMM":"wg-zk-daemon","__MONOTONIC_TIMESTAMP":"65863667099","_CAP_EFFECTIVE":"1ffffffffff","_SYSTEMD_SLICE":"system.slice","_HOSTNAME":"wgzk-gateway","__CURSOR":"s=e6a325d7aab144b09b565d8c4be4d789;i=6af4;b=803d77ddc49e4e5ea7391884acfbd14f;m=f55c7cd9b;t=65cb1511aa09d;x=269dfa0c264817bc","_TRANSPORT":"stdout","_SYSTEMD_CGROUP":"/system.slice/wgzk.service","_UID":"0","_STREAM_ID":"c06b84c0a30b4e8ca7b18f0ef25e60f6","_SELINUX_CONTEXT":"unconfined\n","_CMDLINE":"/usr/local/bin/wg-zk-daemon","_SYSTEMD_UNIT":"wgzk.service","_GID":"0","MESSAGE":"[timing] side=gateway pending_id=211 token=4121733909 nonce_prefix=54cef812 result=ok wait_ct_us=1 verify_us=297 decap_us=202 peer_us=73 total_us=1865","_PID":"24784","_SYSTEMD_INVOCATION_ID":"e80a96ce807a42dfbb6c3a602e7234cb","PRIORITY":"6"}
{"_SYSTEMD_SLICE":"system.slice","__CURSOR":"s=e6a325d7aab144b09b565d8c4be4d789;i=6af5;b=803d77ddc49e4e5ea7391884acfbd14f;m=f55c7d092;t=65cb1511aa394;x=b012db8fddea2c18","_COMM":"wg-zk-daemon","_SYSTEMD_INVOCATION_ID":"e80a96ce807a42dfbb6c3a602e7234cb","_SYSTEMD_UNIT":"wgzk.service","_GID":"0","__REALTIME_TIMESTAMP":"1790766499931028","SYSLOG_FACILITY":"3","_PID":"24784","_SYSTEMD_CGROUP":"/system.slice/wgzk.service","_UID":"0","MESSAGE":"[timing] side=gateway pending_id=212 token=1015907004 nonce_prefix=cb58603c result=ok wait_ct_us=1 verify_us=92 decap_us=83 peer_us=59 total_us=2457","__MONOTONIC_TIMESTAMP":"65863667858","_BOOT_ID":"803d77ddc49e4e5ea7391884acfbd14f","_CAP_EFFECTIVE":"1ffffffffff","_HOSTNAME":"wgzk-gateway","SYSLOG_IDENTIFIER":"wgzk-start.sh","_EXE":"/usr/local/bin/wg-zk-daemon","_TRANSPORT":"stdout","PRIORITY":"6","_STREAM_ID":"c06b84c0a30b4e8ca7b18f0ef25e60f6","_SELINUX_CONTEXT":"unconfined\n","_MACHINE_ID":"690ce7d60d764639b5ea18bbb8cfa3c2","_CMDLINE":"/usr/local/bin/wg-zk-daemon"}
{"_TRANSPORT":"stdout","SYSLOG_IDENTIFIER":"wgzk-start.sh","_EXE":"/usr/local/bin/wg-zk-daemon","_HOSTNAME":"wgzk-gateway","_SYSTEMD_CGROUP":"/system.slice/wgzk.service","PRIORITY":"6","_PID":"24784","MESSAGE":"[timing] side=gateway pending_id=213 token=3975073306 nonce_prefix=af874546 result=ok wait_ct_us=1 verify_us=307 decap_us=112 peer_us=60 total_us=500","_MACHINE_ID":"690ce7d60d764639b5ea18bbb8cfa3c2","__MONOTONIC_TIMESTAMP":"65863668724","__REALTIME_TIMESTAMP":"1790766499931894","_SYSTEMD_UNIT":"wgzk.service","_SELINUX_CONTEXT":"unconfined\n","__CURSOR":"s=e6a325d7aab144b09b565d8c4be4d789;i=6af6;b=803d77ddc49e4e5ea7391884acfbd14f;m=f55c7d3f4;t=65cb1511aa6f6;x=d20f744571b07f38","_CMDLINE":"/usr/local/bin/wg-zk-daemon","_UID":"0","_STREAM_ID":"c06b84c0a30b4e8ca7b18f0ef25e60f6","_COMM":"wg-zk-daemon","_CAP_EFFECTIVE":"1ffffffffff","SYSLOG_FACILITY":"3","_SYSTEMD_SLICE":"system.slice","_BOOT_ID":"803d77ddc49e4e5ea7391884acfbd14f","_SYSTEMD_INVOCATION_ID":"e80a96ce807a42dfbb6c3a602e7234cb","_GID":"0"}
{"PRIORITY":"6","__MONOTONIC_TIMESTAMP":"65863671530","_PID":"24784","_SYSTEMD_SLICE":"system.slice","SYSLOG_FACILITY":"3","_SYSTEMD_INVOCATION_ID":"e80a96ce807a42dfbb6c3a602e7234cb","_HOSTNAME":"wgzk-gateway","_MACHINE_ID":"690ce7d60d764639b5ea18bbb8cfa3c2","_TRANSPORT":"stdout","_SELINUX_CONTEXT":"unconfined\n","SYSLOG_IDENTIFIER":"wgzk-start.sh","_COMM":"wg-zk-daemon","_SYSTEMD_UNIT":"wgzk.service","_BOOT_ID":"803d77ddc49e4e5ea7391884acfbd14f","_UID":"0","MESSAGE":"[timing] side=gateway pending_id=214 token=54886423 nonce_prefix=66906fd9 result=ok wait_ct_us=1 verify_us=142 decap_us=90 peer_us=68 total_us=314","_CMDLINE":"/usr/local/bin/wg-zk-daemon","__REALTIME_TIMESTAMP":"1790766499934699","__CURSOR":"s=e6a325d7aab144b09b565d8c4be4d789;i=6af9;b=803d77ddc49e4e5ea7391884acfbd14f;m=f55c7deea;t=65cb1511ab1eb;x=70440eca15b2e682","_CAP_EFFECTIVE":"1ffffffffff","_SYSTEMD_CGROUP":"/system.slice/wgzk.service","_STREAM_ID":"c06b84c0a30b4e8ca7b18f0ef25e60f6","_GID":"0","_EXE":"/usr/local/bin/wg-zk-daemon"}
{"_UID":"0","_CMDLINE":"/usr/local/bin/wg-zk-daemon","_BOOT_ID":"803d77ddc49e4e5ea7391884acfbd14f","_SYSTEMD_UNIT":"wgzk.service","_TRANSPORT":"stdout","_COMM":"wg-zk-daemon","__CURSOR":"s=e6a325d7aab144b09b565d8c4be4d789;i=6afc;b=803d77ddc49e4e5ea7391884acfbd14f;m=f55c7e188;t=65cb1511ab489;x=6e2713c573629a7f","SYSLOG_FACILITY":"3","_CAP_EFFECTIVE":"1ffffffffff","__REALTIME_TIMESTAMP":"1790766499935369","_PID":"24784","_STREAM_ID":"c06b84c0a30b4e8ca7b18f0ef25e60f6","_SYSTEMD_SLICE":"system.slice","SYSLOG_IDENTIFIER":"wgzk-start.sh","_MACHINE_ID":"690ce7d60d764639b5ea18bbb8cfa3c2","_SELINUX_CONTEXT":"unconfined\n","_HOSTNAME":"wgzk-gateway","_EXE":"/usr/local/bin/wg-zk-daemon","__MONOTONIC_TIMESTAMP":"65863672200","_GID":"0","_SYSTEMD_INVOCATION_ID":"e80a96ce807a42dfbb6c3a602e7234cb","MESSAGE":"[timing] side=gateway pending_id=215 token=2516413738 nonce_prefix=ef5e45d8 result=ok wait_ct_us=1 verify_us=107 decap_us=83 peer_us=110 total_us=323","_SYSTEMD_CGROUP":"/system.slice/wgzk.service","PRIORITY":"6"}
{"SYSLOG_IDENTIFIER":"wgzk-start.sh","_CMDLINE":"/usr/local/bin/wg-zk-daemon","__REALTIME_TIMESTAMP":"1790766499936077","_STREAM_ID":"c06b84c0a30b4e8ca7b18f0ef25e60f6","_SYSTEMD_CGROUP":"/system.slice/wgzk.service","_SELINUX_CONTEXT":"unconfined\n","_SYSTEMD_SLICE":"system.slice","_HOSTNAME":"wgzk-gateway","_SYSTEMD_INVOCATION_ID":"e80a96ce807a42dfbb6c3a602e7234cb","__MONOTONIC_TIMESTAMP":"65863672907","_COMM":"wg-zk-daemon","_SYSTEMD_UNIT":"wgzk.service","MESSAGE":"[timing] side=gateway pending_id=216 token=3261172444 nonce_prefix=49db1091 result=ok wait_ct_us=1 verify_us=92 decap_us=81 peer_us=56 total_us=987","_CAP_EFFECTIVE":"1ffffffffff","_TRANSPORT":"stdout","SYSLOG_FACILITY":"3","_PID":"24784","_UID":"0","_BOOT_ID":"803d77ddc49e4e5ea7391884acfbd14f","__CURSOR":"s=e6a325d7aab144b09b565d8c4be4d789;i=6afd;b=803d77ddc49e4e5ea7391884acfbd14f;m=f55c7e44b;t=65cb1511ab74d;x=3ef633dc57037c8c","PRIORITY":"6","_MACHINE_ID":"690ce7d60d764639b5ea18bbb8cfa3c2","_GID":"0","_EXE":"/usr/local/bin/wg-zk-daemon"}
{"SYSLOG_FACILITY":"3","__CURSOR":"s=e6a325d7aab144b09b565d8c4be4d789;i=6afe;b=803d77ddc49e4e5ea7391884acfbd14f;m=f55c7e75c;t=65cb1511aba5e;x=63933d1512cea1e0","_SELINUX_CONTEXT":"unconfined\n","_CAP_EFFECTIVE":"1ffffffffff","_MACHINE_ID":"690ce7d60d764639b5ea18bbb8cfa3c2","_EXE":"/usr/local/bin/wg-zk-daemon","_SYSTEMD_INVOCATION_ID":"e80a96ce807a42dfbb6c3a602e7234cb","_UID":"0","_TRANSPORT":"stdout","SYSLOG_IDENTIFIER":"wgzk-start.sh","_PID":"24784","_SYSTEMD_UNIT":"wgzk.service","__MONOTONIC_TIMESTAMP":"65863673692","_BOOT_ID":"803d77ddc49e4e5ea7391884acfbd14f","__REALTIME_TIMESTAMP":"1790766499936862","_GID":"0","_SYSTEMD_CGROUP":"/system.slice/wgzk.service","_HOSTNAME":"wgzk-gateway","_STREAM_ID":"c06b84c0a30b4e8ca7b18f0ef25e60f6","_CMDLINE":"/usr/local/bin/wg-zk-daemon","MESSAGE":"[timing] side=gateway pending_id=217 token=2288091049 nonce_prefix=a192a5db result=ok wait_ct_us=1 verify_us=92 decap_us=80 peer_us=57 total_us=1682","_SYSTEMD_SLICE":"system.slice","PRIORITY":"6","_COMM":"wg-zk-daemon"}
{"_SYSTEMD_CGROUP":"/system.slice/wgzk.service","_HOSTNAME":"wgzk-gateway","_EXE":"/usr/local/bin/wg-zk-daemon","_CMDLINE":"/usr/local/bin/wg-zk-daemon","_SYSTEMD_SLICE":"system.slice","__REALTIME_TIMESTAMP":"1790766501276933","_TRANSPORT":"stdout","MESSAGE":"[timing] side=gateway pending_id=218 token=3376750403 nonce_prefix=8983b4b6 result=ok wait_ct_us=2 verify_us=188 decap_us=271 peer_us=80 total_us=558","_STREAM_ID":"c06b84c0a30b4e8ca7b18f0ef25e60f6","PRIORITY":"6","__CURSOR":"s=e6a325d7aab144b09b565d8c4be4d789;i=6b00;b=803d77ddc49e4e5ea7391884acfbd14f;m=f55dc5a03;t=65cb1512f2d05;x=4ae45e50603a41c9","_MACHINE_ID":"690ce7d60d764639b5ea18bbb8cfa3c2","_PID":"24784","_COMM":"wg-zk-daemon","SYSLOG_FACILITY":"3","_GID":"0","_SYSTEMD_INVOCATION_ID":"e80a96ce807a42dfbb6c3a602e7234cb","_UID":"0","_BOOT_ID":"803d77ddc49e4e5ea7391884acfbd14f","_SELINUX_CONTEXT":"unconfined\n","_CAP_EFFECTIVE":"1ffffffffff","SYSLOG_IDENTIFIER":"wgzk-start.sh","_SYSTEMD_UNIT":"wgzk.service","__MONOTONIC_TIMESTAMP":"65865013763"}
{"_STREAM_ID":"c06b84c0a30b4e8ca7b18f0ef25e60f6","_CAP_EFFECTIVE":"1ffffffffff","__REALTIME_TIMESTAMP":"1790766501278292","_TRANSPORT":"stdout","_GID":"0","_EXE":"/usr/local/bin/wg-zk-daemon","_HOSTNAME":"wgzk-gateway","_UID":"0","SYSLOG_IDENTIFIER":"wgzk-start.sh","_BOOT_ID":"803d77ddc49e4e5ea7391884acfbd14f","SYSLOG_FACILITY":"3","_SELINUX_CONTEXT":"unconfined\n","_SYSTEMD_UNIT":"wgzk.service","_MACHINE_ID":"690ce7d60d764639b5ea18bbb8cfa3c2","_COMM":"wg-zk-daemon","_CMDLINE":"/usr/local/bin/wg-zk-daemon","__MONOTONIC_TIMESTAMP":"65865015122","_SYSTEMD_SLICE":"system.slice","PRIORITY":"6","_SYSTEMD_CGROUP":"/system.slice/wgzk.service","__CURSOR":"s=e6a325d7aab144b09b565d8c4be4d789;i=6b02;b=803d77ddc49e4e5ea7391884acfbd14f;m=f55dc5f52;t=65cb1512f3254;x=7b9f4e363364f22a","_SYSTEMD_INVOCATION_ID":"e80a96ce807a42dfbb6c3a602e7234cb","_PID":"24784","MESSAGE":"[timing] side=gateway pending_id=220 token=3091680937 nonce_prefix=2a300ec6 result=ok wait_ct_us=0 verify_us=93 decap_us=98 peer_us=63 total_us=586"}
{"_SYSTEMD_UNIT":"wgzk.service","_EXE":"/usr/local/bin/wg-zk-daemon","_STREAM_ID":"c06b84c0a30b4e8ca7b18f0ef25e60f6","MESSAGE":"[timing] side=gateway pending_id=219 token=303817943 nonce_prefix=7dced181 result=ok wait_ct_us=864 verify_us=92 decap_us=365 peer_us=138 total_us=1479","_TRANSPORT":"stdout","__CURSOR":"s=e6a325d7aab144b09b565d8c4be4d789;i=6b04;b=803d77ddc49e4e5ea7391884acfbd14f;m=f55dc611d;t=65cb1512f341f;x=435ae458945cbdf4","_CMDLINE":"/usr/local/bin/wg-zk-daemon","_SYSTEMD_INVOCATION_ID":"e80a96ce807a42dfbb6c3a602e7234cb","_SYSTEMD_SLICE":"system.slice","__REALTIME_TIMESTAMP":"1790766501278751","_UID":"0","_GID":"0","SYSLOG_IDENTIFIER":"wgzk-start.sh","__MONOTONIC_TIMESTAMP":"65865015581","_SYSTEMD_CGROUP":"/system.slice/wgzk.service","_BOOT_ID":"803d77ddc49e4e5ea7391884acfbd14f","PRIORITY":"6","SYSLOG_FACILITY":"3","_CAP_EFFECTIVE":"1ffffffffff","_MACHINE_ID":"690ce7d60d764639b5ea18bbb8cfa3c2","_COMM":"wg-zk-daemon","_PID":"24784","_HOSTNAME":"wgzk-gateway","_SELINUX_CONTEXT":"unconfined\n"}
{"_SELINUX_CONTEXT":"unconfined\n","_GID":"0","PRIORITY":"6","_SYSTEMD_INVOCATION_ID":"e80a96ce807a42dfbb6c3a602e7234cb","_SYSTEMD_UNIT":"wgzk.service","__CURSOR":"s=e6a325d7aab144b09b565d8c4be4d789;i=6b08;b=803d77ddc49e4e5ea7391884acfbd14f;m=f55dc6cae;t=65cb1512f3faf;x=77c62b34c453740","_TRANSPORT":"stdout","SYSLOG_FACILITY":"3","_SYSTEMD_SLICE":"system.slice","_MACHINE_ID":"690ce7d60d764639b5ea18bbb8cfa3c2","_HOSTNAME":"wgzk-gateway","__REALTIME_TIMESTAMP":"1790766501281711","SYSLOG_IDENTIFIER":"wgzk-start.sh","_SYSTEMD_CGROUP":"/system.slice/wgzk.service","_COMM":"wg-zk-daemon","_CAP_EFFECTIVE":"1ffffffffff","_BOOT_ID":"803d77ddc49e4e5ea7391884acfbd14f","_UID":"0","__MONOTONIC_TIMESTAMP":"65865018542","_STREAM_ID":"c06b84c0a30b4e8ca7b18f0ef25e60f6","_EXE":"/usr/local/bin/wg-zk-daemon","_PID":"24784","_CMDLINE":"/usr/local/bin/wg-zk-daemon","MESSAGE":"[timing] side=gateway pending_id=221 token=194097847 nonce_prefix=9fde1836 result=ok wait_ct_us=1 verify_us=236 decap_us=84 peer_us=61 total_us=748"}
{"_MACHINE_ID":"690ce7d60d764639b5ea18bbb8cfa3c2","_TRANSPORT":"stdout","_STREAM_ID":"c06b84c0a30b4e8ca7b18f0ef25e60f6","_GID":"0","_SYSTEMD_INVOCATION_ID":"e80a96ce807a42dfbb6c3a602e7234cb","_CAP_EFFECTIVE":"1ffffffffff","__REALTIME_TIMESTAMP":"1790766501282297","_SYSTEMD_SLICE":"system.slice","SYSLOG_IDENTIFIER":"wgzk-start.sh","_SYSTEMD_CGROUP":"/system.slice/wgzk.service","PRIORITY":"6","SYSLOG_FACILITY":"3","MESSAGE":"[timing] side=gateway pending_id=222 token=4145581179 nonce_prefix=808b2d9b result=ok wait_ct_us=1 verify_us=92 decap_us=90 peer_us=56 total_us=262","_PID":"24784","_HOSTNAME":"wgzk-gateway","_SELINUX_CONTEXT":"unconfined\n","_SYSTEMD_UNIT":"wgzk.service","_EXE":"/usr/local/bin/wg-zk-daemon","__MONOTONIC_TIMESTAMP":"65865019127","_UID":"0","_CMDLINE":"/usr/local/bin/wg-zk-daemon","_BOOT_ID":"803d77ddc49e4e5ea7391884acfbd14f","_COMM":"wg-zk-daemon","__CURSOR":"s=e6a325d7aab144b09b565d8c4be4d789;i=6b09;b=803d77ddc49e4e5ea7391884acfbd14f;m=f55dc6ef7;t=65cb1512f41f9;x=fdcb238bf9773507"}
{"_SELINUX_CONTEXT":"unconfined\n","MESSAGE":"[timing] side=gateway pending_id=223 token=815420976 nonce_prefix=04b0bfe1 result=ok wait_ct_us=1 verify_us=255 decap_us=117 peer_us=57 total_us=1258","_BOOT_ID":"803d77ddc49e4e5ea7391884acfbd14f","SYSLOG_FACILITY":"3","_SYSTEMD_CGROUP":"/system.slice/wgzk.service","__REALTIME_TIMESTAMP":"1790766501283392","_PID":"24784","_HOSTNAME":"wgzk-gateway","__MONOTONIC_TIMESTAMP":"65865020222","_UID":"0","SYSLOG_IDENTIFIER":"wgzk-start.sh","_STREAM_ID":"c06b84c0a30b4e8ca7b18f0ef25e60f6","_SYSTEMD_UNIT":"wgzk.service","_EXE":"/usr/local/bin/wg-zk-daemon","_MACHINE_ID":"690ce7d60d764639b5ea18bbb8cfa3c2","_TRANSPORT":"stdout","_CAP_EFFECTIVE":"1ffffffffff","__CURSOR":"s=e6a325d7aab144b09b565d8c4be4d789;i=6b0b;b=803d77ddc49e4e5ea7391884acfbd14f;m=f55dc733e;t=65cb1512f4640;x=216921707bc8e69b","PRIORITY":"6","_SYSTEMD_INVOCATION_ID":"e80a96ce807a42dfbb6c3a602e7234cb","_COMM":"wg-zk-daemon","_GID":"0","_SYSTEMD_SLICE":"system.slice","_CMDLINE":"/usr/local/bin/wg-zk-daemon"}
{"__REALTIME_TIMESTAMP":"1790766501284148","_SYSTEMD_INVOCATION_ID":"e80a96ce807a42dfbb6c3a602e7234cb","_UID":"0","_GID":"0","_STREAM_ID":"c06b84c0a30b4e8ca7b18f0ef25e60f6","_BOOT_ID":"803d77ddc49e4e5ea7391884acfbd14f","__MONOTONIC_TIMESTAMP":"65865020978","_PID":"24784","_EXE":"/usr/local/bin/wg-zk-daemon","_TRANSPORT":"stdout","PRIORITY":"6","_CMDLINE":"/usr/local/bin/wg-zk-daemon","_SYSTEMD_CGROUP":"/system.slice/wgzk.service","_MACHINE_ID":"690ce7d60d764639b5ea18bbb8cfa3c2","SYSLOG_IDENTIFIER":"wgzk-start.sh","SYSLOG_FACILITY":"3","_SYSTEMD_SLICE":"system.slice","_CAP_EFFECTIVE":"1ffffffffff","_COMM":"wg-zk-daemon","_SYSTEMD_UNIT":"wgzk.service","MESSAGE":"[timing] side=gateway pending_id=224 token=1827280984 nonce_prefix=cca69ffc result=ok wait_ct_us=1 verify_us=114 decap_us=79 peer_us=67 total_us=2162","_SELINUX_CONTEXT":"unconfined\n","_HOSTNAME":"wgzk-gateway","__CURSOR":"s=e6a325d7aab144b09b565d8c4be4d789;i=6b0d;b=803d77ddc49e4e5ea7391884acfbd14f;m=f55dc7632;t=65cb1512f4934;x=62ecfafdb4a082d0"}
{"PRIORITY":"6","_GID":"0","MESSAGE":"[timing] side=gateway pending_id=225 token=3679740639 nonce_prefix=c04b6131 result=ok wait_ct_us=1 verify_us=92 decap_us=82 peer_us=83 total_us=2986","_EXE":"/usr/local/bin/wg-zk-daemon","_CMDLINE":"/usr/local/bin/wg-zk-daemon","_CAP_EFFECTIVE":"1ffffffffff","_SYSTEMD_CGROUP":"/system.slice/wgzk.service","_SYSTEMD_UNIT":"wgzk.service","_TRANSPORT":"stdout","__REALTIME_TIMESTAMP":"1790766501285098","SYSLOG_FACILITY":"3","_COMM":"wg-zk-daemon","_HOSTNAME":"wgzk-gateway","__MONOTONIC_TIMESTAMP":"65865021928","_MACHINE_ID":"690ce7d60d764639b5ea18bbb8cfa3c2","__CURSOR":"s=e6a325d7aab144b09b565d8c4be4d789;i=6b0e;b=803d77ddc49e4e5ea7391884acfbd14f;m=f55dc79e8;t=65cb1512f4cea;x=3a53d560b808fcf3","_PID":"24784","SYSLOG_IDENTIFIER":"wgzk-start.sh","_SELINUX_CONTEXT":"unconfined\n","_SYSTEMD_SLICE":"system.slice","_SYSTEMD_INVOCATION_ID":"e80a96ce807a42dfbb6c3a602e7234cb","_UID":"0","_STREAM_ID":"c06b84c0a30b4e8ca7b18f0ef25e60f6","_BOOT_ID":"803d77ddc49e4e5ea7391884acfbd14f"}
{"_CAP_EFFECTIVE":"1ffffffffff","_SYSTEMD_INVOCATION_ID":"e80a96ce807a42dfbb6c3a602e7234cb","_SYSTEMD_SLICE":"system.slice","_TRANSPORT":"stdout","_SYSTEMD_UNIT":"wgzk.service","_CMDLINE":"/usr/local/bin/wg-zk-daemon","__MONOTONIC_TIMESTAMP":"65866361174","SYSLOG_IDENTIFIER":"wgzk-start.sh","__CURSOR":"s=e6a325d7aab144b09b565d8c4be4d789;i=6b11;b=803d77ddc49e4e5ea7391884acfbd14f;m=f55f0e956;t=65cb15143bc58;x=4a9c37cd2dd6337","MESSAGE":"[timing] side=gateway pending_id=226 token=1459333862 nonce_prefix=04454b69 result=ok wait_ct_us=46 verify_us=95 decap_us=89 peer_us=76 total_us=450","PRIORITY":"6","_HOSTNAME":"wgzk-gateway","_GID":"0","SYSLOG_FACILITY":"3","__REALTIME_TIMESTAMP":"1790766502624344","_SYSTEMD_CGROUP":"/system.slice/wgzk.service","_STREAM_ID":"c06b84c0a30b4e8ca7b18f0ef25e60f6","_COMM":"wg-zk-daemon","_SELINUX_CONTEXT":"unconfined\n","_UID":"0","_EXE":"/usr/local/bin/wg-zk-daemon","_PID":"24784","_BOOT_ID":"803d77ddc49e4e5ea7391884acfbd14f","_MACHINE_ID":"690ce7d60d764639b5ea18bbb8cfa3c2"}
{"_BOOT_ID":"803d77ddc49e4e5ea7391884acfbd14f","SYSLOG_IDENTIFIER":"wgzk-start.sh","_PID":"24784","PRIORITY":"6","_HOSTNAME":"wgzk-gateway","_CMDLINE":"/usr/local/bin/wg-zk-daemon","_SYSTEMD_UNIT":"wgzk.service","_GID":"0","MESSAGE":"[timing] side=gateway pending_id=227 token=3258712735 nonce_prefix=2a396d83 result=ok wait_ct_us=121 verify_us=207 decap_us=87 peer_us=68 total_us=2049","_COMM":"wg-zk-daemon","_SELINUX_CONTEXT":"unconfined\n","_CAP_EFFECTIVE":"1ffffffffff","_SYSTEMD_SLICE":"system.slice","_UID":"0","__MONOTONIC_TIMESTAMP":"65866364623","_MACHINE_ID":"690ce7d60d764639b5ea18bbb8cfa3c2","__REALTIME_TIMESTAMP":"1790766502627793","_TRANSPORT":"stdout","SYSLOG_FACILITY":"3","_EXE":"/usr/local/bin/wg-zk-daemon","_STREAM_ID":"c06b84c0a30b4e8ca7b18f0ef25e60f6","_SYSTEMD_CGROUP":"/system.slice/wgzk.service","_SYSTEMD_INVOCATION_ID":"e80a96ce807a42dfbb6c3a602e7234cb","__CURSOR":"s=e6a325d7aab144b09b565d8c4be4d789;i=6b13;b=803d77ddc49e4e5ea7391884acfbd14f;m=f55f0f6cf;t=65cb15143c9d1;x=6e6af46fe4e4b69f"}
{"PRIORITY":"6","_HOSTNAME":"wgzk-gateway","_CMDLINE":"/usr/local/bin/wg-zk-daemon","_SYSTEMD_CGROUP":"/system.slice/wgzk.service","_SYSTEMD_INVOCATION_ID":"e80a96ce807a42dfbb6c3a602e7234cb","_EXE":"/usr/local/bin/wg-zk-daemon","_TRANSPORT":"stdout","__MONOTONIC_TIMESTAMP":"65866364623","_STREAM_ID":"c06b84c0a30b4e8ca7b18f0ef25e60f6","SYSLOG_IDENTIFIER":"wgzk-start.sh","_SYSTEMD_SLICE":"system.slice","_GID":"0","__CURSOR":"s=e6a325d7aab144b09b565d8c4be4d789;i=6b15;b=803d77ddc49e4e5ea7391884acfbd14f;m=f55f0f6cf;t=65cb15143c9d1;x=23f2dd24182dec57","_MACHINE_ID":"690ce7d60d764639b5ea18bbb8cfa3c2","_BOOT_ID":"803d77ddc49e4e5ea7391884acfbd14f","SYSLOG_FACILITY":"3","_SELINUX_CONTEXT":"unconfined\n","_PID":"24784","MESSAGE":"[timing] side=gateway pending_id=228 token=768115300 nonce_prefix=0531d75f result=ok wait_ct_us=91 verify_us=102 decap_us=82 peer_us=59 total_us=378","_SYSTEMD_UNIT":"wgzk.service","_UID":"0","_COMM":"wg-zk-daemon","__REALTIME_TIMESTAMP":"1790766502627793","_CAP_EFFECTIVE":"1ffffffffff"}
{"_PID":"24784","_SYSTEMD_CGROUP":"/system.slice/wgzk.service","_CMDLINE":"/usr/local/bin/wg-zk-daemon","__CURSOR":"s=e6a325d7aab144b09b565d8c4be4d789;i=6b16;b=803d77ddc49e4e5ea7391884acfbd14f;m=f55f0f6cf;t=65cb15143c9d1;x=90371cb55a915937","_HOSTNAME":"wgzk-gateway","_MACHINE_ID":"690ce7d60d764639b5ea18bbb8cfa3c2","_CAP_EFFECTIVE":"1ffffffffff","PRIORITY":"6","_UID":"0","_TRANSPORT":"stdout","_EXE":"/usr/local/bin/wg-zk-daemon","_SYSTEMD_UNIT":"wgzk.service","__REALTIME_TIMESTAMP":"1790766502627793","_COMM":"wg-zk-daemon","SYSLOG_IDENTIFIER":"wgzk-start.sh","_BOOT_ID":"803d77ddc49e4e5ea7391884acfbd14f","MESSAGE":"[timing] side=gateway pending_id=229 token=3344367125 nonce_prefix=6c38fb44 result=ok wait_ct_us=1 verify_us=91 decap_us=116 peer_us=56 total_us=940","_SELINUX_CONTEXT":"unconfined\n","_STREAM_ID":"c06b84c0a30b4e8ca7b18f0ef25e60f6","__MONOTONIC_TIMESTAMP":"65866364623","_SYSTEMD_SLICE":"system.slice","_SYSTEMD_INVOCATION_ID":"e80a96ce807a42dfbb6c3a602e7234cb","_GID":"0","SYSLOG_FACILITY":"3"}
{"_SYSTEMD_CGROUP":"/system.slice/wgzk.service","_STREAM_ID":"c06b84c0a30b4e8ca7b18f0ef25e60f6","_MACHINE_ID":"690ce7d60d764639b5ea18bbb8cfa3c2","PRIORITY":"6","__REALTIME_TIMESTAMP":"1790766502629221","_CAP_EFFECTIVE":"1ffffffffff","_EXE":"/usr/local/bin/wg-zk-daemon","_COMM":"wg-zk-daemon","_SYSTEMD_INVOCATION_ID":"e80a96ce807a42dfbb6c3a602e7234cb","__MONOTONIC_TIMESTAMP":"65866366051","_BOOT_ID":"803d77ddc49e4e5ea7391884acfbd14f","_GID":"0","_PID":"24784","_TRANSPORT":"stdout","_CMDLINE":"/usr/local/bin/wg-zk-daemon","MESSAGE":"[timing] side=gateway pending_id=230 token=3769273224 nonce_prefix=495bdb38 result=ok wait_ct_us=1 verify_us=91 decap_us=83 peer_us=59 total_us=314","SYSLOG_FACILITY":"3","_UID":"0","_SYSTEMD_UNIT":"wgzk.service","_SYSTEMD_SLICE":"system.slice","_HOSTNAME":"wgzk-gateway","__CURSOR":"s=e6a325d7aab144b09b565d8c4be4d789;i=6b18;b=803d77ddc49e4e5ea7391884acfbd14f;m=f55f0fc63;t=65cb15143cf65;x=237de2e20d9e9f39","_SELINUX_CONTEXT":"unconfined\n","SYSLOG_IDENTIFIER":"wgzk-start.sh"}
{"_UID":"0","_SYSTEMD_CGROUP":"/system.slice/wgzk.service","_CMDLINE":"/usr/local/bin/wg-zk-daemon","_MACHINE_ID":"690ce7d60d764639b5ea18bbb8cfa3c2","_EXE":"/usr/local/bin/wg-zk-daemon","_CAP_EFFECTIVE":"1ffffffffff","__REALTIME_TIMESTAMP":"1790766502630119","_TRANSPORT":"stdout","PRIORITY":"6","_SYSTEMD_UNIT":"wgzk.service","__MONOTONIC_TIMESTAMP":"65866366950","_SYSTEMD_INVOCATION_ID":"e80a96ce807a42dfbb6c3a602e7234cb","SYSLOG_FACILITY":"3","_STREAM_ID":"c06b84c0a30b4e8ca7b18f0ef25e60f6","_BOOT_ID":"803d77ddc49e4e5ea7391884acfbd14f","MESSAGE":"[timing] side=gateway pending_id=231 token=4198687597 nonce_prefix=7ab7d4bd result=ok wait_ct_us=40 verify_us=501 decap_us=114 peer_us=71 total_us=1305","_HOSTNAME":"wgzk-gateway","_PID":"24784","_GID":"0","_COMM":"wg-zk-daemon","_SYSTEMD_SLICE":"system.slice","__CURSOR":"s=e6a325d7aab144b09b565d8c4be4d789;i=6b1a;b=803d77ddc49e4e5ea7391884acfbd14f;m=f55f0ffe6;t=65cb15143d2e7;x=a6ab176efc7acdbd","_SELINUX_CONTEXT":"unconfined\n","SYSLOG_IDENTIFIER":"wgzk-start.sh"}
{"_GID":"0","__CURSOR":"s=e6a325d7aab144b09b565d8c4be4d789;i=6b1c;b=803d77ddc49e4e5ea7391884acfbd14f;m=f55f105cd;t=65cb15143d8cf;x=34f0ad4a54085ea7","_STREAM_ID":"c06b84c0a30b4e8ca7b18f0ef25e60f6","_SYSTEMD_SLICE":"system.slice","SYSLOG_FACILITY":"3","_TRANSPORT":"stdout","_SELINUX_CONTEXT":"unconfined\n","__MONOTONIC_TIMESTAMP":"65866368461","_COMM":"wg-zk-daemon","__REALTIME_TIMESTAMP":"1790766502631631","SYSLOG_IDENTIFIER":"wgzk-start.sh","_CMDLINE":"/usr/local/bin/wg-zk-daemon","_SYSTEMD_CGROUP":"/system.slice/wgzk.service","_UID":"0","_SYSTEMD_UNIT":"wgzk.service","_MACHINE_ID":"690ce7d60d764639b5ea18bbb8cfa3c2","_CAP_EFFECTIVE":"1ffffffffff","_SYSTEMD_INVOCATION_ID":"e80a96ce807a42dfbb6c3a602e7234cb","_PID":"24784","MESSAGE":"[timing] side=gateway pending_id=232 token=2308175759 nonce_prefix=cc2f4019 result=ok wait_ct_us=1 verify_us=314 decap_us=113 peer_us=113 total_us=746","PRIORITY":"6","_EXE":"/usr/local/bin/wg-zk-daemon","_HOSTNAME":"wgzk-gateway","_BOOT_ID":"803d77ddc49e4e5ea7391884acfbd14f"}
{"__MONOTONIC_TIMESTAMP":"65866370491","_SYSTEMD_SLICE":"system.slice","_GID":"0","_CAP_EFFECTIVE":"1ffffffffff","__REALTIME_TIMESTAMP":"1790766502633661","__CURSOR":"s=e6a325d7aab144b09b565d8c4be4d789;i=6b1e;b=803d77ddc49e4e5ea7391884acfbd14f;m=f55f10dbb;t=65cb15143e0bd;x=e87ca36b023cfda9","_SELINUX_CONTEXT":"unconfined\n","_MACHINE_ID":"690ce7d60d764639b5ea18bbb8cfa3c2","_BOOT_ID":"803d77ddc49e4e5ea7391884acfbd14f","_COMM":"wg-zk-daemon","_SYSTEMD_CGROUP":"/system.slice/wgzk.service","_SYSTEMD_INVOCATION_ID":"e80a96ce807a42dfbb6c3a602e7234cb","_CMDLINE":"/usr/local/bin/wg-zk-daemon","MESSAGE":"[timing] side=gateway pending_id=233 token=2547347803 nonce_prefix=e536a5f9 result=ok wait_ct_us=1 verify_us=131 decap_us=82 peer_us=70 total_us=297","_STREAM_ID":"c06b84c0a30b4e8ca7b18f0ef25e60f6","SYSLOG_FACILITY":"3","PRIORITY":"6","_HOSTNAME":"wgzk-gateway","SYSLOG_IDENTIFIER":"wgzk-start.sh","_EXE":"/usr/local/bin/wg-zk-daemon","_TRANSPORT":"stdout","_SYSTEMD_UNIT":"wgzk.service","_UID":"0","_PID":"24784"}
{"_SYSTEMD_CGROUP":"/system.slice/wgzk.service","_SELINUX_CONTEXT":"unconfined\n","_HOSTNAME":"wgzk-gateway","_EXE":"/usr/local/bin/wg-zk-daemon","__MONOTONIC_TIMESTAMP":"65867719122","MESSAGE":"[timing] side=gateway pending_id=234 token=3427981833 nonce_prefix=48e3be8d result=ok wait_ct_us=1 verify_us=113 decap_us=99 peer_us=76 total_us=529","SYSLOG_FACILITY":"3","_STREAM_ID":"c06b84c0a30b4e8ca7b18f0ef25e60f6","_SYSTEMD_SLICE":"system.slice","_MACHINE_ID":"690ce7d60d764639b5ea18bbb8cfa3c2","_UID":"0","_GID":"0","_BOOT_ID":"803d77ddc49e4e5ea7391884acfbd14f","__REALTIME_TIMESTAMP":"1790766503982292","_COMM":"wg-zk-daemon","_SYSTEMD_UNIT":"wgzk.service","_SYSTEMD_INVOCATION_ID":"e80a96ce807a42dfbb6c3a602e7234cb","PRIORITY":"6","_CMDLINE":"/usr/local/bin/wg-zk-daemon","SYSLOG_IDENTIFIER":"wgzk-start.sh","__CURSOR":"s=e6a325d7aab144b09b565d8c4be4d789;i=6b23;b=803d77ddc49e4e5ea7391884acfbd14f;m=f5605a1d2;t=65cb1515874d4;x=4c80bc5c08d4351b","_CAP_EFFECTIVE":"1ffffffffff","_PID":"24784","_TRANSPORT":"stdout"}
{"__REALTIME_TIMESTAMP":"1790766503983532","_CAP_EFFECTIVE":"1ffffffffff","_BOOT_ID":"803d77ddc49e4e5ea7391884acfbd14f","__CURSOR":"s=e6a325d7aab144b09b565d8c4be4d789;i=6b25;b=803d77ddc49e4e5ea7391884acfbd14f;m=f5605a6aa;t=65cb1515879ac;x=ca09883672b3e9b1","PRIORITY":"6","SYSLOG_IDENTIFIER":"wgzk-start.sh","_CMDLINE":"/usr/local/bin/wg-zk-daemon","_SYSTEMD_CGROUP":"/system.slice/wgzk.service","_TRANSPORT":"stdout","_STREAM_ID":"c06b84c0a30b4e8ca7b18f0ef25e60f6","_SYSTEMD_UNIT":"wgzk.service","_HOSTNAME":"wgzk-gateway","__MONOTONIC_TIMESTAMP":"65867720362","_EXE":"/usr/local/bin/wg-zk-daemon","_MACHINE_ID":"690ce7d60d764639b5ea18bbb8cfa3c2","_SYSTEMD_INVOCATION_ID":"e80a96ce807a42dfbb6c3a602e7234cb","_SYSTEMD_SLICE":"system.slice","MESSAGE":"[timing] side=gateway pending_id=235 token=1550288681 nonce_prefix=8bb77732 result=ok wait_ct_us=1 verify_us=247 decap_us=95 peer_us=326 total_us=1759","_SELINUX_CONTEXT":"unconfined\n","_PID":"24784","_UID":"0","_GID":"0","_COMM":"wg-zk-daemon","SYSLOG_FACILITY":"3"}
{"_COMM":"wg-zk-daemon","_GID":"0","SYSLOG_IDENTIFIER":"wgzk-start.sh","_SYSTEMD_SLICE":"system.slice","_CAP_EFFECTIVE":"1ffffffffff","_SELINUX_CONTEXT":"unconfined\n","_HOSTNAME":"wgzk-gateway","_SYSTEMD_UNIT":"wgzk.service","_EXE":"/usr/local/bin/wg-zk-daemon","_CMDLINE":"/usr/local/bin/wg-zk-daemon","_BOOT_ID":"803d77ddc49e4e5ea7391884acfbd14f","_SYSTEMD_INVOCATION_ID":"e80a96ce807a42dfbb6c3a602e7234cb","PRIORITY":"6","SYSLOG_FACILITY":"3","_TRANSPORT":"stdout","_PID":"24784","_STREAM_ID":"c06b84c0a30b4e8ca7b18f0ef25e60f6","_MACHINE_ID":"690ce7d60d764639b5ea18bbb8cfa3c2","_UID":"0","__MONOTONIC_TIMESTAMP":"65867721045","__CURSOR":"s=e6a325d7aab144b09b565d8c4be4d789;i=6b26;b=803d77ddc49e4e5ea7391884acfbd14f;m=f5605a955;t=65cb151587c57;x=d2b612646589fd4","__REALTIME_TIMESTAMP":"1790766503984215","_SYSTEMD_CGROUP":"/system.slice/wgzk.service","MESSAGE":"[timing] side=gateway pending_id=236 token=1940257373 nonce_prefix=780497db result=ok wait_ct_us=1 verify_us=92 decap_us=114 peer_us=92 total_us=2423"}
{"_MACHINE_ID":"690ce7d60d764639b5ea18bbb8cfa3c2","_COMM":"wg-zk-daemon","_SYSTEMD_CGROUP":"/system.slice/wgzk.service","_UID":"0","_PID":"24784","_SYSTEMD_SLICE":"system.slice","_EXE":"/usr/local/bin/wg-zk-daemon","_HOSTNAME":"wgzk-gateway","_TRANSPORT":"stdout","__CURSOR":"s=e6a325d7aab144b09b565d8c4be4d789;i=6b27;b=803d77ddc49e4e5ea7391884acfbd14f;m=f5605ad68;t=65cb15158806a;x=785f849ca6d949f9","_CAP_EFFECTIVE":"1ffffffffff","_SYSTEMD_UNIT":"wgzk.service","_SYSTEMD_INVOCATION_ID":"e80a96ce807a42dfbb6c3a602e7234cb","_STREAM_ID":"c06b84c0a30b4e8ca7b18f0ef25e60f6","MESSAGE":"[timing] side=gateway pending_id=237 token=2663379457 nonce_prefix=88f8d804 result=ok wait_ct_us=1 verify_us=93 decap_us=141 peer_us=58 total_us=3129","_GID":"0","PRIORITY":"6","SYSLOG_IDENTIFIER":"wgzk-start.sh","__REALTIME_TIMESTAMP":"1790766503985258","_SELINUX_CONTEXT":"unconfined\n","_BOOT_ID":"803d77ddc49e4e5ea7391884acfbd14f","__MONOTONIC_TIMESTAMP":"65867722088","SYSLOG_FACILITY":"3","_CMDLINE":"/usr/local/bin/wg-zk-daemon"}
{"__REALTIME_TIMESTAMP":"1790766503985616","_HOSTNAME":"wgzk-gateway","MESSAGE":"[timing] side=gateway pending_id=238 token=951358420 nonce_prefix=7ecdbd9c result=ok wait_ct_us=1 verify_us=91 decap_us=269 peer_us=59 total_us=3769","_GID":"0","_MACHINE_ID":"690ce7d60d764639b5ea18bbb8cfa3c2","SYSLOG_IDENTIFIER":"wgzk-start.sh","_SELINUX_CONTEXT":"unconfined\n","_STREAM_ID":"c06b84c0a30b4e8ca7b18f0ef25e60f6","_SYSTEMD_UNIT":"wgzk.service","__MONOTONIC_TIMESTAMP":"65867722446","_CAP_EFFECTIVE":"1ffffffffff","_UID":"0","_EXE":"/usr/local/bin/wg-zk-daemon","_CMDLINE":"/usr/local/bin/wg-zk-daemon","PRIORITY":"6","__CURSOR":"s=e6a325d7aab144b09b565d8c4be4d789;i=6b28;b=803d77ddc49e4e5ea7391884acfbd14f;m=f5605aece;t=65cb1515881d0;x=6b20f985e3e5c716","_PID":"24784","_TRANSPORT":"stdout","_SYSTEMD_CGROUP":"/system.slice/wgzk.service","_BOOT_ID":"803d77ddc49e4e5ea7391884acfbd14f","_COMM":"wg-zk-daemon","_SYSTEMD_SLICE":"system.slice","SYSLOG_FACILITY":"3","_SYSTEMD_INVOCATION_ID":"e80a96ce807a42dfbb6c3a602e7234cb"}
{"_TRANSPORT":"stdout","_COMM":"wg-zk-daemon","_GID":"0","SYSLOG_IDENTIFIER":"wgzk-start.sh","_SYSTEMD_CGROUP":"/system.slice/wgzk.service","_UID":"0","_EXE":"/usr/local/bin/wg-zk-daemon","_SYSTEMD_INVOCATION_ID":"e80a96ce807a42dfbb6c3a602e7234cb","_SYSTEMD_UNIT":"wgzk.service","_PID":"24784","__CURSOR":"s=e6a325d7aab144b09b565d8c4be4d789;i=6b2a;b=803d77ddc49e4e5ea7391884acfbd14f;m=f5605b50f;t=65cb151588811;x=4627684cb2deefa7","_STREAM_ID":"c06b84c0a30b4e8ca7b18f0ef25e60f6","_SYSTEMD_SLICE":"system.slice","MESSAGE":"[timing] side=gateway pending_id=239 token=2498341814 nonce_prefix=c126b2b4 result=ok wait_ct_us=99 verify_us=450 decap_us=111 peer_us=61 total_us=764","_MACHINE_ID":"690ce7d60d764639b5ea18bbb8cfa3c2","_SELINUX_CONTEXT":"unconfined\n","_CMDLINE":"/usr/local/bin/wg-zk-daemon","SYSLOG_FACILITY":"3","_HOSTNAME":"wgzk-gateway","_CAP_EFFECTIVE":"1ffffffffff","__MONOTONIC_TIMESTAMP":"65867724047","PRIORITY":"6","__REALTIME_TIMESTAMP":"1790766503987217","_BOOT_ID":"803d77ddc49e4e5ea7391884acfbd14f"}
{"_UID":"0","_TRANSPORT":"stdout","_EXE":"/usr/local/bin/wg-zk-daemon","_CMDLINE":"/usr/local/bin/wg-zk-daemon","_HOSTNAME":"wgzk-gateway","_COMM":"wg-zk-daemon","_SELINUX_CONTEXT":"unconfined\n","SYSLOG_FACILITY":"3","__MONOTONIC_TIMESTAMP":"65867726966","_PID":"24784","_SYSTEMD_SLICE":"system.slice","__REALTIME_TIMESTAMP":"1790766503990136","_STREAM_ID":"c06b84c0a30b4e8ca7b18f0ef25e60f6","SYSLOG_IDENTIFIER":"wgzk-start.sh","_SYSTEMD_INVOCATION_ID":"e80a96ce807a42dfbb6c3a602e7234cb","_SYSTEMD_UNIT":"wgzk.service","__CURSOR":"s=e6a325d7aab144b09b565d8c4be4d789;i=6b2d;b=803d77ddc49e4e5ea7391884acfbd14f;m=f5605c076;t=65cb151589378;x=805e777ede1b6813","_CAP_EFFECTIVE":"1ffffffffff","_SYSTEMD_CGROUP":"/system.slice/wgzk.service","PRIORITY":"6","MESSAGE":"[timing] side=gateway pending_id=240 token=2371739675 nonce_prefix=36c05e77 result=ok wait_ct_us=1 verify_us=138 decap_us=87 peer_us=65 total_us=311","_MACHINE_ID":"690ce7d60d764639b5ea18bbb8cfa3c2","_GID":"0","_BOOT_ID":"803d77ddc49e4e5ea7391884acfbd14f"}
{"_EXE":"/usr/local/bin/wg-zk-daemon","_PID":"24784","_TRANSPORT":"stdout","SYSLOG_FACILITY":"3","_SYSTEMD_CGROUP":"/system.slice/wgzk.service","MESSAGE":"[timing] side=gateway pending_id=241 token=1691897860 nonce_prefix=24d016ec result=ok wait_ct_us=1 verify_us=91 decap_us=82 peer_us=54 total_us=775","_GID":"0","_SYSTEMD_UNIT":"wgzk.service","_STREAM_ID":"c06b84c0a30b4e8ca7b18f0ef25e60f6","_COMM":"wg-zk-daemon","_SYSTEMD_INVOCATION_ID":"e80a96ce807a42dfbb6c3a602e7234cb","_CAP_EFFECTIVE":"1ffffffffff","_UID":"0","PRIORITY":"6","_BOOT_ID":"803d77ddc49e4e5ea7391884acfbd14f","_MACHINE_ID":"690ce7d60d764639b5ea18bbb8cfa3c2","__REALTIME_TIMESTAMP":"1790766503990136","__CURSOR":"s=e6a325d7aab144b09b565d8c4be4d789;i=6b2e;b=803d77ddc49e4e5ea7391884acfbd14f;m=f5605c076;t=65cb151589378;x=5ddbe8873f6994db","_SELINUX_CONTEXT":"unconfined\n","_SYSTEMD_SLICE":"system.slice","__MONOTONIC_TIMESTAMP":"65867726966","SYSLOG_IDENTIFIER":"wgzk-start.sh","_CMDLINE":"/usr/local/bin/wg-zk-daemon","_HOSTNAME":"wgzk-gateway"}
[exit 0]

$ [client] journalctl -u wgzk-m7@wgc0.service -o json --no-pager --after-cursor='s=a04ba51497c94fceb15b4fa2d2c14874;i=406d;b=dfcb8dac886d4627bbdfedf02e3e59de;m=2e2a5545;t=65cb14e9d9fb9;x=a0ea94ad01269f1a' | grep -F '[timing]' || true
{"_SELINUX_CONTEXT":"unconfined\n","_HOSTNAME":"wgzk-client","_TRANSPORT":"stdout","_STREAM_ID":"c7b1bc146bda4b60a0e165bd50ffd737","_SYSTEMD_INVOCATION_ID":"8abd0c1b93d64d9581aa09af5b621f23","_UID":"0","_CMDLINE":"/usr/local/bin/wg-zk-daemon","_SYSTEMD_SLICE":"system-wgzk\\x2dm7.slice","__MONOTONIC_TIMESTAMP":"781099220","SYSLOG_IDENTIFIER":"env","MESSAGE":"[timing] side=client token=3441893685 nonce_prefix=cd4f1808 result=ok zk_us=47 encap_us=90 tls_us=3561 write_us=28 psk_us=99 tail_us=2 total_us=3989","_MACHINE_ID":"6334201a93644f82a11c836f3c84a03f","_SYSTEMD_UNIT":"wgzk-m7@wgc0.service","_BOOT_ID":"dfcb8dac886d4627bbdfedf02e3e59de","_CAP_EFFECTIVE":"1ffffffffff","__REALTIME_TIMESTAMP":"1790766464756553","_SYSTEMD_CGROUP":"/system.slice/system-wgzk\\x2dm7.slice/wgzk-m7@wgc0.service","_PID":"6868","PRIORITY":"6","SYSLOG_FACILITY":"3","_GID":"0","__CURSOR":"s=a04ba51497c94fceb15b4fa2d2c14874;i=4084;b=dfcb8dac886d4627bbdfedf02e3e59de;m=2e8ea0d4;t=65cb14f01eb49;x=a49ee851ac9cae44","_EXE":"/usr/local/bin/wg-zk-daemon","_COMM":"wg-zk-daemon"}
{"_MACHINE_ID":"6334201a93644f82a11c836f3c84a03f","__REALTIME_TIMESTAMP":"1790766466119791","_CMDLINE":"/usr/local/bin/wg-zk-daemon","_BOOT_ID":"dfcb8dac886d4627bbdfedf02e3e59de","PRIORITY":"6","_SYSTEMD_CGROUP":"/system.slice/system-wgzk\\x2dm7.slice/wgzk-m7@wgc0.service","_GID":"0","_SELINUX_CONTEXT":"unconfined\n","_COMM":"wg-zk-daemon","_UID":"0","__MONOTONIC_TIMESTAMP":"782462459","_PID":"6868","_TRANSPORT":"stdout","_CAP_EFFECTIVE":"1ffffffffff","_SYSTEMD_UNIT":"wgzk-m7@wgc0.service","MESSAGE":"[timing] side=client token=3506091804 nonce_prefix=4ecf19ad result=ok zk_us=47 encap_us=79 tls_us=2840 write_us=28 psk_us=36 tail_us=1 total_us=3118","__CURSOR":"s=a04ba51497c94fceb15b4fa2d2c14874;i=40ca;b=dfcb8dac886d4627bbdfedf02e3e59de;m=2ea36dfb;t=65cb14f16b86f;x=23954c6b1a17c271","_EXE":"/usr/local/bin/wg-zk-daemon","SYSLOG_IDENTIFIER":"env","_HOSTNAME":"wgzk-client","_SYSTEMD_INVOCATION_ID":"8abd0c1b93d64d9581aa09af5b621f23","_STREAM_ID":"c7b1bc146bda4b60a0e165bd50ffd737","SYSLOG_FACILITY":"3","_SYSTEMD_SLICE":"system-wgzk\\x2dm7.slice"}
{"_SYSTEMD_CGROUP":"/system.slice/system-wgzk\\x2dm7.slice/wgzk-m7@wgc0.service","_STREAM_ID":"c7b1bc146bda4b60a0e165bd50ffd737","SYSLOG_IDENTIFIER":"env","_GID":"0","_BOOT_ID":"dfcb8dac886d4627bbdfedf02e3e59de","__REALTIME_TIMESTAMP":"1790766467476997","_MACHINE_ID":"6334201a93644f82a11c836f3c84a03f","MESSAGE":"[timing] side=client token=1822884159 nonce_prefix=3709a14a result=ok zk_us=48 encap_us=76 tls_us=2353 write_us=10 psk_us=29 tail_us=1 total_us=2687","_COMM":"wg-zk-daemon","_TRANSPORT":"stdout","_HOSTNAME":"wgzk-client","__MONOTONIC_TIMESTAMP":"783819665","_SYSTEMD_INVOCATION_ID":"8abd0c1b93d64d9581aa09af5b621f23","_CMDLINE":"/usr/local/bin/wg-zk-daemon","_CAP_EFFECTIVE":"1ffffffffff","_UID":"0","_PID":"6868","_EXE":"/usr/local/bin/wg-zk-daemon","__CURSOR":"s=a04ba51497c94fceb15b4fa2d2c14874;i=4111;b=dfcb8dac886d4627bbdfedf02e3e59de;m=2eb82391;t=65cb14f2b6e05;x=41c89b19ab60e92c","PRIORITY":"6","_SYSTEMD_SLICE":"system-wgzk\\x2dm7.slice","SYSLOG_FACILITY":"3","_SYSTEMD_UNIT":"wgzk-m7@wgc0.service","_SELINUX_CONTEXT":"unconfined\n"}
{"PRIORITY":"6","__MONOTONIC_TIMESTAMP":"785164162","_SYSTEMD_UNIT":"wgzk-m7@wgc0.service","__REALTIME_TIMESTAMP":"1790766468821494","_EXE":"/usr/local/bin/wg-zk-daemon","_UID":"0","_MACHINE_ID":"6334201a93644f82a11c836f3c84a03f","_SELINUX_CONTEXT":"unconfined\n","SYSLOG_FACILITY":"3","_PID":"6868","SYSLOG_IDENTIFIER":"env","_STREAM_ID":"c7b1bc146bda4b60a0e165bd50ffd737","_GID":"0","_TRANSPORT":"stdout","_CMDLINE":"/usr/local/bin/wg-zk-daemon","_SYSTEMD_INVOCATION_ID":"8abd0c1b93d64d9581aa09af5b621f23","_SYSTEMD_CGROUP":"/system.slice/system-wgzk\\x2dm7.slice/wgzk-m7@wgc0.service","MESSAGE":"[timing] side=client token=2639801772 nonce_prefix=c9ac1c82 result=ok zk_us=47 encap_us=107 tls_us=1698 write_us=30 psk_us=31 tail_us=1 total_us=2016","_CAP_EFFECTIVE":"1ffffffffff","_COMM":"wg-zk-daemon","_SYSTEMD_SLICE":"system-wgzk\\x2dm7.slice","_BOOT_ID":"dfcb8dac886d4627bbdfedf02e3e59de","_HOSTNAME":"wgzk-client","__CURSOR":"s=a04ba51497c94fceb15b4fa2d2c14874;i=4144;b=dfcb8dac886d4627bbdfedf02e3e59de;m=2ecca782;t=65cb14f3ff1f6;x=508255679e3096c4"}
{"_MACHINE_ID":"6334201a93644f82a11c836f3c84a03f","_TRANSPORT":"stdout","_BOOT_ID":"dfcb8dac886d4627bbdfedf02e3e59de","_SYSTEMD_SLICE":"system-wgzk\\x2dm7.slice","PRIORITY":"6","_COMM":"wg-zk-daemon","_HOSTNAME":"wgzk-client","_UID":"0","_EXE":"/usr/local/bin/wg-zk-daemon","_SELINUX_CONTEXT":"unconfined\n","_STREAM_ID":"c7b1bc146bda4b60a0e165bd50ffd737","__CURSOR":"s=a04ba51497c94fceb15b4fa2d2c14874;i=4191;b=dfcb8dac886d4627bbdfedf02e3e59de;m=2ee1478a;t=65cb14f5491ff;x=5821314f18927f5","_SYSTEMD_UNIT":"wgzk-m7@wgc0.service","_PID":"6868","SYSLOG_IDENTIFIER":"env","_CAP_EFFECTIVE":"1ffffffffff","_SYSTEMD_INVOCATION_ID":"8abd0c1b93d64d9581aa09af5b621f23","MESSAGE":"[timing] side=client token=2787543158 nonce_prefix=5029f52c result=ok zk_us=49 encap_us=76 tls_us=3689 write_us=9 psk_us=44 tail_us=1 total_us=4976","__REALTIME_TIMESTAMP":"1790766470173183","SYSLOG_FACILITY":"3","_GID":"0","_SYSTEMD_CGROUP":"/system.slice/system-wgzk\\x2dm7.slice/wgzk-m7@wgc0.service","__MONOTONIC_TIMESTAMP":"786515850","_CMDLINE":"/usr/local/bin/wg-zk-daemon"}
{"_UID":"0","_STREAM_ID":"c7b1bc146bda4b60a0e165bd50ffd737","_CAP_EFFECTIVE":"1ffffffffff","__REALTIME_TIMESTAMP":"1790766471529525","__MONOTONIC_TIMESTAMP":"787872193","_SYSTEMD_CGROUP":"/system.slice/system-wgzk\\x2dm7.slice/wgzk-m7@wgc0.service","_GID":"0","_SYSTEMD_UNIT":"wgzk-m7@wgc0.service","__CURSOR":"s=a04ba51497c94fceb15b4fa2d2c14874;i=41cd;b=dfcb8dac886d4627bbdfedf02e3e59de;m=2ef5f9c1;t=65cb14f694435;x=372ebaf919fcb501","MESSAGE":"[timing] side=client token=3761716179 nonce_prefix=f13e3bf4 result=ok zk_us=48 encap_us=75 tls_us=2483 write_us=8 psk_us=34 tail_us=1 total_us=2724","_SYSTEMD_SLICE":"system-wgzk\\x2dm7.slice","_PID":"6868","SYSLOG_FACILITY":"3","_EXE":"/usr/local/bin/wg-zk-daemon","_MACHINE_ID":"6334201a93644f82a11c836f3c84a03f","_CMDLINE":"/usr/local/bin/wg-zk-daemon","_BOOT_ID":"dfcb8dac886d4627bbdfedf02e3e59de","_SYSTEMD_INVOCATION_ID":"8abd0c1b93d64d9581aa09af5b621f23","SYSLOG_IDENTIFIER":"env","PRIORITY":"6","_SELINUX_CONTEXT":"unconfined\n","_COMM":"wg-zk-daemon","_TRANSPORT":"stdout","_HOSTNAME":"wgzk-client"}
{"_UID":"0","_EXE":"/usr/local/bin/wg-zk-daemon","__REALTIME_TIMESTAMP":"1790766472885404","_SYSTEMD_UNIT":"wgzk-m7@wgc0.service","MESSAGE":"[timing] side=client token=944522913 nonce_prefix=002f6064 result=ok zk_us=62 encap_us=99 tls_us=2660 write_us=13 psk_us=40 tail_us=1 total_us=2987","_SELINUX_CONTEXT":"unconfined\n","_COMM":"wg-zk-daemon","_CAP_EFFECTIVE":"1ffffffffff","_SYSTEMD_CGROUP":"/system.slice/system-wgzk\\x2dm7.slice/wgzk-m7@wgc0.service","SYSLOG_FACILITY":"3","PRIORITY":"6","_PID":"6868","_BOOT_ID":"dfcb8dac886d4627bbdfedf02e3e59de","_TRANSPORT":"stdout","_HOSTNAME":"wgzk-client","__MONOTONIC_TIMESTAMP":"789228071","_SYSTEMD_SLICE":"system-wgzk\\x2dm7.slice","_SYSTEMD_INVOCATION_ID":"8abd0c1b93d64d9581aa09af5b621f23","_MACHINE_ID":"6334201a93644f82a11c836f3c84a03f","__CURSOR":"s=a04ba51497c94fceb15b4fa2d2c14874;i=4209;b=dfcb8dac886d4627bbdfedf02e3e59de;m=2f0aaa27;t=65cb14f7df49c;x=122762102233190e","_GID":"0","_CMDLINE":"/usr/local/bin/wg-zk-daemon","_STREAM_ID":"c7b1bc146bda4b60a0e165bd50ffd737","SYSLOG_IDENTIFIER":"env"}
{"_SYSTEMD_SLICE":"system-wgzk\\x2dm7.slice","_PID":"6868","_SELINUX_CONTEXT":"unconfined\n","_UID":"0","__CURSOR":"s=a04ba51497c94fceb15b4fa2d2c14874;i=4253;b=dfcb8dac886d4627bbdfedf02e3e59de;m=2f1f4114;t=65cb14f928b89;x=9672d43b01cbf2ba","SYSLOG_FACILITY":"3","_BOOT_ID":"dfcb8dac886d4627bbdfedf02e3e59de","PRIORITY":"6","_GID":"0","__MONOTONIC_TIMESTAMP":"790577428","_MACHINE_ID":"6334201a93644f82a11c836f3c84a03f","_CAP_EFFECTIVE":"1ffffffffff","SYSLOG_IDENTIFIER":"env","_COMM":"wg-zk-daemon","_SYSTEMD_INVOCATION_ID":"8abd0c1b93d64d9581aa09af5b621f23","_EXE":"/usr/local/bin/wg-zk-daemon","_SYSTEMD_UNIT":"wgzk-m7@wgc0.service","_TRANSPORT":"stdout","MESSAGE":"[timing] side=client token=599236728 nonce_prefix=4f12d102 result=ok zk_us=47 encap_us=75 tls_us=2711 write_us=10 psk_us=31 tail_us=1 total_us=2984","__REALTIME_TIMESTAMP":"1790766474234761","_STREAM_ID":"c7b1bc146bda4b60a0e165bd50ffd737","_HOSTNAME":"wgzk-client","_SYSTEMD_CGROUP":"/system.slice/system-wgzk\\x2dm7.slice/wgzk-m7@wgc0.service","_CMDLINE":"/usr/local/bin/wg-zk-daemon"}
{"_CMDLINE":"/usr/local/bin/wg-zk-daemon","_SELINUX_CONTEXT":"unconfined\n","__CURSOR":"s=a04ba51497c94fceb15b4fa2d2c14874;i=4284;b=dfcb8dac886d4627bbdfedf02e3e59de;m=2f33ff02;t=65cb14fa74977;x=7a4542f84b31261b","_UID":"0","_CAP_EFFECTIVE":"1ffffffffff","_SYSTEMD_INVOCATION_ID":"8abd0c1b93d64d9581aa09af5b621f23","_SYSTEMD_SLICE":"system-wgzk\\x2dm7.slice","_STREAM_ID":"c7b1bc146bda4b60a0e165bd50ffd737","__REALTIME_TIMESTAMP":"1790766475594103","PRIORITY":"6","_HOSTNAME":"wgzk-client","_MACHINE_ID":"6334201a93644f82a11c836f3c84a03f","_SYSTEMD_CGROUP":"/system.slice/system-wgzk\\x2dm7.slice/wgzk-m7@wgc0.service","_TRANSPORT":"stdout","_BOOT_ID":"dfcb8dac886d4627bbdfedf02e3e59de","_PID":"6868","SYSLOG_IDENTIFIER":"env","_GID":"0","_SYSTEMD_UNIT":"wgzk-m7@wgc0.service","__MONOTONIC_TIMESTAMP":"791936770","MESSAGE":"[timing] side=client token=258982951 nonce_prefix=1b6200e3 result=ok zk_us=48 encap_us=73 tls_us=1665 write_us=61 psk_us=46 tail_us=1 total_us=2021","_COMM":"wg-zk-daemon","SYSLOG_FACILITY":"3","_EXE":"/usr/local/bin/wg-zk-daemon"}
{"_GID":"0","_SYSTEMD_INVOCATION_ID":"8abd0c1b93d64d9581aa09af5b621f23","_SELINUX_CONTEXT":"unconfined\n","_COMM":"wg-zk-daemon","_CAP_EFFECTIVE":"1ffffffffff","_PID":"6868","_SYSTEMD_UNIT":"wgzk-m7@wgc0.service","SYSLOG_FACILITY":"3","_CMDLINE":"/usr/local/bin/wg-zk-daemon","__REALTIME_TIMESTAMP":"1790766476941262","_BOOT_ID":"dfcb8dac886d4627bbdfedf02e3e59de","__MONOTONIC_TIMESTAMP":"793283929","_TRANSPORT":"stdout","_HOSTNAME":"wgzk-client","_EXE":"/usr/local/bin/wg-zk-daemon","_MACHINE_ID":"6334201a93644f82a11c836f3c84a03f","MESSAGE":"[timing] side=client token=3399917125 nonce_prefix=233d2826 result=ok zk_us=70 encap_us=80 tls_us=2942 write_us=7 psk_us=40 tail_us=1 total_us=3229","__CURSOR":"s=a04ba51497c94fceb15b4fa2d2c14874;i=42d2;b=dfcb8dac886d4627bbdfedf02e3e59de;m=2f488d59;t=65cb14fbbd7ce;x=5de89b9d9366912a","_SYSTEMD_SLICE":"system-wgzk\\x2dm7.slice","PRIORITY":"6","_STREAM_ID":"c7b1bc146bda4b60a0e165bd50ffd737","SYSLOG_IDENTIFIER":"env","_UID":"0","_SYSTEMD_CGROUP":"/system.slice/system-wgzk\\x2dm7.slice/wgzk-m7@wgc0.service"}
{"_SELINUX_CONTEXT":"unconfined\n","_BOOT_ID":"dfcb8dac886d4627bbdfedf02e3e59de","_SYSTEMD_UNIT":"wgzk-m7@wgc0.service","_EXE":"/usr/local/bin/wg-zk-daemon","_STREAM_ID":"c7b1bc146bda4b60a0e165bd50ffd737","_PID":"6868","_UID":"0","__MONOTONIC_TIMESTAMP":"794655235","_SYSTEMD_INVOCATION_ID":"8abd0c1b93d64d9581aa09af5b621f23","_CAP_EFFECTIVE":"1ffffffffff","__CURSOR":"s=a04ba51497c94fceb15b4fa2d2c14874;i=4317;b=dfcb8dac886d4627bbdfedf02e3e59de;m=2f5d7a03;t=65cb14fd0c477;x=b6e17462d49ae99","SYSLOG_IDENTIFIER":"env","_GID":"0","_MACHINE_ID":"6334201a93644f82a11c836f3c84a03f","_COMM":"wg-zk-daemon","__REALTIME_TIMESTAMP":"1790766478312567","PRIORITY":"6","MESSAGE":"[timing] side=client token=4021881369 nonce_prefix=3b2b6ba7 result=ok zk_us=58 encap_us=74 tls_us=2640 write_us=15 psk_us=53 tail_us=1 total_us=2915","_TRANSPORT":"stdout","_HOSTNAME":"wgzk-client","_SYSTEMD_SLICE":"system-wgzk\\x2dm7.slice","SYSLOG_FACILITY":"3","_CMDLINE":"/usr/local/bin/wg-zk-daemon","_SYSTEMD_CGROUP":"/system.slice/system-wgzk\\x2dm7.slice/wgzk-m7@wgc0.service"}
{"_EXE":"/usr/local/bin/wg-zk-daemon","SYSLOG_FACILITY":"3","_STREAM_ID":"c7b1bc146bda4b60a0e165bd50ffd737","_SYSTEMD_CGROUP":"/system.slice/system-wgzk\\x2dm7.slice/wgzk-m7@wgc0.service","_CAP_EFFECTIVE":"1ffffffffff","_UID":"0","_BOOT_ID":"dfcb8dac886d4627bbdfedf02e3e59de","_GID":"0","_HOSTNAME":"wgzk-client","_SYSTEMD_INVOCATION_ID":"8abd0c1b93d64d9581aa09af5b621f23","_MACHINE_ID":"6334201a93644f82a11c836f3c84a03f","_TRANSPORT":"stdout","_SELINUX_CONTEXT":"unconfined\n","__CURSOR":"s=a04ba51497c94fceb15b4fa2d2c14874;i=434b;b=dfcb8dac886d4627bbdfedf02e3e59de;m=2f71fdf4;t=65cb14fe54869;x=7be74350386a0c17","_COMM":"wg-zk-daemon","_PID":"6868","__MONOTONIC_TIMESTAMP":"795999732","__REALTIME_TIMESTAMP":"1790766479657065","_SYSTEMD_UNIT":"wgzk-m7@wgc0.service","MESSAGE":"[timing] side=client token=2210365048 nonce_prefix=20806a4c result=ok zk_us=48 encap_us=75 tls_us=2278 write_us=94 psk_us=85 tail_us=1 total_us=3050","SYSLOG_IDENTIFIER":"env","_CMDLINE":"/usr/local/bin/wg-zk-daemon","PRIORITY":"6","_SYSTEMD_SLICE":"system-wgzk\\x2dm7.slice"}
{"_SELINUX_CONTEXT":"unconfined\n","_PID":"6868","_COMM":"wg-zk-daemon","__CURSOR":"s=a04ba51497c94fceb15b4fa2d2c14874;i=4399;b=dfcb8dac886d4627bbdfedf02e3e59de;m=2f868153;t=65cb14ff9cbc7;x=7d3c6b0bee2f3d12","_CMDLINE":"/usr/local/bin/wg-zk-daemon","__REALTIME_TIMESTAMP":"1790766481001415","SYSLOG_FACILITY":"3","SYSLOG_IDENTIFIER":"env","_TRANSPORT":"stdout","_SYSTEMD_INVOCATION_ID":"8abd0c1b93d64d9581aa09af5b621f23","MESSAGE":"[timing] side=client token=1560332313 nonce_prefix=b8086d02 result=ok zk_us=43 encap_us=80 tls_us=2390 write_us=341 psk_us=45 tail_us=1 total_us=4271","PRIORITY":"6","_EXE":"/usr/local/bin/wg-zk-daemon","_HOSTNAME":"wgzk-client","_SYSTEMD_SLICE":"system-wgzk\\x2dm7.slice","_MACHINE_ID":"6334201a93644f82a11c836f3c84a03f","__MONOTONIC_TIMESTAMP":"797344083","_CAP_EFFECTIVE":"1ffffffffff","_STREAM_ID":"c7b1bc146bda4b60a0e165bd50ffd737","_GID":"0","_SYSTEMD_CGROUP":"/system.slice/system-wgzk\\x2dm7.slice/wgzk-m7@wgc0.service","_UID":"0","_BOOT_ID":"dfcb8dac886d4627bbdfedf02e3e59de","_SYSTEMD_UNIT":"wgzk-m7@wgc0.service"}
{"SYSLOG_IDENTIFIER":"env","SYSLOG_FACILITY":"3","_STREAM_ID":"c7b1bc146bda4b60a0e165bd50ffd737","_CMDLINE":"/usr/local/bin/wg-zk-daemon","_SYSTEMD_INVOCATION_ID":"8abd0c1b93d64d9581aa09af5b621f23","_BOOT_ID":"dfcb8dac886d4627bbdfedf02e3e59de","_TRANSPORT":"stdout","_CAP_EFFECTIVE":"1ffffffffff","_PID":"6868","_MACHINE_ID":"6334201a93644f82a11c836f3c84a03f","__REALTIME_TIMESTAMP":"1790766482353671","_SYSTEMD_UNIT":"wgzk-m7@wgc0.service","_SELINUX_CONTEXT":"unconfined\n","__CURSOR":"s=a04ba51497c94fceb15b4fa2d2c14874;i=43d1;b=dfcb8dac886d4627bbdfedf02e3e59de;m=2f9b2392;t=65cb1500e6e07;x=d5246712ac176cb7","_SYSTEMD_CGROUP":"/system.slice/system-wgzk\\x2dm7.slice/wgzk-m7@wgc0.service","_GID":"0","_SYSTEMD_SLICE":"system-wgzk\\x2dm7.slice","MESSAGE":"[timing] side=client token=3031065317 nonce_prefix=467ab950 result=ok zk_us=47 encap_us=75 tls_us=2510 write_us=60 psk_us=32 tail_us=1 total_us=2959","__MONOTONIC_TIMESTAMP":"798696338","_COMM":"wg-zk-daemon","_EXE":"/usr/local/bin/wg-zk-daemon","_UID":"0","_HOSTNAME":"wgzk-client","PRIORITY":"6"}
{"_CAP_EFFECTIVE":"1ffffffffff","_HOSTNAME":"wgzk-client","_MACHINE_ID":"6334201a93644f82a11c836f3c84a03f","PRIORITY":"6","_CMDLINE":"/usr/local/bin/wg-zk-daemon","__CURSOR":"s=a04ba51497c94fceb15b4fa2d2c14874;i=440a;b=dfcb8dac886d4627bbdfedf02e3e59de;m=2faffa04;t=65cb150234478;x=5034b7f7892ab617","_STREAM_ID":"c7b1bc146bda4b60a0e165bd50ffd737","_GID":"0","_EXE":"/usr/local/bin/wg-zk-daemon","_TRANSPORT":"stdout","_PID":"6868","_SYSTEMD_INVOCATION_ID":"8abd0c1b93d64d9581aa09af5b621f23","SYSLOG_FACILITY":"3","_UID":"0","_SYSTEMD_SLICE":"system-wgzk\\x2dm7.slice","_COMM":"wg-zk-daemon","_BOOT_ID":"dfcb8dac886d4627bbdfedf02e3e59de","MESSAGE":"[timing] side=client token=3997727351 nonce_prefix=89c1f9b4 result=ok zk_us=47 encap_us=128 tls_us=2217 write_us=31 psk_us=45 tail_us=1 total_us=2587","__MONOTONIC_TIMESTAMP":"800061956","_SELINUX_CONTEXT":"unconfined\n","SYSLOG_IDENTIFIER":"env","_SYSTEMD_CGROUP":"/system.slice/system-wgzk\\x2dm7.slice/wgzk-m7@wgc0.service","_SYSTEMD_UNIT":"wgzk-m7@wgc0.service","__REALTIME_TIMESTAMP":"1790766483719288"}
{"SYSLOG_FACILITY":"3","_CAP_EFFECTIVE":"1ffffffffff","_TRANSPORT":"stdout","__MONOTONIC_TIMESTAMP":"801416717","_UID":"0","MESSAGE":"[timing] side=client token=2957160015 nonce_prefix=eea0e9a3 result=ok zk_us=47 encap_us=82 tls_us=1870 write_us=10 psk_us=29 tail_us=9 total_us=2096","_STREAM_ID":"c7b1bc146bda4b60a0e165bd50ffd737","_BOOT_ID":"dfcb8dac886d4627bbdfedf02e3e59de","_CMDLINE":"/usr/local/bin/wg-zk-daemon","PRIORITY":"6","__REALTIME_TIMESTAMP":"1790766485074049","_SYSTEMD_INVOCATION_ID":"8abd0c1b93d64d9581aa09af5b621f23","_SYSTEMD_CGROUP":"/system.slice/system-wgzk\\x2dm7.slice/wgzk-m7@wgc0.service","_COMM":"wg-zk-daemon","_GID":"0","__CURSOR":"s=a04ba51497c94fceb15b4fa2d2c14874;i=4443;b=dfcb8dac886d4627bbdfedf02e3e59de;m=2fc4a60d;t=65cb15037f081;x=97d954349a033cac","_EXE":"/usr/local/bin/wg-zk-daemon","_SYSTEMD_SLICE":"system-wgzk\\x2dm7.slice","_SELINUX_CONTEXT":"unconfined\n","_HOSTNAME":"wgzk-client","SYSLOG_IDENTIFIER":"env","_PID":"6868","_MACHINE_ID":"6334201a93644f82a11c836f3c84a03f","_SYSTEMD_UNIT":"wgzk-m7@wgc0.service"}
{"_SELINUX_CONTEXT":"unconfined\n","__MONOTONIC_TIMESTAMP":"802774439","_SYSTEMD_SLICE":"system-wgzk\\x2dm7.slice","__CURSOR":"s=a04ba51497c94fceb15b4fa2d2c14874;i=447e;b=dfcb8dac886d4627bbdfedf02e3e59de;m=2fd95da7;t=65cb1504ca81b;x=155aa6f6960dc76b","_HOSTNAME":"wgzk-client","_SYSTEMD_UNIT":"wgzk-m7@wgc0.service","_UID":"0","MESSAGE":"[timing] side=client token=1869111702 nonce_prefix=d446969a result=ok zk_us=47 encap_us=74 tls_us=2176 write_us=9 psk_us=61 tail_us=1 total_us=2420","_TRANSPORT":"stdout","SYSLOG_FACILITY":"3","__REALTIME_TIMESTAMP":"1790766486431771","_CAP_EFFECTIVE":"1ffffffffff","_MACHINE_ID":"6334201a93644f82a11c836f3c84a03f","_STREAM_ID":"c7b1bc146bda4b60a0e165bd50ffd737","_CMDLINE":"/usr/local/bin/wg-zk-daemon","_SYSTEMD_CGROUP":"/system.slice/system-wgzk\\x2dm7.slice/wgzk-m7@wgc0.service","_SYSTEMD_INVOCATION_ID":"8abd0c1b93d64d9581aa09af5b621f23","_EXE":"/usr/local/bin/wg-zk-daemon","_PID":"6868","SYSLOG_IDENTIFIER":"env","_BOOT_ID":"dfcb8dac886d4627bbdfedf02e3e59de","_COMM":"wg-zk-daemon","PRIORITY":"6","_GID":"0"}
{"_TRANSPORT":"stdout","_BOOT_ID":"dfcb8dac886d4627bbdfedf02e3e59de","_SYSTEMD_SLICE":"system-wgzk\\x2dm7.slice","__CURSOR":"s=a04ba51497c94fceb15b4fa2d2c14874;i=44d7;b=dfcb8dac886d4627bbdfedf02e3e59de;m=2fedefc6;t=65cb150613a3a;x=d53fef6adc6fe907","SYSLOG_FACILITY":"3","_MACHINE_ID":"6334201a93644f82a11c836f3c84a03f","_CAP_EFFECTIVE":"1ffffffffff","_SYSTEMD_UNIT":"wgzk-m7@wgc0.service","_SYSTEMD_CGROUP":"/system.slice/system-wgzk\\x2dm7.slice/wgzk-m7@wgc0.service","_COMM":"wg-zk-daemon","SYSLOG_IDENTIFIER":"env","MESSAGE":"[timing] side=client token=3106403000 nonce_prefix=0de31734 result=ok zk_us=46 encap_us=116 tls_us=3662 write_us=8 psk_us=49 tail_us=1 total_us=4137","PRIORITY":"6","_SELINUX_CONTEXT":"unconfined\n","_GID":"0","_UID":"0","_PID":"6868","_SYSTEMD_INVOCATION_ID":"8abd0c1b93d64d9581aa09af5b621f23","__REALTIME_TIMESTAMP":"1790766487779898","_HOSTNAME":"wgzk-client","__MONOTONIC_TIMESTAMP":"804122566","_EXE":"/usr/local/bin/wg-zk-daemon","_CMDLINE":"/usr/local/bin/wg-zk-daemon","_STREAM_ID":"c7b1bc146bda4b60a0e165bd50ffd737"}
{"__CURSOR":"s=a04ba51497c94fceb15b4fa2d2c14874;i=450f;b=dfcb8dac886d4627bbdfedf02e3e59de;m=30027abe;t=65cb15075c532;x=743789a4d9f72761","_STREAM_ID":"c7b1bc146bda4b60a0e165bd50ffd737","__MONOTONIC_TIMESTAMP":"805468862","_SYSTEMD_CGROUP":"/system.slice/system-wgzk\\x2dm7.slice/wgzk-m7@wgc0.service","_TRANSPORT":"stdout","SYSLOG_FACILITY":"3","_COMM":"wg-zk-daemon","_SYSTEMD_INVOCATION_ID":"8abd0c1b93d64d9581aa09af5b621f23","_SYSTEMD_UNIT":"wgzk-m7@wgc0.service","__REALTIME_TIMESTAMP":"1790766489126194","SYSLOG_IDENTIFIER":"env","_PID":"6868","_HOSTNAME":"wgzk-client","_SYSTEMD_SLICE":"system-wgzk\\x2dm7.slice","MESSAGE":"[timing] side=client token=44804488 nonce_prefix=c2959c98 result=ok zk_us=47 encap_us=74 tls_us=2385 write_us=18 psk_us=372 tail_us=1 total_us=2955","_GID":"0","PRIORITY":"6","_SELINUX_CONTEXT":"unconfined\n","_UID":"0","_BOOT_ID":"dfcb8dac886d4627bbdfedf02e3e59de","_CMDLINE":"/usr/local/bin/wg-zk-daemon","_EXE":"/usr/local/bin/wg-zk-daemon","_MACHINE_ID":"6334201a93644f82a11c836f3c84a03f","_CAP_EFFECTIVE":"1ffffffffff"}
{"__CURSOR":"s=a04ba51497c94fceb15b4fa2d2c14874;i=4546;b=dfcb8dac886d4627bbdfedf02e3e59de;m=3016f4bc;t=65cb1508a3f31;x=e2dae1b7035ec66f","_TRANSPORT":"stdout","_EXE":"/usr/local/bin/wg-zk-daemon","_SYSTEMD_SLICE":"system-wgzk\\x2dm7.slice","_COMM":"wg-zk-daemon","SYSLOG_FACILITY":"3","_SYSTEMD_CGROUP":"/system.slice/system-wgzk\\x2dm7.slice/wgzk-m7@wgc0.service","_SYSTEMD_UNIT":"wgzk-m7@wgc0.service","_GID":"0","__REALTIME_TIMESTAMP":"1790766490468145","_SELINUX_CONTEXT":"unconfined\n","_HOSTNAME":"wgzk-client","__MONOTONIC_TIMESTAMP":"806810812","_PID":"6868","_SYSTEMD_INVOCATION_ID":"8abd0c1b93d64d9581aa09af5b621f23","PRIORITY":"6","_STREAM_ID":"c7b1bc146bda4b60a0e165bd50ffd737","_UID":"0","_CAP_EFFECTIVE":"1ffffffffff","SYSLOG_IDENTIFIER":"env","MESSAGE":"[timing] side=client token=2866498286 nonce_prefix=365a7b78 result=ok zk_us=48 encap_us=78 tls_us=2294 write_us=9 psk_us=47 tail_us=1 total_us=2744","_BOOT_ID":"dfcb8dac886d4627bbdfedf02e3e59de","_MACHINE_ID":"6334201a93644f82a11c836f3c84a03f","_CMDLINE":"/usr/local/bin/wg-zk-daemon"}
{"_SYSTEMD_CGROUP":"/system.slice/system-wgzk\\x2dm7.slice/wgzk-m7@wgc0.service","PRIORITY":"6","_CAP_EFFECTIVE":"1ffffffffff","__CURSOR":"s=a04ba51497c94fceb15b4fa2d2c14874;i=4583;b=dfcb8dac886d4627bbdfedf02e3e59de;m=302b5cf8;t=65cb1509ea76c;x=24a30e1c9ce91f57","_SYSTEMD_INVOCATION_ID":"8abd0c1b93d64d9581aa09af5b621f23","_HOSTNAME":"wgzk-client","SYSLOG_FACILITY":"3","_TRANSPORT":"stdout","_CMDLINE":"/usr/local/bin/wg-zk-daemon","_PID":"6868","MESSAGE":"[timing] side=client token=2232877995 nonce_prefix=744a2bb2 result=ok zk_us=47 encap_us=74 tls_us=2258 write_us=30 psk_us=26 tail_us=1 total_us=2498","__MONOTONIC_TIMESTAMP":"808148216","_UID":"0","SYSLOG_IDENTIFIER":"env","_BOOT_ID":"dfcb8dac886d4627bbdfedf02e3e59de","_MACHINE_ID":"6334201a93644f82a11c836f3c84a03f","_EXE":"/usr/local/bin/wg-zk-daemon","_SYSTEMD_SLICE":"system-wgzk\\x2dm7.slice","__REALTIME_TIMESTAMP":"1790766491805548","_SYSTEMD_UNIT":"wgzk-m7@wgc0.service","_COMM":"wg-zk-daemon","_SELINUX_CONTEXT":"unconfined\n","_GID":"0","_STREAM_ID":"c7b1bc146bda4b60a0e165bd50ffd737"}
{"__MONOTONIC_TIMESTAMP":"809497667","_TRANSPORT":"stdout","_HOSTNAME":"wgzk-client","_PID":"6868","PRIORITY":"6","_SYSTEMD_SLICE":"system-wgzk\\x2dm7.slice","_CMDLINE":"/usr/local/bin/wg-zk-daemon","_SYSTEMD_INVOCATION_ID":"8abd0c1b93d64d9581aa09af5b621f23","__CURSOR":"s=a04ba51497c94fceb15b4fa2d2c14874;i=45cd;b=dfcb8dac886d4627bbdfedf02e3e59de;m=303ff443;t=65cb150b33eb7;x=582d3f600cf71d30","_CAP_EFFECTIVE":"1ffffffffff","SYSLOG_FACILITY":"3","_MACHINE_ID":"6334201a93644f82a11c836f3c84a03f","__REALTIME_TIMESTAMP":"1790766493154999","_SELINUX_CONTEXT":"unconfined\n","_COMM":"wg-zk-daemon","_UID":"0","_EXE":"/usr/local/bin/wg-zk-daemon","SYSLOG_IDENTIFIER":"env","_SYSTEMD_CGROUP":"/system.slice/system-wgzk\\x2dm7.slice/wgzk-m7@wgc0.service","MESSAGE":"[timing] side=client token=3333758558 nonce_prefix=2c3515ba result=ok zk_us=43 encap_us=74 tls_us=1708 write_us=9 psk_us=42 tail_us=1 total_us=1937","_SYSTEMD_UNIT":"wgzk-m7@wgc0.service","_GID":"0","_STREAM_ID":"c7b1bc146bda4b60a0e165bd50ffd737","_BOOT_ID":"dfcb8dac886d4627bbdfedf02e3e59de"}
{"_MACHINE_ID":"6334201a93644f82a11c836f3c84a03f","SYSLOG_FACILITY":"3","_CMDLINE":"/usr/local/bin/wg-zk-daemon","_BOOT_ID":"dfcb8dac886d4627bbdfedf02e3e59de","_SYSTEMD_UNIT":"wgzk-m7@wgc0.service","_CAP_EFFECTIVE":"1ffffffffff","_STREAM_ID":"c7b1bc146bda4b60a0e165bd50ffd737","_TRANSPORT":"stdout","__REALTIME_TIMESTAMP":"1790766494522542","MESSAGE":"[timing] side=client token=3858858182 nonce_prefix=f945340a result=ok zk_us=47 encap_us=79 tls_us=2527 write_us=27 psk_us=46 tail_us=1 total_us=4020","_SYSTEMD_CGROUP":"/system.slice/system-wgzk\\x2dm7.slice/wgzk-m7@wgc0.service","_PID":"6868","_COMM":"wg-zk-daemon","_UID":"0","PRIORITY":"6","_SYSTEMD_SLICE":"system-wgzk\\x2dm7.slice","_SYSTEMD_INVOCATION_ID":"8abd0c1b93d64d9581aa09af5b621f23","_SELINUX_CONTEXT":"unconfined\n","_EXE":"/usr/local/bin/wg-zk-daemon","SYSLOG_IDENTIFIER":"env","__CURSOR":"s=a04ba51497c94fceb15b4fa2d2c14874;i=4622;b=dfcb8dac886d4627bbdfedf02e3e59de;m=3054d239;t=65cb150c81cae;x=36b78e83a626442","__MONOTONIC_TIMESTAMP":"810865209","_GID":"0","_HOSTNAME":"wgzk-client"}
{"_SYSTEMD_SLICE":"system-wgzk\\x2dm7.slice","_TRANSPORT":"stdout","_HOSTNAME":"wgzk-client","_EXE":"/usr/local/bin/wg-zk-daemon","_SYSTEMD_CGROUP":"/system.slice/system-wgzk\\x2dm7.slice/wgzk-m7@wgc0.service","__MONOTONIC_TIMESTAMP":"812228573","__CURSOR":"s=a04ba51497c94fceb15b4fa2d2c14874;i=464d;b=dfcb8dac886d4627bbdfedf02e3e59de;m=30699fdd;t=65cb150dcea52;x=faeaeb6c407e5104","_SELINUX_CONTEXT":"unconfined\n","_COMM":"wg-zk-daemon","_PID":"6868","_CMDLINE":"/usr/local/bin/wg-zk-daemon","_SYSTEMD_UNIT":"wgzk-m7@wgc0.service","_MACHINE_ID":"6334201a93644f82a11c836f3c84a03f","_STREAM_ID":"c7b1bc146bda4b60a0e165bd50ffd737","__REALTIME_TIMESTAMP":"1790766495885906","SYSLOG_IDENTIFIER":"env","PRIORITY":"6","MESSAGE":"[timing] side=client token=2059600235 nonce_prefix=6da90c03 result=ok zk_us=44 encap_us=75 tls_us=2836 write_us=8 psk_us=24 tail_us=1 total_us=3455","SYSLOG_FACILITY":"3","_BOOT_ID":"dfcb8dac886d4627bbdfedf02e3e59de","_CAP_EFFECTIVE":"1ffffffffff","_GID":"0","_SYSTEMD_INVOCATION_ID":"8abd0c1b93d64d9581aa09af5b621f23","_UID":"0"}
{"MESSAGE":"[timing] side=client token=201339912 nonce_prefix=5ea1d025 result=ok zk_us=48 encap_us=74 tls_us=2294 write_us=8 psk_us=28 tail_us=1 total_us=2524","_BOOT_ID":"dfcb8dac886d4627bbdfedf02e3e59de","_CAP_EFFECTIVE":"1ffffffffff","__MONOTONIC_TIMESTAMP":"813574228","PRIORITY":"6","_SYSTEMD_CGROUP":"/system.slice/system-wgzk\\x2dm7.slice/wgzk-m7@wgc0.service","_CMDLINE":"/usr/local/bin/wg-zk-daemon","_COMM":"wg-zk-daemon","_SYSTEMD_UNIT":"wgzk-m7@wgc0.service","_SYSTEMD_INVOCATION_ID":"8abd0c1b93d64d9581aa09af5b621f23","_SYSTEMD_SLICE":"system-wgzk\\x2dm7.slice","_EXE":"/usr/local/bin/wg-zk-daemon","_PID":"6868","_UID":"0","SYSLOG_FACILITY":"3","_TRANSPORT":"stdout","_SELINUX_CONTEXT":"unconfined\n","__CURSOR":"s=a04ba51497c94fceb15b4fa2d2c14874;i=468a;b=dfcb8dac886d4627bbdfedf02e3e59de;m=307e2854;t=65cb150f172c8;x=11a1de54b1d77baf","_HOSTNAME":"wgzk-client","_STREAM_ID":"c7b1bc146bda4b60a0e165bd50ffd737","_MACHINE_ID":"6334201a93644f82a11c836f3c84a03f","__REALTIME_TIMESTAMP":"1790766497231560","_GID":"0","SYSLOG_IDENTIFIER":"env"}
{"_UID":"0","_TRANSPORT":"stdout","_CMDLINE":"/usr/local/bin/wg-zk-daemon","__REALTIME_TIMESTAMP":"1790766498582491","_SYSTEMD_SLICE":"system-wgzk\\x2dm7.slice","_GID":"0","_MACHINE_ID":"6334201a93644f82a11c836f3c84a03f","_STREAM_ID":"c7b1bc146bda4b60a0e165bd50ffd737","_BOOT_ID":"dfcb8dac886d4627bbdfedf02e3e59de","_PID":"6868","_SYSTEMD_CGROUP":"/system.slice/system-wgzk\\x2dm7.slice/wgzk-m7@wgc0.service","_COMM":"wg-zk-daemon","_SYSTEMD_INVOCATION_ID":"8abd0c1b93d64d9581aa09af5b621f23","SYSLOG_IDENTIFIER":"env","MESSAGE":"[timing] side=client token=2138795332 nonce_prefix=bac9345e result=ok zk_us=44 encap_us=81 tls_us=3764 write_us=8 psk_us=40 tail_us=1 total_us=4384","PRIORITY":"6","SYSLOG_FACILITY":"3","_HOSTNAME":"wgzk-client","__MONOTONIC_TIMESTAMP":"814925158","_CAP_EFFECTIVE":"1ffffffffff","__CURSOR":"s=a04ba51497c94fceb15b4fa2d2c14874;i=46e4;b=dfcb8dac886d4627bbdfedf02e3e59de;m=3092c566;t=65cb151060fdb;x=14134298a96e00b6","_SELINUX_CONTEXT":"unconfined\n","_SYSTEMD_UNIT":"wgzk-m7@wgc0.service","_EXE":"/usr/local/bin/wg-zk-daemon"}
{"_SYSTEMD_CGROUP":"/system.slice/system-wgzk\\x2dm7.slice/wgzk-m7@wgc0.service","_HOSTNAME":"wgzk-client","_TRANSPORT":"stdout","_EXE":"/usr/local/bin/wg-zk-daemon","_MACHINE_ID":"6334201a93644f82a11c836f3c84a03f","_COMM":"wg-zk-daemon","_CMDLINE":"/usr/local/bin/wg-zk-daemon","SYSLOG_FACILITY":"3","_UID":"0","_CAP_EFFECTIVE":"1ffffffffff","PRIORITY":"6","_PID":"6868","SYSLOG_IDENTIFIER":"env","_SYSTEMD_UNIT":"wgzk-m7@wgc0.service","__MONOTONIC_TIMESTAMP":"816269517","_STREAM_ID":"c7b1bc146bda4b60a0e165bd50ffd737","_SYSTEMD_INVOCATION_ID":"8abd0c1b93d64d9581aa09af5b621f23","MESSAGE":"[timing] side=client token=4121733909 nonce_prefix=54cef812 result=ok zk_us=48 encap_us=74 tls_us=3064 write_us=8 psk_us=43 tail_us=1 total_us=3312","_SELINUX_CONTEXT":"unconfined\n","__CURSOR":"s=a04ba51497c94fceb15b4fa2d2c14874;i=470f;b=dfcb8dac886d4627bbdfedf02e3e59de;m=30a748cd;t=65cb1511a9342;x=cbdbe5bdc67f8dbd","__REALTIME_TIMESTAMP":"1790766499926850","_SYSTEMD_SLICE":"system-wgzk\\x2dm7.slice","_BOOT_ID":"dfcb8dac886d4627bbdfedf02e3e59de","_GID":"0"}
{"_SYSTEMD_CGROUP":"/system.slice/system-wgzk\\x2dm7.slice/wgzk-m7@wgc0.service","_SYSTEMD_INVOCATION_ID":"8abd0c1b93d64d9581aa09af5b621f23","SYSLOG_FACILITY":"3","_COMM":"wg-zk-daemon","_CMDLINE":"/usr/local/bin/wg-zk-daemon","_BOOT_ID":"dfcb8dac886d4627bbdfedf02e3e59de","_HOSTNAME":"wgzk-client","_EXE":"/usr/local/bin/wg-zk-daemon","SYSLOG_IDENTIFIER":"env","_PID":"6868","__CURSOR":"s=a04ba51497c94fceb15b4fa2d2c14874;i=474c;b=dfcb8dac886d4627bbdfedf02e3e59de;m=30bbd45b;t=65cb1512f1ecf;x=772e360443e71769","_SYSTEMD_UNIT":"wgzk-m7@wgc0.service","_SYSTEMD_SLICE":"system-wgzk\\x2dm7.slice","_MACHINE_ID":"6334201a93644f82a11c836f3c84a03f","__MONOTONIC_TIMESTAMP":"817615963","PRIORITY":"6","_SELINUX_CONTEXT":"unconfined\n","_CAP_EFFECTIVE":"1ffffffffff","MESSAGE":"[timing] side=client token=3376750403 nonce_prefix=8983b4b6 result=ok zk_us=78 encap_us=160 tls_us=2511 write_us=29 psk_us=47 tail_us=2 total_us=2900","_TRANSPORT":"stdout","_STREAM_ID":"c7b1bc146bda4b60a0e165bd50ffd737","_GID":"0","__REALTIME_TIMESTAMP":"1790766501273295","_UID":"0"}
{"_SYSTEMD_SLICE":"system-wgzk\\x2dm7.slice","_GID":"0","_MACHINE_ID":"6334201a93644f82a11c836f3c84a03f","_SELINUX_CONTEXT":"unconfined\n","__REALTIME_TIMESTAMP":"1790766502621651","_CAP_EFFECTIVE":"1ffffffffff","_PID":"6868","_COMM":"wg-zk-daemon","SYSLOG_IDENTIFIER":"env","_UID":"0","_EXE":"/usr/local/bin/wg-zk-daemon","_SYSTEMD_CGROUP":"/system.slice/system-wgzk\\x2dm7.slice/wgzk-m7@wgc0.service","_CMDLINE":"/usr/local/bin/wg-zk-daemon","_SYSTEMD_UNIT":"wgzk-m7@wgc0.service","__MONOTONIC_TIMESTAMP":"818964319","_STREAM_ID":"c7b1bc146bda4b60a0e165bd50ffd737","_BOOT_ID":"dfcb8dac886d4627bbdfedf02e3e59de","_HOSTNAME":"wgzk-client","PRIORITY":"6","_TRANSPORT":"stdout","MESSAGE":"[timing] side=client token=3344367125 nonce_prefix=6c38fb44 result=ok zk_us=125 encap_us=133 tls_us=2601 write_us=27 psk_us=398 tail_us=1 total_us=4201","SYSLOG_FACILITY":"3","__CURSOR":"s=a04ba51497c94fceb15b4fa2d2c14874;i=479b;b=dfcb8dac886d4627bbdfedf02e3e59de;m=30d0675f;t=65cb15143b1d3;x=6bfd89054eabf3c","_SYSTEMD_INVOCATION_ID":"8abd0c1b93d64d9581aa09af5b621f23"}
{"PRIORITY":"6","_GID":"0","_SYSTEMD_UNIT":"wgzk-m7@wgc0.service","_STREAM_ID":"c7b1bc146bda4b60a0e165bd50ffd737","_SYSTEMD_SLICE":"system-wgzk\\x2dm7.slice","_TRANSPORT":"stdout","_PID":"6868","_COMM":"wg-zk-daemon","MESSAGE":"[timing] side=client token=3427981833 nonce_prefix=48e3be8d result=ok zk_us=53 encap_us=74 tls_us=2220 write_us=9 psk_us=73 tail_us=1 total_us=2609","_CMDLINE":"/usr/local/bin/wg-zk-daemon","_CAP_EFFECTIVE":"1ffffffffff","_EXE":"/usr/local/bin/wg-zk-daemon","_HOSTNAME":"wgzk-client","__MONOTONIC_TIMESTAMP":"820321122","_UID":"0","__REALTIME_TIMESTAMP":"1790766503978454","_BOOT_ID":"dfcb8dac886d4627bbdfedf02e3e59de","_MACHINE_ID":"6334201a93644f82a11c836f3c84a03f","SYSLOG_FACILITY":"3","__CURSOR":"s=a04ba51497c94fceb15b4fa2d2c14874;i=47d8;b=dfcb8dac886d4627bbdfedf02e3e59de;m=30e51b62;t=65cb1515865d6;x=1ed0bfcbe6e812d8","_SYSTEMD_CGROUP":"/system.slice/system-wgzk\\x2dm7.slice/wgzk-m7@wgc0.service","_SYSTEMD_INVOCATION_ID":"8abd0c1b93d64d9581aa09af5b621f23","SYSLOG_IDENTIFIER":"env","_SELINUX_CONTEXT":"unconfined\n"}
[exit 0]

$ [client] journalctl -u wgzk-m7@wgc1.service -o json --no-pager --after-cursor='s=a04ba51497c94fceb15b4fa2d2c14874;i=406a;b=dfcb8dac886d4627bbdfedf02e3e59de;m=2e2a4f94;t=65cb14e9d9a08;x=677f9502d67f799d' | grep -F '[timing]' || true
{"_SYSTEMD_UNIT":"wgzk-m7@wgc1.service","_SELINUX_CONTEXT":"unconfined\n","_SYSTEMD_SLICE":"system-wgzk\\x2dm7.slice","__CURSOR":"s=a04ba51497c94fceb15b4fa2d2c14874;i=4086;b=dfcb8dac886d4627bbdfedf02e3e59de;m=2e8ea22b;t=65cb14f01ec9f;x=4a69fbdada7221bf","_STREAM_ID":"a8ae2382f0944b73adbf7450ee317b0f","_PID":"6922","SYSLOG_IDENTIFIER":"env","_BOOT_ID":"dfcb8dac886d4627bbdfedf02e3e59de","_UID":"0","_CMDLINE":"/usr/local/bin/wg-zk-daemon","_HOSTNAME":"wgzk-client","__REALTIME_TIMESTAMP":"1790766464756895","_TRANSPORT":"stdout","_SYSTEMD_CGROUP":"/system.slice/system-wgzk\\x2dm7.slice/wgzk-m7@wgc1.service","_GID":"0","SYSLOG_FACILITY":"3","_CAP_EFFECTIVE":"1ffffffffff","_MACHINE_ID":"6334201a93644f82a11c836f3c84a03f","PRIORITY":"6","_COMM":"wg-zk-daemon","_EXE":"/usr/local/bin/wg-zk-daemon","MESSAGE":"[timing] side=client token=2922216855 nonce_prefix=4d4d3370 result=ok zk_us=93 encap_us=128 tls_us=3317 write_us=29 psk_us=140 tail_us=1 total_us=3813","_SYSTEMD_INVOCATION_ID":"2c07a592dba84ec2a18cfacf7296cb40","__MONOTONIC_TIMESTAMP":"781099563"}
{"_EXE":"/usr/local/bin/wg-zk-daemon","_SYSTEMD_INVOCATION_ID":"2c07a592dba84ec2a18cfacf7296cb40","_UID":"0","__CURSOR":"s=a04ba51497c94fceb15b4fa2d2c14874;i=40cb;b=dfcb8dac886d4627bbdfedf02e3e59de;m=2ea36eb3;t=65cb14f16b928;x=b09b48aaf749cb1d","SYSLOG_IDENTIFIER":"env","_TRANSPORT":"stdout","__MONOTONIC_TIMESTAMP":"782462643","_SYSTEMD_CGROUP":"/system.slice/system-wgzk\\x2dm7.slice/wgzk-m7@wgc1.service","_MACHINE_ID":"6334201a93644f82a11c836f3c84a03f","_SYSTEMD_SLICE":"system-wgzk\\x2dm7.slice","_STREAM_ID":"a8ae2382f0944b73adbf7450ee317b0f","_SELINUX_CONTEXT":"unconfined\n","_CAP_EFFECTIVE":"1ffffffffff","_COMM":"wg-zk-daemon","_BOOT_ID":"dfcb8dac886d4627bbdfedf02e3e59de","__REALTIME_TIMESTAMP":"1790766466119976","_CMDLINE":"/usr/local/bin/wg-zk-daemon","SYSLOG_FACILITY":"3","_HOSTNAME":"wgzk-client","_GID":"0","PRIORITY":"6","MESSAGE":"[timing] side=client token=943784882 nonce_prefix=1a7803ef result=ok zk_us=45 encap_us=80 tls_us=1891 write_us=7 psk_us=27 tail_us=1 total_us=2167","_PID":"6922","_SYSTEMD_UNIT":"wgzk-m7@wgc1.service"}
{"_PID":"6922","PRIORITY":"6","_EXE":"/usr/local/bin/wg-zk-daemon","_CMDLINE":"/usr/local/bin/wg-zk-daemon","_SYSTEMD_CGROUP":"/system.slice/system-wgzk\\x2dm7.slice/wgzk-m7@wgc1.service","_TRANSPORT":"stdout","_SYSTEMD_SLICE":"system-wgzk\\x2dm7.slice","_UID":"0","_CAP_EFFECTIVE":"1ffffffffff","_BOOT_ID":"dfcb8dac886d4627bbdfedf02e3e59de","SYSLOG_FACILITY":"3","_COMM":"wg-zk-daemon","_STREAM_ID":"a8ae2382f0944b73adbf7450ee317b0f","_SELINUX_CONTEXT":"unconfined\n","_SYSTEMD_INVOCATION_ID":"2c07a592dba84ec2a18cfacf7296cb40","__MONOTONIC_TIMESTAMP":"783819922","_HOSTNAME":"wgzk-client","_GID":"0","__REALTIME_TIMESTAMP":"1790766467477254","_SYSTEMD_UNIT":"wgzk-m7@wgc1.service","MESSAGE":"[timing] side=client token=2787144434 nonce_prefix=c24205ec result=ok zk_us=46 encap_us=72 tls_us=2258 write_us=15 psk_us=46 tail_us=1 total_us=2512","_MACHINE_ID":"6334201a93644f82a11c836f3c84a03f","__CURSOR":"s=a04ba51497c94fceb15b4fa2d2c14874;i=4117;b=dfcb8dac886d4627bbdfedf02e3e59de;m=2eb82492;t=65cb14f2b6f06;x=a8d944aef28ef32a","SYSLOG_IDENTIFIER":"env"}
{"_BOOT_ID":"dfcb8dac886d4627bbdfedf02e3e59de","__MONOTONIC_TIMESTAMP":"785164473","PRIORITY":"6","_STREAM_ID":"a8ae2382f0944b73adbf7450ee317b0f","_TRANSPORT":"stdout","_HOSTNAME":"wgzk-client","_SYSTEMD_UNIT":"wgzk-m7@wgc1.service","_GID":"0","_SYSTEMD_CGROUP":"/system.slice/system-wgzk\\x2dm7.slice/wgzk-m7@wgc1.service","_PID":"6922","_UID":"0","SYSLOG_FACILITY":"3","__CURSOR":"s=a04ba51497c94fceb15b4fa2d2c14874;i=4149;b=dfcb8dac886d4627bbdfedf02e3e59de;m=2ecca8b9;t=65cb14f3ff32d;x=bd37c481fcac41af","SYSLOG_IDENTIFIER":"env","__REALTIME_TIMESTAMP":"1790766468821805","_SELINUX_CONTEXT":"unconfined\n","_EXE":"/usr/local/bin/wg-zk-daemon","_CMDLINE":"/usr/local/bin/wg-zk-daemon","_SYSTEMD_SLICE":"system-wgzk\\x2dm7.slice","_SYSTEMD_INVOCATION_ID":"2c07a592dba84ec2a18cfacf7296cb40","_CAP_EFFECTIVE":"1ffffffffff","_MACHINE_ID":"6334201a93644f82a11c836f3c84a03f","_COMM":"wg-zk-daemon","MESSAGE":"[timing] side=client token=3372275472 nonce_prefix=63451811 result=ok zk_us=48 encap_us=75 tls_us=1972 write_us=27 psk_us=527 tail_us=1 total_us=2770"}
{"_CAP_EFFECTIVE":"1ffffffffff","_SELINUX_CONTEXT":"unconfined\n","_MACHINE_ID":"6334201a93644f82a11c836f3c84a03f","_GID":"0","_SYSTEMD_INVOCATION_ID":"2c07a592dba84ec2a18cfacf7296cb40","SYSLOG_IDENTIFIER":"env","_COMM":"wg-zk-daemon","PRIORITY":"6","__CURSOR":"s=a04ba51497c94fceb15b4fa2d2c14874;i=4193;b=dfcb8dac886d4627bbdfedf02e3e59de;m=2ee14c61;t=65cb14f5496d6;x=baff8f9e223f2940","_STREAM_ID":"a8ae2382f0944b73adbf7450ee317b0f","_UID":"0","_PID":"6922","MESSAGE":"[timing] side=client token=3870960535 nonce_prefix=cbd54d6f result=ok zk_us=44 encap_us=76 tls_us=2409 write_us=27 psk_us=927 tail_us=1 total_us=3569","__REALTIME_TIMESTAMP":"1790766470174422","_SYSTEMD_CGROUP":"/system.slice/system-wgzk\\x2dm7.slice/wgzk-m7@wgc1.service","SYSLOG_FACILITY":"3","_SYSTEMD_SLICE":"system-wgzk\\x2dm7.slice","_SYSTEMD_UNIT":"wgzk-m7@wgc1.service","_BOOT_ID":"dfcb8dac886d4627bbdfedf02e3e59de","_HOSTNAME":"wgzk-client","__MONOTONIC_TIMESTAMP":"786517089","_EXE":"/usr/local/bin/wg-zk-daemon","_TRANSPORT":"stdout","_CMDLINE":"/usr/local/bin/wg-zk-daemon"}
{"_SYSTEMD_CGROUP":"/system.slice/system-wgzk\\x2dm7.slice/wgzk-m7@wgc1.service","MESSAGE":"[timing] side=client token=3261668913 nonce_prefix=db594d0e result=ok zk_us=44 encap_us=76 tls_us=1829 write_us=30 psk_us=1703 tail_us=1 total_us=3845","__REALTIME_TIMESTAMP":"1790766471530967","_CMDLINE":"/usr/local/bin/wg-zk-daemon","_EXE":"/usr/local/bin/wg-zk-daemon","_BOOT_ID":"dfcb8dac886d4627bbdfedf02e3e59de","_CAP_EFFECTIVE":"1ffffffffff","_UID":"0","_SYSTEMD_INVOCATION_ID":"2c07a592dba84ec2a18cfacf7296cb40","SYSLOG_IDENTIFIER":"env","_GID":"0","SYSLOG_FACILITY":"3","PRIORITY":"6","_TRANSPORT":"stdout","_PID":"6922","_SYSTEMD_UNIT":"wgzk-m7@wgc1.service","__CURSOR":"s=a04ba51497c94fceb15b4fa2d2c14874;i=41d8;b=dfcb8dac886d4627bbdfedf02e3e59de;m=2ef5ff63;t=65cb14f6949d7;x=af1ed2211c0ff58","__MONOTONIC_TIMESTAMP":"787873635","_HOSTNAME":"wgzk-client","_SELINUX_CONTEXT":"unconfined\n","_MACHINE_ID":"6334201a93644f82a11c836f3c84a03f","_SYSTEMD_SLICE":"system-wgzk\\x2dm7.slice","_COMM":"wg-zk-daemon","_STREAM_ID":"a8ae2382f0944b73adbf7450ee317b0f"}
{"SYSLOG_IDENTIFIER":"env","_SYSTEMD_CGROUP":"/system.slice/system-wgzk\\x2dm7.slice/wgzk-m7@wgc1.service","SYSLOG_FACILITY":"3","_EXE":"/usr/local/bin/wg-zk-daemon","_PID":"6922","_SYSTEMD_UNIT":"wgzk-m7@wgc1.service","_STREAM_ID":"a8ae2382f0944b73adbf7450ee317b0f","_TRANSPORT":"stdout","_UID":"0","__CURSOR":"s=a04ba51497c94fceb15b4fa2d2c14874;i=4203;b=dfcb8dac886d4627bbdfedf02e3e59de;m=2f0aa7e6;t=65cb14f7df25a;x=23fd5d3ef1b1aa99","PRIORITY":"6","_CAP_EFFECTIVE":"1ffffffffff","_MACHINE_ID":"6334201a93644f82a11c836f3c84a03f","_HOSTNAME":"wgzk-client","_SELINUX_CONTEXT":"unconfined\n","__MONOTONIC_TIMESTAMP":"789227494","_SYSTEMD_INVOCATION_ID":"2c07a592dba84ec2a18cfacf7296cb40","_SYSTEMD_SLICE":"system-wgzk\\x2dm7.slice","_COMM":"wg-zk-daemon","MESSAGE":"[timing] side=client token=1033996645 nonce_prefix=c82c36da result=ok zk_us=48 encap_us=74 tls_us=2412 write_us=8 psk_us=63 tail_us=1 total_us=2709","_GID":"0","_CMDLINE":"/usr/local/bin/wg-zk-daemon","_BOOT_ID":"dfcb8dac886d4627bbdfedf02e3e59de","__REALTIME_TIMESTAMP":"1790766472884826"}
{"_SYSTEMD_UNIT":"wgzk-m7@wgc1.service","_PID":"6922","_SYSTEMD_INVOCATION_ID":"2c07a592dba84ec2a18cfacf7296cb40","PRIORITY":"6","_CAP_EFFECTIVE":"1ffffffffff","_HOSTNAME":"wgzk-client","MESSAGE":"[timing] side=client token=1466051116 nonce_prefix=c7d75376 result=ok zk_us=127 encap_us=96 tls_us=1951 write_us=9 psk_us=77 tail_us=1 total_us=2349","_CMDLINE":"/usr/local/bin/wg-zk-daemon","SYSLOG_FACILITY":"3","_EXE":"/usr/local/bin/wg-zk-daemon","_BOOT_ID":"dfcb8dac886d4627bbdfedf02e3e59de","_MACHINE_ID":"6334201a93644f82a11c836f3c84a03f","_STREAM_ID":"a8ae2382f0944b73adbf7450ee317b0f","_TRANSPORT":"stdout","__CURSOR":"s=a04ba51497c94fceb15b4fa2d2c14874;i=424c;b=dfcb8dac886d4627bbdfedf02e3e59de;m=2f1f3e09;t=65cb14f92887d;x=44e55d4ce3bfcd54","_COMM":"wg-zk-daemon","_UID":"0","_SYSTEMD_SLICE":"system-wgzk\\x2dm7.slice","_SYSTEMD_CGROUP":"/system.slice/system-wgzk\\x2dm7.slice/wgzk-m7@wgc1.service","__REALTIME_TIMESTAMP":"1790766474233981","_SELINUX_CONTEXT":"unconfined\n","SYSLOG_IDENTIFIER":"env","__MONOTONIC_TIMESTAMP":"790576649","_GID":"0"}
{"SYSLOG_FACILITY":"3","_COMM":"wg-zk-daemon","_GID":"0","_SYSTEMD_UNIT":"wgzk-m7@wgc1.service","__CURSOR":"s=a04ba51497c94fceb15b4fa2d2c14874;i=4292;b=dfcb8dac886d4627bbdfedf02e3e59de;m=2f3404ca;t=65cb14fa74f3f;x=fbf49f9c734f30ef","_EXE":"/usr/local/bin/wg-zk-daemon","SYSLOG_IDENTIFIER":"env","_SYSTEMD_CGROUP":"/system.slice/system-wgzk\\x2dm7.slice/wgzk-m7@wgc1.service","_TRANSPORT":"stdout","_STREAM_ID":"a8ae2382f0944b73adbf7450ee317b0f","_SYSTEMD_INVOCATION_ID":"2c07a592dba84ec2a18cfacf7296cb40","_HOSTNAME":"wgzk-client","MESSAGE":"[timing] side=client token=1056438676 nonce_prefix=662deb61 result=ok zk_us=46 encap_us=77 tls_us=1843 write_us=11 psk_us=43 tail_us=1 total_us=2142","PRIORITY":"6","__MONOTONIC_TIMESTAMP":"791938250","_CMDLINE":"/usr/local/bin/wg-zk-daemon","_CAP_EFFECTIVE":"1ffffffffff","_SYSTEMD_SLICE":"system-wgzk\\x2dm7.slice","_UID":"0","_PID":"6922","__REALTIME_TIMESTAMP":"1790766475595583","_SELINUX_CONTEXT":"unconfined\n","_BOOT_ID":"dfcb8dac886d4627bbdfedf02e3e59de","_MACHINE_ID":"6334201a93644f82a11c836f3c84a03f"}
{"_CAP_EFFECTIVE":"1ffffffffff","_MACHINE_ID":"6334201a93644f82a11c836f3c84a03f","_CMDLINE":"/usr/local/bin/wg-zk-daemon","_SYSTEMD_UNIT":"wgzk-m7@wgc1.service","_SYSTEMD_SLICE":"system-wgzk\\x2dm7.slice","_SYSTEMD_INVOCATION_ID":"2c07a592dba84ec2a18cfacf7296cb40","MESSAGE":"[timing] side=client token=3922026713 nonce_prefix=03f63b40 result=ok zk_us=48 encap_us=82 tls_us=2319 write_us=9 psk_us=32 tail_us=1 total_us=2555","_SELINUX_CONTEXT":"unconfined\n","_TRANSPORT":"stdout","__CURSOR":"s=a04ba51497c94fceb15b4fa2d2c14874;i=42c9;b=dfcb8dac886d4627bbdfedf02e3e59de;m=2f4886e8;t=65cb14fbbd15c;x=e03cbc6e809d9b72","__REALTIME_TIMESTAMP":"1790766476939612","_GID":"0","_STREAM_ID":"a8ae2382f0944b73adbf7450ee317b0f","_HOSTNAME":"wgzk-client","SYSLOG_IDENTIFIER":"env","_SYSTEMD_CGROUP":"/system.slice/system-wgzk\\x2dm7.slice/wgzk-m7@wgc1.service","PRIORITY":"6","SYSLOG_FACILITY":"3","__MONOTONIC_TIMESTAMP":"793282280","_BOOT_ID":"dfcb8dac886d4627bbdfedf02e3e59de","_PID":"6922","_UID":"0","_EXE":"/usr/local/bin/wg-zk-daemon","_COMM":"wg-zk-daemon"}
{"_SYSTEMD_UNIT":"wgzk-m7@wgc1.service","__CURSOR":"s=a04ba51497c94fceb15b4fa2d2c14874;i=430a;b=dfcb8dac886d4627bbdfedf02e3e59de;m=2f5d7761;t=65cb14fd0c1d6;x=92ab297268048024","PRIORITY":"6","_PID":"6922","SYSLOG_IDENTIFIER":"env","_CAP_EFFECTIVE":"1ffffffffff","__MONOTONIC_TIMESTAMP":"794654561","_CMDLINE":"/usr/local/bin/wg-zk-daemon","MESSAGE":"[timing] side=client token=3751580126 nonce_prefix=9d69eb04 result=ok zk_us=54 encap_us=79 tls_us=2578 write_us=29 psk_us=56 tail_us=1 total_us=2960","_STREAM_ID":"a8ae2382f0944b73adbf7450ee317b0f","_COMM":"wg-zk-daemon","__REALTIME_TIMESTAMP":"1790766478311894","_HOSTNAME":"wgzk-client","_GID":"0","_EXE":"/usr/local/bin/wg-zk-daemon","_SYSTEMD_INVOCATION_ID":"2c07a592dba84ec2a18cfacf7296cb40","_BOOT_ID":"dfcb8dac886d4627bbdfedf02e3e59de","_SELINUX_CONTEXT":"unconfined\n","_TRANSPORT":"stdout","_SYSTEMD_SLICE":"system-wgzk\\x2dm7.slice","_SYSTEMD_CGROUP":"/system.slice/system-wgzk\\x2dm7.slice/wgzk-m7@wgc1.service","_MACHINE_ID":"6334201a93644f82a11c836f3c84a03f","_UID":"0","SYSLOG_FACILITY":"3"}
{"_SELINUX_CONTEXT":"unconfined\n","_CAP_EFFECTIVE":"1ffffffffff","_GID":"0","__CURSOR":"s=a04ba51497c94fceb15b4fa2d2c14874;i=4349;b=dfcb8dac886d4627bbdfedf02e3e59de;m=2f71fd62;t=65cb14fe547d7;x=cf22389174333527","_STREAM_ID":"a8ae2382f0944b73adbf7450ee317b0f","MESSAGE":"[timing] side=client token=4030906983 nonce_prefix=80b32842 result=ok zk_us=46 encap_us=73 tls_us=1752 write_us=32 psk_us=47 tail_us=1 total_us=2008","_SYSTEMD_UNIT":"wgzk-m7@wgc1.service","_MACHINE_ID":"6334201a93644f82a11c836f3c84a03f","SYSLOG_IDENTIFIER":"env","_EXE":"/usr/local/bin/wg-zk-daemon","_BOOT_ID":"dfcb8dac886d4627bbdfedf02e3e59de","_SYSTEMD_CGROUP":"/system.slice/system-wgzk\\x2dm7.slice/wgzk-m7@wgc1.service","_CMDLINE":"/usr/local/bin/wg-zk-daemon","PRIORITY":"6","_SYSTEMD_INVOCATION_ID":"2c07a592dba84ec2a18cfacf7296cb40","__REALTIME_TIMESTAMP":"1790766479656919","_COMM":"wg-zk-daemon","_PID":"6922","_SYSTEMD_SLICE":"system-wgzk\\x2dm7.slice","_TRANSPORT":"stdout","__MONOTONIC_TIMESTAMP":"795999586","SYSLOG_FACILITY":"3","_UID":"0","_HOSTNAME":"wgzk-client"}
{"_GID":"0","_SYSTEMD_UNIT":"wgzk-m7@wgc1.service","_SYSTEMD_INVOCATION_ID":"2c07a592dba84ec2a18cfacf7296cb40","_EXE":"/usr/local/bin/wg-zk-daemon","_CAP_EFFECTIVE":"1ffffffffff","_STREAM_ID":"a8ae2382f0944b73adbf7450ee317b0f","_UID":"0","_COMM":"wg-zk-daemon","_MACHINE_ID":"6334201a93644f82a11c836f3c84a03f","SYSLOG_FACILITY":"3","MESSAGE":"[timing] side=client token=106404593 nonce_prefix=4e8dcfc5 result=ok zk_us=47 encap_us=74 tls_us=2302 write_us=10 psk_us=49 tail_us=2 total_us=2540","_BOOT_ID":"dfcb8dac886d4627bbdfedf02e3e59de","_SELINUX_CONTEXT":"unconfined\n","__MONOTONIC_TIMESTAMP":"797341856","_CMDLINE":"/usr/local/bin/wg-zk-daemon","_HOSTNAME":"wgzk-client","_TRANSPORT":"stdout","_SYSTEMD_SLICE":"system-wgzk\\x2dm7.slice","__REALTIME_TIMESTAMP":"1790766480999188","SYSLOG_IDENTIFIER":"env","_SYSTEMD_CGROUP":"/system.slice/system-wgzk\\x2dm7.slice/wgzk-m7@wgc1.service","_PID":"6922","PRIORITY":"6","__CURSOR":"s=a04ba51497c94fceb15b4fa2d2c14874;i=4385;b=dfcb8dac886d4627bbdfedf02e3e59de;m=2f8678a0;t=65cb14ff9c314;x=ea8e1a82aadf40b2"}
{"__CURSOR":"s=a04ba51497c94fceb15b4fa2d2c14874;i=43d5;b=dfcb8dac886d4627bbdfedf02e3e59de;m=2f9b23f9;t=65cb1500e6e6d;x=bd04d0caf3c5fecc","_SYSTEMD_INVOCATION_ID":"2c07a592dba84ec2a18cfacf7296cb40","_UID":"0","_SELINUX_CONTEXT":"unconfined\n","_SYSTEMD_CGROUP":"/system.slice/system-wgzk\\x2dm7.slice/wgzk-m7@wgc1.service","_GID":"0","SYSLOG_FACILITY":"3","_SYSTEMD_SLICE":"system-wgzk\\x2dm7.slice","_HOSTNAME":"wgzk-client","__MONOTONIC_TIMESTAMP":"798696441","__REALTIME_TIMESTAMP":"1790766482353773","_CMDLINE":"/usr/local/bin/wg-zk-daemon","MESSAGE":"[timing] side=client token=279393259 nonce_prefix=3f259e6d result=ok zk_us=46 encap_us=74 tls_us=2521 write_us=9 psk_us=38 tail_us=1 total_us=2758","_PID":"6922","PRIORITY":"6","_COMM":"wg-zk-daemon","_STREAM_ID":"a8ae2382f0944b73adbf7450ee317b0f","_BOOT_ID":"dfcb8dac886d4627bbdfedf02e3e59de","SYSLOG_IDENTIFIER":"env","_TRANSPORT":"stdout","_MACHINE_ID":"6334201a93644f82a11c836f3c84a03f","_CAP_EFFECTIVE":"1ffffffffff","_SYSTEMD_UNIT":"wgzk-m7@wgc1.service","_EXE":"/usr/local/bin/wg-zk-daemon"}
{"_SYSTEMD_INVOCATION_ID":"2c07a592dba84ec2a18cfacf7296cb40","_STREAM_ID":"a8ae2382f0944b73adbf7450ee317b0f","_TRANSPORT":"stdout","_GID":"0","_SELINUX_CONTEXT":"unconfined\n","_BOOT_ID":"dfcb8dac886d4627bbdfedf02e3e59de","__REALTIME_TIMESTAMP":"1790766483721671","_CAP_EFFECTIVE":"1ffffffffff","_PID":"6922","MESSAGE":"[timing] side=client token=749247940 nonce_prefix=2bfd0e49 result=ok zk_us=122 encap_us=980 tls_us=1607 write_us=61 psk_us=373 tail_us=126 total_us=3346","__CURSOR":"s=a04ba51497c94fceb15b4fa2d2c14874;i=4415;b=dfcb8dac886d4627bbdfedf02e3e59de;m=2fb00352;t=65cb150234dc7;x=9653b808ee0b57e1","SYSLOG_IDENTIFIER":"env","SYSLOG_FACILITY":"3","_HOSTNAME":"wgzk-client","_MACHINE_ID":"6334201a93644f82a11c836f3c84a03f","_CMDLINE":"/usr/local/bin/wg-zk-daemon","PRIORITY":"6","_EXE":"/usr/local/bin/wg-zk-daemon","_SYSTEMD_UNIT":"wgzk-m7@wgc1.service","_UID":"0","__MONOTONIC_TIMESTAMP":"800064338","_COMM":"wg-zk-daemon","_SYSTEMD_SLICE":"system-wgzk\\x2dm7.slice","_SYSTEMD_CGROUP":"/system.slice/system-wgzk\\x2dm7.slice/wgzk-m7@wgc1.service"}
{"_SYSTEMD_INVOCATION_ID":"2c07a592dba84ec2a18cfacf7296cb40","_SYSTEMD_CGROUP":"/system.slice/system-wgzk\\x2dm7.slice/wgzk-m7@wgc1.service","__CURSOR":"s=a04ba51497c94fceb15b4fa2d2c14874;i=4445;b=dfcb8dac886d4627bbdfedf02e3e59de;m=2fc4a904;t=65cb15037f378;x=ebffbcbfa741d50f","PRIORITY":"6","_CMDLINE":"/usr/local/bin/wg-zk-daemon","__REALTIME_TIMESTAMP":"1790766485074808","_EXE":"/usr/local/bin/wg-zk-daemon","_CAP_EFFECTIVE":"1ffffffffff","_GID":"0","_STREAM_ID":"a8ae2382f0944b73adbf7450ee317b0f","_MACHINE_ID":"6334201a93644f82a11c836f3c84a03f","_COMM":"wg-zk-daemon","SYSLOG_FACILITY":"3","_SYSTEMD_SLICE":"system-wgzk\\x2dm7.slice","_PID":"6922","_SYSTEMD_UNIT":"wgzk-m7@wgc1.service","_HOSTNAME":"wgzk-client","_UID":"0","__MONOTONIC_TIMESTAMP":"801417476","_BOOT_ID":"dfcb8dac886d4627bbdfedf02e3e59de","_TRANSPORT":"stdout","_SELINUX_CONTEXT":"unconfined\n","SYSLOG_IDENTIFIER":"env","MESSAGE":"[timing] side=client token=3009456799 nonce_prefix=d4c171d9 result=ok zk_us=44 encap_us=75 tls_us=1503 write_us=13 psk_us=39 tail_us=1 total_us=1729"}
{"_SYSTEMD_CGROUP":"/system.slice/system-wgzk\\x2dm7.slice/wgzk-m7@wgc1.service","_STREAM_ID":"a8ae2382f0944b73adbf7450ee317b0f","SYSLOG_IDENTIFIER":"env","_SYSTEMD_SLICE":"system-wgzk\\x2dm7.slice","__CURSOR":"s=a04ba51497c94fceb15b4fa2d2c14874;i=44a3;b=dfcb8dac886d4627bbdfedf02e3e59de;m=2fd96cd5;t=65cb1504cb74a;x=37db0024c0582973","_CMDLINE":"/usr/local/bin/wg-zk-daemon","_TRANSPORT":"stdout","MESSAGE":"[timing] side=client token=4188059041 nonce_prefix=4a9dd260 result=ok zk_us=46 encap_us=73 tls_us=4029 write_us=24 psk_us=167 tail_us=1 total_us=4471","PRIORITY":"6","_CAP_EFFECTIVE":"1ffffffffff","SYSLOG_FACILITY":"3","__REALTIME_TIMESTAMP":"1790766486435658","_SYSTEMD_INVOCATION_ID":"2c07a592dba84ec2a18cfacf7296cb40","_UID":"0","_GID":"0","__MONOTONIC_TIMESTAMP":"802778325","_MACHINE_ID":"6334201a93644f82a11c836f3c84a03f","_COMM":"wg-zk-daemon","_BOOT_ID":"dfcb8dac886d4627bbdfedf02e3e59de","_PID":"6922","_SELINUX_CONTEXT":"unconfined\n","_HOSTNAME":"wgzk-client","_EXE":"/usr/local/bin/wg-zk-daemon","_SYSTEMD_UNIT":"wgzk-m7@wgc1.service"}
{"__MONOTONIC_TIMESTAMP":"804121367","_BOOT_ID":"dfcb8dac886d4627bbdfedf02e3e59de","_SYSTEMD_UNIT":"wgzk-m7@wgc1.service","_SYSTEMD_INVOCATION_ID":"2c07a592dba84ec2a18cfacf7296cb40","_HOSTNAME":"wgzk-client","_SELINUX_CONTEXT":"unconfined\n","MESSAGE":"[timing] side=client token=3680633703 nonce_prefix=195cf53e result=ok zk_us=48 encap_us=120 tls_us=2809 write_us=28 psk_us=25 tail_us=1 total_us=3195","_CMDLINE":"/usr/local/bin/wg-zk-daemon","_SYSTEMD_SLICE":"system-wgzk\\x2dm7.slice","__REALTIME_TIMESTAMP":"1790766487778700","_CAP_EFFECTIVE":"1ffffffffff","SYSLOG_FACILITY":"3","SYSLOG_IDENTIFIER":"env","_UID":"0","PRIORITY":"6","_PID":"6922","_COMM":"wg-zk-daemon","_GID":"0","_SYSTEMD_CGROUP":"/system.slice/system-wgzk\\x2dm7.slice/wgzk-m7@wgc1.service","_STREAM_ID":"a8ae2382f0944b73adbf7450ee317b0f","_MACHINE_ID":"6334201a93644f82a11c836f3c84a03f","_TRANSPORT":"stdout","_EXE":"/usr/local/bin/wg-zk-daemon","__CURSOR":"s=a04ba51497c94fceb15b4fa2d2c14874;i=44cf;b=dfcb8dac886d4627bbdfedf02e3e59de;m=2fedeb17;t=65cb15061358c;x=c55528097f8c5a2d"}
{"_UID":"0","_CMDLINE":"/usr/local/bin/wg-zk-daemon","_MACHINE_ID":"6334201a93644f82a11c836f3c84a03f","_GID":"0","_TRANSPORT":"stdout","MESSAGE":"[timing] side=client token=3273489318 nonce_prefix=400e9249 result=ok zk_us=45 encap_us=73 tls_us=2159 write_us=8 psk_us=24 tail_us=1 total_us=2348","__REALTIME_TIMESTAMP":"1790766489123528","_SYSTEMD_CGROUP":"/system.slice/system-wgzk\\x2dm7.slice/wgzk-m7@wgc1.service","_EXE":"/usr/local/bin/wg-zk-daemon","SYSLOG_IDENTIFIER":"env","_COMM":"wg-zk-daemon","_SYSTEMD_INVOCATION_ID":"2c07a592dba84ec2a18cfacf7296cb40","_CAP_EFFECTIVE":"1ffffffffff","_STREAM_ID":"a8ae2382f0944b73adbf7450ee317b0f","SYSLOG_FACILITY":"3","__CURSOR":"s=a04ba51497c94fceb15b4fa2d2c14874;i=44f7;b=dfcb8dac886d4627bbdfedf02e3e59de;m=30027054;t=65cb15075bac8;x=fd3dbc5cd0627ef0","PRIORITY":"6","_SYSTEMD_SLICE":"system-wgzk\\x2dm7.slice","_SELINUX_CONTEXT":"unconfined\n","_PID":"6922","_BOOT_ID":"dfcb8dac886d4627bbdfedf02e3e59de","_HOSTNAME":"wgzk-client","__MONOTONIC_TIMESTAMP":"805466196","_SYSTEMD_UNIT":"wgzk-m7@wgc1.service"}
{"_CAP_EFFECTIVE":"1ffffffffff","_COMM":"wg-zk-daemon","_SELINUX_CONTEXT":"unconfined\n","_STREAM_ID":"a8ae2382f0944b73adbf7450ee317b0f","_HOSTNAME":"wgzk-client","_SYSTEMD_INVOCATION_ID":"2c07a592dba84ec2a18cfacf7296cb40","MESSAGE":"[timing] side=client token=772498874 nonce_prefix=a68946de result=ok zk_us=46 encap_us=74 tls_us=2439 write_us=7 psk_us=24 tail_us=1 total_us=2663","_MACHINE_ID":"6334201a93644f82a11c836f3c84a03f","__CURSOR":"s=a04ba51497c94fceb15b4fa2d2c14874;i=454b;b=dfcb8dac886d4627bbdfedf02e3e59de;m=3016f774;t=65cb1508a41e9;x=56e18f7ca09d7231","_SYSTEMD_UNIT":"wgzk-m7@wgc1.service","_GID":"0","SYSLOG_IDENTIFIER":"env","_SYSTEMD_CGROUP":"/system.slice/system-wgzk\\x2dm7.slice/wgzk-m7@wgc1.service","PRIORITY":"6","_TRANSPORT":"stdout","_PID":"6922","__MONOTONIC_TIMESTAMP":"806811508","_EXE":"/usr/local/bin/wg-zk-daemon","_CMDLINE":"/usr/local/bin/wg-zk-daemon","_BOOT_ID":"dfcb8dac886d4627bbdfedf02e3e59de","_SYSTEMD_SLICE":"system-wgzk\\x2dm7.slice","SYSLOG_FACILITY":"3","__REALTIME_TIMESTAMP":"1790766490468841","_UID":"0"}
{"_SYSTEMD_UNIT":"wgzk-m7@wgc1.service","_TRANSPORT":"stdout","_CAP_EFFECTIVE":"1ffffffffff","_SYSTEMD_SLICE":"system-wgzk\\x2dm7.slice","_EXE":"/usr/local/bin/wg-zk-daemon","SYSLOG_FACILITY":"3","__CURSOR":"s=a04ba51497c94fceb15b4fa2d2c14874;i=4584;b=dfcb8dac886d4627bbdfedf02e3e59de;m=302b5d65;t=65cb1509ea7d9;x=ab7f9d01672f125f","_PID":"6922","SYSLOG_IDENTIFIER":"env","_BOOT_ID":"dfcb8dac886d4627bbdfedf02e3e59de","_MACHINE_ID":"6334201a93644f82a11c836f3c84a03f","_SYSTEMD_CGROUP":"/system.slice/system-wgzk\\x2dm7.slice/wgzk-m7@wgc1.service","_HOSTNAME":"wgzk-client","_SELINUX_CONTEXT":"unconfined\n","__REALTIME_TIMESTAMP":"1790766491805657","_UID":"0","MESSAGE":"[timing] side=client token=2862984702 nonce_prefix=3caa12ee result=ok zk_us=45 encap_us=95 tls_us=2224 write_us=8 psk_us=23 tail_us=1 total_us=2433","__MONOTONIC_TIMESTAMP":"808148325","_SYSTEMD_INVOCATION_ID":"2c07a592dba84ec2a18cfacf7296cb40","_GID":"0","PRIORITY":"6","_COMM":"wg-zk-daemon","_STREAM_ID":"a8ae2382f0944b73adbf7450ee317b0f","_CMDLINE":"/usr/local/bin/wg-zk-daemon"}
{"MESSAGE":"[timing] side=client token=183453479 nonce_prefix=febad3f6 result=ok zk_us=44 encap_us=88 tls_us=2351 write_us=8 psk_us=207 tail_us=2 total_us=3001","_SYSTEMD_CGROUP":"/system.slice/system-wgzk\\x2dm7.slice/wgzk-m7@wgc1.service","_GID":"0","_COMM":"wg-zk-daemon","_SELINUX_CONTEXT":"unconfined\n","_STREAM_ID":"a8ae2382f0944b73adbf7450ee317b0f","__CURSOR":"s=a04ba51497c94fceb15b4fa2d2c14874;i=45d4;b=dfcb8dac886d4627bbdfedf02e3e59de;m=303ff794;t=65cb150b34208;x=5ba7025a88f5b56f","_SYSTEMD_SLICE":"system-wgzk\\x2dm7.slice","__MONOTONIC_TIMESTAMP":"809498516","_MACHINE_ID":"6334201a93644f82a11c836f3c84a03f","PRIORITY":"6","_BOOT_ID":"dfcb8dac886d4627bbdfedf02e3e59de","SYSLOG_IDENTIFIER":"env","_CMDLINE":"/usr/local/bin/wg-zk-daemon","_CAP_EFFECTIVE":"1ffffffffff","_SYSTEMD_INVOCATION_ID":"2c07a592dba84ec2a18cfacf7296cb40","SYSLOG_FACILITY":"3","_TRANSPORT":"stdout","_PID":"6922","_HOSTNAME":"wgzk-client","_SYSTEMD_UNIT":"wgzk-m7@wgc1.service","_UID":"0","_EXE":"/usr/local/bin/wg-zk-daemon","__REALTIME_TIMESTAMP":"1790766493155848"}
{"_TRANSPORT":"stdout","__CURSOR":"s=a04ba51497c94fceb15b4fa2d2c14874;i=4626;b=dfcb8dac886d4627bbdfedf02e3e59de;m=3054d3dd;t=65cb150c81e51;x=c2aaae6ac32ef51d","_BOOT_ID":"dfcb8dac886d4627bbdfedf02e3e59de","SYSLOG_FACILITY":"3","MESSAGE":"[timing] side=client token=1099185435 nonce_prefix=e8479388 result=ok zk_us=44 encap_us=76 tls_us=3124 write_us=36 psk_us=22 tail_us=1 total_us=3703","_EXE":"/usr/local/bin/wg-zk-daemon","_UID":"0","_PID":"6922","_SYSTEMD_INVOCATION_ID":"2c07a592dba84ec2a18cfacf7296cb40","PRIORITY":"6","_SELINUX_CONTEXT":"unconfined\n","_CMDLINE":"/usr/local/bin/wg-zk-daemon","_STREAM_ID":"a8ae2382f0944b73adbf7450ee317b0f","_COMM":"wg-zk-daemon","_CAP_EFFECTIVE":"1ffffffffff","_SYSTEMD_UNIT":"wgzk-m7@wgc1.service","__MONOTONIC_TIMESTAMP":"810865629","_MACHINE_ID":"6334201a93644f82a11c836f3c84a03f","__REALTIME_TIMESTAMP":"1790766494522961","_HOSTNAME":"wgzk-client","_GID":"0","_SYSTEMD_SLICE":"system-wgzk\\x2dm7.slice","SYSLOG_IDENTIFIER":"env","_SYSTEMD_CGROUP":"/system.slice/system-wgzk\\x2dm7.slice/wgzk-m7@wgc1.service"}
{"_SYSTEMD_SLICE":"system-wgzk\\x2dm7.slice","_UID":"0","_CAP_EFFECTIVE":"1ffffffffff","_MACHINE_ID":"6334201a93644f82a11c836f3c84a03f","_HOSTNAME":"wgzk-client","_STREAM_ID":"a8ae2382f0944b73adbf7450ee317b0f","_SYSTEMD_CGROUP":"/system.slice/system-wgzk\\x2dm7.slice/wgzk-m7@wgc1.service","__REALTIME_TIMESTAMP":"1790766495885956","_SYSTEMD_INVOCATION_ID":"2c07a592dba84ec2a18cfacf7296cb40","MESSAGE":"[timing] side=client token=1636485310 nonce_prefix=43b9cc49 result=ok zk_us=46 encap_us=73 tls_us=3309 write_us=7 psk_us=38 tail_us=1 total_us=3742","_SYSTEMD_UNIT":"wgzk-m7@wgc1.service","__CURSOR":"s=a04ba51497c94fceb15b4fa2d2c14874;i=464f;b=dfcb8dac886d4627bbdfedf02e3e59de;m=3069a00f;t=65cb150dcea84;x=dab4727712003be9","_BOOT_ID":"dfcb8dac886d4627bbdfedf02e3e59de","__MONOTONIC_TIMESTAMP":"812228623","_COMM":"wg-zk-daemon","SYSLOG_FACILITY":"3","_EXE":"/usr/local/bin/wg-zk-daemon","PRIORITY":"6","_CMDLINE":"/usr/local/bin/wg-zk-daemon","_SELINUX_CONTEXT":"unconfined\n","SYSLOG_IDENTIFIER":"env","_TRANSPORT":"stdout","_PID":"6922","_GID":"0"}
{"_SELINUX_CONTEXT":"unconfined\n","_UID":"0","_TRANSPORT":"stdout","_BOOT_ID":"dfcb8dac886d4627bbdfedf02e3e59de","_SYSTEMD_SLICE":"system-wgzk\\x2dm7.slice","_HOSTNAME":"wgzk-client","MESSAGE":"[timing] side=client token=1405272535 nonce_prefix=dae7f878 result=ok zk_us=69 encap_us=80 tls_us=1780 write_us=28 psk_us=171 tail_us=1 total_us=2226","_GID":"0","__REALTIME_TIMESTAMP":"1790766497232284","_EXE":"/usr/local/bin/wg-zk-daemon","SYSLOG_FACILITY":"3","_CAP_EFFECTIVE":"1ffffffffff","_SYSTEMD_UNIT":"wgzk-m7@wgc1.service","_CMDLINE":"/usr/local/bin/wg-zk-daemon","__CURSOR":"s=a04ba51497c94fceb15b4fa2d2c14874;i=4691;b=dfcb8dac886d4627bbdfedf02e3e59de;m=307e2b27;t=65cb150f1759c;x=a34dc7917a7e6a3","SYSLOG_IDENTIFIER":"env","__MONOTONIC_TIMESTAMP":"813574951","_COMM":"wg-zk-daemon","PRIORITY":"6","_SYSTEMD_CGROUP":"/system.slice/system-wgzk\\x2dm7.slice/wgzk-m7@wgc1.service","_MACHINE_ID":"6334201a93644f82a11c836f3c84a03f","_PID":"6922","_SYSTEMD_INVOCATION_ID":"2c07a592dba84ec2a18cfacf7296cb40","_STREAM_ID":"a8ae2382f0944b73adbf7450ee317b0f"}
{"_BOOT_ID":"dfcb8dac886d4627bbdfedf02e3e59de","_SYSTEMD_SLICE":"system-wgzk\\x2dm7.slice","__MONOTONIC_TIMESTAMP":"814922504","_SYSTEMD_CGROUP":"/system.slice/system-wgzk\\x2dm7.slice/wgzk-m7@wgc1.service","__REALTIME_TIMESTAMP":"1790766498579837","_EXE":"/usr/local/bin/wg-zk-daemon","_TRANSPORT":"stdout","_GID":"0","PRIORITY":"6","_CAP_EFFECTIVE":"1ffffffffff","_COMM":"wg-zk-daemon","_SYSTEMD_UNIT":"wgzk-m7@wgc1.service","_PID":"6922","SYSLOG_FACILITY":"3","_CMDLINE":"/usr/local/bin/wg-zk-daemon","MESSAGE":"[timing] side=client token=213045348 nonce_prefix=86dae9ae result=ok zk_us=48 encap_us=74 tls_us=3557 write_us=9 psk_us=46 tail_us=1 total_us=3818","_MACHINE_ID":"6334201a93644f82a11c836f3c84a03f","_HOSTNAME":"wgzk-client","SYSLOG_IDENTIFIER":"env","_STREAM_ID":"a8ae2382f0944b73adbf7450ee317b0f","_SYSTEMD_INVOCATION_ID":"2c07a592dba84ec2a18cfacf7296cb40","__CURSOR":"s=a04ba51497c94fceb15b4fa2d2c14874;i=46ce;b=dfcb8dac886d4627bbdfedf02e3e59de;m=3092bb08;t=65cb15106057d;x=5e4fb11dc7e97d78","_UID":"0","_SELINUX_CONTEXT":"unconfined\n"}
{"_EXE":"/usr/local/bin/wg-zk-daemon","_PID":"6922","_BOOT_ID":"dfcb8dac886d4627bbdfedf02e3e59de","_STREAM_ID":"a8ae2382f0944b73adbf7450ee317b0f","_SYSTEMD_SLICE":"system-wgzk\\x2dm7.slice","_MACHINE_ID":"6334201a93644f82a11c836f3c84a03f","_CMDLINE":"/usr/local/bin/wg-zk-daemon","_SYSTEMD_UNIT":"wgzk-m7@wgc1.service","_TRANSPORT":"stdout","__REALTIME_TIMESTAMP":"1790766499927126","PRIORITY":"6","_COMM":"wg-zk-daemon","__MONOTONIC_TIMESTAMP":"816269794","SYSLOG_FACILITY":"3","MESSAGE":"[timing] side=client token=2235232688 nonce_prefix=fa7b09ea result=ok zk_us=46 encap_us=74 tls_us=2350 write_us=7 psk_us=47 tail_us=1 total_us=3313","_HOSTNAME":"wgzk-client","_UID":"0","_GID":"0","_SELINUX_CONTEXT":"unconfined\n","_CAP_EFFECTIVE":"1ffffffffff","__CURSOR":"s=a04ba51497c94fceb15b4fa2d2c14874;i=4717;b=dfcb8dac886d4627bbdfedf02e3e59de;m=30a749e2;t=65cb1511a9456;x=c0323b1e7a91a4a3","SYSLOG_IDENTIFIER":"env","_SYSTEMD_INVOCATION_ID":"2c07a592dba84ec2a18cfacf7296cb40","_SYSTEMD_CGROUP":"/system.slice/system-wgzk\\x2dm7.slice/wgzk-m7@wgc1.service"}
{"_SYSTEMD_SLICE":"system-wgzk\\x2dm7.slice","PRIORITY":"6","SYSLOG_FACILITY":"3","__MONOTONIC_TIMESTAMP":"817616874","_PID":"6922","_MACHINE_ID":"6334201a93644f82a11c836f3c84a03f","__CURSOR":"s=a04ba51497c94fceb15b4fa2d2c14874;i=4753;b=dfcb8dac886d4627bbdfedf02e3e59de;m=30bbd7ea;t=65cb1512f225f;x=b5c2685c13ed4ca7","_SYSTEMD_INVOCATION_ID":"2c07a592dba84ec2a18cfacf7296cb40","_SYSTEMD_UNIT":"wgzk-m7@wgc1.service","_UID":"0","_GID":"0","_STREAM_ID":"a8ae2382f0944b73adbf7450ee317b0f","__REALTIME_TIMESTAMP":"1790766501274207","_SYSTEMD_CGROUP":"/system.slice/system-wgzk\\x2dm7.slice/wgzk-m7@wgc1.service","_COMM":"wg-zk-daemon","SYSLOG_IDENTIFIER":"env","MESSAGE":"[timing] side=client token=303817943 nonce_prefix=7dced181 result=ok zk_us=67 encap_us=72 tls_us=2421 write_us=28 psk_us=23 tail_us=1 total_us=2777","_SELINUX_CONTEXT":"unconfined\n","_HOSTNAME":"wgzk-client","_BOOT_ID":"dfcb8dac886d4627bbdfedf02e3e59de","_TRANSPORT":"stdout","_EXE":"/usr/local/bin/wg-zk-daemon","_CMDLINE":"/usr/local/bin/wg-zk-daemon","_CAP_EFFECTIVE":"1ffffffffff"}
{"__MONOTONIC_TIMESTAMP":"818963475","PRIORITY":"6","MESSAGE":"[timing] side=client token=3258712735 nonce_prefix=2a396d83 result=ok zk_us=45 encap_us=74 tls_us=1821 write_us=8 psk_us=25 tail_us=1 total_us=2015","_HOSTNAME":"wgzk-client","_SYSTEMD_SLICE":"system-wgzk\\x2dm7.slice","__REALTIME_TIMESTAMP":"1790766502620807","_CMDLINE":"/usr/local/bin/wg-zk-daemon","SYSLOG_IDENTIFIER":"env","_BOOT_ID":"dfcb8dac886d4627bbdfedf02e3e59de","_EXE":"/usr/local/bin/wg-zk-daemon","_PID":"6922","_COMM":"wg-zk-daemon","_UID":"0","__CURSOR":"s=a04ba51497c94fceb15b4fa2d2c14874;i=4793;b=dfcb8dac886d4627bbdfedf02e3e59de;m=30d06413;t=65cb15143ae87;x=907402477e8fb13a","SYSLOG_FACILITY":"3","_STREAM_ID":"a8ae2382f0944b73adbf7450ee317b0f","_SYSTEMD_UNIT":"wgzk-m7@wgc1.service","_MACHINE_ID":"6334201a93644f82a11c836f3c84a03f","_SYSTEMD_INVOCATION_ID":"2c07a592dba84ec2a18cfacf7296cb40","_SYSTEMD_CGROUP":"/system.slice/system-wgzk\\x2dm7.slice/wgzk-m7@wgc1.service","_GID":"0","_CAP_EFFECTIVE":"1ffffffffff","_SELINUX_CONTEXT":"unconfined\n","_TRANSPORT":"stdout"}
{"_COMM":"wg-zk-daemon","_GID":"0","_SYSTEMD_CGROUP":"/system.slice/system-wgzk\\x2dm7.slice/wgzk-m7@wgc1.service","_TRANSPORT":"stdout","__MONOTONIC_TIMESTAMP":"820321853","__CURSOR":"s=a04ba51497c94fceb15b4fa2d2c14874;i=47d9;b=dfcb8dac886d4627bbdfedf02e3e59de;m=30e51e3d;t=65cb1515868b2;x=efbc83a41f0979d2","_SYSTEMD_SLICE":"system-wgzk\\x2dm7.slice","_STREAM_ID":"a8ae2382f0944b73adbf7450ee317b0f","_EXE":"/usr/local/bin/wg-zk-daemon","_UID":"0","_SYSTEMD_INVOCATION_ID":"2c07a592dba84ec2a18cfacf7296cb40","_CAP_EFFECTIVE":"1ffffffffff","__REALTIME_TIMESTAMP":"1790766503979186","_PID":"6922","SYSLOG_FACILITY":"3","SYSLOG_IDENTIFIER":"env","MESSAGE":"[timing] side=client token=1550288681 nonce_prefix=8bb77732 result=ok zk_us=61 encap_us=75 tls_us=2719 write_us=33 psk_us=42 tail_us=1 total_us=3160","_CMDLINE":"/usr/local/bin/wg-zk-daemon","_HOSTNAME":"wgzk-client","_SYSTEMD_UNIT":"wgzk-m7@wgc1.service","_MACHINE_ID":"6334201a93644f82a11c836f3c84a03f","_BOOT_ID":"dfcb8dac886d4627bbdfedf02e3e59de","PRIORITY":"6","_SELINUX_CONTEXT":"unconfined\n"}
[exit 0]

$ [client] journalctl -u wgzk-m7@wgc2.service -o json --no-pager --after-cursor='s=a04ba51497c94fceb15b4fa2d2c14874;i=4067;b=dfcb8dac886d4627bbdfedf02e3e59de;m=2e2a4e05;t=65cb14e9d987a;x=2b2dac4ff82bb728' | grep -F '[timing]' || true
{"PRIORITY":"6","_UID":"0","_SYSTEMD_CGROUP":"/system.slice/system-wgzk\\x2dm7.slice/wgzk-m7@wgc2.service","_CAP_EFFECTIVE":"1ffffffffff","_COMM":"wg-zk-daemon","_TRANSPORT":"stdout","__CURSOR":"s=a04ba51497c94fceb15b4fa2d2c14874;i=408b;b=dfcb8dac886d4627bbdfedf02e3e59de;m=2e8ea2b0;t=65cb14f01ed24;x=e9d84b2850b9e656","_EXE":"/usr/local/bin/wg-zk-daemon","_STREAM_ID":"624e705fe9064255b3f27e00a911d6a0","_BOOT_ID":"dfcb8dac886d4627bbdfedf02e3e59de","__REALTIME_TIMESTAMP":"1790766464757028","_HOSTNAME":"wgzk-client","SYSLOG_FACILITY":"3","_CMDLINE":"/usr/local/bin/wg-zk-daemon","_MACHINE_ID":"6334201a93644f82a11c836f3c84a03f","_SYSTEMD_SLICE":"system-wgzk\\x2dm7.slice","SYSLOG_IDENTIFIER":"env","_PID":"6976","__MONOTONIC_TIMESTAMP":"781099696","_SYSTEMD_UNIT":"wgzk-m7@wgc2.service","_GID":"0","MESSAGE":"[timing] side=client token=1160750700 nonce_prefix=5880193d result=ok zk_us=96 encap_us=92 tls_us=2300 write_us=27 psk_us=924 tail_us=1 total_us=3529","_SYSTEMD_INVOCATION_ID":"49e3a5ccd43643318a989354f850f880","_SELINUX_CONTEXT":"unconfined\n"}
{"_HOSTNAME":"wgzk-client","_SYSTEMD_UNIT":"wgzk-m7@wgc2.service","PRIORITY":"6","_GID":"0","__REALTIME_TIMESTAMP":"1790766466120844","_CAP_EFFECTIVE":"1ffffffffff","_SELINUX_CONTEXT":"unconfined\n","_COMM":"wg-zk-daemon","_CMDLINE":"/usr/local/bin/wg-zk-daemon","SYSLOG_FACILITY":"3","_BOOT_ID":"dfcb8dac886d4627bbdfedf02e3e59de","_SYSTEMD_SLICE":"system-wgzk\\x2dm7.slice","MESSAGE":"[timing] side=client token=2041532077 nonce_prefix=8bf58ebc result=ok zk_us=45 encap_us=73 tls_us=1508 write_us=12 psk_us=43 tail_us=1 total_us=1743","_UID":"0","SYSLOG_IDENTIFIER":"env","_PID":"6976","__CURSOR":"s=a04ba51497c94fceb15b4fa2d2c14874;i=40cc;b=dfcb8dac886d4627bbdfedf02e3e59de;m=2ea37218;t=65cb14f16bc8c;x=35f5f0e95ba368a4","_MACHINE_ID":"6334201a93644f82a11c836f3c84a03f","_TRANSPORT":"stdout","_EXE":"/usr/local/bin/wg-zk-daemon","_STREAM_ID":"624e705fe9064255b3f27e00a911d6a0","__MONOTONIC_TIMESTAMP":"782463512","_SYSTEMD_INVOCATION_ID":"49e3a5ccd43643318a989354f850f880","_SYSTEMD_CGROUP":"/system.slice/system-wgzk\\x2dm7.slice/wgzk-m7@wgc2.service"}
{"MESSAGE":"[timing] side=client token=3011305526 nonce_prefix=cdec12a5 result=ok zk_us=45 encap_us=79 tls_us=2166 write_us=27 psk_us=63 tail_us=1 total_us=2482","__MONOTONIC_TIMESTAMP":"783818640","_CMDLINE":"/usr/local/bin/wg-zk-daemon","_MACHINE_ID":"6334201a93644f82a11c836f3c84a03f","_COMM":"wg-zk-daemon","SYSLOG_IDENTIFIER":"env","__CURSOR":"s=a04ba51497c94fceb15b4fa2d2c14874;i=4109;b=dfcb8dac886d4627bbdfedf02e3e59de;m=2eb81f90;t=65cb14f2b6a05;x=820ffa09dac77a53","SYSLOG_FACILITY":"3","_CAP_EFFECTIVE":"1ffffffffff","_UID":"0","_BOOT_ID":"dfcb8dac886d4627bbdfedf02e3e59de","_GID":"0","__REALTIME_TIMESTAMP":"1790766467475973","_TRANSPORT":"stdout","_PID":"6976","_SYSTEMD_UNIT":"wgzk-m7@wgc2.service","_EXE":"/usr/local/bin/wg-zk-daemon","_SYSTEMD_SLICE":"system-wgzk\\x2dm7.slice","_STREAM_ID":"624e705fe9064255b3f27e00a911d6a0","PRIORITY":"6","_SELINUX_CONTEXT":"unconfined\n","_SYSTEMD_INVOCATION_ID":"49e3a5ccd43643318a989354f850f880","_HOSTNAME":"wgzk-client","_SYSTEMD_CGROUP":"/system.slice/system-wgzk\\x2dm7.slice/wgzk-m7@wgc2.service"}
{"_CMDLINE":"/usr/local/bin/wg-zk-daemon","PRIORITY":"6","_SYSTEMD_CGROUP":"/system.slice/system-wgzk\\x2dm7.slice/wgzk-m7@wgc2.service","_BOOT_ID":"dfcb8dac886d4627bbdfedf02e3e59de","_SYSTEMD_UNIT":"wgzk-m7@wgc2.service","_EXE":"/usr/local/bin/wg-zk-daemon","_HOSTNAME":"wgzk-client","SYSLOG_FACILITY":"3","_SYSTEMD_SLICE":"system-wgzk\\x2dm7.slice","_SELINUX_CONTEXT":"unconfined\n","SYSLOG_IDENTIFIER":"env","_CAP_EFFECTIVE":"1ffffffffff","__REALTIME_TIMESTAMP":"1790766468824518","_COMM":"wg-zk-daemon","_PID":"6976","MESSAGE":"[timing] side=client token=3720373917 nonce_prefix=d7e3f97f result=ok zk_us=50 encap_us=88 tls_us=3076 write_us=8 psk_us=44 tail_us=1 total_us=3335","_TRANSPORT":"stdout","_UID":"0","__CURSOR":"s=a04ba51497c94fceb15b4fa2d2c14874;i=4162;b=dfcb8dac886d4627bbdfedf02e3e59de;m=2eccb352;t=65cb14f3ffdc6;x=bc7e3066f18049a4","_STREAM_ID":"624e705fe9064255b3f27e00a911d6a0","_GID":"0","_MACHINE_ID":"6334201a93644f82a11c836f3c84a03f","_SYSTEMD_INVOCATION_ID":"49e3a5ccd43643318a989354f850f880","__MONOTONIC_TIMESTAMP":"785167186"}
{"__REALTIME_TIMESTAMP":"1790766470174682","_HOSTNAME":"wgzk-client","_TRANSPORT":"stdout","_MACHINE_ID":"6334201a93644f82a11c836f3c84a03f","PRIORITY":"6","SYSLOG_IDENTIFIER":"env","_SYSTEMD_CGROUP":"/system.slice/system-wgzk\\x2dm7.slice/wgzk-m7@wgc2.service","_SYSTEMD_INVOCATION_ID":"49e3a5ccd43643318a989354f850f880","_SYSTEMD_UNIT":"wgzk-m7@wgc2.service","SYSLOG_FACILITY":"3","__CURSOR":"s=a04ba51497c94fceb15b4fa2d2c14874;i=4198;b=dfcb8dac886d4627bbdfedf02e3e59de;m=2ee14d65;t=65cb14f5497da;x=f6ffb8ae82efa83c","_UID":"0","_COMM":"wg-zk-daemon","_STREAM_ID":"624e705fe9064255b3f27e00a911d6a0","_SYSTEMD_SLICE":"system-wgzk\\x2dm7.slice","__MONOTONIC_TIMESTAMP":"786517349","MESSAGE":"[timing] side=client token=3812057785 nonce_prefix=f9505fc0 result=ok zk_us=104 encap_us=74 tls_us=2609 write_us=27 psk_us=105 tail_us=1 total_us=3468","_PID":"6976","_EXE":"/usr/local/bin/wg-zk-daemon","_CAP_EFFECTIVE":"1ffffffffff","_GID":"0","_BOOT_ID":"dfcb8dac886d4627bbdfedf02e3e59de","_SELINUX_CONTEXT":"unconfined\n","_CMDLINE":"/usr/local/bin/wg-zk-daemon"}
{"_TRANSPORT":"stdout","_EXE":"/usr/local/bin/wg-zk-daemon","_CMDLINE":"/usr/local/bin/wg-zk-daemon","_MACHINE_ID":"6334201a93644f82a11c836f3c84a03f","SYSLOG_FACILITY":"3","_CAP_EFFECTIVE":"1ffffffffff","__CURSOR":"s=a04ba51497c94fceb15b4fa2d2c14874;i=41e7;b=dfcb8dac886d4627bbdfedf02e3e59de;m=2ef6075d;t=65cb14f6951d1;x=aa1482ea1acc735d","_SYSTEMD_UNIT":"wgzk-m7@wgc2.service","PRIORITY":"6","_COMM":"wg-zk-daemon","_STREAM_ID":"624e705fe9064255b3f27e00a911d6a0","__MONOTONIC_TIMESTAMP":"787875677","_GID":"0","_BOOT_ID":"dfcb8dac886d4627bbdfedf02e3e59de","_SYSTEMD_CGROUP":"/system.slice/system-wgzk\\x2dm7.slice/wgzk-m7@wgc2.service","_UID":"0","_SYSTEMD_SLICE":"system-wgzk\\x2dm7.slice","_SYSTEMD_INVOCATION_ID":"49e3a5ccd43643318a989354f850f880","__REALTIME_TIMESTAMP":"1790766471533009","_SELINUX_CONTEXT":"unconfined\n","_PID":"6976","MESSAGE":"[timing] side=client token=3196905456 nonce_prefix=bbd5dd15 result=ok zk_us=45 encap_us=72 tls_us=4090 write_us=15 psk_us=26 tail_us=1 total_us=4961","SYSLOG_IDENTIFIER":"env","_HOSTNAME":"wgzk-client"}
{"_TRANSPORT":"stdout","_SYSTEMD_UNIT":"wgzk-m7@wgc2.service","_EXE":"/usr/local/bin/wg-zk-daemon","_STREAM_ID":"624e705fe9064255b3f27e00a911d6a0","_PID":"6976","__CURSOR":"s=a04ba51497c94fceb15b4fa2d2c14874;i=420a;b=dfcb8dac886d4627bbdfedf02e3e59de;m=2f0aabee;t=65cb14f7df663;x=48642a1865db8b82","_SYSTEMD_INVOCATION_ID":"49e3a5ccd43643318a989354f850f880","__MONOTONIC_TIMESTAMP":"789228526","_HOSTNAME":"wgzk-client","_UID":"0","SYSLOG_FACILITY":"3","__REALTIME_TIMESTAMP":"1790766472885859","_COMM":"wg-zk-daemon","_SELINUX_CONTEXT":"unconfined\n","_GID":"0","_CAP_EFFECTIVE":"1ffffffffff","PRIORITY":"6","_SYSTEMD_CGROUP":"/system.slice/system-wgzk\\x2dm7.slice/wgzk-m7@wgc2.service","MESSAGE":"[timing] side=client token=2691583245 nonce_prefix=f6afe386 result=ok zk_us=46 encap_us=116 tls_us=2246 write_us=28 psk_us=19 tail_us=1 total_us=2544","_SYSTEMD_SLICE":"system-wgzk\\x2dm7.slice","_BOOT_ID":"dfcb8dac886d4627bbdfedf02e3e59de","_MACHINE_ID":"6334201a93644f82a11c836f3c84a03f","_CMDLINE":"/usr/local/bin/wg-zk-daemon","SYSLOG_IDENTIFIER":"env"}
{"MESSAGE":"[timing] side=client token=653250250 nonce_prefix=0e6dff21 result=ok zk_us=46 encap_us=75 tls_us=2460 write_us=27 psk_us=87 tail_us=2 total_us=2758","_GID":"0","_SYSTEMD_SLICE":"system-wgzk\\x2dm7.slice","_TRANSPORT":"stdout","__MONOTONIC_TIMESTAMP":"790577142","_SYSTEMD_INVOCATION_ID":"49e3a5ccd43643318a989354f850f880","__REALTIME_TIMESTAMP":"1790766474234474","_SYSTEMD_CGROUP":"/system.slice/system-wgzk\\x2dm7.slice/wgzk-m7@wgc2.service","_CAP_EFFECTIVE":"1ffffffffff","SYSLOG_IDENTIFIER":"env","_MACHINE_ID":"6334201a93644f82a11c836f3c84a03f","_COMM":"wg-zk-daemon","_HOSTNAME":"wgzk-client","_BOOT_ID":"dfcb8dac886d4627bbdfedf02e3e59de","__CURSOR":"s=a04ba51497c94fceb15b4fa2d2c14874;i=424d;b=dfcb8dac886d4627bbdfedf02e3e59de;m=2f1f3ff6;t=65cb14f928a6a;x=4537ddf9cce49c38","_SYSTEMD_UNIT":"wgzk-m7@wgc2.service","PRIORITY":"6","_SELINUX_CONTEXT":"unconfined\n","_PID":"6976","_EXE":"/usr/local/bin/wg-zk-daemon","_UID":"0","SYSLOG_FACILITY":"3","_CMDLINE":"/usr/local/bin/wg-zk-daemon","_STREAM_ID":"624e705fe9064255b3f27e00a911d6a0"}
{"SYSLOG_FACILITY":"3","MESSAGE":"[timing] side=client token=2424457783 nonce_prefix=fd89a028 result=ok zk_us=48 encap_us=78 tls_us=2110 write_us=13 psk_us=32 tail_us=1 total_us=2334","_EXE":"/usr/local/bin/wg-zk-daemon","__REALTIME_TIMESTAMP":"1790766475595781","_UID":"0","SYSLOG_IDENTIFIER":"env","_SYSTEMD_SLICE":"system-wgzk\\x2dm7.slice","_GID":"0","_PID":"6976","__MONOTONIC_TIMESTAMP":"791938449","_BOOT_ID":"dfcb8dac886d4627bbdfedf02e3e59de","_COMM":"wg-zk-daemon","_CAP_EFFECTIVE":"1ffffffffff","_SYSTEMD_CGROUP":"/system.slice/system-wgzk\\x2dm7.slice/wgzk-m7@wgc2.service","_SYSTEMD_UNIT":"wgzk-m7@wgc2.service","_SYSTEMD_INVOCATION_ID":"49e3a5ccd43643318a989354f850f880","_CMDLINE":"/usr/local/bin/wg-zk-daemon","__CURSOR":"s=a04ba51497c94fceb15b4fa2d2c14874;i=4299;b=dfcb8dac886d4627bbdfedf02e3e59de;m=2f340591;t=65cb14fa75005;x=245080b3a09fb813","_HOSTNAME":"wgzk-client","_TRANSPORT":"stdout","_MACHINE_ID":"6334201a93644f82a11c836f3c84a03f","PRIORITY":"6","_SELINUX_CONTEXT":"unconfined\n","_STREAM_ID":"624e705fe9064255b3f27e00a911d6a0"}
{"_SYSTEMD_CGROUP":"/system.slice/system-wgzk\\x2dm7.slice/wgzk-m7@wgc2.service","__MONOTONIC_TIMESTAMP":"793284175","_HOSTNAME":"wgzk-client","__REALTIME_TIMESTAMP":"1790766476941508","SYSLOG_IDENTIFIER":"env","_SYSTEMD_UNIT":"wgzk-m7@wgc2.service","_COMM":"wg-zk-daemon","MESSAGE":"[timing] side=client token=2373477152 nonce_prefix=a6706f79 result=ok zk_us=43 encap_us=75 tls_us=2526 write_us=6 psk_us=29 tail_us=1 total_us=3057","_EXE":"/usr/local/bin/wg-zk-daemon","_STREAM_ID":"624e705fe9064255b3f27e00a911d6a0","_GID":"0","__CURSOR":"s=a04ba51497c94fceb15b4fa2d2c14874;i=42da;b=dfcb8dac886d4627bbdfedf02e3e59de;m=2f488e4f;t=65cb14fbbd8c4;x=964d2e031b77c626","_SYSTEMD_INVOCATION_ID":"49e3a5ccd43643318a989354f850f880","_CAP_EFFECTIVE":"1ffffffffff","_UID":"0","_CMDLINE":"/usr/local/bin/wg-zk-daemon","SYSLOG_FACILITY":"3","PRIORITY":"6","_MACHINE_ID":"6334201a93644f82a11c836f3c84a03f","_PID":"6976","_SELINUX_CONTEXT":"unconfined\n","_TRANSPORT":"stdout","_BOOT_ID":"dfcb8dac886d4627bbdfedf02e3e59de","_SYSTEMD_SLICE":"system-wgzk\\x2dm7.slice"}
{"_SELINUX_CONTEXT":"unconfined\n","_SYSTEMD_INVOCATION_ID":"49e3a5ccd43643318a989354f850f880","_SYSTEMD_CGROUP":"/system.slice/system-wgzk\\x2dm7.slice/wgzk-m7@wgc2.service","__REALTIME_TIMESTAMP":"1790766478312878","PRIORITY":"6","_BOOT_ID":"dfcb8dac886d4627bbdfedf02e3e59de","_COMM":"wg-zk-daemon","MESSAGE":"[timing] side=client token=1048158442 nonce_prefix=b53b5720 result=ok zk_us=45 encap_us=72 tls_us=2833 write_us=27 psk_us=22 tail_us=1 total_us=3055","_TRANSPORT":"stdout","_CMDLINE":"/usr/local/bin/wg-zk-daemon","SYSLOG_FACILITY":"3","_EXE":"/usr/local/bin/wg-zk-daemon","_SYSTEMD_UNIT":"wgzk-m7@wgc2.service","_MACHINE_ID":"6334201a93644f82a11c836f3c84a03f","_STREAM_ID":"624e705fe9064255b3f27e00a911d6a0","_HOSTNAME":"wgzk-client","__CURSOR":"s=a04ba51497c94fceb15b4fa2d2c14874;i=431e;b=dfcb8dac886d4627bbdfedf02e3e59de;m=2f5d7b3a;t=65cb14fd0c5ae;x=87bc08678b0668b5","_CAP_EFFECTIVE":"1ffffffffff","_UID":"0","_SYSTEMD_SLICE":"system-wgzk\\x2dm7.slice","_PID":"6976","__MONOTONIC_TIMESTAMP":"794655546","SYSLOG_IDENTIFIER":"env","_GID":"0"}
{"_SYSTEMD_UNIT":"wgzk-m7@wgc2.service","_SELINUX_CONTEXT":"unconfined\n","_TRANSPORT":"stdout","_UID":"0","SYSLOG_FACILITY":"3","SYSLOG_IDENTIFIER":"env","__REALTIME_TIMESTAMP":"1790766479660898","_CMDLINE":"/usr/local/bin/wg-zk-daemon","_STREAM_ID":"624e705fe9064255b3f27e00a911d6a0","_HOSTNAME":"wgzk-client","MESSAGE":"[timing] side=client token=3002144391 nonce_prefix=58a8e110 result=ok zk_us=52 encap_us=74 tls_us=3402 write_us=9 psk_us=25 tail_us=1 total_us=3623","_COMM":"wg-zk-daemon","__MONOTONIC_TIMESTAMP":"796003565","_SYSTEMD_SLICE":"system-wgzk\\x2dm7.slice","_SYSTEMD_INVOCATION_ID":"49e3a5ccd43643318a989354f850f880","PRIORITY":"6","__CURSOR":"s=a04ba51497c94fceb15b4fa2d2c14874;i=4362;b=dfcb8dac886d4627bbdfedf02e3e59de;m=2f720ced;t=65cb14fe55762;x=71c27b8e4b019852","_PID":"6976","_BOOT_ID":"dfcb8dac886d4627bbdfedf02e3e59de","_CAP_EFFECTIVE":"1ffffffffff","_EXE":"/usr/local/bin/wg-zk-daemon","_SYSTEMD_CGROUP":"/system.slice/system-wgzk\\x2dm7.slice/wgzk-m7@wgc2.service","_MACHINE_ID":"6334201a93644f82a11c836f3c84a03f","_GID":"0"}
{"_CMDLINE":"/usr/local/bin/wg-zk-daemon","__MONOTONIC_TIMESTAMP":"797342938","_SYSTEMD_UNIT":"wgzk-m7@wgc2.service","_TRANSPORT":"stdout","_SYSTEMD_SLICE":"system-wgzk\\x2dm7.slice","_SELINUX_CONTEXT":"unconfined\n","_UID":"0","_EXE":"/usr/local/bin/wg-zk-daemon","_MACHINE_ID":"6334201a93644f82a11c836f3c84a03f","_STREAM_ID":"624e705fe9064255b3f27e00a911d6a0","_GID":"0","PRIORITY":"6","__REALTIME_TIMESTAMP":"1790766481000270","SYSLOG_FACILITY":"3","SYSLOG_IDENTIFIER":"env","_PID":"6976","_BOOT_ID":"dfcb8dac886d4627bbdfedf02e3e59de","MESSAGE":"[timing] side=client token=3302195952 nonce_prefix=56daa2e7 result=ok zk_us=45 encap_us=73 tls_us=2197 write_us=9 psk_us=41 tail_us=1 total_us=2424","__CURSOR":"s=a04ba51497c94fceb15b4fa2d2c14874;i=4392;b=dfcb8dac886d4627bbdfedf02e3e59de;m=2f867cda;t=65cb14ff9c74e;x=8cefff02983585eb","_SYSTEMD_CGROUP":"/system.slice/system-wgzk\\x2dm7.slice/wgzk-m7@wgc2.service","_HOSTNAME":"wgzk-client","_COMM":"wg-zk-daemon","_CAP_EFFECTIVE":"1ffffffffff","_SYSTEMD_INVOCATION_ID":"49e3a5ccd43643318a989354f850f880"}
{"__CURSOR":"s=a04ba51497c94fceb15b4fa2d2c14874;i=43d9;b=dfcb8dac886d4627bbdfedf02e3e59de;m=2f9b281e;t=65cb1500e7293;x=4421c5f0440a20c2","_CAP_EFFECTIVE":"1ffffffffff","_PID":"6976","_STREAM_ID":"624e705fe9064255b3f27e00a911d6a0","__REALTIME_TIMESTAMP":"1790766482354835","PRIORITY":"6","_CMDLINE":"/usr/local/bin/wg-zk-daemon","_SYSTEMD_UNIT":"wgzk-m7@wgc2.service","_UID":"0","_GID":"0","_SYSTEMD_SLICE":"system-wgzk\\x2dm7.slice","_BOOT_ID":"dfcb8dac886d4627bbdfedf02e3e59de","_SYSTEMD_INVOCATION_ID":"49e3a5ccd43643318a989354f850f880","_HOSTNAME":"wgzk-client","_EXE":"/usr/local/bin/wg-zk-daemon","SYSLOG_FACILITY":"3","_MACHINE_ID":"6334201a93644f82a11c836f3c84a03f","_TRANSPORT":"stdout","__MONOTONIC_TIMESTAMP":"798697502","_SELINUX_CONTEXT":"unconfined\n","MESSAGE":"[timing] side=client token=3091764039 nonce_prefix=4bb29b1e result=ok zk_us=105 encap_us=75 tls_us=4253 write_us=34 psk_us=44 tail_us=1 total_us=4571","_SYSTEMD_CGROUP":"/system.slice/system-wgzk\\x2dm7.slice/wgzk-m7@wgc2.service","_COMM":"wg-zk-daemon","SYSLOG_IDENTIFIER":"env"}
{"_TRANSPORT":"stdout","__REALTIME_TIMESTAMP":"1790766483720856","_PID":"6976","SYSLOG_IDENTIFIER":"env","SYSLOG_FACILITY":"3","_MACHINE_ID":"6334201a93644f82a11c836f3c84a03f","_HOSTNAME":"wgzk-client","_SYSTEMD_CGROUP":"/system.slice/system-wgzk\\x2dm7.slice/wgzk-m7@wgc2.service","_SYSTEMD_SLICE":"system-wgzk\\x2dm7.slice","PRIORITY":"6","MESSAGE":"[timing] side=client token=3014732963 nonce_prefix=3bddd327 result=ok zk_us=45 encap_us=73 tls_us=2943 write_us=28 psk_us=41 tail_us=1 total_us=3211","_STREAM_ID":"624e705fe9064255b3f27e00a911d6a0","_GID":"0","_CAP_EFFECTIVE":"1ffffffffff","_BOOT_ID":"dfcb8dac886d4627bbdfedf02e3e59de","__MONOTONIC_TIMESTAMP":"800063524","_SELINUX_CONTEXT":"unconfined\n","__CURSOR":"s=a04ba51497c94fceb15b4fa2d2c14874;i=440b;b=dfcb8dac886d4627bbdfedf02e3e59de;m=2fb00024;t=65cb150234a98;x=a440c5b6ae4d2cf6","_CMDLINE":"/usr/local/bin/wg-zk-daemon","_SYSTEMD_UNIT":"wgzk-m7@wgc2.service","_UID":"0","_SYSTEMD_INVOCATION_ID":"49e3a5ccd43643318a989354f850f880","_EXE":"/usr/local/bin/wg-zk-daemon","_COMM":"wg-zk-daemon"}
{"_CMDLINE":"/usr/local/bin/wg-zk-daemon","_UID":"0","MESSAGE":"[timing] side=client token=3482911481 nonce_prefix=bd45e666 result=ok zk_us=46 encap_us=76 tls_us=1594 write_us=28 psk_us=39 tail_us=1 total_us=1838","_SYSTEMD_UNIT":"wgzk-m7@wgc2.service","_SYSTEMD_SLICE":"system-wgzk\\x2dm7.slice","_CAP_EFFECTIVE":"1ffffffffff","PRIORITY":"6","__REALTIME_TIMESTAMP":"1790766485074443","SYSLOG_FACILITY":"3","_PID":"6976","_SYSTEMD_INVOCATION_ID":"49e3a5ccd43643318a989354f850f880","_BOOT_ID":"dfcb8dac886d4627bbdfedf02e3e59de","_SELINUX_CONTEXT":"unconfined\n","_COMM":"wg-zk-daemon","_GID":"0","_STREAM_ID":"624e705fe9064255b3f27e00a911d6a0","__MONOTONIC_TIMESTAMP":"801417111","_TRANSPORT":"stdout","_SYSTEMD_CGROUP":"/system.slice/system-wgzk\\x2dm7.slice/wgzk-m7@wgc2.service","_MACHINE_ID":"6334201a93644f82a11c836f3c84a03f","__CURSOR":"s=a04ba51497c94fceb15b4fa2d2c14874;i=4444;b=dfcb8dac886d4627bbdfedf02e3e59de;m=2fc4a797;t=65cb15037f20b;x=1af81079da3d9ab3","_HOSTNAME":"wgzk-client","_EXE":"/usr/local/bin/wg-zk-daemon","SYSLOG_IDENTIFIER":"env"}
{"SYSLOG_IDENTIFIER":"env","__REALTIME_TIMESTAMP":"1790766486435890","_SYSTEMD_SLICE":"system-wgzk\\x2dm7.slice","MESSAGE":"[timing] side=client token=741732830 nonce_prefix=3af27c21 result=ok zk_us=46 encap_us=75 tls_us=3325 write_us=26 psk_us=42 tail_us=1 total_us=4495","_UID":"0","_COMM":"wg-zk-daemon","_SYSTEMD_UNIT":"wgzk-m7@wgc2.service","_PID":"6976","_STREAM_ID":"624e705fe9064255b3f27e00a911d6a0","_CAP_EFFECTIVE":"1ffffffffff","__MONOTONIC_TIMESTAMP":"802778558","_MACHINE_ID":"6334201a93644f82a11c836f3c84a03f","_HOSTNAME":"wgzk-client","_SYSTEMD_CGROUP":"/system.slice/system-wgzk\\x2dm7.slice/wgzk-m7@wgc2.service","_BOOT_ID":"dfcb8dac886d4627bbdfedf02e3e59de","_SELINUX_CONTEXT":"unconfined\n","_CMDLINE":"/usr/local/bin/wg-zk-daemon","_EXE":"/usr/local/bin/wg-zk-daemon","__CURSOR":"s=a04ba51497c94fceb15b4fa2d2c14874;i=44a4;b=dfcb8dac886d4627bbdfedf02e3e59de;m=2fd96dbe;t=65cb1504cb832;x=b9e7252f5e533620","_TRANSPORT":"stdout","PRIORITY":"6","_GID":"0","_SYSTEMD_INVOCATION_ID":"49e3a5ccd43643318a989354f850f880","SYSLOG_FACILITY":"3"}
{"_EXE":"/usr/local/bin/wg-zk-daemon","_SYSTEMD_UNIT":"wgzk-m7@wgc2.service","_BOOT_ID":"dfcb8dac886d4627bbdfedf02e3e59de","_SELINUX_CONTEXT":"unconfined\n","_HOSTNAME":"wgzk-client","_MACHINE_ID":"6334201a93644f82a11c836f3c84a03f","PRIORITY":"6","_SYSTEMD_INVOCATION_ID":"49e3a5ccd43643318a989354f850f880","_UID":"0","_SYSTEMD_CGROUP":"/system.slice/system-wgzk\\x2dm7.slice/wgzk-m7@wgc2.service","__REALTIME_TIMESTAMP":"1790766487779595","SYSLOG_IDENTIFIER":"env","SYSLOG_FACILITY":"3","MESSAGE":"[timing] side=client token=3711028456 nonce_prefix=cc7c31ec result=ok zk_us=44 encap_us=76 tls_us=1862 write_us=9 psk_us=43 tail_us=1 total_us=2106","_PID":"6976","__CURSOR":"s=a04ba51497c94fceb15b4fa2d2c14874;i=44d0;b=dfcb8dac886d4627bbdfedf02e3e59de;m=2fedee97;t=65cb15061390b;x=bef23ef566ae8f83","_CMDLINE":"/usr/local/bin/wg-zk-daemon","_TRANSPORT":"stdout","__MONOTONIC_TIMESTAMP":"804122263","_COMM":"wg-zk-daemon","_CAP_EFFECTIVE":"1ffffffffff","_GID":"0","_SYSTEMD_SLICE":"system-wgzk\\x2dm7.slice","_STREAM_ID":"624e705fe9064255b3f27e00a911d6a0"}
{"_HOSTNAME":"wgzk-client","_CMDLINE":"/usr/local/bin/wg-zk-daemon","_EXE":"/usr/local/bin/wg-zk-daemon","_SYSTEMD_SLICE":"system-wgzk\\x2dm7.slice","_SYSTEMD_INVOCATION_ID":"49e3a5ccd43643318a989354f850f880","SYSLOG_FACILITY":"3","_UID":"0","__MONOTONIC_TIMESTAMP":"805469215","_BOOT_ID":"dfcb8dac886d4627bbdfedf02e3e59de","__CURSOR":"s=a04ba51497c94fceb15b4fa2d2c14874;i=4517;b=dfcb8dac886d4627bbdfedf02e3e59de;m=30027c1f;t=65cb15075c693;x=4238a9fe922cb7d9","_GID":"0","_TRANSPORT":"stdout","SYSLOG_IDENTIFIER":"env","_SELINUX_CONTEXT":"unconfined\n","_SYSTEMD_UNIT":"wgzk-m7@wgc2.service","_PID":"6976","_CAP_EFFECTIVE":"1ffffffffff","PRIORITY":"6","_COMM":"wg-zk-daemon","_MACHINE_ID":"6334201a93644f82a11c836f3c84a03f","MESSAGE":"[timing] side=client token=2480883048 nonce_prefix=c31381f8 result=ok zk_us=86 encap_us=75 tls_us=2684 write_us=9 psk_us=22 tail_us=1 total_us=2914","__REALTIME_TIMESTAMP":"1790766489126547","_STREAM_ID":"624e705fe9064255b3f27e00a911d6a0","_SYSTEMD_CGROUP":"/system.slice/system-wgzk\\x2dm7.slice/wgzk-m7@wgc2.service"}
{"SYSLOG_FACILITY":"3","__MONOTONIC_TIMESTAMP":"806814109","__CURSOR":"s=a04ba51497c94fceb15b4fa2d2c14874;i=4559;b=dfcb8dac886d4627bbdfedf02e3e59de;m=3017019d;t=65cb1508a4c11;x=12d1cd6517ba1b39","_PID":"6976","_SYSTEMD_CGROUP":"/system.slice/system-wgzk\\x2dm7.slice/wgzk-m7@wgc2.service","_COMM":"wg-zk-daemon","_SYSTEMD_UNIT":"wgzk-m7@wgc2.service","PRIORITY":"6","_UID":"0","SYSLOG_IDENTIFIER":"env","_SYSTEMD_INVOCATION_ID":"49e3a5ccd43643318a989354f850f880","_CAP_EFFECTIVE":"1ffffffffff","_TRANSPORT":"stdout","_MACHINE_ID":"6334201a93644f82a11c836f3c84a03f","_GID":"0","_SELINUX_CONTEXT":"unconfined\n","_EXE":"/usr/local/bin/wg-zk-daemon","_CMDLINE":"/usr/local/bin/wg-zk-daemon","MESSAGE":"[timing] side=client token=406236412 nonce_prefix=ed941544 result=ok zk_us=87 encap_us=141 tls_us=3615 write_us=6 psk_us=273 tail_us=1 total_us=4158","_BOOT_ID":"dfcb8dac886d4627bbdfedf02e3e59de","_HOSTNAME":"wgzk-client","_STREAM_ID":"624e705fe9064255b3f27e00a911d6a0","__REALTIME_TIMESTAMP":"1790766490471441","_SYSTEMD_SLICE":"system-wgzk\\x2dm7.slice"}
{"__REALTIME_TIMESTAMP":"1790766491807822","_GID":"0","_UID":"0","__CURSOR":"s=a04ba51497c94fceb15b4fa2d2c14874;i=458d;b=dfcb8dac886d4627bbdfedf02e3e59de;m=302b65da;t=65cb1509eb04e;x=2af8a1cc2d41524c","_BOOT_ID":"dfcb8dac886d4627bbdfedf02e3e59de","_COMM":"wg-zk-daemon","_CMDLINE":"/usr/local/bin/wg-zk-daemon","MESSAGE":"[timing] side=client token=1270671892 nonce_prefix=04318351 result=ok zk_us=46 encap_us=73 tls_us=1799 write_us=8 psk_us=1205 tail_us=1 total_us=3270","_SYSTEMD_UNIT":"wgzk-m7@wgc2.service","_EXE":"/usr/local/bin/wg-zk-daemon","_STREAM_ID":"624e705fe9064255b3f27e00a911d6a0","_SELINUX_CONTEXT":"unconfined\n","_SYSTEMD_CGROUP":"/system.slice/system-wgzk\\x2dm7.slice/wgzk-m7@wgc2.service","_SYSTEMD_SLICE":"system-wgzk\\x2dm7.slice","SYSLOG_IDENTIFIER":"env","_PID":"6976","_SYSTEMD_INVOCATION_ID":"49e3a5ccd43643318a989354f850f880","_CAP_EFFECTIVE":"1ffffffffff","_MACHINE_ID":"6334201a93644f82a11c836f3c84a03f","SYSLOG_FACILITY":"3","__MONOTONIC_TIMESTAMP":"808150490","PRIORITY":"6","_TRANSPORT":"stdout","_HOSTNAME":"wgzk-client"}
{"_PID":"6976","_SYSTEMD_CGROUP":"/system.slice/system-wgzk\\x2dm7.slice/wgzk-m7@wgc2.service","MESSAGE":"[timing] side=client token=600778155 nonce_prefix=f2607448 result=ok zk_us=47 encap_us=75 tls_us=2514 write_us=6 psk_us=35 tail_us=1 total_us=2964","_MACHINE_ID":"6334201a93644f82a11c836f3c84a03f","_SYSTEMD_SLICE":"system-wgzk\\x2dm7.slice","_EXE":"/usr/local/bin/wg-zk-daemon","_UID":"0","__MONOTONIC_TIMESTAMP":"809497288","_SYSTEMD_UNIT":"wgzk-m7@wgc2.service","_COMM":"wg-zk-daemon","_HOSTNAME":"wgzk-client","_CMDLINE":"/usr/local/bin/wg-zk-daemon","_BOOT_ID":"dfcb8dac886d4627bbdfedf02e3e59de","SYSLOG_FACILITY":"3","_STREAM_ID":"624e705fe9064255b3f27e00a911d6a0","_SYSTEMD_INVOCATION_ID":"49e3a5ccd43643318a989354f850f880","_CAP_EFFECTIVE":"1ffffffffff","SYSLOG_IDENTIFIER":"env","_SELINUX_CONTEXT":"unconfined\n","_GID":"0","PRIORITY":"6","__REALTIME_TIMESTAMP":"1790766493154620","__CURSOR":"s=a04ba51497c94fceb15b4fa2d2c14874;i=45ca;b=dfcb8dac886d4627bbdfedf02e3e59de;m=303ff2c8;t=65cb150b33d3c;x=40bcdff130477d5","_TRANSPORT":"stdout"}
{"PRIORITY":"6","_BOOT_ID":"dfcb8dac886d4627bbdfedf02e3e59de","_CAP_EFFECTIVE":"1ffffffffff","_SYSTEMD_CGROUP":"/system.slice/system-wgzk\\x2dm7.slice/wgzk-m7@wgc2.service","_SYSTEMD_UNIT":"wgzk-m7@wgc2.service","_STREAM_ID":"624e705fe9064255b3f27e00a911d6a0","_MACHINE_ID":"6334201a93644f82a11c836f3c84a03f","_PID":"6976","_COMM":"wg-zk-daemon","_TRANSPORT":"stdout","SYSLOG_FACILITY":"3","SYSLOG_IDENTIFIER":"env","_GID":"0","__CURSOR":"s=a04ba51497c94fceb15b4fa2d2c14874;i=4619;b=dfcb8dac886d4627bbdfedf02e3e59de;m=3054ced8;t=65cb150c8194d;x=561c2c283d356b3f","_SYSTEMD_INVOCATION_ID":"49e3a5ccd43643318a989354f850f880","_SELINUX_CONTEXT":"unconfined\n","MESSAGE":"[timing] side=client token=733109374 nonce_prefix=b62a3256 result=ok zk_us=244 encap_us=96 tls_us=1818 write_us=62 psk_us=40 tail_us=1 total_us=2527","_CMDLINE":"/usr/local/bin/wg-zk-daemon","_HOSTNAME":"wgzk-client","_EXE":"/usr/local/bin/wg-zk-daemon","_UID":"0","_SYSTEMD_SLICE":"system-wgzk\\x2dm7.slice","__REALTIME_TIMESTAMP":"1790766494521677","__MONOTONIC_TIMESTAMP":"810864344"}
{"PRIORITY":"6","SYSLOG_IDENTIFIER":"env","_GID":"0","_TRANSPORT":"stdout","_PID":"6976","_HOSTNAME":"wgzk-client","__CURSOR":"s=a04ba51497c94fceb15b4fa2d2c14874;i=4659;b=dfcb8dac886d4627bbdfedf02e3e59de;m=3069a4b5;t=65cb150dcef2a;x=80a0eff7549355b4","_EXE":"/usr/local/bin/wg-zk-daemon","MESSAGE":"[timing] side=client token=3458739283 nonce_prefix=75152657 result=ok zk_us=1320 encap_us=74 tls_us=3068 write_us=22 psk_us=37 tail_us=1 total_us=4579","_CAP_EFFECTIVE":"1ffffffffff","__REALTIME_TIMESTAMP":"1790766495887146","_BOOT_ID":"dfcb8dac886d4627bbdfedf02e3e59de","__MONOTONIC_TIMESTAMP":"812229813","_COMM":"wg-zk-daemon","_SYSTEMD_INVOCATION_ID":"49e3a5ccd43643318a989354f850f880","_SYSTEMD_UNIT":"wgzk-m7@wgc2.service","_SYSTEMD_CGROUP":"/system.slice/system-wgzk\\x2dm7.slice/wgzk-m7@wgc2.service","_UID":"0","_MACHINE_ID":"6334201a93644f82a11c836f3c84a03f","_STREAM_ID":"624e705fe9064255b3f27e00a911d6a0","_SELINUX_CONTEXT":"unconfined\n","_CMDLINE":"/usr/local/bin/wg-zk-daemon","_SYSTEMD_SLICE":"system-wgzk\\x2dm7.slice","SYSLOG_FACILITY":"3"}
{"_STREAM_ID":"624e705fe9064255b3f27e00a911d6a0","_EXE":"/usr/local/bin/wg-zk-daemon","SYSLOG_FACILITY":"3","_SELINUX_CONTEXT":"unconfined\n","_SYSTEMD_INVOCATION_ID":"49e3a5ccd43643318a989354f850f880","__CURSOR":"s=a04ba51497c94fceb15b4fa2d2c14874;i=468b;b=dfcb8dac886d4627bbdfedf02e3e59de;m=307e28f1;t=65cb150f17365;x=e8e0c79e2f1587b7","SYSLOG_IDENTIFIER":"env","__MONOTONIC_TIMESTAMP":"813574385","_SYSTEMD_CGROUP":"/system.slice/system-wgzk\\x2dm7.slice/wgzk-m7@wgc2.service","_CAP_EFFECTIVE":"1ffffffffff","_MACHINE_ID":"6334201a93644f82a11c836f3c84a03f","PRIORITY":"6","_CMDLINE":"/usr/local/bin/wg-zk-daemon","_UID":"0","_HOSTNAME":"wgzk-client","_TRANSPORT":"stdout","_GID":"0","_PID":"6976","_SYSTEMD_UNIT":"wgzk-m7@wgc2.service","_BOOT_ID":"dfcb8dac886d4627bbdfedf02e3e59de","__REALTIME_TIMESTAMP":"1790766497231717","_SYSTEMD_SLICE":"system-wgzk\\x2dm7.slice","MESSAGE":"[timing] side=client token=1192680162 nonce_prefix=61c42e36 result=ok zk_us=45 encap_us=74 tls_us=2214 write_us=6 psk_us=42 tail_us=1 total_us=2439","_COMM":"wg-zk-daemon"}
{"SYSLOG_IDENTIFIER":"env","SYSLOG_FACILITY":"3","_MACHINE_ID":"6334201a93644f82a11c836f3c84a03f","_COMM":"wg-zk-daemon","_PID":"6976","PRIORITY":"6","_EXE":"/usr/local/bin/wg-zk-daemon","_SYSTEMD_INVOCATION_ID":"49e3a5ccd43643318a989354f850f880","_UID":"0","MESSAGE":"[timing] side=client token=4071238703 nonce_prefix=c01fab55 result=ok zk_us=45 encap_us=73 tls_us=3627 write_us=27 psk_us=38 tail_us=1 total_us=3871","__CURSOR":"s=a04ba51497c94fceb15b4fa2d2c14874;i=46e1;b=dfcb8dac886d4627bbdfedf02e3e59de;m=3092c3e8;t=65cb151060e5c;x=a8cc5c08fb949abe","_CAP_EFFECTIVE":"1ffffffffff","_STREAM_ID":"624e705fe9064255b3f27e00a911d6a0","_SELINUX_CONTEXT":"unconfined\n","__MONOTONIC_TIMESTAMP":"814924776","_GID":"0","_CMDLINE":"/usr/local/bin/wg-zk-daemon","_BOOT_ID":"dfcb8dac886d4627bbdfedf02e3e59de","_HOSTNAME":"wgzk-client","_SYSTEMD_SLICE":"system-wgzk\\x2dm7.slice","_TRANSPORT":"stdout","__REALTIME_TIMESTAMP":"1790766498582108","_SYSTEMD_CGROUP":"/system.slice/system-wgzk\\x2dm7.slice/wgzk-m7@wgc2.service","_SYSTEMD_UNIT":"wgzk-m7@wgc2.service"}
{"__CURSOR":"s=a04ba51497c94fceb15b4fa2d2c14874;i=470a;b=dfcb8dac886d4627bbdfedf02e3e59de;m=30a74539;t=65cb1511a8fad;x=d302be5d9c925c27","_SYSTEMD_CGROUP":"/system.slice/system-wgzk\\x2dm7.slice/wgzk-m7@wgc2.service","_CMDLINE":"/usr/local/bin/wg-zk-daemon","_SELINUX_CONTEXT":"unconfined\n","_HOSTNAME":"wgzk-client","_TRANSPORT":"stdout","__MONOTONIC_TIMESTAMP":"816268601","MESSAGE":"[timing] side=client token=1015907004 nonce_prefix=cb58603c result=ok zk_us=126 encap_us=100 tls_us=2182 write_us=32 psk_us=42 tail_us=1 total_us=2544","_GID":"0","_PID":"6976","SYSLOG_FACILITY":"3","_CAP_EFFECTIVE":"1ffffffffff","_SYSTEMD_UNIT":"wgzk-m7@wgc2.service","PRIORITY":"6","_EXE":"/usr/local/bin/wg-zk-daemon","_COMM":"wg-zk-daemon","_MACHINE_ID":"6334201a93644f82a11c836f3c84a03f","SYSLOG_IDENTIFIER":"env","_STREAM_ID":"624e705fe9064255b3f27e00a911d6a0","_SYSTEMD_INVOCATION_ID":"49e3a5ccd43643318a989354f850f880","__REALTIME_TIMESTAMP":"1790766499925933","_SYSTEMD_SLICE":"system-wgzk\\x2dm7.slice","_BOOT_ID":"dfcb8dac886d4627bbdfedf02e3e59de","_UID":"0"}
{"_HOSTNAME":"wgzk-client","_COMM":"wg-zk-daemon","PRIORITY":"6","_UID":"0","_SYSTEMD_UNIT":"wgzk-m7@wgc2.service","_SYSTEMD_INVOCATION_ID":"49e3a5ccd43643318a989354f850f880","_SYSTEMD_SLICE":"system-wgzk\\x2dm7.slice","_GID":"0","SYSLOG_FACILITY":"3","_PID":"6976","_TRANSPORT":"stdout","_CMDLINE":"/usr/local/bin/wg-zk-daemon","_SELINUX_CONTEXT":"unconfined\n","_EXE":"/usr/local/bin/wg-zk-daemon","SYSLOG_IDENTIFIER":"env","_SYSTEMD_CGROUP":"/system.slice/system-wgzk\\x2dm7.slice/wgzk-m7@wgc2.service","__REALTIME_TIMESTAMP":"1790766501274113","_MACHINE_ID":"6334201a93644f82a11c836f3c84a03f","__MONOTONIC_TIMESTAMP":"817616781","_BOOT_ID":"dfcb8dac886d4627bbdfedf02e3e59de","MESSAGE":"[timing] side=client token=3091680937 nonce_prefix=2a300ec6 result=ok zk_us=45 encap_us=72 tls_us=2287 write_us=8 psk_us=25 tail_us=1 total_us=2533","_STREAM_ID":"624e705fe9064255b3f27e00a911d6a0","__CURSOR":"s=a04ba51497c94fceb15b4fa2d2c14874;i=4752;b=dfcb8dac886d4627bbdfedf02e3e59de;m=30bbd78d;t=65cb1512f2201;x=b4be8a04e31b6380","_CAP_EFFECTIVE":"1ffffffffff"}
{"_MACHINE_ID":"6334201a93644f82a11c836f3c84a03f","SYSLOG_FACILITY":"3","_SYSTEMD_INVOCATION_ID":"49e3a5ccd43643318a989354f850f880","_CAP_EFFECTIVE":"1ffffffffff","_STREAM_ID":"624e705fe9064255b3f27e00a911d6a0","_HOSTNAME":"wgzk-client","_SELINUX_CONTEXT":"unconfined\n","__CURSOR":"s=a04ba51497c94fceb15b4fa2d2c14874;i=4792;b=dfcb8dac886d4627bbdfedf02e3e59de;m=30d06393;t=65cb15143ae07;x=fc6435a0663745e","_BOOT_ID":"dfcb8dac886d4627bbdfedf02e3e59de","SYSLOG_IDENTIFIER":"env","_COMM":"wg-zk-daemon","_GID":"0","MESSAGE":"[timing] side=client token=1459333862 nonce_prefix=04454b69 result=ok zk_us=46 encap_us=74 tls_us=2659 write_us=27 psk_us=41 tail_us=1 total_us=2883","PRIORITY":"6","__MONOTONIC_TIMESTAMP":"818963347","_CMDLINE":"/usr/local/bin/wg-zk-daemon","_SYSTEMD_CGROUP":"/system.slice/system-wgzk\\x2dm7.slice/wgzk-m7@wgc2.service","_SYSTEMD_UNIT":"wgzk-m7@wgc2.service","_EXE":"/usr/local/bin/wg-zk-daemon","__REALTIME_TIMESTAMP":"1790766502620679","_SYSTEMD_SLICE":"system-wgzk\\x2dm7.slice","_PID":"6976","_UID":"0","_TRANSPORT":"stdout"}
{"SYSLOG_FACILITY":"3","PRIORITY":"6","__REALTIME_TIMESTAMP":"1790766503979466","_UID":"0","_PID":"6976","_COMM":"wg-zk-daemon","_CAP_EFFECTIVE":"1ffffffffff","_SYSTEMD_INVOCATION_ID":"49e3a5ccd43643318a989354f850f880","__CURSOR":"s=a04ba51497c94fceb15b4fa2d2c14874;i=47db;b=dfcb8dac886d4627bbdfedf02e3e59de;m=30e51f56;t=65cb1515869ca;x=43a3fb1daf703f2d","_CMDLINE":"/usr/local/bin/wg-zk-daemon","_TRANSPORT":"stdout","_SYSTEMD_SLICE":"system-wgzk\\x2dm7.slice","_SYSTEMD_CGROUP":"/system.slice/system-wgzk\\x2dm7.slice/wgzk-m7@wgc2.service","_SYSTEMD_UNIT":"wgzk-m7@wgc2.service","_MACHINE_ID":"6334201a93644f82a11c836f3c84a03f","__MONOTONIC_TIMESTAMP":"820322134","_EXE":"/usr/local/bin/wg-zk-daemon","_STREAM_ID":"624e705fe9064255b3f27e00a911d6a0","_SELINUX_CONTEXT":"unconfined\n","_GID":"0","SYSLOG_IDENTIFIER":"env","MESSAGE":"[timing] side=client token=2663379457 nonce_prefix=88f8d804 result=ok zk_us=44 encap_us=83 tls_us=2871 write_us=8 psk_us=39 tail_us=1 total_us=3361","_HOSTNAME":"wgzk-client","_BOOT_ID":"dfcb8dac886d4627bbdfedf02e3e59de"}
[exit 0]

$ [client] journalctl -u wgzk-m7@wgc3.service -o json --no-pager --after-cursor='s=a04ba51497c94fceb15b4fa2d2c14874;i=4069;b=dfcb8dac886d4627bbdfedf02e3e59de;m=2e2a4ef2;t=65cb14e9d9967;x=2f1a525f99ea2097' | grep -F '[timing]' || true
{"_PID":"7030","SYSLOG_FACILITY":"3","_STREAM_ID":"fddca09ea256432aaf6b593e730026bc","_SELINUX_CONTEXT":"unconfined\n","_SYSTEMD_UNIT":"wgzk-m7@wgc3.service","_SYSTEMD_SLICE":"system-wgzk\\x2dm7.slice","__MONOTONIC_TIMESTAMP":"781104451","__REALTIME_TIMESTAMP":"1790766464761783","_GID":"0","_COMM":"wg-zk-daemon","_UID":"0","MESSAGE":"[timing] side=client token=1219217657 nonce_prefix=b763c66e result=ok zk_us=94 encap_us=127 tls_us=2773 write_us=8 psk_us=91 tail_us=1 total_us=3270","_CAP_EFFECTIVE":"1ffffffffff","_CMDLINE":"/usr/local/bin/wg-zk-daemon","_EXE":"/usr/local/bin/wg-zk-daemon","_BOOT_ID":"dfcb8dac886d4627bbdfedf02e3e59de","_SYSTEMD_CGROUP":"/system.slice/system-wgzk\\x2dm7.slice/wgzk-m7@wgc3.service","_SYSTEMD_INVOCATION_ID":"42f53da724eb4fd693df7511c3e4387f","_TRANSPORT":"stdout","_MACHINE_ID":"6334201a93644f82a11c836f3c84a03f","_HOSTNAME":"wgzk-client","SYSLOG_IDENTIFIER":"env","PRIORITY":"6","__CURSOR":"s=a04ba51497c94fceb15b4fa2d2c14874;i=40a9;b=dfcb8dac886d4627bbdfedf02e3e59de;m=2e8eb543;t=65cb14f01ffb7;x=ab5ce5ed4e65126e"}
{"_BOOT_ID":"dfcb8dac886d4627bbdfedf02e3e59de","_PID":"7030","_CMDLINE":"/usr/local/bin/wg-zk-daemon","__MONOTONIC_TIMESTAMP":"782463621","__CURSOR":"s=a04ba51497c94fceb15b4fa2d2c14874;i=40cd;b=dfcb8dac886d4627bbdfedf02e3e59de;m=2ea37285;t=65cb14f16bcfa;x=bf5f5ebd48dbb287","_SYSTEMD_SLICE":"system-wgzk\\x2dm7.slice","_EXE":"/usr/local/bin/wg-zk-daemon","_STREAM_ID":"fddca09ea256432aaf6b593e730026bc","_TRANSPORT":"stdout","_CAP_EFFECTIVE":"1ffffffffff","_SYSTEMD_CGROUP":"/system.slice/system-wgzk\\x2dm7.slice/wgzk-m7@wgc3.service","_HOSTNAME":"wgzk-client","_SYSTEMD_UNIT":"wgzk-m7@wgc3.service","_SYSTEMD_INVOCATION_ID":"42f53da724eb4fd693df7511c3e4387f","_COMM":"wg-zk-daemon","_GID":"0","_MACHINE_ID":"6334201a93644f82a11c836f3c84a03f","SYSLOG_IDENTIFIER":"env","_SELINUX_CONTEXT":"unconfined\n","__REALTIME_TIMESTAMP":"1790766466120954","SYSLOG_FACILITY":"3","MESSAGE":"[timing] side=client token=3736758544 nonce_prefix=87d03718 result=ok zk_us=44 encap_us=81 tls_us=2197 write_us=8 psk_us=23 tail_us=1 total_us=2399","_UID":"0","PRIORITY":"6"}
{"_MACHINE_ID":"6334201a93644f82a11c836f3c84a03f","_SYSTEMD_SLICE":"system-wgzk\\x2dm7.slice","_SYSTEMD_CGROUP":"/system.slice/system-wgzk\\x2dm7.slice/wgzk-m7@wgc3.service","_GID":"0","_TRANSPORT":"stdout","__CURSOR":"s=a04ba51497c94fceb15b4fa2d2c14874;i=412c;b=dfcb8dac886d4627bbdfedf02e3e59de;m=2eb82d1f;t=65cb14f2b7794;x=c4eccfe6baf451bc","_CMDLINE":"/usr/local/bin/wg-zk-daemon","_SYSTEMD_UNIT":"wgzk-m7@wgc3.service","_PID":"7030","PRIORITY":"6","_EXE":"/usr/local/bin/wg-zk-daemon","_CAP_EFFECTIVE":"1ffffffffff","_STREAM_ID":"fddca09ea256432aaf6b593e730026bc","__MONOTONIC_TIMESTAMP":"783822111","__REALTIME_TIMESTAMP":"1790766467479444","_BOOT_ID":"dfcb8dac886d4627bbdfedf02e3e59de","MESSAGE":"[timing] side=client token=610727140 nonce_prefix=654aa37f result=ok zk_us=101 encap_us=73 tls_us=2739 write_us=27 psk_us=40 tail_us=1 total_us=3062","_COMM":"wg-zk-daemon","SYSLOG_FACILITY":"3","_SYSTEMD_INVOCATION_ID":"42f53da724eb4fd693df7511c3e4387f","SYSLOG_IDENTIFIER":"env","_UID":"0","_SELINUX_CONTEXT":"unconfined\n","_HOSTNAME":"wgzk-client"}
{"_HOSTNAME":"wgzk-client","_SYSTEMD_UNIT":"wgzk-m7@wgc3.service","_EXE":"/usr/local/bin/wg-zk-daemon","_COMM":"wg-zk-daemon","_UID":"0","_CMDLINE":"/usr/local/bin/wg-zk-daemon","_PID":"7030","MESSAGE":"[timing] side=client token=33158521 nonce_prefix=67639458 result=ok zk_us=46 encap_us=117 tls_us=3945 write_us=30 psk_us=41 tail_us=1 total_us=4282","_BOOT_ID":"dfcb8dac886d4627bbdfedf02e3e59de","__MONOTONIC_TIMESTAMP":"785167985","_GID":"0","__REALTIME_TIMESTAMP":"1790766468825318","_SYSTEMD_INVOCATION_ID":"42f53da724eb4fd693df7511c3e4387f","PRIORITY":"6","SYSLOG_IDENTIFIER":"env","_SELINUX_CONTEXT":"unconfined\n","_MACHINE_ID":"6334201a93644f82a11c836f3c84a03f","_TRANSPORT":"stdout","SYSLOG_FACILITY":"3","_CAP_EFFECTIVE":"1ffffffffff","_STREAM_ID":"fddca09ea256432aaf6b593e730026bc","__CURSOR":"s=a04ba51497c94fceb15b4fa2d2c14874;i=4169;b=dfcb8dac886d4627bbdfedf02e3e59de;m=2eccb671;t=65cb14f4000e6;x=624386f3c8c46664","_SYSTEMD_SLICE":"system-wgzk\\x2dm7.slice","_SYSTEMD_CGROUP":"/system.slice/system-wgzk\\x2dm7.slice/wgzk-m7@wgc3.service"}
{"_SYSTEMD_INVOCATION_ID":"42f53da724eb4fd693df7511c3e4387f","__MONOTONIC_TIMESTAMP":"786517480","_HOSTNAME":"wgzk-client","_CMDLINE":"/usr/local/bin/wg-zk-daemon","SYSLOG_IDENTIFIER":"env","_PID":"7030","_COMM":"wg-zk-daemon","SYSLOG_FACILITY":"3","_SYSTEMD_SLICE":"system-wgzk\\x2dm7.slice","_BOOT_ID":"dfcb8dac886d4627bbdfedf02e3e59de","_EXE":"/usr/local/bin/wg-zk-daemon","PRIORITY":"6","_MACHINE_ID":"6334201a93644f82a11c836f3c84a03f","__CURSOR":"s=a04ba51497c94fceb15b4fa2d2c14874;i=419a;b=dfcb8dac886d4627bbdfedf02e3e59de;m=2ee14de8;t=65cb14f54985d;x=fd0cc6b515eca868","_STREAM_ID":"fddca09ea256432aaf6b593e730026bc","_CAP_EFFECTIVE":"1ffffffffff","__REALTIME_TIMESTAMP":"1790766470174813","_SYSTEMD_CGROUP":"/system.slice/system-wgzk\\x2dm7.slice/wgzk-m7@wgc3.service","_UID":"0","_SELINUX_CONTEXT":"unconfined\n","MESSAGE":"[timing] side=client token=2936785297 nonce_prefix=a0cbd906 result=ok zk_us=84 encap_us=73 tls_us=3518 write_us=28 psk_us=616 tail_us=1 total_us=4386","_SYSTEMD_UNIT":"wgzk-m7@wgc3.service","_TRANSPORT":"stdout","_GID":"0"}
{"_COMM":"wg-zk-daemon","_SELINUX_CONTEXT":"unconfined\n","_EXE":"/usr/local/bin/wg-zk-daemon","_STREAM_ID":"fddca09ea256432aaf6b593e730026bc","__MONOTONIC_TIMESTAMP":"787875891","_GID":"0","MESSAGE":"[timing] side=client token=1023655738 nonce_prefix=4deb800b result=ok zk_us=45 encap_us=141 tls_us=2039 write_us=7 psk_us=569 tail_us=1 total_us=3950","_UID":"0","_MACHINE_ID":"6334201a93644f82a11c836f3c84a03f","SYSLOG_IDENTIFIER":"env","_SYSTEMD_SLICE":"system-wgzk\\x2dm7.slice","_SYSTEMD_INVOCATION_ID":"42f53da724eb4fd693df7511c3e4387f","_TRANSPORT":"stdout","_PID":"7030","__REALTIME_TIMESTAMP":"1790766471533223","_CMDLINE":"/usr/local/bin/wg-zk-daemon","_BOOT_ID":"dfcb8dac886d4627bbdfedf02e3e59de","SYSLOG_FACILITY":"3","_HOSTNAME":"wgzk-client","_SYSTEMD_UNIT":"wgzk-m7@wgc3.service","_SYSTEMD_CGROUP":"/system.slice/system-wgzk\\x2dm7.slice/wgzk-m7@wgc3.service","_CAP_EFFECTIVE":"1ffffffffff","__CURSOR":"s=a04ba51497c94fceb15b4fa2d2c14874;i=41e8;b=dfcb8dac886d4627bbdfedf02e3e59de;m=2ef60833;t=65cb14f6952a7;x=ff2a94747ae567ab","PRIORITY":"6"}
{"SYSLOG_IDENTIFIER":"env","_CMDLINE":"/usr/local/bin/wg-zk-daemon","MESSAGE":"[timing] side=client token=579271309 nonce_prefix=ff8a7711 result=ok zk_us=45 encap_us=73 tls_us=2928 write_us=27 psk_us=27 tail_us=1 total_us=3252","_STREAM_ID":"fddca09ea256432aaf6b593e730026bc","__REALTIME_TIMESTAMP":"1790766472889756","_COMM":"wg-zk-daemon","__CURSOR":"s=a04ba51497c94fceb15b4fa2d2c14874;i=422a;b=dfcb8dac886d4627bbdfedf02e3e59de;m=2f0abb28;t=65cb14f7e059c;x=7d6432f451fac59d","_SYSTEMD_UNIT":"wgzk-m7@wgc3.service","_PID":"7030","_CAP_EFFECTIVE":"1ffffffffff","_MACHINE_ID":"6334201a93644f82a11c836f3c84a03f","_HOSTNAME":"wgzk-client","_SYSTEMD_INVOCATION_ID":"42f53da724eb4fd693df7511c3e4387f","_SELINUX_CONTEXT":"unconfined\n","_TRANSPORT":"stdout","SYSLOG_FACILITY":"3","_SYSTEMD_CGROUP":"/system.slice/system-wgzk\\x2dm7.slice/wgzk-m7@wgc3.service","_UID":"0","__MONOTONIC_TIMESTAMP":"789232424","_EXE":"/usr/local/bin/wg-zk-daemon","_SYSTEMD_SLICE":"system-wgzk\\x2dm7.slice","_GID":"0","PRIORITY":"6","_BOOT_ID":"dfcb8dac886d4627bbdfedf02e3e59de"}
{"_STREAM_ID":"fddca09ea256432aaf6b593e730026bc","_HOSTNAME":"wgzk-client","_SYSTEMD_CGROUP":"/system.slice/system-wgzk\\x2dm7.slice/wgzk-m7@wgc3.service","__MONOTONIC_TIMESTAMP":"790577341","_UID":"0","_SYSTEMD_SLICE":"system-wgzk\\x2dm7.slice","SYSLOG_FACILITY":"3","PRIORITY":"6","_SELINUX_CONTEXT":"unconfined\n","_CAP_EFFECTIVE":"1ffffffffff","_COMM":"wg-zk-daemon","_SYSTEMD_UNIT":"wgzk-m7@wgc3.service","_EXE":"/usr/local/bin/wg-zk-daemon","__CURSOR":"s=a04ba51497c94fceb15b4fa2d2c14874;i=4252;b=dfcb8dac886d4627bbdfedf02e3e59de;m=2f1f40bd;t=65cb14f928b31;x=d579073fa2369afb","_MACHINE_ID":"6334201a93644f82a11c836f3c84a03f","_SYSTEMD_INVOCATION_ID":"42f53da724eb4fd693df7511c3e4387f","MESSAGE":"[timing] side=client token=3360502403 nonce_prefix=0f457381 result=ok zk_us=45 encap_us=77 tls_us=1810 write_us=36 psk_us=41 tail_us=1 total_us=2675","SYSLOG_IDENTIFIER":"env","__REALTIME_TIMESTAMP":"1790766474234673","_BOOT_ID":"dfcb8dac886d4627bbdfedf02e3e59de","_GID":"0","_CMDLINE":"/usr/local/bin/wg-zk-daemon","_TRANSPORT":"stdout","_PID":"7030"}
{"_UID":"0","__MONOTONIC_TIMESTAMP":"791937596","__REALTIME_TIMESTAMP":"1790766475594928","_CAP_EFFECTIVE":"1ffffffffff","SYSLOG_IDENTIFIER":"env","_SYSTEMD_INVOCATION_ID":"42f53da724eb4fd693df7511c3e4387f","_MACHINE_ID":"6334201a93644f82a11c836f3c84a03f","__CURSOR":"s=a04ba51497c94fceb15b4fa2d2c14874;i=4289;b=dfcb8dac886d4627bbdfedf02e3e59de;m=2f34023c;t=65cb14fa74cb0;x=413626680beb7acc","_TRANSPORT":"stdout","PRIORITY":"6","_GID":"0","_BOOT_ID":"dfcb8dac886d4627bbdfedf02e3e59de","_CMDLINE":"/usr/local/bin/wg-zk-daemon","_SYSTEMD_UNIT":"wgzk-m7@wgc3.service","_SYSTEMD_SLICE":"system-wgzk\\x2dm7.slice","_COMM":"wg-zk-daemon","_STREAM_ID":"fddca09ea256432aaf6b593e730026bc","SYSLOG_FACILITY":"3","_SYSTEMD_CGROUP":"/system.slice/system-wgzk\\x2dm7.slice/wgzk-m7@wgc3.service","MESSAGE":"[timing] side=client token=2254182750 nonce_prefix=5200912c result=ok zk_us=44 encap_us=76 tls_us=2291 write_us=26 psk_us=300 tail_us=1 total_us=2814","_HOSTNAME":"wgzk-client","_EXE":"/usr/local/bin/wg-zk-daemon","_SELINUX_CONTEXT":"unconfined\n","_PID":"7030"}
{"_GID":"0","_SYSTEMD_UNIT":"wgzk-m7@wgc3.service","_EXE":"/usr/local/bin/wg-zk-daemon","__MONOTONIC_TIMESTAMP":"793290770","_COMM":"wg-zk-daemon","_STREAM_ID":"fddca09ea256432aaf6b593e730026bc","_CAP_EFFECTIVE":"1ffffffffff","SYSLOG_FACILITY":"3","__CURSOR":"s=a04ba51497c94fceb15b4fa2d2c14874;i=42ed;b=dfcb8dac886d4627bbdfedf02e3e59de;m=2f48a812;t=65cb14fbbf286;x=43bc1b4e115e77ca","_SYSTEMD_CGROUP":"/system.slice/system-wgzk\\x2dm7.slice/wgzk-m7@wgc3.service","_SYSTEMD_INVOCATION_ID":"42f53da724eb4fd693df7511c3e4387f","_PID":"7030","__REALTIME_TIMESTAMP":"1790766476948102","PRIORITY":"6","_UID":"0","SYSLOG_IDENTIFIER":"env","_CMDLINE":"/usr/local/bin/wg-zk-daemon","_MACHINE_ID":"6334201a93644f82a11c836f3c84a03f","_TRANSPORT":"stdout","_SYSTEMD_SLICE":"system-wgzk\\x2dm7.slice","_HOSTNAME":"wgzk-client","_BOOT_ID":"dfcb8dac886d4627bbdfedf02e3e59de","_SELINUX_CONTEXT":"unconfined\n","MESSAGE":"[timing] side=client token=3162433469 nonce_prefix=0673b59f result=ok zk_us=45 encap_us=75 tls_us=7234 write_us=8 psk_us=41 tail_us=1 total_us=7734"}
{"__MONOTONIC_TIMESTAMP":"794653467","_EXE":"/usr/local/bin/wg-zk-daemon","_HOSTNAME":"wgzk-client","_SYSTEMD_UNIT":"wgzk-m7@wgc3.service","_SYSTEMD_CGROUP":"/system.slice/system-wgzk\\x2dm7.slice/wgzk-m7@wgc3.service","_COMM":"wg-zk-daemon","PRIORITY":"6","_PID":"7030","_TRANSPORT":"stdout","SYSLOG_FACILITY":"3","_CAP_EFFECTIVE":"1ffffffffff","_GID":"0","_CMDLINE":"/usr/local/bin/wg-zk-daemon","_SYSTEMD_SLICE":"system-wgzk\\x2dm7.slice","__CURSOR":"s=a04ba51497c94fceb15b4fa2d2c14874;i=42ff;b=dfcb8dac886d4627bbdfedf02e3e59de;m=2f5d731b;t=65cb14fd0bd8f;x=1706545b43c71f3a","_STREAM_ID":"fddca09ea256432aaf6b593e730026bc","MESSAGE":"[timing] side=client token=893663451 nonce_prefix=1c960c91 result=ok zk_us=45 encap_us=73 tls_us=4615 write_us=31 psk_us=42 tail_us=1 total_us=4882","_SELINUX_CONTEXT":"unconfined\n","SYSLOG_IDENTIFIER":"env","_MACHINE_ID":"6334201a93644f82a11c836f3c84a03f","_UID":"0","_BOOT_ID":"dfcb8dac886d4627bbdfedf02e3e59de","__REALTIME_TIMESTAMP":"1790766478310799","_SYSTEMD_INVOCATION_ID":"42f53da724eb4fd693df7511c3e4387f"}
{"__CURSOR":"s=a04ba51497c94fceb15b4fa2d2c14874;i=4360;b=dfcb8dac886d4627bbdfedf02e3e59de;m=2f720ca4;t=65cb14fe55719;x=fb3447b2885daded","MESSAGE":"[timing] side=client token=3496357017 nonce_prefix=08b3e4d4 result=ok zk_us=44 encap_us=72 tls_us=3963 write_us=28 psk_us=39 tail_us=1 total_us=4221","_UID":"0","_BOOT_ID":"dfcb8dac886d4627bbdfedf02e3e59de","_COMM":"wg-zk-daemon","SYSLOG_FACILITY":"3","SYSLOG_IDENTIFIER":"env","_SYSTEMD_CGROUP":"/system.slice/system-wgzk\\x2dm7.slice/wgzk-m7@wgc3.service","_EXE":"/usr/local/bin/wg-zk-daemon","_STREAM_ID":"fddca09ea256432aaf6b593e730026bc","_HOSTNAME":"wgzk-client","_GID":"0","_SYSTEMD_UNIT":"wgzk-m7@wgc3.service","_SYSTEMD_INVOCATION_ID":"42f53da724eb4fd693df7511c3e4387f","__MONOTONIC_TIMESTAMP":"796003492","PRIORITY":"6","_CAP_EFFECTIVE":"1ffffffffff","_PID":"7030","_MACHINE_ID":"6334201a93644f82a11c836f3c84a03f","_TRANSPORT":"stdout","_SYSTEMD_SLICE":"system-wgzk\\x2dm7.slice","_CMDLINE":"/usr/local/bin/wg-zk-daemon","__REALTIME_TIMESTAMP":"1790766479660825","_SELINUX_CONTEXT":"unconfined\n"}
{"_PID":"7030","_CAP_EFFECTIVE":"1ffffffffff","_GID":"0","PRIORITY":"6","_SYSTEMD_UNIT":"wgzk-m7@wgc3.service","__CURSOR":"s=a04ba51497c94fceb15b4fa2d2c14874;i=43aa;b=dfcb8dac886d4627bbdfedf02e3e59de;m=2f86871c;t=65cb14ff9d191;x=118ead76e648590","__REALTIME_TIMESTAMP":"1790766481002897","_TRANSPORT":"stdout","_EXE":"/usr/local/bin/wg-zk-daemon","MESSAGE":"[timing] side=client token=578686355 nonce_prefix=f34d7ee1 result=ok zk_us=128 encap_us=100 tls_us=3879 write_us=8 psk_us=42 tail_us=1 total_us=4723","_COMM":"wg-zk-daemon","_MACHINE_ID":"6334201a93644f82a11c836f3c84a03f","_SYSTEMD_CGROUP":"/system.slice/system-wgzk\\x2dm7.slice/wgzk-m7@wgc3.service","_UID":"0","SYSLOG_FACILITY":"3","SYSLOG_IDENTIFIER":"env","_HOSTNAME":"wgzk-client","_SYSTEMD_SLICE":"system-wgzk\\x2dm7.slice","_SYSTEMD_INVOCATION_ID":"42f53da724eb4fd693df7511c3e4387f","_CMDLINE":"/usr/local/bin/wg-zk-daemon","__MONOTONIC_TIMESTAMP":"797345564","_STREAM_ID":"fddca09ea256432aaf6b593e730026bc","_SELINUX_CONTEXT":"unconfined\n","_BOOT_ID":"dfcb8dac886d4627bbdfedf02e3e59de"}
{"_SYSTEMD_CGROUP":"/system.slice/system-wgzk\\x2dm7.slice/wgzk-m7@wgc3.service","_SYSTEMD_SLICE":"system-wgzk\\x2dm7.slice","_TRANSPORT":"stdout","_COMM":"wg-zk-daemon","_SELINUX_CONTEXT":"unconfined\n","_MACHINE_ID":"6334201a93644f82a11c836f3c84a03f","_STREAM_ID":"fddca09ea256432aaf6b593e730026bc","_EXE":"/usr/local/bin/wg-zk-daemon","_CMDLINE":"/usr/local/bin/wg-zk-daemon","_GID":"0","_HOSTNAME":"wgzk-client","__CURSOR":"s=a04ba51497c94fceb15b4fa2d2c14874;i=43ec;b=dfcb8dac886d4627bbdfedf02e3e59de;m=2f9b3c9f;t=65cb1500e8713;x=72a5c7a667373074","_CAP_EFFECTIVE":"1ffffffffff","SYSLOG_IDENTIFIER":"env","_SYSTEMD_INVOCATION_ID":"42f53da724eb4fd693df7511c3e4387f","__MONOTONIC_TIMESTAMP":"798702751","_PID":"7030","_UID":"0","__REALTIME_TIMESTAMP":"1790766482360083","_BOOT_ID":"dfcb8dac886d4627bbdfedf02e3e59de","PRIORITY":"6","_SYSTEMD_UNIT":"wgzk-m7@wgc3.service","MESSAGE":"[timing] side=client token=1783700139 nonce_prefix=f41f063e result=ok zk_us=45 encap_us=73 tls_us=6541 write_us=27 psk_us=30 tail_us=1 total_us=6786","SYSLOG_FACILITY":"3"}
{"SYSLOG_FACILITY":"3","_CAP_EFFECTIVE":"1ffffffffff","__MONOTONIC_TIMESTAMP":"800063836","_EXE":"/usr/local/bin/wg-zk-daemon","_SYSTEMD_INVOCATION_ID":"42f53da724eb4fd693df7511c3e4387f","MESSAGE":"[timing] side=client token=1127735888 nonce_prefix=1f79cfbf result=ok zk_us=45 encap_us=74 tls_us=2986 write_us=8 psk_us=74 tail_us=1 total_us=3251","_SELINUX_CONTEXT":"unconfined\n","_HOSTNAME":"wgzk-client","_GID":"0","_BOOT_ID":"dfcb8dac886d4627bbdfedf02e3e59de","__CURSOR":"s=a04ba51497c94fceb15b4fa2d2c14874;i=440e;b=dfcb8dac886d4627bbdfedf02e3e59de;m=2fb0015c;t=65cb150234bd0;x=e2294e8a831af790","SYSLOG_IDENTIFIER":"env","__REALTIME_TIMESTAMP":"1790766483721168","_SYSTEMD_CGROUP":"/system.slice/system-wgzk\\x2dm7.slice/wgzk-m7@wgc3.service","_MACHINE_ID":"6334201a93644f82a11c836f3c84a03f","_SYSTEMD_UNIT":"wgzk-m7@wgc3.service","_COMM":"wg-zk-daemon","_TRANSPORT":"stdout","_STREAM_ID":"fddca09ea256432aaf6b593e730026bc","_UID":"0","_CMDLINE":"/usr/local/bin/wg-zk-daemon","_PID":"7030","PRIORITY":"6","_SYSTEMD_SLICE":"system-wgzk\\x2dm7.slice"}
{"__REALTIME_TIMESTAMP":"1790766485079666","_CAP_EFFECTIVE":"1ffffffffff","_TRANSPORT":"stdout","_GID":"0","_SYSTEMD_SLICE":"system-wgzk\\x2dm7.slice","_MACHINE_ID":"6334201a93644f82a11c836f3c84a03f","_BOOT_ID":"dfcb8dac886d4627bbdfedf02e3e59de","_PID":"7030","__CURSOR":"s=a04ba51497c94fceb15b4fa2d2c14874;i=4462;b=dfcb8dac886d4627bbdfedf02e3e59de;m=2fc4bbfe;t=65cb150380672;x=e6275610c8ee642d","_SYSTEMD_CGROUP":"/system.slice/system-wgzk\\x2dm7.slice/wgzk-m7@wgc3.service","__MONOTONIC_TIMESTAMP":"801422334","_HOSTNAME":"wgzk-client","_EXE":"/usr/local/bin/wg-zk-daemon","MESSAGE":"[timing] side=client token=1501664923 nonce_prefix=c7a48d42 result=ok zk_us=45 encap_us=73 tls_us=3273 write_us=29 psk_us=39 tail_us=1 total_us=3806","SYSLOG_IDENTIFIER":"env","_SYSTEMD_UNIT":"wgzk-m7@wgc3.service","_STREAM_ID":"fddca09ea256432aaf6b593e730026bc","_UID":"0","_SELINUX_CONTEXT":"unconfined\n","SYSLOG_FACILITY":"3","PRIORITY":"6","_SYSTEMD_INVOCATION_ID":"42f53da724eb4fd693df7511c3e4387f","_COMM":"wg-zk-daemon","_CMDLINE":"/usr/local/bin/wg-zk-daemon"}
{"_SYSTEMD_CGROUP":"/system.slice/system-wgzk\\x2dm7.slice/wgzk-m7@wgc3.service","_MACHINE_ID":"6334201a93644f82a11c836f3c84a03f","__MONOTONIC_TIMESTAMP":"802781100","_UID":"0","_CAP_EFFECTIVE":"1ffffffffff","_EXE":"/usr/local/bin/wg-zk-daemon","SYSLOG_IDENTIFIER":"env","_SYSTEMD_SLICE":"system-wgzk\\x2dm7.slice","_GID":"0","_PID":"7030","_TRANSPORT":"stdout","_CMDLINE":"/usr/local/bin/wg-zk-daemon","_STREAM_ID":"fddca09ea256432aaf6b593e730026bc","MESSAGE":"[timing] side=client token=85312299 nonce_prefix=b2f6b3f9 result=ok zk_us=46 encap_us=614 tls_us=4788 write_us=31 psk_us=42 tail_us=1 total_us=5823","_SYSTEMD_INVOCATION_ID":"42f53da724eb4fd693df7511c3e4387f","_HOSTNAME":"wgzk-client","_SELINUX_CONTEXT":"unconfined\n","__REALTIME_TIMESTAMP":"1790766486438432","_BOOT_ID":"dfcb8dac886d4627bbdfedf02e3e59de","SYSLOG_FACILITY":"3","__CURSOR":"s=a04ba51497c94fceb15b4fa2d2c14874;i=44ad;b=dfcb8dac886d4627bbdfedf02e3e59de;m=2fd977ac;t=65cb1504cc220;x=3d5ab3f93ad27b7b","_SYSTEMD_UNIT":"wgzk-m7@wgc3.service","PRIORITY":"6","_COMM":"wg-zk-daemon"}
{"_SYSTEMD_INVOCATION_ID":"42f53da724eb4fd693df7511c3e4387f","_GID":"0","_SYSTEMD_SLICE":"system-wgzk\\x2dm7.slice","_CAP_EFFECTIVE":"1ffffffffff","_HOSTNAME":"wgzk-client","_EXE":"/usr/local/bin/wg-zk-daemon","_COMM":"wg-zk-daemon","_PID":"7030","MESSAGE":"[timing] side=client token=1138655883 nonce_prefix=ee9f3353 result=ok zk_us=44 encap_us=75 tls_us=7517 write_us=8 psk_us=159 tail_us=1 total_us=7869","SYSLOG_FACILITY":"3","_CMDLINE":"/usr/local/bin/wg-zk-daemon","__CURSOR":"s=a04ba51497c94fceb15b4fa2d2c14874;i=44e7;b=dfcb8dac886d4627bbdfedf02e3e59de;m=2fedfef1;t=65cb150614965;x=66d7c077387d45c2","__MONOTONIC_TIMESTAMP":"804126449","_BOOT_ID":"dfcb8dac886d4627bbdfedf02e3e59de","_SELINUX_CONTEXT":"unconfined\n","SYSLOG_IDENTIFIER":"env","PRIORITY":"6","_MACHINE_ID":"6334201a93644f82a11c836f3c84a03f","__REALTIME_TIMESTAMP":"1790766487783781","_SYSTEMD_CGROUP":"/system.slice/system-wgzk\\x2dm7.slice/wgzk-m7@wgc3.service","_STREAM_ID":"fddca09ea256432aaf6b593e730026bc","_SYSTEMD_UNIT":"wgzk-m7@wgc3.service","_TRANSPORT":"stdout","_UID":"0"}
{"_CAP_EFFECTIVE":"1ffffffffff","_PID":"7030","_SELINUX_CONTEXT":"unconfined\n","_SYSTEMD_SLICE":"system-wgzk\\x2dm7.slice","_COMM":"wg-zk-daemon","_SYSTEMD_INVOCATION_ID":"42f53da724eb4fd693df7511c3e4387f","_SYSTEMD_CGROUP":"/system.slice/system-wgzk\\x2dm7.slice/wgzk-m7@wgc3.service","__CURSOR":"s=a04ba51497c94fceb15b4fa2d2c14874;i=450b;b=dfcb8dac886d4627bbdfedf02e3e59de;m=30027a4a;t=65cb15075c4bf;x=3395c1471bfc6fe0","SYSLOG_FACILITY":"3","__MONOTONIC_TIMESTAMP":"805468746","MESSAGE":"[timing] side=client token=914777571 nonce_prefix=5c26b0ae result=ok zk_us=121 encap_us=100 tls_us=3070 write_us=19 psk_us=266 tail_us=1 total_us=3681","_CMDLINE":"/usr/local/bin/wg-zk-daemon","_HOSTNAME":"wgzk-client","_BOOT_ID":"dfcb8dac886d4627bbdfedf02e3e59de","_MACHINE_ID":"6334201a93644f82a11c836f3c84a03f","_UID":"0","_GID":"0","_STREAM_ID":"fddca09ea256432aaf6b593e730026bc","_TRANSPORT":"stdout","SYSLOG_IDENTIFIER":"env","_EXE":"/usr/local/bin/wg-zk-daemon","_SYSTEMD_UNIT":"wgzk-m7@wgc3.service","__REALTIME_TIMESTAMP":"1790766489126079","PRIORITY":"6"}
{"PRIORITY":"6","MESSAGE":"[timing] side=client token=1693665715 nonce_prefix=b6526770 result=ok zk_us=129 encap_us=287 tls_us=2025 write_us=28 psk_us=25 tail_us=1 total_us=2828","_HOSTNAME":"wgzk-client","_SYSTEMD_INVOCATION_ID":"42f53da724eb4fd693df7511c3e4387f","_BOOT_ID":"dfcb8dac886d4627bbdfedf02e3e59de","__REALTIME_TIMESTAMP":"1790766490470787","_EXE":"/usr/local/bin/wg-zk-daemon","_SYSTEMD_SLICE":"system-wgzk\\x2dm7.slice","_SYSTEMD_UNIT":"wgzk-m7@wgc3.service","_CMDLINE":"/usr/local/bin/wg-zk-daemon","_SYSTEMD_CGROUP":"/system.slice/system-wgzk\\x2dm7.slice/wgzk-m7@wgc3.service","__CURSOR":"s=a04ba51497c94fceb15b4fa2d2c14874;i=4555;b=dfcb8dac886d4627bbdfedf02e3e59de;m=3016ff0f;t=65cb1508a4983;x=1479e6dbb1bb20a7","_COMM":"wg-zk-daemon","_STREAM_ID":"fddca09ea256432aaf6b593e730026bc","_CAP_EFFECTIVE":"1ffffffffff","_GID":"0","_SELINUX_CONTEXT":"unconfined\n","_MACHINE_ID":"6334201a93644f82a11c836f3c84a03f","SYSLOG_IDENTIFIER":"env","SYSLOG_FACILITY":"3","_TRANSPORT":"stdout","_UID":"0","__MONOTONIC_TIMESTAMP":"806813455","_PID":"7030"}
{"_PID":"7030","MESSAGE":"[timing] side=client token=392629064 nonce_prefix=2c0fceb3 result=ok zk_us=128 encap_us=737 tls_us=3646 write_us=8 psk_us=57 tail_us=1 total_us=4620","__CURSOR":"s=a04ba51497c94fceb15b4fa2d2c14874;i=45ad;b=dfcb8dac886d4627bbdfedf02e3e59de;m=302b7fa3;t=65cb1509eca17;x=9f37da6ae3e0f5f8","SYSLOG_FACILITY":"3","__MONOTONIC_TIMESTAMP":"808157091","_SYSTEMD_UNIT":"wgzk-m7@wgc3.service","_SYSTEMD_CGROUP":"/system.slice/system-wgzk\\x2dm7.slice/wgzk-m7@wgc3.service","_MACHINE_ID":"6334201a93644f82a11c836f3c84a03f","_GID":"0","_SELINUX_CONTEXT":"unconfined\n","_BOOT_ID":"dfcb8dac886d4627bbdfedf02e3e59de","_EXE":"/usr/local/bin/wg-zk-daemon","SYSLOG_IDENTIFIER":"env","_COMM":"wg-zk-daemon","__REALTIME_TIMESTAMP":"1790766491814423","_CAP_EFFECTIVE":"1ffffffffff","_CMDLINE":"/usr/local/bin/wg-zk-daemon","_TRANSPORT":"stdout","_SYSTEMD_SLICE":"system-wgzk\\x2dm7.slice","_SYSTEMD_INVOCATION_ID":"42f53da724eb4fd693df7511c3e4387f","PRIORITY":"6","_UID":"0","_STREAM_ID":"fddca09ea256432aaf6b593e730026bc","_HOSTNAME":"wgzk-client"}
{"_SYSTEMD_CGROUP":"/system.slice/system-wgzk\\x2dm7.slice/wgzk-m7@wgc3.service","_CMDLINE":"/usr/local/bin/wg-zk-daemon","_SELINUX_CONTEXT":"unconfined\n","_COMM":"wg-zk-daemon","_STREAM_ID":"fddca09ea256432aaf6b593e730026bc","_SYSTEMD_SLICE":"system-wgzk\\x2dm7.slice","_PID":"7030","_EXE":"/usr/local/bin/wg-zk-daemon","__MONOTONIC_TIMESTAMP":"809498342","_GID":"0","_SYSTEMD_UNIT":"wgzk-m7@wgc3.service","_SYSTEMD_INVOCATION_ID":"42f53da724eb4fd693df7511c3e4387f","_UID":"0","_BOOT_ID":"dfcb8dac886d4627bbdfedf02e3e59de","SYSLOG_FACILITY":"3","__CURSOR":"s=a04ba51497c94fceb15b4fa2d2c14874;i=45d3;b=dfcb8dac886d4627bbdfedf02e3e59de;m=303ff6e6;t=65cb150b3415a;x=c5d1e27dd76f6d9d","SYSLOG_IDENTIFIER":"env","__REALTIME_TIMESTAMP":"1790766493155674","MESSAGE":"[timing] side=client token=1790897807 nonce_prefix=8a50719b result=ok zk_us=46 encap_us=74 tls_us=2577 write_us=5 psk_us=348 tail_us=1 total_us=3132","_TRANSPORT":"stdout","PRIORITY":"6","_CAP_EFFECTIVE":"1ffffffffff","_HOSTNAME":"wgzk-client","_MACHINE_ID":"6334201a93644f82a11c836f3c84a03f"}
{"_SYSTEMD_SLICE":"system-wgzk\\x2dm7.slice","_EXE":"/usr/local/bin/wg-zk-daemon","_CAP_EFFECTIVE":"1ffffffffff","__MONOTONIC_TIMESTAMP":"810865532","SYSLOG_IDENTIFIER":"env","MESSAGE":"[timing] side=client token=1273884095 nonce_prefix=08bc67cd result=ok zk_us=44 encap_us=75 tls_us=2461 write_us=28 psk_us=20 tail_us=1 total_us=2690","_CMDLINE":"/usr/local/bin/wg-zk-daemon","__CURSOR":"s=a04ba51497c94fceb15b4fa2d2c14874;i=4624;b=dfcb8dac886d4627bbdfedf02e3e59de;m=3054d37c;t=65cb150c81df0;x=413e3cf3861a9a3","_TRANSPORT":"stdout","_UID":"0","_COMM":"wg-zk-daemon","_HOSTNAME":"wgzk-client","_SELINUX_CONTEXT":"unconfined\n","PRIORITY":"6","_BOOT_ID":"dfcb8dac886d4627bbdfedf02e3e59de","_SYSTEMD_CGROUP":"/system.slice/system-wgzk\\x2dm7.slice/wgzk-m7@wgc3.service","_GID":"0","_SYSTEMD_INVOCATION_ID":"42f53da724eb4fd693df7511c3e4387f","__REALTIME_TIMESTAMP":"1790766494522864","_SYSTEMD_UNIT":"wgzk-m7@wgc3.service","SYSLOG_FACILITY":"3","_STREAM_ID":"fddca09ea256432aaf6b593e730026bc","_PID":"7030","_MACHINE_ID":"6334201a93644f82a11c836f3c84a03f"}
{"_BOOT_ID":"dfcb8dac886d4627bbdfedf02e3e59de","_STREAM_ID":"fddca09ea256432aaf6b593e730026bc","_COMM":"wg-zk-daemon","_EXE":"/usr/local/bin/wg-zk-daemon","_SYSTEMD_UNIT":"wgzk-m7@wgc3.service","SYSLOG_FACILITY":"3","_UID":"0","MESSAGE":"[timing] side=client token=2533617735 nonce_prefix=fa00ee7c result=ok zk_us=44 encap_us=74 tls_us=1948 write_us=305 psk_us=28 tail_us=1 total_us=2445","_PID":"7030","_TRANSPORT":"stdout","_SYSTEMD_INVOCATION_ID":"42f53da724eb4fd693df7511c3e4387f","__MONOTONIC_TIMESTAMP":"812228813","PRIORITY":"6","_SYSTEMD_CGROUP":"/system.slice/system-wgzk\\x2dm7.slice/wgzk-m7@wgc3.service","_MACHINE_ID":"6334201a93644f82a11c836f3c84a03f","__CURSOR":"s=a04ba51497c94fceb15b4fa2d2c14874;i=4653;b=dfcb8dac886d4627bbdfedf02e3e59de;m=3069a0cd;t=65cb150dceb42;x=e17bdd3ce27e7073","_CMDLINE":"/usr/local/bin/wg-zk-daemon","_GID":"0","_SYSTEMD_SLICE":"system-wgzk\\x2dm7.slice","_CAP_EFFECTIVE":"1ffffffffff","_SELINUX_CONTEXT":"unconfined\n","_HOSTNAME":"wgzk-client","__REALTIME_TIMESTAMP":"1790766495886146","SYSLOG_IDENTIFIER":"env"}
{"_PID":"7030","SYSLOG_IDENTIFIER":"env","PRIORITY":"6","MESSAGE":"[timing] side=client token=4119389059 nonce_prefix=48871bcb result=ok zk_us=46 encap_us=100 tls_us=4840 write_us=29 psk_us=42 tail_us=1 total_us=5135","_CAP_EFFECTIVE":"1ffffffffff","__CURSOR":"s=a04ba51497c94fceb15b4fa2d2c14874;i=46a6;b=dfcb8dac886d4627bbdfedf02e3e59de;m=307e360d;t=65cb150f18081;x=ce891f4342a6988b","_STREAM_ID":"fddca09ea256432aaf6b593e730026bc","__MONOTONIC_TIMESTAMP":"813577741","_SYSTEMD_UNIT":"wgzk-m7@wgc3.service","SYSLOG_FACILITY":"3","_SYSTEMD_INVOCATION_ID":"42f53da724eb4fd693df7511c3e4387f","_UID":"0","_SYSTEMD_CGROUP":"/system.slice/system-wgzk\\x2dm7.slice/wgzk-m7@wgc3.service","_TRANSPORT":"stdout","_SELINUX_CONTEXT":"unconfined\n","_COMM":"wg-zk-daemon","_GID":"0","_CMDLINE":"/usr/local/bin/wg-zk-daemon","_SYSTEMD_SLICE":"system-wgzk\\x2dm7.slice","_HOSTNAME":"wgzk-client","_MACHINE_ID":"6334201a93644f82a11c836f3c84a03f","_BOOT_ID":"dfcb8dac886d4627bbdfedf02e3e59de","__REALTIME_TIMESTAMP":"1790766497235073","_EXE":"/usr/local/bin/wg-zk-daemon"}
{"_PID":"7030","__CURSOR":"s=a04ba51497c94fceb15b4fa2d2c14874;i=46db;b=dfcb8dac886d4627bbdfedf02e3e59de;m=3092c308;t=65cb151060d7d;x=da73114f8bab516b","_SYSTEMD_CGROUP":"/system.slice/system-wgzk\\x2dm7.slice/wgzk-m7@wgc3.service","SYSLOG_FACILITY":"3","_TRANSPORT":"stdout","_SYSTEMD_INVOCATION_ID":"42f53da724eb4fd693df7511c3e4387f","_CAP_EFFECTIVE":"1ffffffffff","_EXE":"/usr/local/bin/wg-zk-daemon","MESSAGE":"[timing] side=client token=1184932918 nonce_prefix=89afc253 result=ok zk_us=45 encap_us=162 tls_us=3722 write_us=9 psk_us=44 tail_us=1 total_us=4019","_SELINUX_CONTEXT":"unconfined\n","_COMM":"wg-zk-daemon","__REALTIME_TIMESTAMP":"1790766498581885","_SYSTEMD_SLICE":"system-wgzk\\x2dm7.slice","_GID":"0","_UID":"0","__MONOTONIC_TIMESTAMP":"814924552","SYSLOG_IDENTIFIER":"env","_CMDLINE":"/usr/local/bin/wg-zk-daemon","_HOSTNAME":"wgzk-client","_BOOT_ID":"dfcb8dac886d4627bbdfedf02e3e59de","_STREAM_ID":"fddca09ea256432aaf6b593e730026bc","PRIORITY":"6","_MACHINE_ID":"6334201a93644f82a11c836f3c84a03f","_SYSTEMD_UNIT":"wgzk-m7@wgc3.service"}
{"PRIORITY":"6","_BOOT_ID":"dfcb8dac886d4627bbdfedf02e3e59de","_EXE":"/usr/local/bin/wg-zk-daemon","_STREAM_ID":"fddca09ea256432aaf6b593e730026bc","SYSLOG_FACILITY":"3","__MONOTONIC_TIMESTAMP":"816270718","_UID":"0","_SYSTEMD_SLICE":"system-wgzk\\x2dm7.slice","_TRANSPORT":"stdout","_SYSTEMD_UNIT":"wgzk-m7@wgc3.service","_SELINUX_CONTEXT":"unconfined\n","_COMM":"wg-zk-daemon","_SYSTEMD_CGROUP":"/system.slice/system-wgzk\\x2dm7.slice/wgzk-m7@wgc3.service","_MACHINE_ID":"6334201a93644f82a11c836f3c84a03f","_SYSTEMD_INVOCATION_ID":"42f53da724eb4fd693df7511c3e4387f","_PID":"7030","SYSLOG_IDENTIFIER":"env","__CURSOR":"s=a04ba51497c94fceb15b4fa2d2c14874;i=4723;b=dfcb8dac886d4627bbdfedf02e3e59de;m=30a74d7e;t=65cb1511a97f2;x=dadc49403628b461","_CAP_EFFECTIVE":"1ffffffffff","__REALTIME_TIMESTAMP":"1790766499928050","_CMDLINE":"/usr/local/bin/wg-zk-daemon","MESSAGE":"[timing] side=client token=3975073306 nonce_prefix=af874546 result=ok zk_us=110 encap_us=73 tls_us=2420 write_us=10 psk_us=1364 tail_us=1 total_us=4055","_HOSTNAME":"wgzk-client","_GID":"0"}
{"_MACHINE_ID":"6334201a93644f82a11c836f3c84a03f","_SYSTEMD_CGROUP":"/system.slice/system-wgzk\\x2dm7.slice/wgzk-m7@wgc3.service","__MONOTONIC_TIMESTAMP":"817620683","_COMM":"wg-zk-daemon","_STREAM_ID":"fddca09ea256432aaf6b593e730026bc","__REALTIME_TIMESTAMP":"1790766501278015","SYSLOG_FACILITY":"3","SYSLOG_IDENTIFIER":"env","_SELINUX_CONTEXT":"unconfined\n","_EXE":"/usr/local/bin/wg-zk-daemon","_SYSTEMD_UNIT":"wgzk-m7@wgc3.service","_CAP_EFFECTIVE":"1ffffffffff","_CMDLINE":"/usr/local/bin/wg-zk-daemon","_SYSTEMD_INVOCATION_ID":"42f53da724eb4fd693df7511c3e4387f","MESSAGE":"[timing] side=client token=194097847 nonce_prefix=9fde1836 result=ok zk_us=45 encap_us=85 tls_us=4878 write_us=8 psk_us=38 tail_us=8 total_us=5098","_GID":"0","_PID":"7030","_UID":"0","PRIORITY":"6","_SYSTEMD_SLICE":"system-wgzk\\x2dm7.slice","__CURSOR":"s=a04ba51497c94fceb15b4fa2d2c14874;i=4769;b=dfcb8dac886d4627bbdfedf02e3e59de;m=30bbe6cb;t=65cb1512f313f;x=5f1dc9757914f8ce","_BOOT_ID":"dfcb8dac886d4627bbdfedf02e3e59de","_TRANSPORT":"stdout","_HOSTNAME":"wgzk-client"}
{"__MONOTONIC_TIMESTAMP":"818963947","_GID":"0","__REALTIME_TIMESTAMP":"1790766502621280","PRIORITY":"6","_COMM":"wg-zk-daemon","_MACHINE_ID":"6334201a93644f82a11c836f3c84a03f","_STREAM_ID":"fddca09ea256432aaf6b593e730026bc","_HOSTNAME":"wgzk-client","SYSLOG_IDENTIFIER":"env","__CURSOR":"s=a04ba51497c94fceb15b4fa2d2c14874;i=4795;b=dfcb8dac886d4627bbdfedf02e3e59de;m=30d065eb;t=65cb15143b060;x=a18ebd7be1e8880e","_SYSTEMD_INVOCATION_ID":"42f53da724eb4fd693df7511c3e4387f","_PID":"7030","_SYSTEMD_SLICE":"system-wgzk\\x2dm7.slice","_CAP_EFFECTIVE":"1ffffffffff","_SELINUX_CONTEXT":"unconfined\n","_UID":"0","_BOOT_ID":"dfcb8dac886d4627bbdfedf02e3e59de","_TRANSPORT":"stdout","_CMDLINE":"/usr/local/bin/wg-zk-daemon","SYSLOG_FACILITY":"3","_SYSTEMD_CGROUP":"/system.slice/system-wgzk\\x2dm7.slice/wgzk-m7@wgc3.service","_EXE":"/usr/local/bin/wg-zk-daemon","_SYSTEMD_UNIT":"wgzk-m7@wgc3.service","MESSAGE":"[timing] side=client token=768115300 nonce_prefix=0531d75f result=ok zk_us=286 encap_us=73 tls_us=1583 write_us=8 psk_us=40 tail_us=1 total_us=2050"}
{"_CAP_EFFECTIVE":"1ffffffffff","_SYSTEMD_UNIT":"wgzk-m7@wgc3.service","_SYSTEMD_SLICE":"system-wgzk\\x2dm7.slice","__CURSOR":"s=a04ba51497c94fceb15b4fa2d2c14874;i=47dc;b=dfcb8dac886d4627bbdfedf02e3e59de;m=30e51fa6;t=65cb151586a1b;x=2d0f4935b488e0d3","_SELINUX_CONTEXT":"unconfined\n","MESSAGE":"[timing] side=client token=1940257373 nonce_prefix=780497db result=ok zk_us=43 encap_us=76 tls_us=2477 write_us=6 psk_us=26 tail_us=1 total_us=2688","_GID":"0","SYSLOG_FACILITY":"3","_EXE":"/usr/local/bin/wg-zk-daemon","__REALTIME_TIMESTAMP":"1790766503979547","_UID":"0","_HOSTNAME":"wgzk-client","_PID":"7030","_BOOT_ID":"dfcb8dac886d4627bbdfedf02e3e59de","_COMM":"wg-zk-daemon","_TRANSPORT":"stdout","_SYSTEMD_CGROUP":"/system.slice/system-wgzk\\x2dm7.slice/wgzk-m7@wgc3.service","PRIORITY":"6","_STREAM_ID":"fddca09ea256432aaf6b593e730026bc","__MONOTONIC_TIMESTAMP":"820322214","_MACHINE_ID":"6334201a93644f82a11c836f3c84a03f","_CMDLINE":"/usr/local/bin/wg-zk-daemon","_SYSTEMD_INVOCATION_ID":"42f53da724eb4fd693df7511c3e4387f","SYSLOG_IDENTIFIER":"env"}
[exit 0]

$ [client] journalctl -u wgzk-m7@wgc4.service -o json --no-pager --after-cursor='s=a04ba51497c94fceb15b4fa2d2c14874;i=406c;b=dfcb8dac886d4627bbdfedf02e3e59de;m=2e2a50e6;t=65cb14e9d9b5a;x=ec5f37bed7d84248' | grep -F '[timing]' || true
{"_SYSTEMD_UNIT":"wgzk-m7@wgc4.service","_HOSTNAME":"wgzk-client","_SYSTEMD_CGROUP":"/system.slice/system-wgzk\\x2dm7.slice/wgzk-m7@wgc4.service","_UID":"0","__MONOTONIC_TIMESTAMP":"781104958","_EXE":"/usr/local/bin/wg-zk-daemon","MESSAGE":"[timing] side=client token=1470308627 nonce_prefix=6f311562 result=ok zk_us=174 encap_us=149 tls_us=2609 write_us=8 psk_us=102 tail_us=1 total_us=3122","_SELINUX_CONTEXT":"unconfined\n","_SYSTEMD_SLICE":"system-wgzk\\x2dm7.slice","_GID":"0","_COMM":"wg-zk-daemon","_SYSTEMD_INVOCATION_ID":"aae8a848f7c04e8d91719ecf4f01a81f","_BOOT_ID":"dfcb8dac886d4627bbdfedf02e3e59de","_STREAM_ID":"8910f15f2b1b4117bbf4d3abf03e8562","__REALTIME_TIMESTAMP":"1790766464762290","_CMDLINE":"/usr/local/bin/wg-zk-daemon","_PID":"7084","_TRANSPORT":"stdout","_CAP_EFFECTIVE":"1ffffffffff","PRIORITY":"6","SYSLOG_IDENTIFIER":"env","__CURSOR":"s=a04ba51497c94fceb15b4fa2d2c14874;i=40aa;b=dfcb8dac886d4627bbdfedf02e3e59de;m=2e8eb73e;t=65cb14f0201b2;x=57ff4afab307cc97","SYSLOG_FACILITY":"3","_MACHINE_ID":"6334201a93644f82a11c836f3c84a03f"}
{"_COMM":"wg-zk-daemon","_SYSTEMD_CGROUP":"/system.slice/system-wgzk\\x2dm7.slice/wgzk-m7@wgc4.service","_BOOT_ID":"dfcb8dac886d4627bbdfedf02e3e59de","_GID":"0","SYSLOG_FACILITY":"3","SYSLOG_IDENTIFIER":"env","_CMDLINE":"/usr/local/bin/wg-zk-daemon","PRIORITY":"6","_CAP_EFFECTIVE":"1ffffffffff","_EXE":"/usr/local/bin/wg-zk-daemon","_HOSTNAME":"wgzk-client","_STREAM_ID":"8910f15f2b1b4117bbf4d3abf03e8562","_PID":"7084","_SYSTEMD_INVOCATION_ID":"aae8a848f7c04e8d91719ecf4f01a81f","_MACHINE_ID":"6334201a93644f82a11c836f3c84a03f","__MONOTONIC_TIMESTAMP":"782468202","_SELINUX_CONTEXT":"unconfined\n","__CURSOR":"s=a04ba51497c94fceb15b4fa2d2c14874;i=40ea;b=dfcb8dac886d4627bbdfedf02e3e59de;m=2ea3846a;t=65cb14f16cede;x=99e109019dea19bb","_SYSTEMD_UNIT":"wgzk-m7@wgc4.service","_SYSTEMD_SLICE":"system-wgzk\\x2dm7.slice","_UID":"0","MESSAGE":"[timing] side=client token=3449067228 nonce_prefix=1bd85529 result=ok zk_us=45 encap_us=131 tls_us=1943 write_us=49 psk_us=43 tail_us=1 total_us=2313","__REALTIME_TIMESTAMP":"1790766466125534","_TRANSPORT":"stdout"}
{"__CURSOR":"s=a04ba51497c94fceb15b4fa2d2c14874;i=4129;b=dfcb8dac886d4627bbdfedf02e3e59de;m=2eb82841;t=65cb14f2b72b5;x=852109c26a70d467","PRIORITY":"6","_EXE":"/usr/local/bin/wg-zk-daemon","_GID":"0","_HOSTNAME":"wgzk-client","_SYSTEMD_UNIT":"wgzk-m7@wgc4.service","_PID":"7084","_CAP_EFFECTIVE":"1ffffffffff","_COMM":"wg-zk-daemon","SYSLOG_IDENTIFIER":"env","_SYSTEMD_CGROUP":"/system.slice/system-wgzk\\x2dm7.slice/wgzk-m7@wgc4.service","_SYSTEMD_INVOCATION_ID":"aae8a848f7c04e8d91719ecf4f01a81f","MESSAGE":"[timing] side=client token=164794961 nonce_prefix=1b4077d6 result=ok zk_us=221 encap_us=115 tls_us=1559 write_us=12 psk_us=25 tail_us=1 total_us=1981","SYSLOG_FACILITY":"3","_SELINUX_CONTEXT":"unconfined\n","_TRANSPORT":"stdout","_CMDLINE":"/usr/local/bin/wg-zk-daemon","_STREAM_ID":"8910f15f2b1b4117bbf4d3abf03e8562","_BOOT_ID":"dfcb8dac886d4627bbdfedf02e3e59de","__MONOTONIC_TIMESTAMP":"783820865","_UID":"0","__REALTIME_TIMESTAMP":"1790766467478197","_MACHINE_ID":"6334201a93644f82a11c836f3c84a03f","_SYSTEMD_SLICE":"system-wgzk\\x2dm7.slice"}
{"_SYSTEMD_UNIT":"wgzk-m7@wgc4.service","_UID":"0","_BOOT_ID":"dfcb8dac886d4627bbdfedf02e3e59de","__MONOTONIC_TIMESTAMP":"785168120","_SYSTEMD_CGROUP":"/system.slice/system-wgzk\\x2dm7.slice/wgzk-m7@wgc4.service","__REALTIME_TIMESTAMP":"1790766468825452","_GID":"0","__CURSOR":"s=a04ba51497c94fceb15b4fa2d2c14874;i=416a;b=dfcb8dac886d4627bbdfedf02e3e59de;m=2eccb6f8;t=65cb14f40016c;x=22068b2191d81d77","_HOSTNAME":"wgzk-client","_EXE":"/usr/local/bin/wg-zk-daemon","MESSAGE":"[timing] side=client token=1620771058 nonce_prefix=2da5894e result=ok zk_us=46 encap_us=74 tls_us=2334 write_us=9 psk_us=46 tail_us=1 total_us=2558","_CMDLINE":"/usr/local/bin/wg-zk-daemon","SYSLOG_FACILITY":"3","_CAP_EFFECTIVE":"1ffffffffff","_MACHINE_ID":"6334201a93644f82a11c836f3c84a03f","_SYSTEMD_SLICE":"system-wgzk\\x2dm7.slice","_SELINUX_CONTEXT":"unconfined\n","_SYSTEMD_INVOCATION_ID":"aae8a848f7c04e8d91719ecf4f01a81f","_STREAM_ID":"8910f15f2b1b4117bbf4d3abf03e8562","_PID":"7084","SYSLOG_IDENTIFIER":"env","PRIORITY":"6","_TRANSPORT":"stdout","_COMM":"wg-zk-daemon"}
{"_SYSTEMD_INVOCATION_ID":"aae8a848f7c04e8d91719ecf4f01a81f","PRIORITY":"6","SYSLOG_FACILITY":"3","_CAP_EFFECTIVE":"1ffffffffff","_SYSTEMD_SLICE":"system-wgzk\\x2dm7.slice","_TRANSPORT":"stdout","MESSAGE":"[timing] side=client token=2355953057 nonce_prefix=96f4c760 result=ok zk_us=46 encap_us=137 tls_us=3516 write_us=13 psk_us=44 tail_us=1 total_us=3802","__MONOTONIC_TIMESTAMP":"786517936","_SELINUX_CONTEXT":"unconfined\n","_MACHINE_ID":"6334201a93644f82a11c836f3c84a03f","__REALTIME_TIMESTAMP":"1790766470175268","_PID":"7084","_SYSTEMD_UNIT":"wgzk-m7@wgc4.service","_SYSTEMD_CGROUP":"/system.slice/system-wgzk\\x2dm7.slice/wgzk-m7@wgc4.service","_HOSTNAME":"wgzk-client","_GID":"0","_CMDLINE":"/usr/local/bin/wg-zk-daemon","_STREAM_ID":"8910f15f2b1b4117bbf4d3abf03e8562","_UID":"0","SYSLOG_IDENTIFIER":"env","_EXE":"/usr/local/bin/wg-zk-daemon","__CURSOR":"s=a04ba51497c94fceb15b4fa2d2c14874;i=419d;b=dfcb8dac886d4627bbdfedf02e3e59de;m=2ee14fb0;t=65cb14f549a24;x=a803b639796c8ae1","_BOOT_ID":"dfcb8dac886d4627bbdfedf02e3e59de","_COMM":"wg-zk-daemon"}
{"_SELINUX_CONTEXT":"unconfined\n","_HOSTNAME":"wgzk-client","_SYSTEMD_SLICE":"system-wgzk\\x2dm7.slice","_TRANSPORT":"stdout","__CURSOR":"s=a04ba51497c94fceb15b4fa2d2c14874;i=41eb;b=dfcb8dac886d4627bbdfedf02e3e59de;m=2ef60c6d;t=65cb14f6956e1;x=fce40cbaf536bf34","__REALTIME_TIMESTAMP":"1790766471534305","_SYSTEMD_CGROUP":"/system.slice/system-wgzk\\x2dm7.slice/wgzk-m7@wgc4.service","_SYSTEMD_INVOCATION_ID":"aae8a848f7c04e8d91719ecf4f01a81f","_COMM":"wg-zk-daemon","__MONOTONIC_TIMESTAMP":"787876973","PRIORITY":"6","_CMDLINE":"/usr/local/bin/wg-zk-daemon","_CAP_EFFECTIVE":"1ffffffffff","_GID":"0","_MACHINE_ID":"6334201a93644f82a11c836f3c84a03f","_UID":"0","_SYSTEMD_UNIT":"wgzk-m7@wgc4.service","SYSLOG_FACILITY":"3","_BOOT_ID":"dfcb8dac886d4627bbdfedf02e3e59de","MESSAGE":"[timing] side=client token=1366727872 nonce_prefix=74976896 result=ok zk_us=45 encap_us=73 tls_us=3352 write_us=27 psk_us=32 tail_us=1 total_us=3614","_EXE":"/usr/local/bin/wg-zk-daemon","SYSLOG_IDENTIFIER":"env","_PID":"7084","_STREAM_ID":"8910f15f2b1b4117bbf4d3abf03e8562"}
{"__CURSOR":"s=a04ba51497c94fceb15b4fa2d2c14874;i=422b;b=dfcb8dac886d4627bbdfedf02e3e59de;m=2f0abc7e;t=65cb14f7e06f2;x=ed0051e96e902665","MESSAGE":"[timing] side=client token=531217095 nonce_prefix=40d51ef9 result=ok zk_us=45 encap_us=74 tls_us=3144 write_us=8 psk_us=43 tail_us=1 total_us=3382","_COMM":"wg-zk-daemon","_PID":"7084","_EXE":"/usr/local/bin/wg-zk-daemon","_CMDLINE":"/usr/local/bin/wg-zk-daemon","SYSLOG_IDENTIFIER":"env","_MACHINE_ID":"6334201a93644f82a11c836f3c84a03f","_TRANSPORT":"stdout","_GID":"0","PRIORITY":"6","_CAP_EFFECTIVE":"1ffffffffff","SYSLOG_FACILITY":"3","_HOSTNAME":"wgzk-client","_BOOT_ID":"dfcb8dac886d4627bbdfedf02e3e59de","__REALTIME_TIMESTAMP":"1790766472890098","_SYSTEMD_INVOCATION_ID":"aae8a848f7c04e8d91719ecf4f01a81f","_STREAM_ID":"8910f15f2b1b4117bbf4d3abf03e8562","_SELINUX_CONTEXT":"unconfined\n","_UID":"0","__MONOTONIC_TIMESTAMP":"789232766","_SYSTEMD_CGROUP":"/system.slice/system-wgzk\\x2dm7.slice/wgzk-m7@wgc4.service","_SYSTEMD_UNIT":"wgzk-m7@wgc4.service","_SYSTEMD_SLICE":"system-wgzk\\x2dm7.slice"}
{"_CMDLINE":"/usr/local/bin/wg-zk-daemon","_SYSTEMD_INVOCATION_ID":"aae8a848f7c04e8d91719ecf4f01a81f","_PID":"7084","_SELINUX_CONTEXT":"unconfined\n","_EXE":"/usr/local/bin/wg-zk-daemon","MESSAGE":"[timing] side=client token=1108240610 nonce_prefix=d4d40640 result=ok zk_us=45 encap_us=72 tls_us=5011 write_us=8 psk_us=318 tail_us=1 total_us=5501","__REALTIME_TIMESTAMP":"1790766474239082","_UID":"0","_MACHINE_ID":"6334201a93644f82a11c836f3c84a03f","_CAP_EFFECTIVE":"1ffffffffff","_TRANSPORT":"stdout","_HOSTNAME":"wgzk-client","_BOOT_ID":"dfcb8dac886d4627bbdfedf02e3e59de","_SYSTEMD_CGROUP":"/system.slice/system-wgzk\\x2dm7.slice/wgzk-m7@wgc4.service","SYSLOG_IDENTIFIER":"env","_STREAM_ID":"8910f15f2b1b4117bbf4d3abf03e8562","_SYSTEMD_UNIT":"wgzk-m7@wgc4.service","_GID":"0","_SYSTEMD_SLICE":"system-wgzk\\x2dm7.slice","__CURSOR":"s=a04ba51497c94fceb15b4fa2d2c14874;i=426b;b=dfcb8dac886d4627bbdfedf02e3e59de;m=2f1f51f6;t=65cb14f929c6a;x=c65ee8b80de43504","__MONOTONIC_TIMESTAMP":"790581750","SYSLOG_FACILITY":"3","PRIORITY":"6","_COMM":"wg-zk-daemon"}
{"_SYSTEMD_CGROUP":"/system.slice/system-wgzk\\x2dm7.slice/wgzk-m7@wgc4.service","_SYSTEMD_UNIT":"wgzk-m7@wgc4.service","SYSLOG_IDENTIFIER":"env","__MONOTONIC_TIMESTAMP":"791942554","_PID":"7084","_UID":"0","_SYSTEMD_SLICE":"system-wgzk\\x2dm7.slice","_EXE":"/usr/local/bin/wg-zk-daemon","_GID":"0","__REALTIME_TIMESTAMP":"1790766475599886","_SYSTEMD_INVOCATION_ID":"aae8a848f7c04e8d91719ecf4f01a81f","_CAP_EFFECTIVE":"1ffffffffff","SYSLOG_FACILITY":"3","_STREAM_ID":"8910f15f2b1b4117bbf4d3abf03e8562","__CURSOR":"s=a04ba51497c94fceb15b4fa2d2c14874;i=42ab;b=dfcb8dac886d4627bbdfedf02e3e59de;m=2f34159a;t=65cb14fa7600e;x=37cc7e2bc30f56c5","_COMM":"wg-zk-daemon","_HOSTNAME":"wgzk-client","_TRANSPORT":"stdout","MESSAGE":"[timing] side=client token=1037626803 nonce_prefix=775a9ed6 result=ok zk_us=45 encap_us=75 tls_us=5017 write_us=27 psk_us=29 tail_us=1 total_us=5365","_SELINUX_CONTEXT":"unconfined\n","_MACHINE_ID":"6334201a93644f82a11c836f3c84a03f","PRIORITY":"6","_CMDLINE":"/usr/local/bin/wg-zk-daemon","_BOOT_ID":"dfcb8dac886d4627bbdfedf02e3e59de"}
{"MESSAGE":"[timing] side=client token=2814306525 nonce_prefix=eca14ff6 result=ok zk_us=136 encap_us=94 tls_us=2847 write_us=7 psk_us=36 tail_us=1 total_us=3160","_SYSTEMD_SLICE":"system-wgzk\\x2dm7.slice","_SELINUX_CONTEXT":"unconfined\n","_CAP_EFFECTIVE":"1ffffffffff","_SYSTEMD_INVOCATION_ID":"aae8a848f7c04e8d91719ecf4f01a81f","SYSLOG_IDENTIFIER":"env","__MONOTONIC_TIMESTAMP":"793285664","_MACHINE_ID":"6334201a93644f82a11c836f3c84a03f","__CURSOR":"s=a04ba51497c94fceb15b4fa2d2c14874;i=42e0;b=dfcb8dac886d4627bbdfedf02e3e59de;m=2f489420;t=65cb14fbbde95;x=667f436929d73a06","_SYSTEMD_CGROUP":"/system.slice/system-wgzk\\x2dm7.slice/wgzk-m7@wgc4.service","SYSLOG_FACILITY":"3","_CMDLINE":"/usr/local/bin/wg-zk-daemon","_EXE":"/usr/local/bin/wg-zk-daemon","_TRANSPORT":"stdout","_HOSTNAME":"wgzk-client","_BOOT_ID":"dfcb8dac886d4627bbdfedf02e3e59de","PRIORITY":"6","_COMM":"wg-zk-daemon","_STREAM_ID":"8910f15f2b1b4117bbf4d3abf03e8562","_UID":"0","_GID":"0","_PID":"7084","_SYSTEMD_UNIT":"wgzk-m7@wgc4.service","__REALTIME_TIMESTAMP":"1790766476942997"}
{"_SYSTEMD_SLICE":"system-wgzk\\x2dm7.slice","_TRANSPORT":"stdout","_GID":"0","_EXE":"/usr/local/bin/wg-zk-daemon","_SELINUX_CONTEXT":"unconfined\n","__MONOTONIC_TIMESTAMP":"794655980","SYSLOG_FACILITY":"3","_HOSTNAME":"wgzk-client","__REALTIME_TIMESTAMP":"1790766478313312","_COMM":"wg-zk-daemon","SYSLOG_IDENTIFIER":"env","_UID":"0","_SYSTEMD_CGROUP":"/system.slice/system-wgzk\\x2dm7.slice/wgzk-m7@wgc4.service","_BOOT_ID":"dfcb8dac886d4627bbdfedf02e3e59de","PRIORITY":"6","_CMDLINE":"/usr/local/bin/wg-zk-daemon","_STREAM_ID":"8910f15f2b1b4117bbf4d3abf03e8562","_SYSTEMD_INVOCATION_ID":"aae8a848f7c04e8d91719ecf4f01a81f","_PID":"7084","MESSAGE":"[timing] side=client token=739529963 nonce_prefix=fbfdebfd result=ok zk_us=44 encap_us=75 tls_us=3297 write_us=151 psk_us=31 tail_us=1 total_us=3673","_SYSTEMD_UNIT":"wgzk-m7@wgc4.service","__CURSOR":"s=a04ba51497c94fceb15b4fa2d2c14874;i=432d;b=dfcb8dac886d4627bbdfedf02e3e59de;m=2f5d7cec;t=65cb14fd0c760;x=fddc10ed3a4fb005","_CAP_EFFECTIVE":"1ffffffffff","_MACHINE_ID":"6334201a93644f82a11c836f3c84a03f"}
{"_COMM":"wg-zk-daemon","SYSLOG_FACILITY":"3","_PID":"7084","_SYSTEMD_UNIT":"wgzk-m7@wgc4.service","__CURSOR":"s=a04ba51497c94fceb15b4fa2d2c14874;i=4366;b=dfcb8dac886d4627bbdfedf02e3e59de;m=2f720d6e;t=65cb14fe557e2;x=2d648859757a4306","__MONOTONIC_TIMESTAMP":"796003694","_UID":"0","_STREAM_ID":"8910f15f2b1b4117bbf4d3abf03e8562","_HOSTNAME":"wgzk-client","_GID":"0","_SYSTEMD_INVOCATION_ID":"aae8a848f7c04e8d91719ecf4f01a81f","_MACHINE_ID":"6334201a93644f82a11c836f3c84a03f","__REALTIME_TIMESTAMP":"1790766479661026","_SYSTEMD_SLICE":"system-wgzk\\x2dm7.slice","_BOOT_ID":"dfcb8dac886d4627bbdfedf02e3e59de","_SYSTEMD_CGROUP":"/system.slice/system-wgzk\\x2dm7.slice/wgzk-m7@wgc4.service","_SELINUX_CONTEXT":"unconfined\n","_EXE":"/usr/local/bin/wg-zk-daemon","_TRANSPORT":"stdout","SYSLOG_IDENTIFIER":"env","_CAP_EFFECTIVE":"1ffffffffff","MESSAGE":"[timing] side=client token=3811021742 nonce_prefix=dc4b1d0e result=ok zk_us=44 encap_us=76 tls_us=1403 write_us=9 psk_us=43 tail_us=1 total_us=1699","_CMDLINE":"/usr/local/bin/wg-zk-daemon","PRIORITY":"6"}
{"_SYSTEMD_SLICE":"system-wgzk\\x2dm7.slice","_COMM":"wg-zk-daemon","_EXE":"/usr/local/bin/wg-zk-daemon","_SYSTEMD_CGROUP":"/system.slice/system-wgzk\\x2dm7.slice/wgzk-m7@wgc4.service","__REALTIME_TIMESTAMP":"1790766481005064","_SELINUX_CONTEXT":"unconfined\n","_CAP_EFFECTIVE":"1ffffffffff","_UID":"0","SYSLOG_IDENTIFIER":"env","__CURSOR":"s=a04ba51497c94fceb15b4fa2d2c14874;i=43ab;b=dfcb8dac886d4627bbdfedf02e3e59de;m=2f868f93;t=65cb14ff9da08;x=6c592efec883a82d","_CMDLINE":"/usr/local/bin/wg-zk-daemon","_STREAM_ID":"8910f15f2b1b4117bbf4d3abf03e8562","MESSAGE":"[timing] side=client token=1185852777 nonce_prefix=54b5d6d6 result=ok zk_us=46 encap_us=74 tls_us=4328 write_us=8 psk_us=40 tail_us=1 total_us=4543","_GID":"0","_HOSTNAME":"wgzk-client","_SYSTEMD_INVOCATION_ID":"aae8a848f7c04e8d91719ecf4f01a81f","_BOOT_ID":"dfcb8dac886d4627bbdfedf02e3e59de","_TRANSPORT":"stdout","SYSLOG_FACILITY":"3","PRIORITY":"6","_MACHINE_ID":"6334201a93644f82a11c836f3c84a03f","_PID":"7084","__MONOTONIC_TIMESTAMP":"797347731","_SYSTEMD_UNIT":"wgzk-m7@wgc4.service"}
{"_SELINUX_CONTEXT":"unconfined\n","_COMM":"wg-zk-daemon","_STREAM_ID":"8910f15f2b1b4117bbf4d3abf03e8562","__CURSOR":"s=a04ba51497c94fceb15b4fa2d2c14874;i=43e2;b=dfcb8dac886d4627bbdfedf02e3e59de;m=2f9b2f04;t=65cb1500e7979;x=debd89ea22787644","SYSLOG_FACILITY":"3","MESSAGE":"[timing] side=client token=1255296625 nonce_prefix=84dca4b8 result=ok zk_us=44 encap_us=128 tls_us=4059 write_us=39 psk_us=80 tail_us=2 total_us=4448","_CAP_EFFECTIVE":"1ffffffffff","_SYSTEMD_UNIT":"wgzk-m7@wgc4.service","_UID":"0","_SYSTEMD_SLICE":"system-wgzk\\x2dm7.slice","_EXE":"/usr/local/bin/wg-zk-daemon","_MACHINE_ID":"6334201a93644f82a11c836f3c84a03f","_SYSTEMD_INVOCATION_ID":"aae8a848f7c04e8d91719ecf4f01a81f","PRIORITY":"6","_HOSTNAME":"wgzk-client","_CMDLINE":"/usr/local/bin/wg-zk-daemon","_SYSTEMD_CGROUP":"/system.slice/system-wgzk\\x2dm7.slice/wgzk-m7@wgc4.service","__REALTIME_TIMESTAMP":"1790766482356601","__MONOTONIC_TIMESTAMP":"798699268","_GID":"0","_PID":"7084","_BOOT_ID":"dfcb8dac886d4627bbdfedf02e3e59de","_TRANSPORT":"stdout","SYSLOG_IDENTIFIER":"env"}
{"_SELINUX_CONTEXT":"unconfined\n","SYSLOG_FACILITY":"3","_GID":"0","SYSLOG_IDENTIFIER":"env","PRIORITY":"6","_HOSTNAME":"wgzk-client","_SYSTEMD_INVOCATION_ID":"aae8a848f7c04e8d91719ecf4f01a81f","_COMM":"wg-zk-daemon","_MACHINE_ID":"6334201a93644f82a11c836f3c84a03f","_TRANSPORT":"stdout","_SYSTEMD_SLICE":"system-wgzk\\x2dm7.slice","_EXE":"/usr/local/bin/wg-zk-daemon","__CURSOR":"s=a04ba51497c94fceb15b4fa2d2c14874;i=442d;b=dfcb8dac886d4627bbdfedf02e3e59de;m=2fb01339;t=65cb150235dad;x=764a78f9bbb6ff04","_SYSTEMD_CGROUP":"/system.slice/system-wgzk\\x2dm7.slice/wgzk-m7@wgc4.service","_CMDLINE":"/usr/local/bin/wg-zk-daemon","_STREAM_ID":"8910f15f2b1b4117bbf4d3abf03e8562","_SYSTEMD_UNIT":"wgzk-m7@wgc4.service","MESSAGE":"[timing] side=client token=3500028455 nonce_prefix=8b45eb74 result=ok zk_us=74 encap_us=169 tls_us=3732 write_us=26 psk_us=20 tail_us=1 total_us=4146","_BOOT_ID":"dfcb8dac886d4627bbdfedf02e3e59de","__REALTIME_TIMESTAMP":"1790766483725741","__MONOTONIC_TIMESTAMP":"800068409","_UID":"0","_PID":"7084","_CAP_EFFECTIVE":"1ffffffffff"}
{"_SYSTEMD_CGROUP":"/system.slice/system-wgzk\\x2dm7.slice/wgzk-m7@wgc4.service","_SYSTEMD_UNIT":"wgzk-m7@wgc4.service","_UID":"0","_SYSTEMD_SLICE":"system-wgzk\\x2dm7.slice","_EXE":"/usr/local/bin/wg-zk-daemon","_TRANSPORT":"stdout","_SYSTEMD_INVOCATION_ID":"aae8a848f7c04e8d91719ecf4f01a81f","_SELINUX_CONTEXT":"unconfined\n","_BOOT_ID":"dfcb8dac886d4627bbdfedf02e3e59de","_GID":"0","_HOSTNAME":"wgzk-client","_MACHINE_ID":"6334201a93644f82a11c836f3c84a03f","__MONOTONIC_TIMESTAMP":"801419857","_COMM":"wg-zk-daemon","MESSAGE":"[timing] side=client token=4040637588 nonce_prefix=2a6740f1 result=ok zk_us=46 encap_us=311 tls_us=1399 write_us=8 psk_us=42 tail_us=1 total_us=1877","_CAP_EFFECTIVE":"1ffffffffff","__REALTIME_TIMESTAMP":"1790766485077189","_CMDLINE":"/usr/local/bin/wg-zk-daemon","SYSLOG_IDENTIFIER":"env","_PID":"7084","PRIORITY":"6","__CURSOR":"s=a04ba51497c94fceb15b4fa2d2c14874;i=4454;b=dfcb8dac886d4627bbdfedf02e3e59de;m=2fc4b251;t=65cb15037fcc5;x=7c5a4ac07b2d925","_STREAM_ID":"8910f15f2b1b4117bbf4d3abf03e8562","SYSLOG_FACILITY":"3"}
{"_UID":"0","_HOSTNAME":"wgzk-client","_EXE":"/usr/local/bin/wg-zk-daemon","_STREAM_ID":"8910f15f2b1b4117bbf4d3abf03e8562","_SYSTEMD_INVOCATION_ID":"aae8a848f7c04e8d91719ecf4f01a81f","_TRANSPORT":"stdout","_SYSTEMD_CGROUP":"/system.slice/system-wgzk\\x2dm7.slice/wgzk-m7@wgc4.service","_COMM":"wg-zk-daemon","SYSLOG_FACILITY":"3","__REALTIME_TIMESTAMP":"1790766486437517","_GID":"0","_BOOT_ID":"dfcb8dac886d4627bbdfedf02e3e59de","_CAP_EFFECTIVE":"1ffffffffff","_MACHINE_ID":"6334201a93644f82a11c836f3c84a03f","SYSLOG_IDENTIFIER":"env","_CMDLINE":"/usr/local/bin/wg-zk-daemon","_SYSTEMD_SLICE":"system-wgzk\\x2dm7.slice","_PID":"7084","__CURSOR":"s=a04ba51497c94fceb15b4fa2d2c14874;i=44ab;b=dfcb8dac886d4627bbdfedf02e3e59de;m=2fd97419;t=65cb1504cbe8d;x=6e49f4d15120e5e6","__MONOTONIC_TIMESTAMP":"802780185","_SELINUX_CONTEXT":"unconfined\n","PRIORITY":"6","_SYSTEMD_UNIT":"wgzk-m7@wgc4.service","MESSAGE":"[timing] side=client token=87107504 nonce_prefix=99c2b091 result=ok zk_us=49 encap_us=124 tls_us=4274 write_us=9 psk_us=69 tail_us=1 total_us=4569"}
{"_TRANSPORT":"stdout","_STREAM_ID":"8910f15f2b1b4117bbf4d3abf03e8562","_SYSTEMD_UNIT":"wgzk-m7@wgc4.service","_UID":"0","__REALTIME_TIMESTAMP":"1790766487783929","MESSAGE":"[timing] side=client token=3003184917 nonce_prefix=e1e44dc3 result=ok zk_us=45 encap_us=262 tls_us=4009 write_us=33 psk_us=25 tail_us=1 total_us=4659","_PID":"7084","_SELINUX_CONTEXT":"unconfined\n","_SYSTEMD_CGROUP":"/system.slice/system-wgzk\\x2dm7.slice/wgzk-m7@wgc4.service","_SYSTEMD_INVOCATION_ID":"aae8a848f7c04e8d91719ecf4f01a81f","_CAP_EFFECTIVE":"1ffffffffff","SYSLOG_IDENTIFIER":"env","_MACHINE_ID":"6334201a93644f82a11c836f3c84a03f","__MONOTONIC_TIMESTAMP":"804126596","_CMDLINE":"/usr/local/bin/wg-zk-daemon","PRIORITY":"6","_HOSTNAME":"wgzk-client","SYSLOG_FACILITY":"3","_SYSTEMD_SLICE":"system-wgzk\\x2dm7.slice","_EXE":"/usr/local/bin/wg-zk-daemon","_GID":"0","_BOOT_ID":"dfcb8dac886d4627bbdfedf02e3e59de","_COMM":"wg-zk-daemon","__CURSOR":"s=a04ba51497c94fceb15b4fa2d2c14874;i=44ea;b=dfcb8dac886d4627bbdfedf02e3e59de;m=2fedff84;t=65cb1506149f9;x=ea6c1125817f9a8d"}
{"_MACHINE_ID":"6334201a93644f82a11c836f3c84a03f","_SYSTEMD_CGROUP":"/system.slice/system-wgzk\\x2dm7.slice/wgzk-m7@wgc4.service","_PID":"7084","_GID":"0","_EXE":"/usr/local/bin/wg-zk-daemon","_BOOT_ID":"dfcb8dac886d4627bbdfedf02e3e59de","_UID":"0","_CAP_EFFECTIVE":"1ffffffffff","__REALTIME_TIMESTAMP":"1790766489129286","_CMDLINE":"/usr/local/bin/wg-zk-daemon","_TRANSPORT":"stdout","__MONOTONIC_TIMESTAMP":"805471954","_SYSTEMD_SLICE":"system-wgzk\\x2dm7.slice","_SYSTEMD_INVOCATION_ID":"aae8a848f7c04e8d91719ecf4f01a81f","_COMM":"wg-zk-daemon","SYSLOG_IDENTIFIER":"env","MESSAGE":"[timing] side=client token=2053934270 nonce_prefix=d26d286e result=ok zk_us=45 encap_us=72 tls_us=5258 write_us=27 psk_us=39 tail_us=1 total_us=5507","__CURSOR":"s=a04ba51497c94fceb15b4fa2d2c14874;i=452c;b=dfcb8dac886d4627bbdfedf02e3e59de;m=300286d2;t=65cb15075d146;x=efd4c79cbe7b6492","SYSLOG_FACILITY":"3","_HOSTNAME":"wgzk-client","_SYSTEMD_UNIT":"wgzk-m7@wgc4.service","_STREAM_ID":"8910f15f2b1b4117bbf4d3abf03e8562","_SELINUX_CONTEXT":"unconfined\n","PRIORITY":"6"}
{"__MONOTONIC_TIMESTAMP":"806817916","_UID":"0","_GID":"0","_COMM":"wg-zk-daemon","_CMDLINE":"/usr/local/bin/wg-zk-daemon","_SYSTEMD_UNIT":"wgzk-m7@wgc4.service","_SYSTEMD_INVOCATION_ID":"aae8a848f7c04e8d91719ecf4f01a81f","SYSLOG_FACILITY":"3","MESSAGE":"[timing] side=client token=3675300704 nonce_prefix=6b427f64 result=ok zk_us=45 encap_us=73 tls_us=4488 write_us=27 psk_us=42 tail_us=1 total_us=4740","_EXE":"/usr/local/bin/wg-zk-daemon","__CURSOR":"s=a04ba51497c94fceb15b4fa2d2c14874;i=456b;b=dfcb8dac886d4627bbdfedf02e3e59de;m=3017107c;t=65cb1508a5af1;x=2db0f8dfe340ffbe","_CAP_EFFECTIVE":"1ffffffffff","_BOOT_ID":"dfcb8dac886d4627bbdfedf02e3e59de","_TRANSPORT":"stdout","PRIORITY":"6","__REALTIME_TIMESTAMP":"1790766490475249","_SYSTEMD_CGROUP":"/system.slice/system-wgzk\\x2dm7.slice/wgzk-m7@wgc4.service","SYSLOG_IDENTIFIER":"env","_STREAM_ID":"8910f15f2b1b4117bbf4d3abf03e8562","_HOSTNAME":"wgzk-client","_SELINUX_CONTEXT":"unconfined\n","_SYSTEMD_SLICE":"system-wgzk\\x2dm7.slice","_PID":"7084","_MACHINE_ID":"6334201a93644f82a11c836f3c84a03f"}
{"PRIORITY":"6","_MACHINE_ID":"6334201a93644f82a11c836f3c84a03f","_TRANSPORT":"stdout","_SYSTEMD_SLICE":"system-wgzk\\x2dm7.slice","__MONOTONIC_TIMESTAMP":"808156586","_BOOT_ID":"dfcb8dac886d4627bbdfedf02e3e59de","_STREAM_ID":"8910f15f2b1b4117bbf4d3abf03e8562","MESSAGE":"[timing] side=client token=3070587152 nonce_prefix=6c7a8156 result=ok zk_us=187 encap_us=100 tls_us=3328 write_us=7 psk_us=41 tail_us=1 total_us=3800","_PID":"7084","_SYSTEMD_CGROUP":"/system.slice/system-wgzk\\x2dm7.slice/wgzk-m7@wgc4.service","__CURSOR":"s=a04ba51497c94fceb15b4fa2d2c14874;i=45ac;b=dfcb8dac886d4627bbdfedf02e3e59de;m=302b7daa;t=65cb1509ec81e;x=5ca5f16b37adc20f","_SELINUX_CONTEXT":"unconfined\n","_CMDLINE":"/usr/local/bin/wg-zk-daemon","_EXE":"/usr/local/bin/wg-zk-daemon","SYSLOG_IDENTIFIER":"env","_SYSTEMD_INVOCATION_ID":"aae8a848f7c04e8d91719ecf4f01a81f","_UID":"0","__REALTIME_TIMESTAMP":"1790766491813918","_GID":"0","_HOSTNAME":"wgzk-client","_SYSTEMD_UNIT":"wgzk-m7@wgc4.service","SYSLOG_FACILITY":"3","_COMM":"wg-zk-daemon","_CAP_EFFECTIVE":"1ffffffffff"}
{"_CAP_EFFECTIVE":"1ffffffffff","PRIORITY":"6","_BOOT_ID":"dfcb8dac886d4627bbdfedf02e3e59de","SYSLOG_FACILITY":"3","_SYSTEMD_CGROUP":"/system.slice/system-wgzk\\x2dm7.slice/wgzk-m7@wgc4.service","SYSLOG_IDENTIFIER":"env","_GID":"0","__MONOTONIC_TIMESTAMP":"809502096","_SELINUX_CONTEXT":"unconfined\n","_TRANSPORT":"stdout","_SYSTEMD_SLICE":"system-wgzk\\x2dm7.slice","_PID":"7084","_SYSTEMD_UNIT":"wgzk-m7@wgc4.service","_CMDLINE":"/usr/local/bin/wg-zk-daemon","_HOSTNAME":"wgzk-client","__CURSOR":"s=a04ba51497c94fceb15b4fa2d2c14874;i=45ea;b=dfcb8dac886d4627bbdfedf02e3e59de;m=30400590;t=65cb150b35004;x=44fa265c9fdcc4cb","_STREAM_ID":"8910f15f2b1b4117bbf4d3abf03e8562","__REALTIME_TIMESTAMP":"1790766493159428","_MACHINE_ID":"6334201a93644f82a11c836f3c84a03f","_EXE":"/usr/local/bin/wg-zk-daemon","_SYSTEMD_INVOCATION_ID":"aae8a848f7c04e8d91719ecf4f01a81f","MESSAGE":"[timing] side=client token=755796701 nonce_prefix=4432f9f6 result=ok zk_us=117 encap_us=79 tls_us=4276 write_us=28 psk_us=28 tail_us=1 total_us=4593","_UID":"0","_COMM":"wg-zk-daemon"}
{"MESSAGE":"[timing] side=client token=3822224598 nonce_prefix=aaac9a79 result=ok zk_us=427 encap_us=93 tls_us=2862 write_us=28 psk_us=27 tail_us=1 total_us=3509","_SYSTEMD_CGROUP":"/system.slice/system-wgzk\\x2dm7.slice/wgzk-m7@wgc4.service","_GID":"0","SYSLOG_IDENTIFIER":"env","__CURSOR":"s=a04ba51497c94fceb15b4fa2d2c14874;i=462a;b=dfcb8dac886d4627bbdfedf02e3e59de;m=3054d456;t=65cb150c81eca;x=4cb6d413c1cd89a","_STREAM_ID":"8910f15f2b1b4117bbf4d3abf03e8562","_SELINUX_CONTEXT":"unconfined\n","_HOSTNAME":"wgzk-client","PRIORITY":"6","_MACHINE_ID":"6334201a93644f82a11c836f3c84a03f","_CAP_EFFECTIVE":"1ffffffffff","_COMM":"wg-zk-daemon","_SYSTEMD_SLICE":"system-wgzk\\x2dm7.slice","_UID":"0","SYSLOG_FACILITY":"3","_EXE":"/usr/local/bin/wg-zk-daemon","__MONOTONIC_TIMESTAMP":"810865750","__REALTIME_TIMESTAMP":"1790766494523082","_PID":"7084","_BOOT_ID":"dfcb8dac886d4627bbdfedf02e3e59de","_CMDLINE":"/usr/local/bin/wg-zk-daemon","_TRANSPORT":"stdout","_SYSTEMD_UNIT":"wgzk-m7@wgc4.service","_SYSTEMD_INVOCATION_ID":"aae8a848f7c04e8d91719ecf4f01a81f"}
{"__REALTIME_TIMESTAMP":"1790766495892163","_SYSTEMD_UNIT":"wgzk-m7@wgc4.service","_CAP_EFFECTIVE":"1ffffffffff","_MACHINE_ID":"6334201a93644f82a11c836f3c84a03f","_STREAM_ID":"8910f15f2b1b4117bbf4d3abf03e8562","_SYSTEMD_SLICE":"system-wgzk\\x2dm7.slice","__MONOTONIC_TIMESTAMP":"812234830","_UID":"0","_SELINUX_CONTEXT":"unconfined\n","_SYSTEMD_INVOCATION_ID":"aae8a848f7c04e8d91719ecf4f01a81f","_BOOT_ID":"dfcb8dac886d4627bbdfedf02e3e59de","PRIORITY":"6","_PID":"7084","SYSLOG_IDENTIFIER":"env","_TRANSPORT":"stdout","MESSAGE":"[timing] side=client token=558977780 nonce_prefix=89076d76 result=ok zk_us=45 encap_us=72 tls_us=4383 write_us=32 psk_us=21 tail_us=1 total_us=4615","_COMM":"wg-zk-daemon","_GID":"0","_EXE":"/usr/local/bin/wg-zk-daemon","_SYSTEMD_CGROUP":"/system.slice/system-wgzk\\x2dm7.slice/wgzk-m7@wgc4.service","SYSLOG_FACILITY":"3","_HOSTNAME":"wgzk-client","__CURSOR":"s=a04ba51497c94fceb15b4fa2d2c14874;i=466d;b=dfcb8dac886d4627bbdfedf02e3e59de;m=3069b84e;t=65cb150dd02c3;x=e7681c247a65d790","_CMDLINE":"/usr/local/bin/wg-zk-daemon"}
{"_STREAM_ID":"8910f15f2b1b4117bbf4d3abf03e8562","__CURSOR":"s=a04ba51497c94fceb15b4fa2d2c14874;i=46ab;b=dfcb8dac886d4627bbdfedf02e3e59de;m=307e3911;t=65cb150f18385;x=e6af0135389c016e","_SYSTEMD_SLICE":"system-wgzk\\x2dm7.slice","_TRANSPORT":"stdout","_PID":"7084","_HOSTNAME":"wgzk-client","SYSLOG_IDENTIFIER":"env","SYSLOG_FACILITY":"3","_EXE":"/usr/local/bin/wg-zk-daemon","PRIORITY":"6","_MACHINE_ID":"6334201a93644f82a11c836f3c84a03f","_COMM":"wg-zk-daemon","__MONOTONIC_TIMESTAMP":"813578513","__REALTIME_TIMESTAMP":"1790766497235845","_SYSTEMD_CGROUP":"/system.slice/system-wgzk\\x2dm7.slice/wgzk-m7@wgc4.service","_SYSTEMD_UNIT":"wgzk-m7@wgc4.service","_UID":"0","_CAP_EFFECTIVE":"1ffffffffff","_BOOT_ID":"dfcb8dac886d4627bbdfedf02e3e59de","_CMDLINE":"/usr/local/bin/wg-zk-daemon","_SYSTEMD_INVOCATION_ID":"aae8a848f7c04e8d91719ecf4f01a81f","_GID":"0","_SELINUX_CONTEXT":"unconfined\n","MESSAGE":"[timing] side=client token=1543093204 nonce_prefix=678aa4a7 result=ok zk_us=45 encap_us=143 tls_us=3082 write_us=53 psk_us=143 tail_us=1 total_us=3527"}
{"_UID":"0","SYSLOG_FACILITY":"3","_CAP_EFFECTIVE":"1ffffffffff","_GID":"0","_MACHINE_ID":"6334201a93644f82a11c836f3c84a03f","SYSLOG_IDENTIFIER":"env","__CURSOR":"s=a04ba51497c94fceb15b4fa2d2c14874;i=46d9;b=dfcb8dac886d4627bbdfedf02e3e59de;m=3092c1c4;t=65cb151060c39;x=a5df92ab959bbfb8","__MONOTONIC_TIMESTAMP":"814924228","_TRANSPORT":"stdout","PRIORITY":"6","MESSAGE":"[timing] side=client token=839054249 nonce_prefix=8093ea8d result=ok zk_us=45 encap_us=74 tls_us=3431 write_us=10 psk_us=23 tail_us=1 total_us=3638","_COMM":"wg-zk-daemon","_SELINUX_CONTEXT":"unconfined\n","__REALTIME_TIMESTAMP":"1790766498581561","_SYSTEMD_CGROUP":"/system.slice/system-wgzk\\x2dm7.slice/wgzk-m7@wgc4.service","_SYSTEMD_SLICE":"system-wgzk\\x2dm7.slice","_STREAM_ID":"8910f15f2b1b4117bbf4d3abf03e8562","_SYSTEMD_UNIT":"wgzk-m7@wgc4.service","_PID":"7084","_BOOT_ID":"dfcb8dac886d4627bbdfedf02e3e59de","_SYSTEMD_INVOCATION_ID":"aae8a848f7c04e8d91719ecf4f01a81f","_HOSTNAME":"wgzk-client","_CMDLINE":"/usr/local/bin/wg-zk-daemon","_EXE":"/usr/local/bin/wg-zk-daemon"}
{"_CMDLINE":"/usr/local/bin/wg-zk-daemon","__CURSOR":"s=a04ba51497c94fceb15b4fa2d2c14874;i=472d;b=dfcb8dac886d4627bbdfedf02e3e59de;m=30a75cbb;t=65cb1511aa72f;x=338c148f54d80c14","_EXE":"/usr/local/bin/wg-zk-daemon","_GID":"0","_SYSTEMD_CGROUP":"/system.slice/system-wgzk\\x2dm7.slice/wgzk-m7@wgc4.service","_COMM":"wg-zk-daemon","_PID":"7084","SYSLOG_IDENTIFIER":"env","_SYSTEMD_UNIT":"wgzk-m7@wgc4.service","_MACHINE_ID":"6334201a93644f82a11c836f3c84a03f","__MONOTONIC_TIMESTAMP":"816274619","_CAP_EFFECTIVE":"1ffffffffff","_HOSTNAME":"wgzk-client","__REALTIME_TIMESTAMP":"1790766499931951","_BOOT_ID":"dfcb8dac886d4627bbdfedf02e3e59de","_SYSTEMD_INVOCATION_ID":"aae8a848f7c04e8d91719ecf4f01a81f","_SELINUX_CONTEXT":"unconfined\n","_STREAM_ID":"8910f15f2b1b4117bbf4d3abf03e8562","MESSAGE":"[timing] side=client token=3261172444 nonce_prefix=49db1091 result=ok zk_us=167 encap_us=98 tls_us=5395 write_us=8 psk_us=21 tail_us=1 total_us=5749","_TRANSPORT":"stdout","SYSLOG_FACILITY":"3","PRIORITY":"6","_UID":"0","_SYSTEMD_SLICE":"system-wgzk\\x2dm7.slice"}
{"_GID":"0","_SELINUX_CONTEXT":"unconfined\n","_HOSTNAME":"wgzk-client","__MONOTONIC_TIMESTAMP":"817620787","__CURSOR":"s=a04ba51497c94fceb15b4fa2d2c14874;i=476a;b=dfcb8dac886d4627bbdfedf02e3e59de;m=30bbe733;t=65cb1512f31a8;x=efe49e3302a3c2a4","_CAP_EFFECTIVE":"1ffffffffff","SYSLOG_IDENTIFIER":"env","_TRANSPORT":"stdout","_SYSTEMD_CGROUP":"/system.slice/system-wgzk\\x2dm7.slice/wgzk-m7@wgc4.service","__REALTIME_TIMESTAMP":"1790766501278120","_CMDLINE":"/usr/local/bin/wg-zk-daemon","_MACHINE_ID":"6334201a93644f82a11c836f3c84a03f","_UID":"0","_SYSTEMD_UNIT":"wgzk-m7@wgc4.service","_PID":"7084","_EXE":"/usr/local/bin/wg-zk-daemon","_STREAM_ID":"8910f15f2b1b4117bbf4d3abf03e8562","SYSLOG_FACILITY":"3","_SYSTEMD_INVOCATION_ID":"aae8a848f7c04e8d91719ecf4f01a81f","MESSAGE":"[timing] side=client token=4145581179 nonce_prefix=808b2d9b result=ok zk_us=45 encap_us=76 tls_us=5007 write_us=33 psk_us=39 tail_us=1 total_us=5292","_COMM":"wg-zk-daemon","_BOOT_ID":"dfcb8dac886d4627bbdfedf02e3e59de","_SYSTEMD_SLICE":"system-wgzk\\x2dm7.slice","PRIORITY":"6"}
{"_EXE":"/usr/local/bin/wg-zk-daemon","_SELINUX_CONTEXT":"unconfined\n","_CAP_EFFECTIVE":"1ffffffffff","__REALTIME_TIMESTAMP":"1790766502625877","_STREAM_ID":"8910f15f2b1b4117bbf4d3abf03e8562","_MACHINE_ID":"6334201a93644f82a11c836f3c84a03f","SYSLOG_FACILITY":"3","PRIORITY":"6","_CMDLINE":"/usr/local/bin/wg-zk-daemon","_TRANSPORT":"stdout","__CURSOR":"s=a04ba51497c94fceb15b4fa2d2c14874;i=47aa;b=dfcb8dac886d4627bbdfedf02e3e59de;m=30d077e0;t=65cb15143c255;x=f96deec0e59723b9","_PID":"7084","_GID":"0","_SYSTEMD_SLICE":"system-wgzk\\x2dm7.slice","SYSLOG_IDENTIFIER":"env","_BOOT_ID":"dfcb8dac886d4627bbdfedf02e3e59de","_UID":"0","_HOSTNAME":"wgzk-client","_SYSTEMD_CGROUP":"/system.slice/system-wgzk\\x2dm7.slice/wgzk-m7@wgc4.service","_SYSTEMD_INVOCATION_ID":"aae8a848f7c04e8d91719ecf4f01a81f","_COMM":"wg-zk-daemon","__MONOTONIC_TIMESTAMP":"818968544","_SYSTEMD_UNIT":"wgzk-m7@wgc4.service","MESSAGE":"[timing] side=client token=4198687597 nonce_prefix=7ab7d4bd result=ok zk_us=45 encap_us=107 tls_us=4774 write_us=28 psk_us=40 tail_us=1 total_us=5336"}
{"SYSLOG_FACILITY":"3","__CURSOR":"s=a04ba51497c94fceb15b4fa2d2c14874;i=47da;b=dfcb8dac886d4627bbdfedf02e3e59de;m=30e51eca;t=65cb15158693e;x=e28ed7368626afe","_TRANSPORT":"stdout","SYSLOG_IDENTIFIER":"env","__MONOTONIC_TIMESTAMP":"820321994","_MACHINE_ID":"6334201a93644f82a11c836f3c84a03f","_COMM":"wg-zk-daemon","MESSAGE":"[timing] side=client token=951358420 nonce_prefix=7ecdbd9c result=ok zk_us=45 encap_us=270 tls_us=1445 write_us=8 psk_us=44 tail_us=1 total_us=1852","_PID":"7084","_SYSTEMD_CGROUP":"/system.slice/system-wgzk\\x2dm7.slice/wgzk-m7@wgc4.service","_CAP_EFFECTIVE":"1ffffffffff","_UID":"0","_STREAM_ID":"8910f15f2b1b4117bbf4d3abf03e8562","__REALTIME_TIMESTAMP":"1790766503979326","_SYSTEMD_INVOCATION_ID":"aae8a848f7c04e8d91719ecf4f01a81f","_SYSTEMD_UNIT":"wgzk-m7@wgc4.service","_HOSTNAME":"wgzk-client","_GID":"0","PRIORITY":"6","_CMDLINE":"/usr/local/bin/wg-zk-daemon","_EXE":"/usr/local/bin/wg-zk-daemon","_SYSTEMD_SLICE":"system-wgzk\\x2dm7.slice","_SELINUX_CONTEXT":"unconfined\n","_BOOT_ID":"dfcb8dac886d4627bbdfedf02e3e59de"}
[exit 0]

$ [client] journalctl -u wgzk-m7@wgc5.service -o json --no-pager --after-cursor='s=a04ba51497c94fceb15b4fa2d2c14874;i=406b;b=dfcb8dac886d4627bbdfedf02e3e59de;m=2e2a501e;t=65cb14e9d9a93;x=ed12b4de957036ca' | grep -F '[timing]' || true
{"_COMM":"wg-zk-daemon","_CMDLINE":"/usr/local/bin/wg-zk-daemon","__CURSOR":"s=a04ba51497c94fceb15b4fa2d2c14874;i=40ad;b=dfcb8dac886d4627bbdfedf02e3e59de;m=2e8eb8d2;t=65cb14f020346;x=d965a8cb9dc4222a","PRIORITY":"6","_EXE":"/usr/local/bin/wg-zk-daemon","SYSLOG_FACILITY":"3","_CAP_EFFECTIVE":"1ffffffffff","_SYSTEMD_SLICE":"system-wgzk\\x2dm7.slice","_STREAM_ID":"61315d57e66b4fbb9fe2fbb1ebdfc3ba","MESSAGE":"[timing] side=client token=4088776937 nonce_prefix=3a5267e2 result=ok zk_us=109 encap_us=93 tls_us=6010 write_us=40 psk_us=400 tail_us=1 total_us=6717","_SELINUX_CONTEXT":"unconfined\n","_GID":"0","_TRANSPORT":"stdout","SYSLOG_IDENTIFIER":"env","_MACHINE_ID":"6334201a93644f82a11c836f3c84a03f","_BOOT_ID":"dfcb8dac886d4627bbdfedf02e3e59de","__REALTIME_TIMESTAMP":"1790766464762694","_SYSTEMD_CGROUP":"/system.slice/system-wgzk\\x2dm7.slice/wgzk-m7@wgc5.service","_SYSTEMD_INVOCATION_ID":"79c4de9bed4e45fdbc236e44671f194c","_HOSTNAME":"wgzk-client","_SYSTEMD_UNIT":"wgzk-m7@wgc5.service","_PID":"7138","__MONOTONIC_TIMESTAMP":"781105362","_UID":"0"}
{"_CAP_EFFECTIVE":"1ffffffffff","_COMM":"wg-zk-daemon","_CMDLINE":"/usr/local/bin/wg-zk-daemon","_SYSTEMD_INVOCATION_ID":"79c4de9bed4e45fdbc236e44671f194c","_GID":"0","PRIORITY":"6","_PID":"7138","_STREAM_ID":"61315d57e66b4fbb9fe2fbb1ebdfc3ba","MESSAGE":"[timing] side=client token=2348107978 nonce_prefix=78c6963b result=ok zk_us=53 encap_us=109 tls_us=1764 write_us=7 psk_us=37 tail_us=1 total_us=2083","_UID":"0","_TRANSPORT":"stdout","_HOSTNAME":"wgzk-client","_EXE":"/usr/local/bin/wg-zk-daemon","__CURSOR":"s=a04ba51497c94fceb15b4fa2d2c14874;i=40ed;b=dfcb8dac886d4627bbdfedf02e3e59de;m=2ea38607;t=65cb14f16d07b;x=63e5c778998f2539","_SELINUX_CONTEXT":"unconfined\n","SYSLOG_IDENTIFIER":"env","_SYSTEMD_SLICE":"system-wgzk\\x2dm7.slice","SYSLOG_FACILITY":"3","_SYSTEMD_CGROUP":"/system.slice/system-wgzk\\x2dm7.slice/wgzk-m7@wgc5.service","__MONOTONIC_TIMESTAMP":"782468615","_SYSTEMD_UNIT":"wgzk-m7@wgc5.service","_BOOT_ID":"dfcb8dac886d4627bbdfedf02e3e59de","__REALTIME_TIMESTAMP":"1790766466125947","_MACHINE_ID":"6334201a93644f82a11c836f3c84a03f"}
{"MESSAGE":"[timing] side=client token=1278067140 nonce_prefix=29399b23 result=ok zk_us=46 encap_us=186 tls_us=5019 write_us=34 psk_us=37 tail_us=1 total_us=5392","_MACHINE_ID":"6334201a93644f82a11c836f3c84a03f","_SYSTEMD_UNIT":"wgzk-m7@wgc5.service","_CMDLINE":"/usr/local/bin/wg-zk-daemon","_TRANSPORT":"stdout","_EXE":"/usr/local/bin/wg-zk-daemon","PRIORITY":"6","__CURSOR":"s=a04ba51497c94fceb15b4fa2d2c14874;i=412a;b=dfcb8dac886d4627bbdfedf02e3e59de;m=2eb82a01;t=65cb14f2b7475;x=35f1ef2c7696ff0","SYSLOG_IDENTIFIER":"env","_CAP_EFFECTIVE":"1ffffffffff","_GID":"0","__REALTIME_TIMESTAMP":"1790766467478645","_PID":"7138","_SYSTEMD_SLICE":"system-wgzk\\x2dm7.slice","_SELINUX_CONTEXT":"unconfined\n","_STREAM_ID":"61315d57e66b4fbb9fe2fbb1ebdfc3ba","__MONOTONIC_TIMESTAMP":"783821313","_UID":"0","_SYSTEMD_INVOCATION_ID":"79c4de9bed4e45fdbc236e44671f194c","_SYSTEMD_CGROUP":"/system.slice/system-wgzk\\x2dm7.slice/wgzk-m7@wgc5.service","_BOOT_ID":"dfcb8dac886d4627bbdfedf02e3e59de","_COMM":"wg-zk-daemon","SYSLOG_FACILITY":"3","_HOSTNAME":"wgzk-client"}
{"_UID":"0","_SYSTEMD_CGROUP":"/system.slice/system-wgzk\\x2dm7.slice/wgzk-m7@wgc5.service","_STREAM_ID":"61315d57e66b4fbb9fe2fbb1ebdfc3ba","_HOSTNAME":"wgzk-client","_CAP_EFFECTIVE":"1ffffffffff","_SELINUX_CONTEXT":"unconfined\n","_GID":"0","_TRANSPORT":"stdout","__CURSOR":"s=a04ba51497c94fceb15b4fa2d2c14874;i=4166;b=dfcb8dac886d4627bbdfedf02e3e59de;m=2eccb53d;t=65cb14f3fffb1;x=e49c022548035797","SYSLOG_IDENTIFIER":"env","_MACHINE_ID":"6334201a93644f82a11c836f3c84a03f","_SYSTEMD_UNIT":"wgzk-m7@wgc5.service","SYSLOG_FACILITY":"3","_BOOT_ID":"dfcb8dac886d4627bbdfedf02e3e59de","__REALTIME_TIMESTAMP":"1790766468825009","__MONOTONIC_TIMESTAMP":"785167677","_CMDLINE":"/usr/local/bin/wg-zk-daemon","_EXE":"/usr/local/bin/wg-zk-daemon","_COMM":"wg-zk-daemon","MESSAGE":"[timing] side=client token=3468191342 nonce_prefix=b01adb2c result=ok zk_us=44 encap_us=76 tls_us=1797 write_us=28 psk_us=22 tail_us=1 total_us=2582","_SYSTEMD_SLICE":"system-wgzk\\x2dm7.slice","_SYSTEMD_INVOCATION_ID":"79c4de9bed4e45fdbc236e44671f194c","_PID":"7138","PRIORITY":"6"}
{"__MONOTONIC_TIMESTAMP":"786517583","_UID":"0","_STREAM_ID":"61315d57e66b4fbb9fe2fbb1ebdfc3ba","_PID":"7138","_CAP_EFFECTIVE":"1ffffffffff","_TRANSPORT":"stdout","_CMDLINE":"/usr/local/bin/wg-zk-daemon","__CURSOR":"s=a04ba51497c94fceb15b4fa2d2c14874;i=419c;b=dfcb8dac886d4627bbdfedf02e3e59de;m=2ee14e4f;t=65cb14f5498c4;x=85a6490f81824a82","SYSLOG_FACILITY":"3","_COMM":"wg-zk-daemon","MESSAGE":"[timing] side=client token=1705911239 nonce_prefix=a93ccdad result=ok zk_us=45 encap_us=73 tls_us=1605 write_us=31 psk_us=32 tail_us=1 total_us=1895","__REALTIME_TIMESTAMP":"1790766470174916","_SYSTEMD_UNIT":"wgzk-m7@wgc5.service","_HOSTNAME":"wgzk-client","_EXE":"/usr/local/bin/wg-zk-daemon","_MACHINE_ID":"6334201a93644f82a11c836f3c84a03f","_SYSTEMD_SLICE":"system-wgzk\\x2dm7.slice","_SYSTEMD_INVOCATION_ID":"79c4de9bed4e45fdbc236e44671f194c","_SELINUX_CONTEXT":"unconfined\n","PRIORITY":"6","_BOOT_ID":"dfcb8dac886d4627bbdfedf02e3e59de","SYSLOG_IDENTIFIER":"env","_GID":"0","_SYSTEMD_CGROUP":"/system.slice/system-wgzk\\x2dm7.slice/wgzk-m7@wgc5.service"}
{"_PID":"7138","_SYSTEMD_INVOCATION_ID":"79c4de9bed4e45fdbc236e44671f194c","_SYSTEMD_UNIT":"wgzk-m7@wgc5.service","_SYSTEMD_CGROUP":"/system.slice/system-wgzk\\x2dm7.slice/wgzk-m7@wgc5.service","_TRANSPORT":"stdout","_SELINUX_CONTEXT":"unconfined\n","__MONOTONIC_TIMESTAMP":"787876380","_EXE":"/usr/local/bin/wg-zk-daemon","__CURSOR":"s=a04ba51497c94fceb15b4fa2d2c14874;i=41ea;b=dfcb8dac886d4627bbdfedf02e3e59de;m=2ef60a1c;t=65cb14f695490;x=a7bc212ee0fc05a7","SYSLOG_IDENTIFIER":"env","_STREAM_ID":"61315d57e66b4fbb9fe2fbb1ebdfc3ba","_BOOT_ID":"dfcb8dac886d4627bbdfedf02e3e59de","_COMM":"wg-zk-daemon","_UID":"0","__REALTIME_TIMESTAMP":"1790766471533712","_MACHINE_ID":"6334201a93644f82a11c836f3c84a03f","_HOSTNAME":"wgzk-client","_CAP_EFFECTIVE":"1ffffffffff","SYSLOG_FACILITY":"3","MESSAGE":"[timing] side=client token=2189046736 nonce_prefix=07d88278 result=ok zk_us=77 encap_us=96 tls_us=2706 write_us=14 psk_us=40 tail_us=1 total_us=2982","_GID":"0","_CMDLINE":"/usr/local/bin/wg-zk-daemon","_SYSTEMD_SLICE":"system-wgzk\\x2dm7.slice","PRIORITY":"6"}
{"_TRANSPORT":"stdout","PRIORITY":"6","_STREAM_ID":"61315d57e66b4fbb9fe2fbb1ebdfc3ba","_CMDLINE":"/usr/local/bin/wg-zk-daemon","SYSLOG_FACILITY":"3","_PID":"7138","_SYSTEMD_CGROUP":"/system.slice/system-wgzk\\x2dm7.slice/wgzk-m7@wgc5.service","_BOOT_ID":"dfcb8dac886d4627bbdfedf02e3e59de","_SYSTEMD_UNIT":"wgzk-m7@wgc5.service","__REALTIME_TIMESTAMP":"1790766472889549","SYSLOG_IDENTIFIER":"env","MESSAGE":"[timing] side=client token=2402013329 nonce_prefix=18d4911a result=ok zk_us=45 encap_us=72 tls_us=4538 write_us=7 psk_us=22 tail_us=1 total_us=4727","__CURSOR":"s=a04ba51497c94fceb15b4fa2d2c14874;i=4229;b=dfcb8dac886d4627bbdfedf02e3e59de;m=2f0aba59;t=65cb14f7e04cd;x=cd197167d0b8b67c","_MACHINE_ID":"6334201a93644f82a11c836f3c84a03f","_EXE":"/usr/local/bin/wg-zk-daemon","_SYSTEMD_SLICE":"system-wgzk\\x2dm7.slice","_GID":"0","_COMM":"wg-zk-daemon","_HOSTNAME":"wgzk-client","_UID":"0","__MONOTONIC_TIMESTAMP":"789232217","_CAP_EFFECTIVE":"1ffffffffff","_SYSTEMD_INVOCATION_ID":"79c4de9bed4e45fdbc236e44671f194c","_SELINUX_CONTEXT":"unconfined\n"}
{"_SYSTEMD_SLICE":"system-wgzk\\x2dm7.slice","_CMDLINE":"/usr/local/bin/wg-zk-daemon","_PID":"7138","MESSAGE":"[timing] side=client token=220015687 nonce_prefix=86f55a9a result=ok zk_us=45 encap_us=73 tls_us=3234 write_us=27 psk_us=40 tail_us=1 total_us=3593","_SELINUX_CONTEXT":"unconfined\n","_MACHINE_ID":"6334201a93644f82a11c836f3c84a03f","SYSLOG_FACILITY":"3","PRIORITY":"6","_GID":"0","__REALTIME_TIMESTAMP":"1790766474238965","_COMM":"wg-zk-daemon","_SYSTEMD_CGROUP":"/system.slice/system-wgzk\\x2dm7.slice/wgzk-m7@wgc5.service","__CURSOR":"s=a04ba51497c94fceb15b4fa2d2c14874;i=426a;b=dfcb8dac886d4627bbdfedf02e3e59de;m=2f1f5181;t=65cb14f929bf5;x=ec861cb30e23e938","_HOSTNAME":"wgzk-client","__MONOTONIC_TIMESTAMP":"790581633","_SYSTEMD_INVOCATION_ID":"79c4de9bed4e45fdbc236e44671f194c","_SYSTEMD_UNIT":"wgzk-m7@wgc5.service","_BOOT_ID":"dfcb8dac886d4627bbdfedf02e3e59de","_CAP_EFFECTIVE":"1ffffffffff","_EXE":"/usr/local/bin/wg-zk-daemon","_TRANSPORT":"stdout","_UID":"0","_STREAM_ID":"61315d57e66b4fbb9fe2fbb1ebdfc3ba","SYSLOG_IDENTIFIER":"env"}
{"_BOOT_ID":"dfcb8dac886d4627bbdfedf02e3e59de","_EXE":"/usr/local/bin/wg-zk-daemon","_SYSTEMD_CGROUP":"/system.slice/system-wgzk\\x2dm7.slice/wgzk-m7@wgc5.service","__REALTIME_TIMESTAMP":"1790766475600110","_GID":"0","_TRANSPORT":"stdout","_CAP_EFFECTIVE":"1ffffffffff","PRIORITY":"6","_COMM":"wg-zk-daemon","_PID":"7138","_MACHINE_ID":"6334201a93644f82a11c836f3c84a03f","__MONOTONIC_TIMESTAMP":"791942778","_SYSTEMD_UNIT":"wgzk-m7@wgc5.service","_SYSTEMD_INVOCATION_ID":"79c4de9bed4e45fdbc236e44671f194c","_SELINUX_CONTEXT":"unconfined\n","_SYSTEMD_SLICE":"system-wgzk\\x2dm7.slice","_STREAM_ID":"61315d57e66b4fbb9fe2fbb1ebdfc3ba","__CURSOR":"s=a04ba51497c94fceb15b4fa2d2c14874;i=42ac;b=dfcb8dac886d4627bbdfedf02e3e59de;m=2f34167a;t=65cb14fa760ee;x=4812c0a48477f0e8","_CMDLINE":"/usr/local/bin/wg-zk-daemon","_HOSTNAME":"wgzk-client","MESSAGE":"[timing] side=client token=1314669290 nonce_prefix=8fa8c179 result=ok zk_us=90 encap_us=73 tls_us=4896 write_us=27 psk_us=21 tail_us=1 total_us=5206","_UID":"0","SYSLOG_IDENTIFIER":"env","SYSLOG_FACILITY":"3"}
{"__MONOTONIC_TIMESTAMP":"793288167","_PID":"7138","_MACHINE_ID":"6334201a93644f82a11c836f3c84a03f","SYSLOG_FACILITY":"3","_UID":"0","_CAP_EFFECTIVE":"1ffffffffff","PRIORITY":"6","_HOSTNAME":"wgzk-client","MESSAGE":"[timing] side=client token=3134099789 nonce_prefix=101bf7b8 result=ok zk_us=46 encap_us=73 tls_us=4654 write_us=27 psk_us=63 tail_us=1 total_us=4931","_TRANSPORT":"stdout","_SYSTEMD_SLICE":"system-wgzk\\x2dm7.slice","__REALTIME_TIMESTAMP":"1790766476945499","_SYSTEMD_INVOCATION_ID":"79c4de9bed4e45fdbc236e44671f194c","_BOOT_ID":"dfcb8dac886d4627bbdfedf02e3e59de","__CURSOR":"s=a04ba51497c94fceb15b4fa2d2c14874;i=42ea;b=dfcb8dac886d4627bbdfedf02e3e59de;m=2f489de7;t=65cb14fbbe85b;x=5ca2d007a01a37a1","_CMDLINE":"/usr/local/bin/wg-zk-daemon","_SYSTEMD_CGROUP":"/system.slice/system-wgzk\\x2dm7.slice/wgzk-m7@wgc5.service","SYSLOG_IDENTIFIER":"env","_SELINUX_CONTEXT":"unconfined\n","_STREAM_ID":"61315d57e66b4fbb9fe2fbb1ebdfc3ba","_EXE":"/usr/local/bin/wg-zk-daemon","_SYSTEMD_UNIT":"wgzk-m7@wgc5.service","_COMM":"wg-zk-daemon","_GID":"0"}
{"MESSAGE":"[timing] side=client token=1309301275 nonce_prefix=01fad24f result=ok zk_us=43 encap_us=75 tls_us=2534 write_us=24 psk_us=40 tail_us=1 total_us=3025","_MACHINE_ID":"6334201a93644f82a11c836f3c84a03f","__REALTIME_TIMESTAMP":"1790766478311368","_BOOT_ID":"dfcb8dac886d4627bbdfedf02e3e59de","_SYSTEMD_UNIT":"wgzk-m7@wgc5.service","SYSLOG_FACILITY":"3","_GID":"0","_COMM":"wg-zk-daemon","_STREAM_ID":"61315d57e66b4fbb9fe2fbb1ebdfc3ba","_CAP_EFFECTIVE":"1ffffffffff","__MONOTONIC_TIMESTAMP":"794654035","_TRANSPORT":"stdout","_PID":"7138","_SYSTEMD_SLICE":"system-wgzk\\x2dm7.slice","__CURSOR":"s=a04ba51497c94fceb15b4fa2d2c14874;i=4307;b=dfcb8dac886d4627bbdfedf02e3e59de;m=2f5d7553;t=65cb14fd0bfc8;x=fbf717b2633d6155","_SYSTEMD_CGROUP":"/system.slice/system-wgzk\\x2dm7.slice/wgzk-m7@wgc5.service","PRIORITY":"6","_EXE":"/usr/local/bin/wg-zk-daemon","_SYSTEMD_INVOCATION_ID":"79c4de9bed4e45fdbc236e44671f194c","_UID":"0","SYSLOG_IDENTIFIER":"env","_SELINUX_CONTEXT":"unconfined\n","_HOSTNAME":"wgzk-client","_CMDLINE":"/usr/local/bin/wg-zk-daemon"}
{"_SYSTEMD_INVOCATION_ID":"79c4de9bed4e45fdbc236e44671f194c","_CAP_EFFECTIVE":"1ffffffffff","_HOSTNAME":"wgzk-client","__REALTIME_TIMESTAMP":"1790766479666479","_SYSTEMD_SLICE":"system-wgzk\\x2dm7.slice","MESSAGE":"[timing] side=client token=450800526 nonce_prefix=29c4bab3 result=ok zk_us=45 encap_us=73 tls_us=6328 write_us=13 psk_us=36 tail_us=1 total_us=6571","_UID":"0","_MACHINE_ID":"6334201a93644f82a11c836f3c84a03f","__MONOTONIC_TIMESTAMP":"796009147","_COMM":"wg-zk-daemon","_BOOT_ID":"dfcb8dac886d4627bbdfedf02e3e59de","_STREAM_ID":"61315d57e66b4fbb9fe2fbb1ebdfc3ba","PRIORITY":"6","__CURSOR":"s=a04ba51497c94fceb15b4fa2d2c14874;i=436d;b=dfcb8dac886d4627bbdfedf02e3e59de;m=2f7222bb;t=65cb14fe56d2f;x=4ac86dca3b54eca9","_GID":"0","_SELINUX_CONTEXT":"unconfined\n","_EXE":"/usr/local/bin/wg-zk-daemon","_TRANSPORT":"stdout","SYSLOG_FACILITY":"3","_CMDLINE":"/usr/local/bin/wg-zk-daemon","_SYSTEMD_CGROUP":"/system.slice/system-wgzk\\x2dm7.slice/wgzk-m7@wgc5.service","_PID":"7138","_SYSTEMD_UNIT":"wgzk-m7@wgc5.service","SYSLOG_IDENTIFIER":"env"}
{"_EXE":"/usr/local/bin/wg-zk-daemon","_BOOT_ID":"dfcb8dac886d4627bbdfedf02e3e59de","_PID":"7138","_SYSTEMD_SLICE":"system-wgzk\\x2dm7.slice","__REALTIME_TIMESTAMP":"1790766481002082","_SELINUX_CONTEXT":"unconfined\n","MESSAGE":"[timing] side=client token=1220706464 nonce_prefix=7ec536a1 result=ok zk_us=45 encap_us=78 tls_us=2612 write_us=8 psk_us=21 tail_us=1 total_us=2825","__CURSOR":"s=a04ba51497c94fceb15b4fa2d2c14874;i=439b;b=dfcb8dac886d4627bbdfedf02e3e59de;m=2f8683ee;t=65cb14ff9ce62;x=bae9c862cf8bbdf6","__MONOTONIC_TIMESTAMP":"797344750","_COMM":"wg-zk-daemon","_MACHINE_ID":"6334201a93644f82a11c836f3c84a03f","_SYSTEMD_INVOCATION_ID":"79c4de9bed4e45fdbc236e44671f194c","_GID":"0","_TRANSPORT":"stdout","_STREAM_ID":"61315d57e66b4fbb9fe2fbb1ebdfc3ba","PRIORITY":"6","_SYSTEMD_UNIT":"wgzk-m7@wgc5.service","SYSLOG_IDENTIFIER":"env","_HOSTNAME":"wgzk-client","SYSLOG_FACILITY":"3","_SYSTEMD_CGROUP":"/system.slice/system-wgzk\\x2dm7.slice/wgzk-m7@wgc5.service","_UID":"0","_CAP_EFFECTIVE":"1ffffffffff","_CMDLINE":"/usr/local/bin/wg-zk-daemon"}
{"_BOOT_ID":"dfcb8dac886d4627bbdfedf02e3e59de","_CAP_EFFECTIVE":"1ffffffffff","__MONOTONIC_TIMESTAMP":"798696509","MESSAGE":"[timing] side=client token=258411955 nonce_prefix=6ef0d157 result=ok zk_us=45 encap_us=73 tls_us=1106 write_us=29 psk_us=42 tail_us=1 total_us=1384","_EXE":"/usr/local/bin/wg-zk-daemon","_SYSTEMD_INVOCATION_ID":"79c4de9bed4e45fdbc236e44671f194c","__CURSOR":"s=a04ba51497c94fceb15b4fa2d2c14874;i=43d6;b=dfcb8dac886d4627bbdfedf02e3e59de;m=2f9b243d;t=65cb1500e6eb1;x=edd76602b03a0dca","_CMDLINE":"/usr/local/bin/wg-zk-daemon","_PID":"7138","_SELINUX_CONTEXT":"unconfined\n","_SYSTEMD_CGROUP":"/system.slice/system-wgzk\\x2dm7.slice/wgzk-m7@wgc5.service","_SYSTEMD_UNIT":"wgzk-m7@wgc5.service","_HOSTNAME":"wgzk-client","SYSLOG_IDENTIFIER":"env","_MACHINE_ID":"6334201a93644f82a11c836f3c84a03f","PRIORITY":"6","SYSLOG_FACILITY":"3","_SYSTEMD_SLICE":"system-wgzk\\x2dm7.slice","_COMM":"wg-zk-daemon","__REALTIME_TIMESTAMP":"1790766482353841","_UID":"0","_STREAM_ID":"61315d57e66b4fbb9fe2fbb1ebdfc3ba","_TRANSPORT":"stdout","_GID":"0"}
{"_SYSTEMD_SLICE":"system-wgzk\\x2dm7.slice","_GID":"0","SYSLOG_FACILITY":"3","_SYSTEMD_INVOCATION_ID":"79c4de9bed4e45fdbc236e44671f194c","MESSAGE":"[timing] side=client token=3223611471 nonce_prefix=85c28c4e result=ok zk_us=55 encap_us=107 tls_us=3183 write_us=36 psk_us=43 tail_us=1 total_us=3516","_SELINUX_CONTEXT":"unconfined\n","_MACHINE_ID":"6334201a93644f82a11c836f3c84a03f","_CAP_EFFECTIVE":"1ffffffffff","_EXE":"/usr/local/bin/wg-zk-daemon","_PID":"7138","_UID":"0","_BOOT_ID":"dfcb8dac886d4627bbdfedf02e3e59de","__REALTIME_TIMESTAMP":"1790766483725649","_SYSTEMD_CGROUP":"/system.slice/system-wgzk\\x2dm7.slice/wgzk-m7@wgc5.service","_SYSTEMD_UNIT":"wgzk-m7@wgc5.service","SYSLOG_IDENTIFIER":"env","__MONOTONIC_TIMESTAMP":"800068316","_HOSTNAME":"wgzk-client","_CMDLINE":"/usr/local/bin/wg-zk-daemon","_STREAM_ID":"61315d57e66b4fbb9fe2fbb1ebdfc3ba","_TRANSPORT":"stdout","__CURSOR":"s=a04ba51497c94fceb15b4fa2d2c14874;i=442c;b=dfcb8dac886d4627bbdfedf02e3e59de;m=2fb012dc;t=65cb150235d51;x=472f7070165dc059","PRIORITY":"6","_COMM":"wg-zk-daemon"}
{"__MONOTONIC_TIMESTAMP":"801424580","PRIORITY":"6","_SELINUX_CONTEXT":"unconfined\n","_COMM":"wg-zk-daemon","_SYSTEMD_INVOCATION_ID":"79c4de9bed4e45fdbc236e44671f194c","_TRANSPORT":"stdout","_SYSTEMD_SLICE":"system-wgzk\\x2dm7.slice","_PID":"7138","__CURSOR":"s=a04ba51497c94fceb15b4fa2d2c14874;i=446d;b=dfcb8dac886d4627bbdfedf02e3e59de;m=2fc4c4c4;t=65cb150380f38;x=e2f481deca529c48","_STREAM_ID":"61315d57e66b4fbb9fe2fbb1ebdfc3ba","SYSLOG_IDENTIFIER":"env","_SYSTEMD_CGROUP":"/system.slice/system-wgzk\\x2dm7.slice/wgzk-m7@wgc5.service","_HOSTNAME":"wgzk-client","MESSAGE":"[timing] side=client token=2700064567 nonce_prefix=9e1f3629 result=ok zk_us=45 encap_us=72 tls_us=1887 write_us=8 psk_us=38 tail_us=1 total_us=2094","_GID":"0","_MACHINE_ID":"6334201a93644f82a11c836f3c84a03f","_SYSTEMD_UNIT":"wgzk-m7@wgc5.service","_BOOT_ID":"dfcb8dac886d4627bbdfedf02e3e59de","_EXE":"/usr/local/bin/wg-zk-daemon","_CAP_EFFECTIVE":"1ffffffffff","_CMDLINE":"/usr/local/bin/wg-zk-daemon","SYSLOG_FACILITY":"3","__REALTIME_TIMESTAMP":"1790766485081912","_UID":"0"}
{"__MONOTONIC_TIMESTAMP":"802780111","PRIORITY":"6","_STREAM_ID":"61315d57e66b4fbb9fe2fbb1ebdfc3ba","_UID":"0","_SELINUX_CONTEXT":"unconfined\n","_HOSTNAME":"wgzk-client","_MACHINE_ID":"6334201a93644f82a11c836f3c84a03f","_SYSTEMD_SLICE":"system-wgzk\\x2dm7.slice","_CMDLINE":"/usr/local/bin/wg-zk-daemon","_EXE":"/usr/local/bin/wg-zk-daemon","_SYSTEMD_CGROUP":"/system.slice/system-wgzk\\x2dm7.slice/wgzk-m7@wgc5.service","SYSLOG_FACILITY":"3","_GID":"0","__CURSOR":"s=a04ba51497c94fceb15b4fa2d2c14874;i=44aa;b=dfcb8dac886d4627bbdfedf02e3e59de;m=2fd973cf;t=65cb1504cbe43;x=5f49dff754a51737","_SYSTEMD_INVOCATION_ID":"79c4de9bed4e45fdbc236e44671f194c","_PID":"7138","_BOOT_ID":"dfcb8dac886d4627bbdfedf02e3e59de","__REALTIME_TIMESTAMP":"1790766486437443","_SYSTEMD_UNIT":"wgzk-m7@wgc5.service","SYSLOG_IDENTIFIER":"env","_CAP_EFFECTIVE":"1ffffffffff","_COMM":"wg-zk-daemon","_TRANSPORT":"stdout","MESSAGE":"[timing] side=client token=3096940243 nonce_prefix=177bdf9a result=ok zk_us=45 encap_us=75 tls_us=4919 write_us=27 psk_us=72 tail_us=1 total_us=6177"}
{"_BOOT_ID":"dfcb8dac886d4627bbdfedf02e3e59de","MESSAGE":"[timing] side=client token=2661042721 nonce_prefix=09e95647 result=ok zk_us=50 encap_us=72 tls_us=5339 write_us=8 psk_us=47 tail_us=1 total_us=5760","_SELINUX_CONTEXT":"unconfined\n","_TRANSPORT":"stdout","SYSLOG_FACILITY":"3","_CAP_EFFECTIVE":"1ffffffffff","_SYSTEMD_UNIT":"wgzk-m7@wgc5.service","_EXE":"/usr/local/bin/wg-zk-daemon","SYSLOG_IDENTIFIER":"env","__CURSOR":"s=a04ba51497c94fceb15b4fa2d2c14874;i=44e9;b=dfcb8dac886d4627bbdfedf02e3e59de;m=2fedff5e;t=65cb1506149d3;x=a0bffe2d791ae6f6","_SYSTEMD_INVOCATION_ID":"79c4de9bed4e45fdbc236e44671f194c","_SYSTEMD_SLICE":"system-wgzk\\x2dm7.slice","_COMM":"wg-zk-daemon","_UID":"0","_MACHINE_ID":"6334201a93644f82a11c836f3c84a03f","PRIORITY":"6","_HOSTNAME":"wgzk-client","_PID":"7138","__REALTIME_TIMESTAMP":"1790766487783891","_STREAM_ID":"61315d57e66b4fbb9fe2fbb1ebdfc3ba","_CMDLINE":"/usr/local/bin/wg-zk-daemon","_GID":"0","__MONOTONIC_TIMESTAMP":"804126558","_SYSTEMD_CGROUP":"/system.slice/system-wgzk\\x2dm7.slice/wgzk-m7@wgc5.service"}
{"_HOSTNAME":"wgzk-client","_CAP_EFFECTIVE":"1ffffffffff","_SELINUX_CONTEXT":"unconfined\n","_SYSTEMD_INVOCATION_ID":"79c4de9bed4e45fdbc236e44671f194c","_TRANSPORT":"stdout","__CURSOR":"s=a04ba51497c94fceb15b4fa2d2c14874;i=452a;b=dfcb8dac886d4627bbdfedf02e3e59de;m=3002822b;t=65cb15075cc9f;x=caa0d28b60e6d254","__MONOTONIC_TIMESTAMP":"805470763","PRIORITY":"6","_STREAM_ID":"61315d57e66b4fbb9fe2fbb1ebdfc3ba","SYSLOG_FACILITY":"3","_UID":"0","_COMM":"wg-zk-daemon","MESSAGE":"[timing] side=client token=929254050 nonce_prefix=f2caf12f result=ok zk_us=45 encap_us=73 tls_us=5141 write_us=28 psk_us=43 tail_us=1 total_us=5407","_CMDLINE":"/usr/local/bin/wg-zk-daemon","_SYSTEMD_UNIT":"wgzk-m7@wgc5.service","_MACHINE_ID":"6334201a93644f82a11c836f3c84a03f","SYSLOG_IDENTIFIER":"env","_SYSTEMD_SLICE":"system-wgzk\\x2dm7.slice","__REALTIME_TIMESTAMP":"1790766489128095","_GID":"0","_EXE":"/usr/local/bin/wg-zk-daemon","_SYSTEMD_CGROUP":"/system.slice/system-wgzk\\x2dm7.slice/wgzk-m7@wgc5.service","_PID":"7138","_BOOT_ID":"dfcb8dac886d4627bbdfedf02e3e59de"}
{"PRIORITY":"6","_STREAM_ID":"61315d57e66b4fbb9fe2fbb1ebdfc3ba","_GID":"0","_BOOT_ID":"dfcb8dac886d4627bbdfedf02e3e59de","_SYSTEMD_UNIT":"wgzk-m7@wgc5.service","_CMDLINE":"/usr/local/bin/wg-zk-daemon","_SYSTEMD_CGROUP":"/system.slice/system-wgzk\\x2dm7.slice/wgzk-m7@wgc5.service","__CURSOR":"s=a04ba51497c94fceb15b4fa2d2c14874;i=456c;b=dfcb8dac886d4627bbdfedf02e3e59de;m=3017151d;t=65cb1508a5f91;x=e05ec00f33f4c349","_SYSTEMD_SLICE":"system-wgzk\\x2dm7.slice","_PID":"7138","MESSAGE":"[timing] side=client token=2743485792 nonce_prefix=30ffdaf7 result=ok zk_us=45 encap_us=74 tls_us=3672 write_us=79 psk_us=72 tail_us=1 total_us=4080","_UID":"0","__REALTIME_TIMESTAMP":"1790766490476433","_HOSTNAME":"wgzk-client","SYSLOG_FACILITY":"3","_CAP_EFFECTIVE":"1ffffffffff","_MACHINE_ID":"6334201a93644f82a11c836f3c84a03f","SYSLOG_IDENTIFIER":"env","_EXE":"/usr/local/bin/wg-zk-daemon","__MONOTONIC_TIMESTAMP":"806819101","_SELINUX_CONTEXT":"unconfined\n","_SYSTEMD_INVOCATION_ID":"79c4de9bed4e45fdbc236e44671f194c","_TRANSPORT":"stdout","_COMM":"wg-zk-daemon"}
{"_PID":"7138","_TRANSPORT":"stdout","_CMDLINE":"/usr/local/bin/wg-zk-daemon","SYSLOG_FACILITY":"3","PRIORITY":"6","_SYSTEMD_CGROUP":"/system.slice/system-wgzk\\x2dm7.slice/wgzk-m7@wgc5.service","_EXE":"/usr/local/bin/wg-zk-daemon","_BOOT_ID":"dfcb8dac886d4627bbdfedf02e3e59de","MESSAGE":"[timing] side=client token=3852509035 nonce_prefix=266e9073 result=ok zk_us=46 encap_us=175 tls_us=2608 write_us=29 psk_us=300 tail_us=2 total_us=3249","_SYSTEMD_INVOCATION_ID":"79c4de9bed4e45fdbc236e44671f194c","_UID":"0","_HOSTNAME":"wgzk-client","_SELINUX_CONTEXT":"unconfined\n","_MACHINE_ID":"6334201a93644f82a11c836f3c84a03f","SYSLOG_IDENTIFIER":"env","__CURSOR":"s=a04ba51497c94fceb15b4fa2d2c14874;i=459b;b=dfcb8dac886d4627bbdfedf02e3e59de;m=302b6c7c;t=65cb1509eb6f0;x=3647eab081fdaf2f","_COMM":"wg-zk-daemon","__REALTIME_TIMESTAMP":"1790766491809520","_CAP_EFFECTIVE":"1ffffffffff","_SYSTEMD_SLICE":"system-wgzk\\x2dm7.slice","_STREAM_ID":"61315d57e66b4fbb9fe2fbb1ebdfc3ba","_GID":"0","__MONOTONIC_TIMESTAMP":"808152188","_SYSTEMD_UNIT":"wgzk-m7@wgc5.service"}
{"_SELINUX_CONTEXT":"unconfined\n","_BOOT_ID":"dfcb8dac886d4627bbdfedf02e3e59de","_STREAM_ID":"61315d57e66b4fbb9fe2fbb1ebdfc3ba","_SYSTEMD_SLICE":"system-wgzk\\x2dm7.slice","_SYSTEMD_CGROUP":"/system.slice/system-wgzk\\x2dm7.slice/wgzk-m7@wgc5.service","_EXE":"/usr/local/bin/wg-zk-daemon","_SYSTEMD_UNIT":"wgzk-m7@wgc5.service","__REALTIME_TIMESTAMP":"1790766493161119","_GID":"0","__MONOTONIC_TIMESTAMP":"809503787","_CAP_EFFECTIVE":"1ffffffffff","_PID":"7138","_UID":"0","SYSLOG_IDENTIFIER":"env","_COMM":"wg-zk-daemon","_TRANSPORT":"stdout","_HOSTNAME":"wgzk-client","_SYSTEMD_INVOCATION_ID":"79c4de9bed4e45fdbc236e44671f194c","_CMDLINE":"/usr/local/bin/wg-zk-daemon","MESSAGE":"[timing] side=client token=4079203156 nonce_prefix=3a341ff2 result=ok zk_us=82 encap_us=90 tls_us=3585 write_us=30 psk_us=22 tail_us=1 total_us=3929","PRIORITY":"6","SYSLOG_FACILITY":"3","_MACHINE_ID":"6334201a93644f82a11c836f3c84a03f","__CURSOR":"s=a04ba51497c94fceb15b4fa2d2c14874;i=45ec;b=dfcb8dac886d4627bbdfedf02e3e59de;m=30400c2b;t=65cb150b3569f;x=b9d1912fe81d1843"}
{"MESSAGE":"[timing] side=client token=1199244977 nonce_prefix=b5520660 result=ok zk_us=45 encap_us=79 tls_us=4691 write_us=61 psk_us=36 tail_us=1 total_us=5006","_PID":"7138","_EXE":"/usr/local/bin/wg-zk-daemon","_CAP_EFFECTIVE":"1ffffffffff","_SYSTEMD_UNIT":"wgzk-m7@wgc5.service","_SELINUX_CONTEXT":"unconfined\n","_STREAM_ID":"61315d57e66b4fbb9fe2fbb1ebdfc3ba","SYSLOG_IDENTIFIER":"env","_GID":"0","_SYSTEMD_SLICE":"system-wgzk\\x2dm7.slice","_BOOT_ID":"dfcb8dac886d4627bbdfedf02e3e59de","_SYSTEMD_CGROUP":"/system.slice/system-wgzk\\x2dm7.slice/wgzk-m7@wgc5.service","__MONOTONIC_TIMESTAMP":"810867325","_SYSTEMD_INVOCATION_ID":"79c4de9bed4e45fdbc236e44671f194c","__REALTIME_TIMESTAMP":"1790766494524657","_CMDLINE":"/usr/local/bin/wg-zk-daemon","_HOSTNAME":"wgzk-client","_MACHINE_ID":"6334201a93644f82a11c836f3c84a03f","SYSLOG_FACILITY":"3","_TRANSPORT":"stdout","__CURSOR":"s=a04ba51497c94fceb15b4fa2d2c14874;i=462c;b=dfcb8dac886d4627bbdfedf02e3e59de;m=3054da7d;t=65cb150c824f1;x=1b78c927ed08fd25","_COMM":"wg-zk-daemon","_UID":"0","PRIORITY":"6"}
{"__REALTIME_TIMESTAMP":"1790766495891505","MESSAGE":"[timing] side=client token=4019755984 nonce_prefix=f25a58e6 result=ok zk_us=46 encap_us=75 tls_us=5019 write_us=27 psk_us=83 tail_us=1 total_us=5731","_SYSTEMD_CGROUP":"/system.slice/system-wgzk\\x2dm7.slice/wgzk-m7@wgc5.service","PRIORITY":"6","_BOOT_ID":"dfcb8dac886d4627bbdfedf02e3e59de","_COMM":"wg-zk-daemon","SYSLOG_IDENTIFIER":"env","_UID":"0","_PID":"7138","_STREAM_ID":"61315d57e66b4fbb9fe2fbb1ebdfc3ba","_SELINUX_CONTEXT":"unconfined\n","__MONOTONIC_TIMESTAMP":"812234172","__CURSOR":"s=a04ba51497c94fceb15b4fa2d2c14874;i=466a;b=dfcb8dac886d4627bbdfedf02e3e59de;m=3069b5bc;t=65cb150dd0031;x=ea9b401272f7a02e","_SYSTEMD_SLICE":"system-wgzk\\x2dm7.slice","_HOSTNAME":"wgzk-client","_CMDLINE":"/usr/local/bin/wg-zk-daemon","_GID":"0","_SYSTEMD_INVOCATION_ID":"79c4de9bed4e45fdbc236e44671f194c","_SYSTEMD_UNIT":"wgzk-m7@wgc5.service","_TRANSPORT":"stdout","_CAP_EFFECTIVE":"1ffffffffff","SYSLOG_FACILITY":"3","_EXE":"/usr/local/bin/wg-zk-daemon","_MACHINE_ID":"6334201a93644f82a11c836f3c84a03f"}
{"_HOSTNAME":"wgzk-client","_SYSTEMD_INVOCATION_ID":"79c4de9bed4e45fdbc236e44671f194c","_EXE":"/usr/local/bin/wg-zk-daemon","_SYSTEMD_SLICE":"system-wgzk\\x2dm7.slice","_PID":"7138","_UID":"0","_GID":"0","__REALTIME_TIMESTAMP":"1790766497235651","_CAP_EFFECTIVE":"1ffffffffff","PRIORITY":"6","__MONOTONIC_TIMESTAMP":"813578319","_SYSTEMD_UNIT":"wgzk-m7@wgc5.service","_COMM":"wg-zk-daemon","SYSLOG_IDENTIFIER":"env","_STREAM_ID":"61315d57e66b4fbb9fe2fbb1ebdfc3ba","_SYSTEMD_CGROUP":"/system.slice/system-wgzk\\x2dm7.slice/wgzk-m7@wgc5.service","_CMDLINE":"/usr/local/bin/wg-zk-daemon","SYSLOG_FACILITY":"3","__CURSOR":"s=a04ba51497c94fceb15b4fa2d2c14874;i=46aa;b=dfcb8dac886d4627bbdfedf02e3e59de;m=307e384f;t=65cb150f182c3;x=8ab494fa464a7ac9","_TRANSPORT":"stdout","_MACHINE_ID":"6334201a93644f82a11c836f3c84a03f","_BOOT_ID":"dfcb8dac886d4627bbdfedf02e3e59de","MESSAGE":"[timing] side=client token=1166531327 nonce_prefix=979087d8 result=ok zk_us=45 encap_us=98 tls_us=3625 write_us=28 psk_us=42 tail_us=1 total_us=3902","_SELINUX_CONTEXT":"unconfined\n"}
{"_SYSTEMD_UNIT":"wgzk-m7@wgc5.service","_STREAM_ID":"61315d57e66b4fbb9fe2fbb1ebdfc3ba","__MONOTONIC_TIMESTAMP":"814927932","SYSLOG_FACILITY":"3","_COMM":"wg-zk-daemon","SYSLOG_IDENTIFIER":"env","_UID":"0","_SYSTEMD_CGROUP":"/system.slice/system-wgzk\\x2dm7.slice/wgzk-m7@wgc5.service","_SELINUX_CONTEXT":"unconfined\n","MESSAGE":"[timing] side=client token=3667023943 nonce_prefix=96d4fee4 result=ok zk_us=71 encap_us=95 tls_us=6469 write_us=5 psk_us=22 tail_us=1 total_us=6708","_EXE":"/usr/local/bin/wg-zk-daemon","_PID":"7138","_GID":"0","_MACHINE_ID":"6334201a93644f82a11c836f3c84a03f","_CAP_EFFECTIVE":"1ffffffffff","_SYSTEMD_INVOCATION_ID":"79c4de9bed4e45fdbc236e44671f194c","__REALTIME_TIMESTAMP":"1790766498585264","_TRANSPORT":"stdout","_CMDLINE":"/usr/local/bin/wg-zk-daemon","_SYSTEMD_SLICE":"system-wgzk\\x2dm7.slice","_BOOT_ID":"dfcb8dac886d4627bbdfedf02e3e59de","__CURSOR":"s=a04ba51497c94fceb15b4fa2d2c14874;i=46eb;b=dfcb8dac886d4627bbdfedf02e3e59de;m=3092d03c;t=65cb151061ab0;x=aa3ea13433eb8394","PRIORITY":"6","_HOSTNAME":"wgzk-client"}
{"_BOOT_ID":"dfcb8dac886d4627bbdfedf02e3e59de","_TRANSPORT":"stdout","__MONOTONIC_TIMESTAMP":"816274426","__REALTIME_TIMESTAMP":"1790766499931759","__CURSOR":"s=a04ba51497c94fceb15b4fa2d2c14874;i=472c;b=dfcb8dac886d4627bbdfedf02e3e59de;m=30a75bfa;t=65cb1511aa66f;x=4f9ed8cdfb9d7cd8","_EXE":"/usr/local/bin/wg-zk-daemon","_SYSTEMD_UNIT":"wgzk-m7@wgc5.service","SYSLOG_IDENTIFIER":"env","_SELINUX_CONTEXT":"unconfined\n","_SYSTEMD_INVOCATION_ID":"79c4de9bed4e45fdbc236e44671f194c","MESSAGE":"[timing] side=client token=2288091049 nonce_prefix=a192a5db result=ok zk_us=261 encap_us=74 tls_us=6122 write_us=8 psk_us=21 tail_us=1 total_us=6525","_SYSTEMD_SLICE":"system-wgzk\\x2dm7.slice","SYSLOG_FACILITY":"3","_SYSTEMD_CGROUP":"/system.slice/system-wgzk\\x2dm7.slice/wgzk-m7@wgc5.service","_UID":"0","_HOSTNAME":"wgzk-client","_GID":"0","_CMDLINE":"/usr/local/bin/wg-zk-daemon","_PID":"7138","_MACHINE_ID":"6334201a93644f82a11c836f3c84a03f","_COMM":"wg-zk-daemon","_CAP_EFFECTIVE":"1ffffffffff","PRIORITY":"6","_STREAM_ID":"61315d57e66b4fbb9fe2fbb1ebdfc3ba"}
{"_MACHINE_ID":"6334201a93644f82a11c836f3c84a03f","PRIORITY":"6","_CAP_EFFECTIVE":"1ffffffffff","_GID":"0","SYSLOG_FACILITY":"3","_CMDLINE":"/usr/local/bin/wg-zk-daemon","_SYSTEMD_INVOCATION_ID":"79c4de9bed4e45fdbc236e44671f194c","__REALTIME_TIMESTAMP":"1790766501278918","__CURSOR":"s=a04ba51497c94fceb15b4fa2d2c14874;i=476c;b=dfcb8dac886d4627bbdfedf02e3e59de;m=30bbea52;t=65cb1512f34c6;x=d2518be37c2e4481","__MONOTONIC_TIMESTAMP":"817621586","_SYSTEMD_CGROUP":"/system.slice/system-wgzk\\x2dm7.slice/wgzk-m7@wgc5.service","_SELINUX_CONTEXT":"unconfined\n","_SYSTEMD_UNIT":"wgzk-m7@wgc5.service","_EXE":"/usr/local/bin/wg-zk-daemon","SYSLOG_IDENTIFIER":"env","_UID":"0","MESSAGE":"[timing] side=client token=3679740639 nonce_prefix=c04b6131 result=ok zk_us=45 encap_us=72 tls_us=2975 write_us=30 psk_us=39 tail_us=1 total_us=3227","_SYSTEMD_SLICE":"system-wgzk\\x2dm7.slice","_HOSTNAME":"wgzk-client","_STREAM_ID":"61315d57e66b4fbb9fe2fbb1ebdfc3ba","_TRANSPORT":"stdout","_COMM":"wg-zk-daemon","_PID":"7138","_BOOT_ID":"dfcb8dac886d4627bbdfedf02e3e59de"}
{"_PID":"7138","__REALTIME_TIMESTAMP":"1790766502626007","_EXE":"/usr/local/bin/wg-zk-daemon","_SYSTEMD_INVOCATION_ID":"79c4de9bed4e45fdbc236e44671f194c","MESSAGE":"[timing] side=client token=3769273224 nonce_prefix=495bdb38 result=ok zk_us=45 encap_us=73 tls_us=5025 write_us=6 psk_us=20 tail_us=1 total_us=5428","SYSLOG_IDENTIFIER":"env","_TRANSPORT":"stdout","_UID":"0","_CMDLINE":"/usr/local/bin/wg-zk-daemon","_SYSTEMD_CGROUP":"/system.slice/system-wgzk\\x2dm7.slice/wgzk-m7@wgc5.service","__MONOTONIC_TIMESTAMP":"818968674","_COMM":"wg-zk-daemon","_CAP_EFFECTIVE":"1ffffffffff","_SELINUX_CONTEXT":"unconfined\n","_SYSTEMD_SLICE":"system-wgzk\\x2dm7.slice","SYSLOG_FACILITY":"3","_STREAM_ID":"61315d57e66b4fbb9fe2fbb1ebdfc3ba","__CURSOR":"s=a04ba51497c94fceb15b4fa2d2c14874;i=47ab;b=dfcb8dac886d4627bbdfedf02e3e59de;m=30d07862;t=65cb15143c2d7;x=cae051e5d9bc498d","_SYSTEMD_UNIT":"wgzk-m7@wgc5.service","_HOSTNAME":"wgzk-client","_MACHINE_ID":"6334201a93644f82a11c836f3c84a03f","_GID":"0","_BOOT_ID":"dfcb8dac886d4627bbdfedf02e3e59de","PRIORITY":"6"}
{"_CMDLINE":"/usr/local/bin/wg-zk-daemon","_SYSTEMD_CGROUP":"/system.slice/system-wgzk\\x2dm7.slice/wgzk-m7@wgc5.service","PRIORITY":"6","SYSLOG_FACILITY":"3","__REALTIME_TIMESTAMP":"1790766503979599","_MACHINE_ID":"6334201a93644f82a11c836f3c84a03f","_BOOT_ID":"dfcb8dac886d4627bbdfedf02e3e59de","_SYSTEMD_SLICE":"system-wgzk\\x2dm7.slice","SYSLOG_IDENTIFIER":"env","_GID":"0","MESSAGE":"[timing] side=client token=2498341814 nonce_prefix=c126b2b4 result=ok zk_us=169 encap_us=103 tls_us=2021 write_us=8 psk_us=20 tail_us=1 total_us=2380","_HOSTNAME":"wgzk-client","_EXE":"/usr/local/bin/wg-zk-daemon","_TRANSPORT":"stdout","_UID":"0","__CURSOR":"s=a04ba51497c94fceb15b4fa2d2c14874;i=47dd;b=dfcb8dac886d4627bbdfedf02e3e59de;m=30e51fdb;t=65cb151586a4f;x=a8a14e3d76c9a99f","__MONOTONIC_TIMESTAMP":"820322267","_SELINUX_CONTEXT":"unconfined\n","_SYSTEMD_INVOCATION_ID":"79c4de9bed4e45fdbc236e44671f194c","_STREAM_ID":"61315d57e66b4fbb9fe2fbb1ebdfc3ba","_COMM":"wg-zk-daemon","_PID":"7138","_SYSTEMD_UNIT":"wgzk-m7@wgc5.service","_CAP_EFFECTIVE":"1ffffffffff"}
[exit 0]

$ [client] journalctl -u wgzk-m7@wgc6.service -o json --no-pager --after-cursor='s=a04ba51497c94fceb15b4fa2d2c14874;i=4068;b=dfcb8dac886d4627bbdfedf02e3e59de;m=2e2a4e84;t=65cb14e9d98f9;x=444beecebd509850' | grep -F '[timing]' || true
{"_STREAM_ID":"acf4ee76673b4016a3f2e5ecf35e4cfa","_CAP_EFFECTIVE":"1ffffffffff","_SYSTEMD_UNIT":"wgzk-m7@wgc6.service","PRIORITY":"6","_SYSTEMD_SLICE":"system-wgzk\\x2dm7.slice","__MONOTONIC_TIMESTAMP":"781105115","_SYSTEMD_INVOCATION_ID":"c9a898e9ef0440198a1ec6bc1aaf41b6","_EXE":"/usr/local/bin/wg-zk-daemon","SYSLOG_IDENTIFIER":"env","__REALTIME_TIMESTAMP":"1790766464762448","_HOSTNAME":"wgzk-client","_PID":"7192","_MACHINE_ID":"6334201a93644f82a11c836f3c84a03f","_GID":"0","_SYSTEMD_CGROUP":"/system.slice/system-wgzk\\x2dm7.slice/wgzk-m7@wgc6.service","_SELINUX_CONTEXT":"unconfined\n","_TRANSPORT":"stdout","SYSLOG_FACILITY":"3","_CMDLINE":"/usr/local/bin/wg-zk-daemon","MESSAGE":"[timing] side=client token=3755849223 nonce_prefix=f7561447 result=ok zk_us=91 encap_us=96 tls_us=1663 write_us=25 psk_us=101 tail_us=1 total_us=2102","_UID":"0","__CURSOR":"s=a04ba51497c94fceb15b4fa2d2c14874;i=40ac;b=dfcb8dac886d4627bbdfedf02e3e59de;m=2e8eb7db;t=65cb14f020250;x=2337f37c65ac08fc","_BOOT_ID":"dfcb8dac886d4627bbdfedf02e3e59de","_COMM":"wg-zk-daemon"}
{"__CURSOR":"s=a04ba51497c94fceb15b4fa2d2c14874;i=40eb;b=dfcb8dac886d4627bbdfedf02e3e59de;m=2ea38525;t=65cb14f16cf99;x=cb7386f19843c1fc","_PID":"7192","SYSLOG_IDENTIFIER":"env","_MACHINE_ID":"6334201a93644f82a11c836f3c84a03f","_GID":"0","__MONOTONIC_TIMESTAMP":"782468389","_HOSTNAME":"wgzk-client","_STREAM_ID":"acf4ee76673b4016a3f2e5ecf35e4cfa","_COMM":"wg-zk-daemon","_SELINUX_CONTEXT":"unconfined\n","_SYSTEMD_INVOCATION_ID":"c9a898e9ef0440198a1ec6bc1aaf41b6","_BOOT_ID":"dfcb8dac886d4627bbdfedf02e3e59de","_SYSTEMD_CGROUP":"/system.slice/system-wgzk\\x2dm7.slice/wgzk-m7@wgc6.service","_EXE":"/usr/local/bin/wg-zk-daemon","PRIORITY":"6","_SYSTEMD_UNIT":"wgzk-m7@wgc6.service","_CAP_EFFECTIVE":"1ffffffffff","_UID":"0","_CMDLINE":"/usr/local/bin/wg-zk-daemon","MESSAGE":"[timing] side=client token=800205997 nonce_prefix=7a580502 result=ok zk_us=68 encap_us=143 tls_us=3264 write_us=26 psk_us=24 tail_us=1 total_us=3722","__REALTIME_TIMESTAMP":"1790766466125721","_TRANSPORT":"stdout","SYSLOG_FACILITY":"3","_SYSTEMD_SLICE":"system-wgzk\\x2dm7.slice"}
{"_STREAM_ID":"acf4ee76673b4016a3f2e5ecf35e4cfa","_GID":"0","_UID":"0","_SYSTEMD_CGROUP":"/system.slice/system-wgzk\\x2dm7.slice/wgzk-m7@wgc6.service","SYSLOG_IDENTIFIER":"env","_SYSTEMD_SLICE":"system-wgzk\\x2dm7.slice","PRIORITY":"6","_COMM":"wg-zk-daemon","_BOOT_ID":"dfcb8dac886d4627bbdfedf02e3e59de","_TRANSPORT":"stdout","__REALTIME_TIMESTAMP":"1790766467479521","_SYSTEMD_UNIT":"wgzk-m7@wgc6.service","_SYSTEMD_INVOCATION_ID":"c9a898e9ef0440198a1ec6bc1aaf41b6","_EXE":"/usr/local/bin/wg-zk-daemon","__MONOTONIC_TIMESTAMP":"783822188","_SELINUX_CONTEXT":"unconfined\n","_HOSTNAME":"wgzk-client","_MACHINE_ID":"6334201a93644f82a11c836f3c84a03f","_PID":"7192","_CMDLINE":"/usr/local/bin/wg-zk-daemon","_CAP_EFFECTIVE":"1ffffffffff","MESSAGE":"[timing] side=client token=1463019723 nonce_prefix=6eb680d2 result=ok zk_us=450 encap_us=77 tls_us=3325 write_us=7 psk_us=37 tail_us=1 total_us=3943","SYSLOG_FACILITY":"3","__CURSOR":"s=a04ba51497c94fceb15b4fa2d2c14874;i=412d;b=dfcb8dac886d4627bbdfedf02e3e59de;m=2eb82d6c;t=65cb14f2b77e1;x=66765dcd9293ead4"}
{"_STREAM_ID":"acf4ee76673b4016a3f2e5ecf35e4cfa","_TRANSPORT":"stdout","_PID":"7192","_SYSTEMD_INVOCATION_ID":"c9a898e9ef0440198a1ec6bc1aaf41b6","_CMDLINE":"/usr/local/bin/wg-zk-daemon","_EXE":"/usr/local/bin/wg-zk-daemon","_SYSTEMD_UNIT":"wgzk-m7@wgc6.service","_SELINUX_CONTEXT":"unconfined\n","_HOSTNAME":"wgzk-client","MESSAGE":"[timing] side=client token=2262338079 nonce_prefix=6f5a9029 result=ok zk_us=45 encap_us=74 tls_us=6834 write_us=7 psk_us=39 tail_us=1 total_us=7129","PRIORITY":"6","_SYSTEMD_SLICE":"system-wgzk\\x2dm7.slice","__CURSOR":"s=a04ba51497c94fceb15b4fa2d2c14874;i=416d;b=dfcb8dac886d4627bbdfedf02e3e59de;m=2ecccf0c;t=65cb14f401981;x=90fd0ffc0ec1be43","__MONOTONIC_TIMESTAMP":"785174284","SYSLOG_FACILITY":"3","_COMM":"wg-zk-daemon","_SYSTEMD_CGROUP":"/system.slice/system-wgzk\\x2dm7.slice/wgzk-m7@wgc6.service","_CAP_EFFECTIVE":"1ffffffffff","_BOOT_ID":"dfcb8dac886d4627bbdfedf02e3e59de","_GID":"0","__REALTIME_TIMESTAMP":"1790766468831617","SYSLOG_IDENTIFIER":"env","_MACHINE_ID":"6334201a93644f82a11c836f3c84a03f","_UID":"0"}
{"__CURSOR":"s=a04ba51497c94fceb15b4fa2d2c14874;i=41ad;b=dfcb8dac886d4627bbdfedf02e3e59de;m=2ee16527;t=65cb14f54af9b;x=4b3b0470b44012c6","PRIORITY":"6","__MONOTONIC_TIMESTAMP":"786523431","_SELINUX_CONTEXT":"unconfined\n","_SYSTEMD_UNIT":"wgzk-m7@wgc6.service","_STREAM_ID":"acf4ee76673b4016a3f2e5ecf35e4cfa","_UID":"0","_PID":"7192","_TRANSPORT":"stdout","_EXE":"/usr/local/bin/wg-zk-daemon","SYSLOG_IDENTIFIER":"env","_SYSTEMD_SLICE":"system-wgzk\\x2dm7.slice","__REALTIME_TIMESTAMP":"1790766470180763","_SYSTEMD_INVOCATION_ID":"c9a898e9ef0440198a1ec6bc1aaf41b6","SYSLOG_FACILITY":"3","_COMM":"wg-zk-daemon","_SYSTEMD_CGROUP":"/system.slice/system-wgzk\\x2dm7.slice/wgzk-m7@wgc6.service","_GID":"0","_MACHINE_ID":"6334201a93644f82a11c836f3c84a03f","_HOSTNAME":"wgzk-client","MESSAGE":"[timing] side=client token=3222766504 nonce_prefix=ec301577 result=ok zk_us=46 encap_us=472 tls_us=2473 write_us=8 psk_us=24 tail_us=1 total_us=3119","_CMDLINE":"/usr/local/bin/wg-zk-daemon","_BOOT_ID":"dfcb8dac886d4627bbdfedf02e3e59de","_CAP_EFFECTIVE":"1ffffffffff"}
{"_BOOT_ID":"dfcb8dac886d4627bbdfedf02e3e59de","SYSLOG_IDENTIFIER":"env","_SYSTEMD_INVOCATION_ID":"c9a898e9ef0440198a1ec6bc1aaf41b6","_UID":"0","_PID":"7192","_SYSTEMD_CGROUP":"/system.slice/system-wgzk\\x2dm7.slice/wgzk-m7@wgc6.service","__MONOTONIC_TIMESTAMP":"787877189","__REALTIME_TIMESTAMP":"1790766471534522","_SYSTEMD_UNIT":"wgzk-m7@wgc6.service","_HOSTNAME":"wgzk-client","_SYSTEMD_SLICE":"system-wgzk\\x2dm7.slice","MESSAGE":"[timing] side=client token=70310387 nonce_prefix=55febd87 result=ok zk_us=127 encap_us=102 tls_us=2347 write_us=31 psk_us=37 tail_us=1 total_us=2709","SYSLOG_FACILITY":"3","_CMDLINE":"/usr/local/bin/wg-zk-daemon","_MACHINE_ID":"6334201a93644f82a11c836f3c84a03f","_CAP_EFFECTIVE":"1ffffffffff","_GID":"0","_STREAM_ID":"acf4ee76673b4016a3f2e5ecf35e4cfa","_EXE":"/usr/local/bin/wg-zk-daemon","PRIORITY":"6","_TRANSPORT":"stdout","__CURSOR":"s=a04ba51497c94fceb15b4fa2d2c14874;i=41ec;b=dfcb8dac886d4627bbdfedf02e3e59de;m=2ef60d45;t=65cb14f6957ba;x=c0a210e8c592e1ec","_SELINUX_CONTEXT":"unconfined\n","_COMM":"wg-zk-daemon"}
{"_MACHINE_ID":"6334201a93644f82a11c836f3c84a03f","_BOOT_ID":"dfcb8dac886d4627bbdfedf02e3e59de","_UID":"0","_SELINUX_CONTEXT":"unconfined\n","_STREAM_ID":"acf4ee76673b4016a3f2e5ecf35e4cfa","_PID":"7192","SYSLOG_IDENTIFIER":"env","_CAP_EFFECTIVE":"1ffffffffff","__REALTIME_TIMESTAMP":"1790766472890487","_HOSTNAME":"wgzk-client","_SYSTEMD_SLICE":"system-wgzk\\x2dm7.slice","MESSAGE":"[timing] side=client token=2267868046 nonce_prefix=ddc131ef result=ok zk_us=47 encap_us=74 tls_us=3538 write_us=8 psk_us=69 tail_us=1 total_us=4224","_COMM":"wg-zk-daemon","_SYSTEMD_INVOCATION_ID":"c9a898e9ef0440198a1ec6bc1aaf41b6","__CURSOR":"s=a04ba51497c94fceb15b4fa2d2c14874;i=422c;b=dfcb8dac886d4627bbdfedf02e3e59de;m=2f0abe03;t=65cb14f7e0877;x=859fb3ec847ac7de","SYSLOG_FACILITY":"3","_CMDLINE":"/usr/local/bin/wg-zk-daemon","__MONOTONIC_TIMESTAMP":"789233155","_SYSTEMD_UNIT":"wgzk-m7@wgc6.service","_EXE":"/usr/local/bin/wg-zk-daemon","_TRANSPORT":"stdout","_SYSTEMD_CGROUP":"/system.slice/system-wgzk\\x2dm7.slice/wgzk-m7@wgc6.service","PRIORITY":"6","_GID":"0"}
{"_MACHINE_ID":"6334201a93644f82a11c836f3c84a03f","_GID":"0","_SYSTEMD_UNIT":"wgzk-m7@wgc6.service","_COMM":"wg-zk-daemon","_BOOT_ID":"dfcb8dac886d4627bbdfedf02e3e59de","SYSLOG_IDENTIFIER":"env","_STREAM_ID":"acf4ee76673b4016a3f2e5ecf35e4cfa","_EXE":"/usr/local/bin/wg-zk-daemon","_CMDLINE":"/usr/local/bin/wg-zk-daemon","MESSAGE":"[timing] side=client token=300692026 nonce_prefix=ec82324e result=ok zk_us=251 encap_us=292 tls_us=3748 write_us=94 psk_us=26 tail_us=1 total_us=4507","__CURSOR":"s=a04ba51497c94fceb15b4fa2d2c14874;i=426d;b=dfcb8dac886d4627bbdfedf02e3e59de;m=2f1f5396;t=65cb14f929e0a;x=9fdbb733ba826c86","_SYSTEMD_CGROUP":"/system.slice/system-wgzk\\x2dm7.slice/wgzk-m7@wgc6.service","PRIORITY":"6","__MONOTONIC_TIMESTAMP":"790582166","SYSLOG_FACILITY":"3","_TRANSPORT":"stdout","_SYSTEMD_INVOCATION_ID":"c9a898e9ef0440198a1ec6bc1aaf41b6","_CAP_EFFECTIVE":"1ffffffffff","_UID":"0","__REALTIME_TIMESTAMP":"1790766474239498","_SYSTEMD_SLICE":"system-wgzk\\x2dm7.slice","_HOSTNAME":"wgzk-client","_PID":"7192","_SELINUX_CONTEXT":"unconfined\n"}
{"__MONOTONIC_TIMESTAMP":"791942856","_GID":"0","_STREAM_ID":"acf4ee76673b4016a3f2e5ecf35e4cfa","_CAP_EFFECTIVE":"1ffffffffff","_BOOT_ID":"dfcb8dac886d4627bbdfedf02e3e59de","_SELINUX_CONTEXT":"unconfined\n","SYSLOG_FACILITY":"3","PRIORITY":"6","_COMM":"wg-zk-daemon","_PID":"7192","MESSAGE":"[timing] side=client token=2584882248 nonce_prefix=bd5eca3e result=ok zk_us=46 encap_us=86 tls_us=3097 write_us=27 psk_us=28 tail_us=1 total_us=3408","_CMDLINE":"/usr/local/bin/wg-zk-daemon","_SYSTEMD_UNIT":"wgzk-m7@wgc6.service","_UID":"0","_HOSTNAME":"wgzk-client","SYSLOG_IDENTIFIER":"env","_SYSTEMD_INVOCATION_ID":"c9a898e9ef0440198a1ec6bc1aaf41b6","_MACHINE_ID":"6334201a93644f82a11c836f3c84a03f","_SYSTEMD_SLICE":"system-wgzk\\x2dm7.slice","__CURSOR":"s=a04ba51497c94fceb15b4fa2d2c14874;i=42ad;b=dfcb8dac886d4627bbdfedf02e3e59de;m=2f3416c8;t=65cb14fa7613c;x=76ac66d7dff431b0","_EXE":"/usr/local/bin/wg-zk-daemon","_TRANSPORT":"stdout","_SYSTEMD_CGROUP":"/system.slice/system-wgzk\\x2dm7.slice/wgzk-m7@wgc6.service","__REALTIME_TIMESTAMP":"1790766475600188"}
{"_EXE":"/usr/local/bin/wg-zk-daemon","SYSLOG_IDENTIFIER":"env","_STREAM_ID":"acf4ee76673b4016a3f2e5ecf35e4cfa","__REALTIME_TIMESTAMP":"1790766476947996","_SYSTEMD_CGROUP":"/system.slice/system-wgzk\\x2dm7.slice/wgzk-m7@wgc6.service","_SYSTEMD_UNIT":"wgzk-m7@wgc6.service","_SYSTEMD_INVOCATION_ID":"c9a898e9ef0440198a1ec6bc1aaf41b6","__MONOTONIC_TIMESTAMP":"793290664","_CAP_EFFECTIVE":"1ffffffffff","_UID":"0","PRIORITY":"6","_PID":"7192","_COMM":"wg-zk-daemon","_BOOT_ID":"dfcb8dac886d4627bbdfedf02e3e59de","_GID":"0","_HOSTNAME":"wgzk-client","_CMDLINE":"/usr/local/bin/wg-zk-daemon","__CURSOR":"s=a04ba51497c94fceb15b4fa2d2c14874;i=42ec;b=dfcb8dac886d4627bbdfedf02e3e59de;m=2f48a7a8;t=65cb14fbbf21c;x=2cd6160cba2914c","_SYSTEMD_SLICE":"system-wgzk\\x2dm7.slice","_SELINUX_CONTEXT":"unconfined\n","_TRANSPORT":"stdout","MESSAGE":"[timing] side=client token=591470726 nonce_prefix=8d58bb40 result=ok zk_us=45 encap_us=107 tls_us=5642 write_us=8 psk_us=26 tail_us=1 total_us=5875","_MACHINE_ID":"6334201a93644f82a11c836f3c84a03f","SYSLOG_FACILITY":"3"}
{"__REALTIME_TIMESTAMP":"1790766478313132","SYSLOG_IDENTIFIER":"env","__CURSOR":"s=a04ba51497c94fceb15b4fa2d2c14874;i=4328;b=dfcb8dac886d4627bbdfedf02e3e59de;m=2f5d7c37;t=65cb14fd0c6ac;x=69ad9f6b92ad412b","_SYSTEMD_INVOCATION_ID":"c9a898e9ef0440198a1ec6bc1aaf41b6","_UID":"0","_PID":"7192","_TRANSPORT":"stdout","_BOOT_ID":"dfcb8dac886d4627bbdfedf02e3e59de","_GID":"0","_HOSTNAME":"wgzk-client","__MONOTONIC_TIMESTAMP":"794655799","_SYSTEMD_CGROUP":"/system.slice/system-wgzk\\x2dm7.slice/wgzk-m7@wgc6.service","_COMM":"wg-zk-daemon","_EXE":"/usr/local/bin/wg-zk-daemon","_STREAM_ID":"acf4ee76673b4016a3f2e5ecf35e4cfa","_CMDLINE":"/usr/local/bin/wg-zk-daemon","_SYSTEMD_SLICE":"system-wgzk\\x2dm7.slice","_SYSTEMD_UNIT":"wgzk-m7@wgc6.service","_MACHINE_ID":"6334201a93644f82a11c836f3c84a03f","SYSLOG_FACILITY":"3","PRIORITY":"6","_CAP_EFFECTIVE":"1ffffffffff","_SELINUX_CONTEXT":"unconfined\n","MESSAGE":"[timing] side=client token=4176628878 nonce_prefix=37f2f849 result=ok zk_us=45 encap_us=76 tls_us=3043 write_us=8 psk_us=48 tail_us=1 total_us=3375"}
{"__MONOTONIC_TIMESTAMP":"796003659","_SYSTEMD_INVOCATION_ID":"c9a898e9ef0440198a1ec6bc1aaf41b6","_SELINUX_CONTEXT":"unconfined\n","_CMDLINE":"/usr/local/bin/wg-zk-daemon","_HOSTNAME":"wgzk-client","_EXE":"/usr/local/bin/wg-zk-daemon","_SYSTEMD_SLICE":"system-wgzk\\x2dm7.slice","__REALTIME_TIMESTAMP":"1790766479660992","PRIORITY":"6","_MACHINE_ID":"6334201a93644f82a11c836f3c84a03f","SYSLOG_IDENTIFIER":"env","__CURSOR":"s=a04ba51497c94fceb15b4fa2d2c14874;i=4365;b=dfcb8dac886d4627bbdfedf02e3e59de;m=2f720d4b;t=65cb14fe557c0;x=c179a13e6c18b80b","_COMM":"wg-zk-daemon","_SYSTEMD_CGROUP":"/system.slice/system-wgzk\\x2dm7.slice/wgzk-m7@wgc6.service","_PID":"7192","MESSAGE":"[timing] side=client token=3496387206 nonce_prefix=f864114a result=ok zk_us=45 encap_us=79 tls_us=1786 write_us=27 psk_us=37 tail_us=1 total_us=2070","_SYSTEMD_UNIT":"wgzk-m7@wgc6.service","_BOOT_ID":"dfcb8dac886d4627bbdfedf02e3e59de","_STREAM_ID":"acf4ee76673b4016a3f2e5ecf35e4cfa","_UID":"0","_TRANSPORT":"stdout","SYSLOG_FACILITY":"3","_CAP_EFFECTIVE":"1ffffffffff","_GID":"0"}
{"_HOSTNAME":"wgzk-client","_SYSTEMD_INVOCATION_ID":"c9a898e9ef0440198a1ec6bc1aaf41b6","_SYSTEMD_CGROUP":"/system.slice/system-wgzk\\x2dm7.slice/wgzk-m7@wgc6.service","_COMM":"wg-zk-daemon","_STREAM_ID":"acf4ee76673b4016a3f2e5ecf35e4cfa","_CMDLINE":"/usr/local/bin/wg-zk-daemon","_PID":"7192","PRIORITY":"6","_SYSTEMD_UNIT":"wgzk-m7@wgc6.service","_BOOT_ID":"dfcb8dac886d4627bbdfedf02e3e59de","SYSLOG_IDENTIFIER":"env","_CAP_EFFECTIVE":"1ffffffffff","__REALTIME_TIMESTAMP":"1790766481007776","MESSAGE":"[timing] side=client token=723592718 nonce_prefix=67aea4f5 result=ok zk_us=46 encap_us=168 tls_us=5111 write_us=8 psk_us=25 tail_us=1 total_us=5419","_MACHINE_ID":"6334201a93644f82a11c836f3c84a03f","_SELINUX_CONTEXT":"unconfined\n","_GID":"0","_EXE":"/usr/local/bin/wg-zk-daemon","SYSLOG_FACILITY":"3","_SYSTEMD_SLICE":"system-wgzk\\x2dm7.slice","_UID":"0","__CURSOR":"s=a04ba51497c94fceb15b4fa2d2c14874;i=43ad;b=dfcb8dac886d4627bbdfedf02e3e59de;m=2f869a2c;t=65cb14ff9e4a0;x=924e3a5668326f3a","__MONOTONIC_TIMESTAMP":"797350444","_TRANSPORT":"stdout"}
{"_STREAM_ID":"acf4ee76673b4016a3f2e5ecf35e4cfa","__REALTIME_TIMESTAMP":"1790766482360257","_BOOT_ID":"dfcb8dac886d4627bbdfedf02e3e59de","__MONOTONIC_TIMESTAMP":"798702925","_MACHINE_ID":"6334201a93644f82a11c836f3c84a03f","__CURSOR":"s=a04ba51497c94fceb15b4fa2d2c14874;i=43ed;b=dfcb8dac886d4627bbdfedf02e3e59de;m=2f9b3d4d;t=65cb1500e87c1;x=a59342dd064cabb6","_PID":"7192","PRIORITY":"6","_TRANSPORT":"stdout","_SELINUX_CONTEXT":"unconfined\n","_EXE":"/usr/local/bin/wg-zk-daemon","_CAP_EFFECTIVE":"1ffffffffff","_SYSTEMD_CGROUP":"/system.slice/system-wgzk\\x2dm7.slice/wgzk-m7@wgc6.service","_SYSTEMD_INVOCATION_ID":"c9a898e9ef0440198a1ec6bc1aaf41b6","_CMDLINE":"/usr/local/bin/wg-zk-daemon","MESSAGE":"[timing] side=client token=1201634371 nonce_prefix=be5e46ca result=ok zk_us=45 encap_us=73 tls_us=2945 write_us=28 psk_us=37 tail_us=1 total_us=3335","SYSLOG_IDENTIFIER":"env","_GID":"0","_SYSTEMD_SLICE":"system-wgzk\\x2dm7.slice","_HOSTNAME":"wgzk-client","SYSLOG_FACILITY":"3","_UID":"0","_SYSTEMD_UNIT":"wgzk-m7@wgc6.service","_COMM":"wg-zk-daemon"}
{"_CAP_EFFECTIVE":"1ffffffffff","SYSLOG_FACILITY":"3","_SELINUX_CONTEXT":"unconfined\n","_SYSTEMD_SLICE":"system-wgzk\\x2dm7.slice","__MONOTONIC_TIMESTAMP":"800068071","_GID":"0","__REALTIME_TIMESTAMP":"1790766483725404","_MACHINE_ID":"6334201a93644f82a11c836f3c84a03f","_COMM":"wg-zk-daemon","_SYSTEMD_INVOCATION_ID":"c9a898e9ef0440198a1ec6bc1aaf41b6","_HOSTNAME":"wgzk-client","MESSAGE":"[timing] side=client token=2928812979 nonce_prefix=63b52c84 result=ok zk_us=45 encap_us=83 tls_us=4406 write_us=27 psk_us=79 tail_us=1 total_us=4723","_BOOT_ID":"dfcb8dac886d4627bbdfedf02e3e59de","_SYSTEMD_UNIT":"wgzk-m7@wgc6.service","_CMDLINE":"/usr/local/bin/wg-zk-daemon","SYSLOG_IDENTIFIER":"env","__CURSOR":"s=a04ba51497c94fceb15b4fa2d2c14874;i=442b;b=dfcb8dac886d4627bbdfedf02e3e59de;m=2fb011e7;t=65cb150235c5c;x=f355257f9c06e2e1","PRIORITY":"6","_STREAM_ID":"acf4ee76673b4016a3f2e5ecf35e4cfa","_TRANSPORT":"stdout","_EXE":"/usr/local/bin/wg-zk-daemon","_PID":"7192","_SYSTEMD_CGROUP":"/system.slice/system-wgzk\\x2dm7.slice/wgzk-m7@wgc6.service","_UID":"0"}
{"_GID":"0","_UID":"0","SYSLOG_FACILITY":"3","_CMDLINE":"/usr/local/bin/wg-zk-daemon","SYSLOG_IDENTIFIER":"env","MESSAGE":"[timing] side=client token=809452075 nonce_prefix=9763afb0 result=ok zk_us=45 encap_us=73 tls_us=1839 write_us=41 psk_us=36 tail_us=1 total_us=2211","_MACHINE_ID":"6334201a93644f82a11c836f3c84a03f","_SYSTEMD_UNIT":"wgzk-m7@wgc6.service","_SYSTEMD_CGROUP":"/system.slice/system-wgzk\\x2dm7.slice/wgzk-m7@wgc6.service","_TRANSPORT":"stdout","PRIORITY":"6","__CURSOR":"s=a04ba51497c94fceb15b4fa2d2c14874;i=446b;b=dfcb8dac886d4627bbdfedf02e3e59de;m=2fc4bfc1;t=65cb150380a35;x=5e4d4b1aa0152ef1","_STREAM_ID":"acf4ee76673b4016a3f2e5ecf35e4cfa","_PID":"7192","_EXE":"/usr/local/bin/wg-zk-daemon","_CAP_EFFECTIVE":"1ffffffffff","_COMM":"wg-zk-daemon","__MONOTONIC_TIMESTAMP":"801423297","_SELINUX_CONTEXT":"unconfined\n","_BOOT_ID":"dfcb8dac886d4627bbdfedf02e3e59de","_SYSTEMD_INVOCATION_ID":"c9a898e9ef0440198a1ec6bc1aaf41b6","_HOSTNAME":"wgzk-client","__REALTIME_TIMESTAMP":"1790766485080629","_SYSTEMD_SLICE":"system-wgzk\\x2dm7.slice"}
{"__MONOTONIC_TIMESTAMP":"802778796","SYSLOG_IDENTIFIER":"env","_MACHINE_ID":"6334201a93644f82a11c836f3c84a03f","_SYSTEMD_SLICE":"system-wgzk\\x2dm7.slice","_BOOT_ID":"dfcb8dac886d4627bbdfedf02e3e59de","_PID":"7192","_SYSTEMD_INVOCATION_ID":"c9a898e9ef0440198a1ec6bc1aaf41b6","_UID":"0","_CMDLINE":"/usr/local/bin/wg-zk-daemon","MESSAGE":"[timing] side=client token=1933841188 nonce_prefix=203dfabd result=ok zk_us=45 encap_us=75 tls_us=2918 write_us=13 psk_us=539 tail_us=1 total_us=3633","__REALTIME_TIMESTAMP":"1790766486436128","_EXE":"/usr/local/bin/wg-zk-daemon","_TRANSPORT":"stdout","SYSLOG_FACILITY":"3","_SYSTEMD_UNIT":"wgzk-m7@wgc6.service","PRIORITY":"6","_COMM":"wg-zk-daemon","_STREAM_ID":"acf4ee76673b4016a3f2e5ecf35e4cfa","__CURSOR":"s=a04ba51497c94fceb15b4fa2d2c14874;i=44a9;b=dfcb8dac886d4627bbdfedf02e3e59de;m=2fd96eac;t=65cb1504cb920;x=c0888057d7f236c7","_SELINUX_CONTEXT":"unconfined\n","_GID":"0","_CAP_EFFECTIVE":"1ffffffffff","_SYSTEMD_CGROUP":"/system.slice/system-wgzk\\x2dm7.slice/wgzk-m7@wgc6.service","_HOSTNAME":"wgzk-client"}
{"_HOSTNAME":"wgzk-client","_EXE":"/usr/local/bin/wg-zk-daemon","_GID":"0","_COMM":"wg-zk-daemon","__REALTIME_TIMESTAMP":"1790766487784013","_SYSTEMD_UNIT":"wgzk-m7@wgc6.service","_SYSTEMD_INVOCATION_ID":"c9a898e9ef0440198a1ec6bc1aaf41b6","_SELINUX_CONTEXT":"unconfined\n","_UID":"0","_SYSTEMD_SLICE":"system-wgzk\\x2dm7.slice","SYSLOG_FACILITY":"3","_MACHINE_ID":"6334201a93644f82a11c836f3c84a03f","_TRANSPORT":"stdout","SYSLOG_IDENTIFIER":"env","__MONOTONIC_TIMESTAMP":"804126681","PRIORITY":"6","MESSAGE":"[timing] side=client token=2357546104 nonce_prefix=e4055d39 result=ok zk_us=45 encap_us=77 tls_us=1961 write_us=29 psk_us=49 tail_us=1 total_us=2235","_CMDLINE":"/usr/local/bin/wg-zk-daemon","_SYSTEMD_CGROUP":"/system.slice/system-wgzk\\x2dm7.slice/wgzk-m7@wgc6.service","_CAP_EFFECTIVE":"1ffffffffff","__CURSOR":"s=a04ba51497c94fceb15b4fa2d2c14874;i=44ec;b=dfcb8dac886d4627bbdfedf02e3e59de;m=2fedffd9;t=65cb150614a4d;x=e7c19252a038d3ae","_STREAM_ID":"acf4ee76673b4016a3f2e5ecf35e4cfa","_PID":"7192","_BOOT_ID":"dfcb8dac886d4627bbdfedf02e3e59de"}
{"_TRANSPORT":"stdout","_SYSTEMD_CGROUP":"/system.slice/system-wgzk\\x2dm7.slice/wgzk-m7@wgc6.service","_CMDLINE":"/usr/local/bin/wg-zk-daemon","_BOOT_ID":"dfcb8dac886d4627bbdfedf02e3e59de","_CAP_EFFECTIVE":"1ffffffffff","_HOSTNAME":"wgzk-client","_EXE":"/usr/local/bin/wg-zk-daemon","SYSLOG_FACILITY":"3","_SYSTEMD_SLICE":"system-wgzk\\x2dm7.slice","MESSAGE":"[timing] side=client token=2688946830 nonce_prefix=83fbbbfc result=ok zk_us=127 encap_us=130 tls_us=1857 write_us=27 psk_us=42 tail_us=1 total_us=2419","__MONOTONIC_TIMESTAMP":"805470843","__CURSOR":"s=a04ba51497c94fceb15b4fa2d2c14874;i=452b;b=dfcb8dac886d4627bbdfedf02e3e59de;m=3002827b;t=65cb15075ccef;x=772110c92f758bc6","_SYSTEMD_UNIT":"wgzk-m7@wgc6.service","_MACHINE_ID":"6334201a93644f82a11c836f3c84a03f","_SYSTEMD_INVOCATION_ID":"c9a898e9ef0440198a1ec6bc1aaf41b6","_COMM":"wg-zk-daemon","SYSLOG_IDENTIFIER":"env","__REALTIME_TIMESTAMP":"1790766489128175","_SELINUX_CONTEXT":"unconfined\n","_UID":"0","PRIORITY":"6","_PID":"7192","_STREAM_ID":"acf4ee76673b4016a3f2e5ecf35e4cfa","_GID":"0"}
{"PRIORITY":"6","_GID":"0","_SYSTEMD_SLICE":"system-wgzk\\x2dm7.slice","_STREAM_ID":"acf4ee76673b4016a3f2e5ecf35e4cfa","_SYSTEMD_UNIT":"wgzk-m7@wgc6.service","_CMDLINE":"/usr/local/bin/wg-zk-daemon","_BOOT_ID":"dfcb8dac886d4627bbdfedf02e3e59de","__REALTIME_TIMESTAMP":"1790766490473622","MESSAGE":"[timing] side=client token=3532779586 nonce_prefix=7fb14d30 result=ok zk_us=51 encap_us=75 tls_us=2506 write_us=27 psk_us=38 tail_us=0 total_us=2875","_UID":"0","_EXE":"/usr/local/bin/wg-zk-daemon","_PID":"7192","_SELINUX_CONTEXT":"unconfined\n","_CAP_EFFECTIVE":"1ffffffffff","SYSLOG_FACILITY":"3","SYSLOG_IDENTIFIER":"env","_MACHINE_ID":"6334201a93644f82a11c836f3c84a03f","_COMM":"wg-zk-daemon","_TRANSPORT":"stdout","_SYSTEMD_CGROUP":"/system.slice/system-wgzk\\x2dm7.slice/wgzk-m7@wgc6.service","__CURSOR":"s=a04ba51497c94fceb15b4fa2d2c14874;i=456a;b=dfcb8dac886d4627bbdfedf02e3e59de;m=30170a22;t=65cb1508a5496;x=54462bed46bc5a07","__MONOTONIC_TIMESTAMP":"806816290","_SYSTEMD_INVOCATION_ID":"c9a898e9ef0440198a1ec6bc1aaf41b6","_HOSTNAME":"wgzk-client"}
{"__CURSOR":"s=a04ba51497c94fceb15b4fa2d2c14874;i=45a6;b=dfcb8dac886d4627bbdfedf02e3e59de;m=302b7300;t=65cb1509ebd75;x=912fe17ca18b49bf","_MACHINE_ID":"6334201a93644f82a11c836f3c84a03f","_SYSTEMD_SLICE":"system-wgzk\\x2dm7.slice","_BOOT_ID":"dfcb8dac886d4627bbdfedf02e3e59de","SYSLOG_IDENTIFIER":"env","_SELINUX_CONTEXT":"unconfined\n","PRIORITY":"6","_SYSTEMD_INVOCATION_ID":"c9a898e9ef0440198a1ec6bc1aaf41b6","_COMM":"wg-zk-daemon","_HOSTNAME":"wgzk-client","SYSLOG_FACILITY":"3","_GID":"0","_SYSTEMD_UNIT":"wgzk-m7@wgc6.service","_TRANSPORT":"stdout","__REALTIME_TIMESTAMP":"1790766491811189","_PID":"7192","_CAP_EFFECTIVE":"1ffffffffff","_EXE":"/usr/local/bin/wg-zk-daemon","MESSAGE":"[timing] side=client token=1917067148 nonce_prefix=14490f6b result=ok zk_us=45 encap_us=78 tls_us=3237 write_us=9 psk_us=28 tail_us=1 total_us=3466","_UID":"0","__MONOTONIC_TIMESTAMP":"808153856","_STREAM_ID":"acf4ee76673b4016a3f2e5ecf35e4cfa","_CMDLINE":"/usr/local/bin/wg-zk-daemon","_SYSTEMD_CGROUP":"/system.slice/system-wgzk\\x2dm7.slice/wgzk-m7@wgc6.service"}
{"_STREAM_ID":"acf4ee76673b4016a3f2e5ecf35e4cfa","_SYSTEMD_SLICE":"system-wgzk\\x2dm7.slice","__CURSOR":"s=a04ba51497c94fceb15b4fa2d2c14874;i=45ed;b=dfcb8dac886d4627bbdfedf02e3e59de;m=30401192;t=65cb150b35c06;x=d778f12669baae91","_COMM":"wg-zk-daemon","_BOOT_ID":"dfcb8dac886d4627bbdfedf02e3e59de","_TRANSPORT":"stdout","_CMDLINE":"/usr/local/bin/wg-zk-daemon","_SELINUX_CONTEXT":"unconfined\n","SYSLOG_IDENTIFIER":"env","_UID":"0","_SYSTEMD_INVOCATION_ID":"c9a898e9ef0440198a1ec6bc1aaf41b6","_MACHINE_ID":"6334201a93644f82a11c836f3c84a03f","_EXE":"/usr/local/bin/wg-zk-daemon","_CAP_EFFECTIVE":"1ffffffffff","_HOSTNAME":"wgzk-client","_SYSTEMD_CGROUP":"/system.slice/system-wgzk\\x2dm7.slice/wgzk-m7@wgc6.service","SYSLOG_FACILITY":"3","_GID":"0","MESSAGE":"[timing] side=client token=1821189528 nonce_prefix=604f729e result=ok zk_us=49 encap_us=73 tls_us=4749 write_us=98 psk_us=42 tail_us=1 total_us=5415","_PID":"7192","_SYSTEMD_UNIT":"wgzk-m7@wgc6.service","__MONOTONIC_TIMESTAMP":"809505170","PRIORITY":"6","__REALTIME_TIMESTAMP":"1790766493162502"}
{"_COMM":"wg-zk-daemon","MESSAGE":"[timing] side=client token=987465122 nonce_prefix=c0ca84b0 result=ok zk_us=262 encap_us=73 tls_us=7280 write_us=29 psk_us=45 tail_us=1 total_us=7764","_SYSTEMD_INVOCATION_ID":"c9a898e9ef0440198a1ec6bc1aaf41b6","_SYSTEMD_SLICE":"system-wgzk\\x2dm7.slice","_CMDLINE":"/usr/local/bin/wg-zk-daemon","_SYSTEMD_CGROUP":"/system.slice/system-wgzk\\x2dm7.slice/wgzk-m7@wgc6.service","_SELINUX_CONTEXT":"unconfined\n","__REALTIME_TIMESTAMP":"1790766494530100","__CURSOR":"s=a04ba51497c94fceb15b4fa2d2c14874;i=462d;b=dfcb8dac886d4627bbdfedf02e3e59de;m=3054efc0;t=65cb150c83a34;x=a80e4541baebd877","_STREAM_ID":"acf4ee76673b4016a3f2e5ecf35e4cfa","_GID":"0","_CAP_EFFECTIVE":"1ffffffffff","_TRANSPORT":"stdout","_SYSTEMD_UNIT":"wgzk-m7@wgc6.service","_EXE":"/usr/local/bin/wg-zk-daemon","_BOOT_ID":"dfcb8dac886d4627bbdfedf02e3e59de","_HOSTNAME":"wgzk-client","SYSLOG_FACILITY":"3","__MONOTONIC_TIMESTAMP":"810872768","SYSLOG_IDENTIFIER":"env","_MACHINE_ID":"6334201a93644f82a11c836f3c84a03f","PRIORITY":"6","_PID":"7192","_UID":"0"}
{"_BOOT_ID":"dfcb8dac886d4627bbdfedf02e3e59de","_SYSTEMD_CGROUP":"/system.slice/system-wgzk\\x2dm7.slice/wgzk-m7@wgc6.service","_EXE":"/usr/local/bin/wg-zk-daemon","__MONOTONIC_TIMESTAMP":"812234773","_GID":"0","__REALTIME_TIMESTAMP":"1790766495892105","__CURSOR":"s=a04ba51497c94fceb15b4fa2d2c14874;i=466c;b=dfcb8dac886d4627bbdfedf02e3e59de;m=3069b815;t=65cb150dd0289;x=8c938a02dec14177","_CMDLINE":"/usr/local/bin/wg-zk-daemon","_MACHINE_ID":"6334201a93644f82a11c836f3c84a03f","_UID":"0","_TRANSPORT":"stdout","_COMM":"wg-zk-daemon","_PID":"7192","MESSAGE":"[timing] side=client token=2045171516 nonce_prefix=a2447950 result=ok zk_us=45 encap_us=73 tls_us=6341 write_us=28 psk_us=19 tail_us=1 total_us=6568","_SYSTEMD_UNIT":"wgzk-m7@wgc6.service","_CAP_EFFECTIVE":"1ffffffffff","_SYSTEMD_INVOCATION_ID":"c9a898e9ef0440198a1ec6bc1aaf41b6","SYSLOG_IDENTIFIER":"env","PRIORITY":"6","_SYSTEMD_SLICE":"system-wgzk\\x2dm7.slice","_SELINUX_CONTEXT":"unconfined\n","_STREAM_ID":"acf4ee76673b4016a3f2e5ecf35e4cfa","SYSLOG_FACILITY":"3","_HOSTNAME":"wgzk-client"}
{"_SYSTEMD_CGROUP":"/system.slice/system-wgzk\\x2dm7.slice/wgzk-m7@wgc6.service","MESSAGE":"[timing] side=client token=3892969289 nonce_prefix=f9e0fd1c result=ok zk_us=44 encap_us=76 tls_us=4976 write_us=27 psk_us=42 tail_us=1 total_us=5268","_SYSTEMD_UNIT":"wgzk-m7@wgc6.service","__MONOTONIC_TIMESTAMP":"813582461","PRIORITY":"6","_UID":"0","_SYSTEMD_INVOCATION_ID":"c9a898e9ef0440198a1ec6bc1aaf41b6","_HOSTNAME":"wgzk-client","_STREAM_ID":"acf4ee76673b4016a3f2e5ecf35e4cfa","_MACHINE_ID":"6334201a93644f82a11c836f3c84a03f","_CMDLINE":"/usr/local/bin/wg-zk-daemon","__REALTIME_TIMESTAMP":"1790766497239793","SYSLOG_FACILITY":"3","_BOOT_ID":"dfcb8dac886d4627bbdfedf02e3e59de","_TRANSPORT":"stdout","_COMM":"wg-zk-daemon","SYSLOG_IDENTIFIER":"env","_PID":"7192","_GID":"0","__CURSOR":"s=a04ba51497c94fceb15b4fa2d2c14874;i=46ad;b=dfcb8dac886d4627bbdfedf02e3e59de;m=307e487d;t=65cb150f192f1;x=4e6578baa707868a","_CAP_EFFECTIVE":"1ffffffffff","_SELINUX_CONTEXT":"unconfined\n","_SYSTEMD_SLICE":"system-wgzk\\x2dm7.slice","_EXE":"/usr/local/bin/wg-zk-daemon"}
{"MESSAGE":"[timing] side=client token=2453940312 nonce_prefix=87ba26cd result=ok zk_us=45 encap_us=74 tls_us=4430 write_us=25 psk_us=42 tail_us=1 total_us=4707","SYSLOG_FACILITY":"3","_EXE":"/usr/local/bin/wg-zk-daemon","_CMDLINE":"/usr/local/bin/wg-zk-daemon","SYSLOG_IDENTIFIER":"env","_SYSTEMD_UNIT":"wgzk-m7@wgc6.service","PRIORITY":"6","_PID":"7192","_GID":"0","__MONOTONIC_TIMESTAMP":"814928406","_SYSTEMD_SLICE":"system-wgzk\\x2dm7.slice","_HOSTNAME":"wgzk-client","_BOOT_ID":"dfcb8dac886d4627bbdfedf02e3e59de","_MACHINE_ID":"6334201a93644f82a11c836f3c84a03f","__CURSOR":"s=a04ba51497c94fceb15b4fa2d2c14874;i=46ec;b=dfcb8dac886d4627bbdfedf02e3e59de;m=3092d216;t=65cb151061c8a;x=489872359aeff47a","_COMM":"wg-zk-daemon","_SYSTEMD_INVOCATION_ID":"c9a898e9ef0440198a1ec6bc1aaf41b6","_TRANSPORT":"stdout","_SELINUX_CONTEXT":"unconfined\n","_CAP_EFFECTIVE":"1ffffffffff","_STREAM_ID":"acf4ee76673b4016a3f2e5ecf35e4cfa","_SYSTEMD_CGROUP":"/system.slice/system-wgzk\\x2dm7.slice/wgzk-m7@wgc6.service","__REALTIME_TIMESTAMP":"1790766498585738","_UID":"0"}
{"_MACHINE_ID":"6334201a93644f82a11c836f3c84a03f","_BOOT_ID":"dfcb8dac886d4627bbdfedf02e3e59de","MESSAGE":"[timing] side=client token=54886423 nonce_prefix=66906fd9 result=ok zk_us=45 encap_us=199 tls_us=6171 write_us=28 psk_us=37 tail_us=1 total_us=6540","_SYSTEMD_INVOCATION_ID":"c9a898e9ef0440198a1ec6bc1aaf41b6","__CURSOR":"s=a04ba51497c94fceb15b4fa2d2c14874;i=472a;b=dfcb8dac886d4627bbdfedf02e3e59de;m=30a759f2;t=65cb1511aa467;x=db862732b61b3f03","_SELINUX_CONTEXT":"unconfined\n","_GID":"0","SYSLOG_FACILITY":"3","__REALTIME_TIMESTAMP":"1790766499931239","PRIORITY":"6","_COMM":"wg-zk-daemon","_CMDLINE":"/usr/local/bin/wg-zk-daemon","_EXE":"/usr/local/bin/wg-zk-daemon","_TRANSPORT":"stdout","SYSLOG_IDENTIFIER":"env","__MONOTONIC_TIMESTAMP":"816273906","_SYSTEMD_CGROUP":"/system.slice/system-wgzk\\x2dm7.slice/wgzk-m7@wgc6.service","_SYSTEMD_UNIT":"wgzk-m7@wgc6.service","_PID":"7192","_SYSTEMD_SLICE":"system-wgzk\\x2dm7.slice","_CAP_EFFECTIVE":"1ffffffffff","_UID":"0","_STREAM_ID":"acf4ee76673b4016a3f2e5ecf35e4cfa","_HOSTNAME":"wgzk-client"}
{"MESSAGE":"[timing] side=client token=1827280984 nonce_prefix=cca69ffc result=ok zk_us=45 encap_us=128 tls_us=3285 write_us=28 psk_us=51 tail_us=1 total_us=3650","_UID":"0","_COMM":"wg-zk-daemon","_SYSTEMD_INVOCATION_ID":"c9a898e9ef0440198a1ec6bc1aaf41b6","SYSLOG_IDENTIFIER":"env","PRIORITY":"6","_TRANSPORT":"stdout","__REALTIME_TIMESTAMP":"1790766501279010","_CMDLINE":"/usr/local/bin/wg-zk-daemon","_SYSTEMD_SLICE":"system-wgzk\\x2dm7.slice","_SYSTEMD_CGROUP":"/system.slice/system-wgzk\\x2dm7.slice/wgzk-m7@wgc6.service","_GID":"0","SYSLOG_FACILITY":"3","_HOSTNAME":"wgzk-client","_STREAM_ID":"acf4ee76673b4016a3f2e5ecf35e4cfa","_SYSTEMD_UNIT":"wgzk-m7@wgc6.service","__MONOTONIC_TIMESTAMP":"817621678","_BOOT_ID":"dfcb8dac886d4627bbdfedf02e3e59de","_PID":"7192","__CURSOR":"s=a04ba51497c94fceb15b4fa2d2c14874;i=476d;b=dfcb8dac886d4627bbdfedf02e3e59de;m=30bbeaae;t=65cb1512f3522;x=537c15419d906701","_MACHINE_ID":"6334201a93644f82a11c836f3c84a03f","_CAP_EFFECTIVE":"1ffffffffff","_EXE":"/usr/local/bin/wg-zk-daemon","_SELINUX_CONTEXT":"unconfined\n"}
{"_UID":"0","__MONOTONIC_TIMESTAMP":"818969739","_PID":"7192","SYSLOG_FACILITY":"3","_SYSTEMD_SLICE":"system-wgzk\\x2dm7.slice","_COMM":"wg-zk-daemon","_CMDLINE":"/usr/local/bin/wg-zk-daemon","_MACHINE_ID":"6334201a93644f82a11c836f3c84a03f","_SYSTEMD_CGROUP":"/system.slice/system-wgzk\\x2dm7.slice/wgzk-m7@wgc6.service","__CURSOR":"s=a04ba51497c94fceb15b4fa2d2c14874;i=47ac;b=dfcb8dac886d4627bbdfedf02e3e59de;m=30d07c8b;t=65cb15143c6ff;x=dca3dfe2da9890ee","_SELINUX_CONTEXT":"unconfined\n","SYSLOG_IDENTIFIER":"env","_EXE":"/usr/local/bin/wg-zk-daemon","_HOSTNAME":"wgzk-client","__REALTIME_TIMESTAMP":"1790766502627071","_STREAM_ID":"acf4ee76673b4016a3f2e5ecf35e4cfa","_BOOT_ID":"dfcb8dac886d4627bbdfedf02e3e59de","_SYSTEMD_INVOCATION_ID":"c9a898e9ef0440198a1ec6bc1aaf41b6","MESSAGE":"[timing] side=client token=2308175759 nonce_prefix=cc2f4019 result=ok zk_us=46 encap_us=116 tls_us=2485 write_us=9 psk_us=59 tail_us=1 total_us=2774","_TRANSPORT":"stdout","_SYSTEMD_UNIT":"wgzk-m7@wgc6.service","PRIORITY":"6","_GID":"0","_CAP_EFFECTIVE":"1ffffffffff"}
{"_HOSTNAME":"wgzk-client","SYSLOG_IDENTIFIER":"env","_CAP_EFFECTIVE":"1ffffffffff","_TRANSPORT":"stdout","PRIORITY":"6","_MACHINE_ID":"6334201a93644f82a11c836f3c84a03f","_SYSTEMD_CGROUP":"/system.slice/system-wgzk\\x2dm7.slice/wgzk-m7@wgc6.service","MESSAGE":"[timing] side=client token=2371739675 nonce_prefix=36c05e77 result=ok zk_us=44 encap_us=75 tls_us=4684 write_us=5 psk_us=62 tail_us=1 total_us=4938","__REALTIME_TIMESTAMP":"1790766503986047","_SELINUX_CONTEXT":"unconfined\n","_STREAM_ID":"acf4ee76673b4016a3f2e5ecf35e4cfa","_UID":"0","_SYSTEMD_INVOCATION_ID":"c9a898e9ef0440198a1ec6bc1aaf41b6","_SYSTEMD_UNIT":"wgzk-m7@wgc6.service","_BOOT_ID":"dfcb8dac886d4627bbdfedf02e3e59de","_GID":"0","_EXE":"/usr/local/bin/wg-zk-daemon","_SYSTEMD_SLICE":"system-wgzk\\x2dm7.slice","SYSLOG_FACILITY":"3","__CURSOR":"s=a04ba51497c94fceb15b4fa2d2c14874;i=47ec;b=dfcb8dac886d4627bbdfedf02e3e59de;m=30e5390b;t=65cb15158837f;x=9baacea5facf77d1","_CMDLINE":"/usr/local/bin/wg-zk-daemon","_COMM":"wg-zk-daemon","__MONOTONIC_TIMESTAMP":"820328715","_PID":"7192"}
[exit 0]

$ [client] journalctl -u wgzk-m7@wgc7.service -o json --no-pager --after-cursor='s=a04ba51497c94fceb15b4fa2d2c14874;i=4066;b=dfcb8dac886d4627bbdfedf02e3e59de;m=2e2a4cf4;t=65cb14e9d9768;x=de5ddbba952366af' | grep -F '[timing]' || true
{"_UID":"0","_CMDLINE":"/usr/local/bin/wg-zk-daemon","SYSLOG_IDENTIFIER":"env","_PID":"7246","_COMM":"wg-zk-daemon","__REALTIME_TIMESTAMP":"1790766464762399","_SYSTEMD_UNIT":"wgzk-m7@wgc7.service","_BOOT_ID":"dfcb8dac886d4627bbdfedf02e3e59de","_GID":"0","PRIORITY":"6","_TRANSPORT":"stdout","_SELINUX_CONTEXT":"unconfined\n","_CAP_EFFECTIVE":"1ffffffffff","_HOSTNAME":"wgzk-client","_EXE":"/usr/local/bin/wg-zk-daemon","_MACHINE_ID":"6334201a93644f82a11c836f3c84a03f","_STREAM_ID":"8813529b47d44dfdaa13d50e68beb364","MESSAGE":"[timing] side=client token=784525143 nonce_prefix=f294fdbc result=ok zk_us=96 encap_us=121 tls_us=2773 write_us=27 psk_us=87 tail_us=1 total_us=3200","__MONOTONIC_TIMESTAMP":"781105067","SYSLOG_FACILITY":"3","_SYSTEMD_SLICE":"system-wgzk\\x2dm7.slice","_SYSTEMD_CGROUP":"/system.slice/system-wgzk\\x2dm7.slice/wgzk-m7@wgc7.service","__CURSOR":"s=a04ba51497c94fceb15b4fa2d2c14874;i=40ab;b=dfcb8dac886d4627bbdfedf02e3e59de;m=2e8eb7ab;t=65cb14f02021f;x=763310850c2e66ec","_SYSTEMD_INVOCATION_ID":"3cb4ad4e326a44c99e64209a43397928"}
{"_SELINUX_CONTEXT":"unconfined\n","_SYSTEMD_CGROUP":"/system.slice/system-wgzk\\x2dm7.slice/wgzk-m7@wgc7.service","_TRANSPORT":"stdout","_MACHINE_ID":"6334201a93644f82a11c836f3c84a03f","SYSLOG_IDENTIFIER":"env","MESSAGE":"[timing] side=client token=1367750222 nonce_prefix=93dbbfab result=ok zk_us=44 encap_us=211 tls_us=3125 write_us=29 psk_us=44 tail_us=1 total_us=3514","_GID":"0","_STREAM_ID":"8813529b47d44dfdaa13d50e68beb364","_PID":"7246","_UID":"0","_BOOT_ID":"dfcb8dac886d4627bbdfedf02e3e59de","_EXE":"/usr/local/bin/wg-zk-daemon","_SYSTEMD_INVOCATION_ID":"3cb4ad4e326a44c99e64209a43397928","__MONOTONIC_TIMESTAMP":"782468509","PRIORITY":"6","_COMM":"wg-zk-daemon","_SYSTEMD_SLICE":"system-wgzk\\x2dm7.slice","_HOSTNAME":"wgzk-client","_SYSTEMD_UNIT":"wgzk-m7@wgc7.service","_CMDLINE":"/usr/local/bin/wg-zk-daemon","_CAP_EFFECTIVE":"1ffffffffff","SYSLOG_FACILITY":"3","__CURSOR":"s=a04ba51497c94fceb15b4fa2d2c14874;i=40ec;b=dfcb8dac886d4627bbdfedf02e3e59de;m=2ea3859d;t=65cb14f16d012;x=e91118126553ee25","__REALTIME_TIMESTAMP":"1790766466125842"}
{"_SELINUX_CONTEXT":"unconfined\n","_CAP_EFFECTIVE":"1ffffffffff","_SYSTEMD_SLICE":"system-wgzk\\x2dm7.slice","_COMM":"wg-zk-daemon","_STREAM_ID":"8813529b47d44dfdaa13d50e68beb364","_HOSTNAME":"wgzk-client","__CURSOR":"s=a04ba51497c94fceb15b4fa2d2c14874;i=412b;b=dfcb8dac886d4627bbdfedf02e3e59de;m=2eb82c83;t=65cb14f2b76f7;x=d76d8403cc832b0b","_TRANSPORT":"stdout","_UID":"0","_SYSTEMD_INVOCATION_ID":"3cb4ad4e326a44c99e64209a43397928","PRIORITY":"6","SYSLOG_FACILITY":"3","_SYSTEMD_UNIT":"wgzk-m7@wgc7.service","_SYSTEMD_CGROUP":"/system.slice/system-wgzk\\x2dm7.slice/wgzk-m7@wgc7.service","_EXE":"/usr/local/bin/wg-zk-daemon","__REALTIME_TIMESTAMP":"1790766467479287","_PID":"7246","_GID":"0","__MONOTONIC_TIMESTAMP":"783821955","MESSAGE":"[timing] side=client token=761748879 nonce_prefix=e04ed22f result=ok zk_us=45 encap_us=72 tls_us=3728 write_us=26 psk_us=30 tail_us=1 total_us=3970","_CMDLINE":"/usr/local/bin/wg-zk-daemon","_MACHINE_ID":"6334201a93644f82a11c836f3c84a03f","SYSLOG_IDENTIFIER":"env","_BOOT_ID":"dfcb8dac886d4627bbdfedf02e3e59de"}
{"__MONOTONIC_TIMESTAMP":"785168850","_SELINUX_CONTEXT":"unconfined\n","__REALTIME_TIMESTAMP":"1790766468826182","PRIORITY":"6","__CURSOR":"s=a04ba51497c94fceb15b4fa2d2c14874;i=416c;b=dfcb8dac886d4627bbdfedf02e3e59de;m=2eccb9d2;t=65cb14f400446;x=c9f72ef0700490e6","_SYSTEMD_SLICE":"system-wgzk\\x2dm7.slice","_CAP_EFFECTIVE":"1ffffffffff","_HOSTNAME":"wgzk-client","_SYSTEMD_UNIT":"wgzk-m7@wgc7.service","_STREAM_ID":"8813529b47d44dfdaa13d50e68beb364","_EXE":"/usr/local/bin/wg-zk-daemon","_TRANSPORT":"stdout","_CMDLINE":"/usr/local/bin/wg-zk-daemon","_SYSTEMD_CGROUP":"/system.slice/system-wgzk\\x2dm7.slice/wgzk-m7@wgc7.service","_BOOT_ID":"dfcb8dac886d4627bbdfedf02e3e59de","_UID":"0","_SYSTEMD_INVOCATION_ID":"3cb4ad4e326a44c99e64209a43397928","_MACHINE_ID":"6334201a93644f82a11c836f3c84a03f","_PID":"7246","_COMM":"wg-zk-daemon","MESSAGE":"[timing] side=client token=1043370851 nonce_prefix=a5b9f9bc result=ok zk_us=45 encap_us=125 tls_us=2617 write_us=11 psk_us=54 tail_us=1 total_us=2949","SYSLOG_IDENTIFIER":"env","_GID":"0","SYSLOG_FACILITY":"3"}
{"SYSLOG_FACILITY":"3","_CMDLINE":"/usr/local/bin/wg-zk-daemon","_UID":"0","_EXE":"/usr/local/bin/wg-zk-daemon","_PID":"7246","_GID":"0","SYSLOG_IDENTIFIER":"env","_SELINUX_CONTEXT":"unconfined\n","_SYSTEMD_CGROUP":"/system.slice/system-wgzk\\x2dm7.slice/wgzk-m7@wgc7.service","_SYSTEMD_INVOCATION_ID":"3cb4ad4e326a44c99e64209a43397928","_COMM":"wg-zk-daemon","_BOOT_ID":"dfcb8dac886d4627bbdfedf02e3e59de","_MACHINE_ID":"6334201a93644f82a11c836f3c84a03f","__MONOTONIC_TIMESTAMP":"786523337","_SYSTEMD_SLICE":"system-wgzk\\x2dm7.slice","_SYSTEMD_UNIT":"wgzk-m7@wgc7.service","_CAP_EFFECTIVE":"1ffffffffff","_HOSTNAME":"wgzk-client","_STREAM_ID":"8813529b47d44dfdaa13d50e68beb364","__REALTIME_TIMESTAMP":"1790766470180669","PRIORITY":"6","__CURSOR":"s=a04ba51497c94fceb15b4fa2d2c14874;i=41ac;b=dfcb8dac886d4627bbdfedf02e3e59de;m=2ee164c9;t=65cb14f54af3d;x=5b6da991400e515e","_TRANSPORT":"stdout","MESSAGE":"[timing] side=client token=3426376971 nonce_prefix=99bc9eb4 result=ok zk_us=46 encap_us=76 tls_us=3502 write_us=38 psk_us=39 tail_us=1 total_us=3766"}
{"_BOOT_ID":"dfcb8dac886d4627bbdfedf02e3e59de","_SELINUX_CONTEXT":"unconfined\n","_MACHINE_ID":"6334201a93644f82a11c836f3c84a03f","_COMM":"wg-zk-daemon","_EXE":"/usr/local/bin/wg-zk-daemon","_GID":"0","__REALTIME_TIMESTAMP":"1790766471539115","_CMDLINE":"/usr/local/bin/wg-zk-daemon","_STREAM_ID":"8813529b47d44dfdaa13d50e68beb364","_SYSTEMD_UNIT":"wgzk-m7@wgc7.service","MESSAGE":"[timing] side=client token=3995260463 nonce_prefix=cef9c733 result=ok zk_us=45 encap_us=73 tls_us=6123 write_us=12 psk_us=73 tail_us=1 total_us=6405","__MONOTONIC_TIMESTAMP":"787881783","_PID":"7246","_UID":"0","_SYSTEMD_CGROUP":"/system.slice/system-wgzk\\x2dm7.slice/wgzk-m7@wgc7.service","_HOSTNAME":"wgzk-client","SYSLOG_IDENTIFIER":"env","__CURSOR":"s=a04ba51497c94fceb15b4fa2d2c14874;i=41ed;b=dfcb8dac886d4627bbdfedf02e3e59de;m=2ef61f37;t=65cb14f6969ab;x=c2bc21700851a176","_SYSTEMD_INVOCATION_ID":"3cb4ad4e326a44c99e64209a43397928","PRIORITY":"6","_SYSTEMD_SLICE":"system-wgzk\\x2dm7.slice","_CAP_EFFECTIVE":"1ffffffffff","_TRANSPORT":"stdout","SYSLOG_FACILITY":"3"}
{"__MONOTONIC_TIMESTAMP":"789235191","_CMDLINE":"/usr/local/bin/wg-zk-daemon","_COMM":"wg-zk-daemon","PRIORITY":"6","_TRANSPORT":"stdout","_GID":"0","_EXE":"/usr/local/bin/wg-zk-daemon","_CAP_EFFECTIVE":"1ffffffffff","SYSLOG_FACILITY":"3","__CURSOR":"s=a04ba51497c94fceb15b4fa2d2c14874;i=422d;b=dfcb8dac886d4627bbdfedf02e3e59de;m=2f0ac5f7;t=65cb14f7e106c;x=907c89ed5d448856","_UID":"0","_STREAM_ID":"8813529b47d44dfdaa13d50e68beb364","_PID":"7246","_SYSTEMD_CGROUP":"/system.slice/system-wgzk\\x2dm7.slice/wgzk-m7@wgc7.service","_MACHINE_ID":"6334201a93644f82a11c836f3c84a03f","MESSAGE":"[timing] side=client token=301233785 nonce_prefix=9e3adf37 result=ok zk_us=45 encap_us=73 tls_us=3304 write_us=24 psk_us=124 tail_us=1 total_us=3703","_HOSTNAME":"wgzk-client","_SYSTEMD_UNIT":"wgzk-m7@wgc7.service","_SYSTEMD_INVOCATION_ID":"3cb4ad4e326a44c99e64209a43397928","__REALTIME_TIMESTAMP":"1790766472892524","_SYSTEMD_SLICE":"system-wgzk\\x2dm7.slice","_SELINUX_CONTEXT":"unconfined\n","_BOOT_ID":"dfcb8dac886d4627bbdfedf02e3e59de","SYSLOG_IDENTIFIER":"env"}
{"_COMM":"wg-zk-daemon","_MACHINE_ID":"6334201a93644f82a11c836f3c84a03f","_GID":"0","_SELINUX_CONTEXT":"unconfined\n","_SYSTEMD_UNIT":"wgzk-m7@wgc7.service","_BOOT_ID":"dfcb8dac886d4627bbdfedf02e3e59de","PRIORITY":"6","_HOSTNAME":"wgzk-client","_CMDLINE":"/usr/local/bin/wg-zk-daemon","_SYSTEMD_SLICE":"system-wgzk\\x2dm7.slice","_CAP_EFFECTIVE":"1ffffffffff","SYSLOG_FACILITY":"3","_STREAM_ID":"8813529b47d44dfdaa13d50e68beb364","_SYSTEMD_INVOCATION_ID":"3cb4ad4e326a44c99e64209a43397928","MESSAGE":"[timing] side=client token=1729297554 nonce_prefix=75193925 result=ok zk_us=45 encap_us=74 tls_us=1736 write_us=9 psk_us=48 tail_us=1 total_us=1990","_SYSTEMD_CGROUP":"/system.slice/system-wgzk\\x2dm7.slice/wgzk-m7@wgc7.service","__CURSOR":"s=a04ba51497c94fceb15b4fa2d2c14874;i=426c;b=dfcb8dac886d4627bbdfedf02e3e59de;m=2f1f5256;t=65cb14f929cca;x=13f71b7a1d690b25","__MONOTONIC_TIMESTAMP":"790581846","_PID":"7246","_TRANSPORT":"stdout","SYSLOG_IDENTIFIER":"env","_EXE":"/usr/local/bin/wg-zk-daemon","_UID":"0","__REALTIME_TIMESTAMP":"1790766474239178"}
{"_HOSTNAME":"wgzk-client","_CMDLINE":"/usr/local/bin/wg-zk-daemon","PRIORITY":"6","_SELINUX_CONTEXT":"unconfined\n","_SYSTEMD_CGROUP":"/system.slice/system-wgzk\\x2dm7.slice/wgzk-m7@wgc7.service","__REALTIME_TIMESTAMP":"1790766475599605","_SYSTEMD_INVOCATION_ID":"3cb4ad4e326a44c99e64209a43397928","_EXE":"/usr/local/bin/wg-zk-daemon","_TRANSPORT":"stdout","__CURSOR":"s=a04ba51497c94fceb15b4fa2d2c14874;i=42aa;b=dfcb8dac886d4627bbdfedf02e3e59de;m=2f341481;t=65cb14fa75ef5;x=a36f98e95fae6c3b","SYSLOG_IDENTIFIER":"env","_STREAM_ID":"8813529b47d44dfdaa13d50e68beb364","SYSLOG_FACILITY":"3","__MONOTONIC_TIMESTAMP":"791942273","_SYSTEMD_UNIT":"wgzk-m7@wgc7.service","_BOOT_ID":"dfcb8dac886d4627bbdfedf02e3e59de","MESSAGE":"[timing] side=client token=509927356 nonce_prefix=384b146a result=ok zk_us=45 encap_us=72 tls_us=1903 write_us=18 psk_us=39 tail_us=1 total_us=2118","_UID":"0","_PID":"7246","_CAP_EFFECTIVE":"1ffffffffff","_SYSTEMD_SLICE":"system-wgzk\\x2dm7.slice","_MACHINE_ID":"6334201a93644f82a11c836f3c84a03f","_GID":"0","_COMM":"wg-zk-daemon"}
{"__CURSOR":"s=a04ba51497c94fceb15b4fa2d2c14874;i=42eb;b=dfcb8dac886d4627bbdfedf02e3e59de;m=2f48a106;t=65cb14fbbeb7a;x=566dafad620c8ed0","MESSAGE":"[timing] side=client token=1294023924 nonce_prefix=a478dfb4 result=ok zk_us=45 encap_us=97 tls_us=3476 write_us=5 psk_us=27 tail_us=1 total_us=3690","__MONOTONIC_TIMESTAMP":"793288966","_TRANSPORT":"stdout","_SYSTEMD_INVOCATION_ID":"3cb4ad4e326a44c99e64209a43397928","SYSLOG_IDENTIFIER":"env","PRIORITY":"6","_SYSTEMD_UNIT":"wgzk-m7@wgc7.service","_PID":"7246","_COMM":"wg-zk-daemon","_BOOT_ID":"dfcb8dac886d4627bbdfedf02e3e59de","SYSLOG_FACILITY":"3","_EXE":"/usr/local/bin/wg-zk-daemon","_CMDLINE":"/usr/local/bin/wg-zk-daemon","_SYSTEMD_CGROUP":"/system.slice/system-wgzk\\x2dm7.slice/wgzk-m7@wgc7.service","_SELINUX_CONTEXT":"unconfined\n","_CAP_EFFECTIVE":"1ffffffffff","__REALTIME_TIMESTAMP":"1790766476946298","_SYSTEMD_SLICE":"system-wgzk\\x2dm7.slice","_UID":"0","_STREAM_ID":"8813529b47d44dfdaa13d50e68beb364","_HOSTNAME":"wgzk-client","_MACHINE_ID":"6334201a93644f82a11c836f3c84a03f","_GID":"0"}
{"MESSAGE":"[timing] side=client token=1782899733 nonce_prefix=433fcdb1 result=ok zk_us=45 encap_us=80 tls_us=3993 write_us=27 psk_us=25 tail_us=1 total_us=4257","_UID":"0","_SELINUX_CONTEXT":"unconfined\n","_SYSTEMD_CGROUP":"/system.slice/system-wgzk\\x2dm7.slice/wgzk-m7@wgc7.service","__MONOTONIC_TIMESTAMP":"794654912","SYSLOG_FACILITY":"3","_CAP_EFFECTIVE":"1ffffffffff","_PID":"7246","PRIORITY":"6","_STREAM_ID":"8813529b47d44dfdaa13d50e68beb364","_EXE":"/usr/local/bin/wg-zk-daemon","_SYSTEMD_INVOCATION_ID":"3cb4ad4e326a44c99e64209a43397928","__CURSOR":"s=a04ba51497c94fceb15b4fa2d2c14874;i=4315;b=dfcb8dac886d4627bbdfedf02e3e59de;m=2f5d78c0;t=65cb14fd0c335;x=c653e01f0b8ac406","_CMDLINE":"/usr/local/bin/wg-zk-daemon","_GID":"0","__REALTIME_TIMESTAMP":"1790766478312245","_COMM":"wg-zk-daemon","_SYSTEMD_UNIT":"wgzk-m7@wgc7.service","_SYSTEMD_SLICE":"system-wgzk\\x2dm7.slice","_BOOT_ID":"dfcb8dac886d4627bbdfedf02e3e59de","SYSLOG_IDENTIFIER":"env","_MACHINE_ID":"6334201a93644f82a11c836f3c84a03f","_TRANSPORT":"stdout","_HOSTNAME":"wgzk-client"}
{"_PID":"7246","_SYSTEMD_INVOCATION_ID":"3cb4ad4e326a44c99e64209a43397928","_STREAM_ID":"8813529b47d44dfdaa13d50e68beb364","SYSLOG_IDENTIFIER":"env","_EXE":"/usr/local/bin/wg-zk-daemon","_GID":"0","__CURSOR":"s=a04ba51497c94fceb15b4fa2d2c14874;i=436c;b=dfcb8dac886d4627bbdfedf02e3e59de;m=2f722182;t=65cb14fe56bf6;x=9993749b2c764234","MESSAGE":"[timing] side=client token=2188903257 nonce_prefix=119cfc7e result=ok zk_us=107 encap_us=74 tls_us=4588 write_us=45 psk_us=41 tail_us=1 total_us=4991","_HOSTNAME":"wgzk-client","_BOOT_ID":"dfcb8dac886d4627bbdfedf02e3e59de","PRIORITY":"6","_SYSTEMD_CGROUP":"/system.slice/system-wgzk\\x2dm7.slice/wgzk-m7@wgc7.service","__REALTIME_TIMESTAMP":"1790766479666166","_UID":"0","SYSLOG_FACILITY":"3","_SELINUX_CONTEXT":"unconfined\n","_CMDLINE":"/usr/local/bin/wg-zk-daemon","_SYSTEMD_SLICE":"system-wgzk\\x2dm7.slice","_CAP_EFFECTIVE":"1ffffffffff","_COMM":"wg-zk-daemon","_SYSTEMD_UNIT":"wgzk-m7@wgc7.service","_TRANSPORT":"stdout","__MONOTONIC_TIMESTAMP":"796008834","_MACHINE_ID":"6334201a93644f82a11c836f3c84a03f"}
{"_HOSTNAME":"wgzk-client","_EXE":"/usr/local/bin/wg-zk-daemon","_SYSTEMD_CGROUP":"/system.slice/system-wgzk\\x2dm7.slice/wgzk-m7@wgc7.service","_BOOT_ID":"dfcb8dac886d4627bbdfedf02e3e59de","_STREAM_ID":"8813529b47d44dfdaa13d50e68beb364","_TRANSPORT":"stdout","MESSAGE":"[timing] side=client token=434565228 nonce_prefix=4ccda8c4 result=ok zk_us=46 encap_us=113 tls_us=4592 write_us=27 psk_us=36 tail_us=1 total_us=4987","_GID":"0","SYSLOG_FACILITY":"3","_COMM":"wg-zk-daemon","_CMDLINE":"/usr/local/bin/wg-zk-daemon","_SYSTEMD_UNIT":"wgzk-m7@wgc7.service","PRIORITY":"6","__MONOTONIC_TIMESTAMP":"797349916","__CURSOR":"s=a04ba51497c94fceb15b4fa2d2c14874;i=43ac;b=dfcb8dac886d4627bbdfedf02e3e59de;m=2f86981c;t=65cb14ff9e290;x=7a434a92fe81528c","_SYSTEMD_INVOCATION_ID":"3cb4ad4e326a44c99e64209a43397928","_CAP_EFFECTIVE":"1ffffffffff","_UID":"0","_SYSTEMD_SLICE":"system-wgzk\\x2dm7.slice","SYSLOG_IDENTIFIER":"env","__REALTIME_TIMESTAMP":"1790766481007248","_SELINUX_CONTEXT":"unconfined\n","_PID":"7246","_MACHINE_ID":"6334201a93644f82a11c836f3c84a03f"}
{"_SYSTEMD_UNIT":"wgzk-m7@wgc7.service","__MONOTONIC_TIMESTAMP":"798701037","_COMM":"wg-zk-daemon","_SELINUX_CONTEXT":"unconfined\n","_HOSTNAME":"wgzk-client","_MACHINE_ID":"6334201a93644f82a11c836f3c84a03f","_SYSTEMD_CGROUP":"/system.slice/system-wgzk\\x2dm7.slice/wgzk-m7@wgc7.service","_CMDLINE":"/usr/local/bin/wg-zk-daemon","_STREAM_ID":"8813529b47d44dfdaa13d50e68beb364","_CAP_EFFECTIVE":"1ffffffffff","_SYSTEMD_SLICE":"system-wgzk\\x2dm7.slice","_UID":"0","_BOOT_ID":"dfcb8dac886d4627bbdfedf02e3e59de","_EXE":"/usr/local/bin/wg-zk-daemon","_SYSTEMD_INVOCATION_ID":"3cb4ad4e326a44c99e64209a43397928","_TRANSPORT":"stdout","MESSAGE":"[timing] side=client token=3326557930 nonce_prefix=43a34a72 result=ok zk_us=45 encap_us=73 tls_us=2050 write_us=8 psk_us=42 tail_us=1 total_us=2355","PRIORITY":"6","SYSLOG_FACILITY":"3","__CURSOR":"s=a04ba51497c94fceb15b4fa2d2c14874;i=43eb;b=dfcb8dac886d4627bbdfedf02e3e59de;m=2f9b35ed;t=65cb1500e8062;x=70b2c0a5163aace9","_PID":"7246","SYSLOG_IDENTIFIER":"env","_GID":"0","__REALTIME_TIMESTAMP":"1790766482358370"}
{"_SYSTEMD_SLICE":"system-wgzk\\x2dm7.slice","PRIORITY":"6","_STREAM_ID":"8813529b47d44dfdaa13d50e68beb364","_UID":"0","_HOSTNAME":"wgzk-client","SYSLOG_IDENTIFIER":"env","_SELINUX_CONTEXT":"unconfined\n","_CMDLINE":"/usr/local/bin/wg-zk-daemon","_EXE":"/usr/local/bin/wg-zk-daemon","MESSAGE":"[timing] side=client token=540161603 nonce_prefix=30418e26 result=ok zk_us=45 encap_us=74 tls_us=3683 write_us=27 psk_us=35 tail_us=1 total_us=3983","_SYSTEMD_INVOCATION_ID":"3cb4ad4e326a44c99e64209a43397928","__REALTIME_TIMESTAMP":"1790766483725049","_PID":"7246","_COMM":"wg-zk-daemon","_MACHINE_ID":"6334201a93644f82a11c836f3c84a03f","_TRANSPORT":"stdout","_CAP_EFFECTIVE":"1ffffffffff","__MONOTONIC_TIMESTAMP":"800067717","_GID":"0","_BOOT_ID":"dfcb8dac886d4627bbdfedf02e3e59de","_SYSTEMD_CGROUP":"/system.slice/system-wgzk\\x2dm7.slice/wgzk-m7@wgc7.service","SYSLOG_FACILITY":"3","_SYSTEMD_UNIT":"wgzk-m7@wgc7.service","__CURSOR":"s=a04ba51497c94fceb15b4fa2d2c14874;i=442a;b=dfcb8dac886d4627bbdfedf02e3e59de;m=2fb01085;t=65cb150235af9;x=142c73536a73d4e6"}
{"SYSLOG_IDENTIFIER":"env","__REALTIME_TIMESTAMP":"1790766485081467","_EXE":"/usr/local/bin/wg-zk-daemon","_SYSTEMD_SLICE":"system-wgzk\\x2dm7.slice","__CURSOR":"s=a04ba51497c94fceb15b4fa2d2c14874;i=446c;b=dfcb8dac886d4627bbdfedf02e3e59de;m=2fc4c307;t=65cb150380d7b;x=6c6fbe1ba48b144a","__MONOTONIC_TIMESTAMP":"801424135","PRIORITY":"6","_UID":"0","_TRANSPORT":"stdout","_MACHINE_ID":"6334201a93644f82a11c836f3c84a03f","MESSAGE":"[timing] side=client token=3150157048 nonce_prefix=7f8fb958 result=ok zk_us=45 encap_us=74 tls_us=2004 write_us=52 psk_us=40 tail_us=1 total_us=2268","_SYSTEMD_CGROUP":"/system.slice/system-wgzk\\x2dm7.slice/wgzk-m7@wgc7.service","_CAP_EFFECTIVE":"1ffffffffff","SYSLOG_FACILITY":"3","_HOSTNAME":"wgzk-client","_COMM":"wg-zk-daemon","_SELINUX_CONTEXT":"unconfined\n","_PID":"7246","_SYSTEMD_UNIT":"wgzk-m7@wgc7.service","_STREAM_ID":"8813529b47d44dfdaa13d50e68beb364","_CMDLINE":"/usr/local/bin/wg-zk-daemon","_GID":"0","_SYSTEMD_INVOCATION_ID":"3cb4ad4e326a44c99e64209a43397928","_BOOT_ID":"dfcb8dac886d4627bbdfedf02e3e59de"}
{"_SYSTEMD_INVOCATION_ID":"3cb4ad4e326a44c99e64209a43397928","_CAP_EFFECTIVE":"1ffffffffff","_HOSTNAME":"wgzk-client","MESSAGE":"[timing] side=client token=3053565716 nonce_prefix=105407fb result=ok zk_us=45 encap_us=76 tls_us=4882 write_us=28 psk_us=21 tail_us=1 total_us=5151","_GID":"0","SYSLOG_FACILITY":"3","PRIORITY":"6","_STREAM_ID":"8813529b47d44dfdaa13d50e68beb364","_MACHINE_ID":"6334201a93644f82a11c836f3c84a03f","__REALTIME_TIMESTAMP":"1790766486438103","_SYSTEMD_CGROUP":"/system.slice/system-wgzk\\x2dm7.slice/wgzk-m7@wgc7.service","SYSLOG_IDENTIFIER":"env","_TRANSPORT":"stdout","__MONOTONIC_TIMESTAMP":"802780771","_UID":"0","_SELINUX_CONTEXT":"unconfined\n","_CMDLINE":"/usr/local/bin/wg-zk-daemon","_COMM":"wg-zk-daemon","_SYSTEMD_SLICE":"system-wgzk\\x2dm7.slice","_BOOT_ID":"dfcb8dac886d4627bbdfedf02e3e59de","_SYSTEMD_UNIT":"wgzk-m7@wgc7.service","__CURSOR":"s=a04ba51497c94fceb15b4fa2d2c14874;i=44ac;b=dfcb8dac886d4627bbdfedf02e3e59de;m=2fd97663;t=65cb1504cc0d7;x=add633fe371d6657","_PID":"7246","_EXE":"/usr/local/bin/wg-zk-daemon"}
{"_SYSTEMD_CGROUP":"/system.slice/system-wgzk\\x2dm7.slice/wgzk-m7@wgc7.service","_CMDLINE":"/usr/local/bin/wg-zk-daemon","__CURSOR":"s=a04ba51497c94fceb15b4fa2d2c14874;i=44ed;b=dfcb8dac886d4627bbdfedf02e3e59de;m=2fee1197;t=65cb150615c0b;x=6518de30429788a4","_SYSTEMD_UNIT":"wgzk-m7@wgc7.service","__REALTIME_TIMESTAMP":"1790766487788555","_BOOT_ID":"dfcb8dac886d4627bbdfedf02e3e59de","_COMM":"wg-zk-daemon","_STREAM_ID":"8813529b47d44dfdaa13d50e68beb364","_SYSTEMD_INVOCATION_ID":"3cb4ad4e326a44c99e64209a43397928","SYSLOG_IDENTIFIER":"env","_CAP_EFFECTIVE":"1ffffffffff","_EXE":"/usr/local/bin/wg-zk-daemon","_MACHINE_ID":"6334201a93644f82a11c836f3c84a03f","_HOSTNAME":"wgzk-client","SYSLOG_FACILITY":"3","MESSAGE":"[timing] side=client token=1549921379 nonce_prefix=75e770ef result=ok zk_us=45 encap_us=82 tls_us=5179 write_us=8 psk_us=28 tail_us=2 total_us=5386","_GID":"0","__MONOTONIC_TIMESTAMP":"804131223","_SYSTEMD_SLICE":"system-wgzk\\x2dm7.slice","_PID":"7246","_TRANSPORT":"stdout","PRIORITY":"6","_UID":"0","_SELINUX_CONTEXT":"unconfined\n"}
{"PRIORITY":"6","_EXE":"/usr/local/bin/wg-zk-daemon","SYSLOG_IDENTIFIER":"env","SYSLOG_FACILITY":"3","__CURSOR":"s=a04ba51497c94fceb15b4fa2d2c14874;i=452d;b=dfcb8dac886d4627bbdfedf02e3e59de;m=3002883d;t=65cb15075d2b1;x=f0e377616be2c872","_GID":"0","_SYSTEMD_SLICE":"system-wgzk\\x2dm7.slice","_SYSTEMD_INVOCATION_ID":"3cb4ad4e326a44c99e64209a43397928","__MONOTONIC_TIMESTAMP":"805472317","_HOSTNAME":"wgzk-client","_SELINUX_CONTEXT":"unconfined\n","_UID":"0","_TRANSPORT":"stdout","MESSAGE":"[timing] side=client token=3367940085 nonce_prefix=c9e25177 result=ok zk_us=128 encap_us=99 tls_us=4256 write_us=26 psk_us=26 tail_us=1 total_us=4731","_PID":"7246","_CMDLINE":"/usr/local/bin/wg-zk-daemon","_STREAM_ID":"8813529b47d44dfdaa13d50e68beb364","_SYSTEMD_CGROUP":"/system.slice/system-wgzk\\x2dm7.slice/wgzk-m7@wgc7.service","_BOOT_ID":"dfcb8dac886d4627bbdfedf02e3e59de","_COMM":"wg-zk-daemon","__REALTIME_TIMESTAMP":"1790766489129649","_MACHINE_ID":"6334201a93644f82a11c836f3c84a03f","_SYSTEMD_UNIT":"wgzk-m7@wgc7.service","_CAP_EFFECTIVE":"1ffffffffff"}
{"_SYSTEMD_INVOCATION_ID":"3cb4ad4e326a44c99e64209a43397928","MESSAGE":"[timing] side=client token=3035942998 nonce_prefix=699f333b result=ok zk_us=45 encap_us=73 tls_us=3806 write_us=72 psk_us=41 tail_us=1 total_us=4168","SYSLOG_FACILITY":"3","_SYSTEMD_UNIT":"wgzk-m7@wgc7.service","_TRANSPORT":"stdout","_BOOT_ID":"dfcb8dac886d4627bbdfedf02e3e59de","_STREAM_ID":"8813529b47d44dfdaa13d50e68beb364","_HOSTNAME":"wgzk-client","_SELINUX_CONTEXT":"unconfined\n","__MONOTONIC_TIMESTAMP":"806819414","_UID":"0","_PID":"7246","_CMDLINE":"/usr/local/bin/wg-zk-daemon","PRIORITY":"6","__REALTIME_TIMESTAMP":"1790766490476746","_EXE":"/usr/local/bin/wg-zk-daemon","_SYSTEMD_SLICE":"system-wgzk\\x2dm7.slice","SYSLOG_IDENTIFIER":"env","__CURSOR":"s=a04ba51497c94fceb15b4fa2d2c14874;i=456d;b=dfcb8dac886d4627bbdfedf02e3e59de;m=30171656;t=65cb1508a60ca;x=ac31291a9e351d5","_COMM":"wg-zk-daemon","_SYSTEMD_CGROUP":"/system.slice/system-wgzk\\x2dm7.slice/wgzk-m7@wgc7.service","_MACHINE_ID":"6334201a93644f82a11c836f3c84a03f","_GID":"0","_CAP_EFFECTIVE":"1ffffffffff"}
{"_HOSTNAME":"wgzk-client","_SYSTEMD_CGROUP":"/system.slice/system-wgzk\\x2dm7.slice/wgzk-m7@wgc7.service","__CURSOR":"s=a04ba51497c94fceb15b4fa2d2c14874;i=45ab;b=dfcb8dac886d4627bbdfedf02e3e59de;m=302b7895;t=65cb1509ec309;x=9dbb765b5c3c1a2c","PRIORITY":"6","_SYSTEMD_INVOCATION_ID":"3cb4ad4e326a44c99e64209a43397928","SYSLOG_FACILITY":"3","_CAP_EFFECTIVE":"1ffffffffff","_SELINUX_CONTEXT":"unconfined\n","_CMDLINE":"/usr/local/bin/wg-zk-daemon","_EXE":"/usr/local/bin/wg-zk-daemon","_PID":"7246","_GID":"0","_BOOT_ID":"dfcb8dac886d4627bbdfedf02e3e59de","MESSAGE":"[timing] side=client token=3964002325 nonce_prefix=6153191d result=ok zk_us=45 encap_us=96 tls_us=3492 write_us=8 psk_us=24 tail_us=1 total_us=3703","_TRANSPORT":"stdout","__REALTIME_TIMESTAMP":"1790766491812617","_SYSTEMD_SLICE":"system-wgzk\\x2dm7.slice","_UID":"0","_STREAM_ID":"8813529b47d44dfdaa13d50e68beb364","__MONOTONIC_TIMESTAMP":"808155285","SYSLOG_IDENTIFIER":"env","_COMM":"wg-zk-daemon","_MACHINE_ID":"6334201a93644f82a11c836f3c84a03f","_SYSTEMD_UNIT":"wgzk-m7@wgc7.service"}
{"_EXE":"/usr/local/bin/wg-zk-daemon","_SELINUX_CONTEXT":"unconfined\n","_CMDLINE":"/usr/local/bin/wg-zk-daemon","_SYSTEMD_CGROUP":"/system.slice/system-wgzk\\x2dm7.slice/wgzk-m7@wgc7.service","_SYSTEMD_UNIT":"wgzk-m7@wgc7.service","_HOSTNAME":"wgzk-client","_UID":"0","_GID":"0","__REALTIME_TIMESTAMP":"1790766493160856","_STREAM_ID":"8813529b47d44dfdaa13d50e68beb364","_COMM":"wg-zk-daemon","_SYSTEMD_INVOCATION_ID":"3cb4ad4e326a44c99e64209a43397928","PRIORITY":"6","_TRANSPORT":"stdout","SYSLOG_IDENTIFIER":"env","_CAP_EFFECTIVE":"1ffffffffff","_MACHINE_ID":"6334201a93644f82a11c836f3c84a03f","_BOOT_ID":"dfcb8dac886d4627bbdfedf02e3e59de","_SYSTEMD_SLICE":"system-wgzk\\x2dm7.slice","SYSLOG_FACILITY":"3","_PID":"7246","__CURSOR":"s=a04ba51497c94fceb15b4fa2d2c14874;i=45eb;b=dfcb8dac886d4627bbdfedf02e3e59de;m=30400b24;t=65cb150b35598;x=cee4a5130326eac5","MESSAGE":"[timing] side=client token=1835366056 nonce_prefix=f91bb652 result=ok zk_us=45 encap_us=73 tls_us=2814 write_us=23 psk_us=24 tail_us=1 total_us=3108","__MONOTONIC_TIMESTAMP":"809503524"}
{"__MONOTONIC_TIMESTAMP":"810863938","_PID":"7246","_SYSTEMD_INVOCATION_ID":"3cb4ad4e326a44c99e64209a43397928","PRIORITY":"6","_SELINUX_CONTEXT":"unconfined\n","_UID":"0","_HOSTNAME":"wgzk-client","SYSLOG_IDENTIFIER":"env","_MACHINE_ID":"6334201a93644f82a11c836f3c84a03f","_SYSTEMD_SLICE":"system-wgzk\\x2dm7.slice","_SYSTEMD_CGROUP":"/system.slice/system-wgzk\\x2dm7.slice/wgzk-m7@wgc7.service","_CMDLINE":"/usr/local/bin/wg-zk-daemon","_BOOT_ID":"dfcb8dac886d4627bbdfedf02e3e59de","_SYSTEMD_UNIT":"wgzk-m7@wgc7.service","SYSLOG_FACILITY":"3","__CURSOR":"s=a04ba51497c94fceb15b4fa2d2c14874;i=460e;b=dfcb8dac886d4627bbdfedf02e3e59de;m=3054cd42;t=65cb150c817b6;x=73fba5122034ab2f","__REALTIME_TIMESTAMP":"1790766494521270","_GID":"0","_STREAM_ID":"8813529b47d44dfdaa13d50e68beb364","MESSAGE":"[timing] side=client token=3845576128 nonce_prefix=f415d604 result=ok zk_us=46 encap_us=83 tls_us=1857 write_us=28 psk_us=39 tail_us=1 total_us=2171","_COMM":"wg-zk-daemon","_EXE":"/usr/local/bin/wg-zk-daemon","_TRANSPORT":"stdout","_CAP_EFFECTIVE":"1ffffffffff"}
{"_SYSTEMD_CGROUP":"/system.slice/system-wgzk\\x2dm7.slice/wgzk-m7@wgc7.service","PRIORITY":"6","_PID":"7246","MESSAGE":"[timing] side=client token=2569568967 nonce_prefix=9882fbb2 result=ok zk_us=45 encap_us=73 tls_us=2742 write_us=9 psk_us=24 tail_us=1 total_us=2932","_SYSTEMD_SLICE":"system-wgzk\\x2dm7.slice","_TRANSPORT":"stdout","_GID":"0","_CAP_EFFECTIVE":"1ffffffffff","_HOSTNAME":"wgzk-client","_SYSTEMD_UNIT":"wgzk-m7@wgc7.service","_SELINUX_CONTEXT":"unconfined\n","__CURSOR":"s=a04ba51497c94fceb15b4fa2d2c14874;i=466b;b=dfcb8dac886d4627bbdfedf02e3e59de;m=3069b7b7;t=65cb150dd022b;x=991debab17548b7e","__MONOTONIC_TIMESTAMP":"812234679","__REALTIME_TIMESTAMP":"1790766495892011","SYSLOG_IDENTIFIER":"env","_SYSTEMD_INVOCATION_ID":"3cb4ad4e326a44c99e64209a43397928","_CMDLINE":"/usr/local/bin/wg-zk-daemon","_UID":"0","SYSLOG_FACILITY":"3","_BOOT_ID":"dfcb8dac886d4627bbdfedf02e3e59de","_MACHINE_ID":"6334201a93644f82a11c836f3c84a03f","_EXE":"/usr/local/bin/wg-zk-daemon","_STREAM_ID":"8813529b47d44dfdaa13d50e68beb364","_COMM":"wg-zk-daemon"}
{"SYSLOG_IDENTIFIER":"env","_UID":"0","__CURSOR":"s=a04ba51497c94fceb15b4fa2d2c14874;i=46ac;b=dfcb8dac886d4627bbdfedf02e3e59de;m=307e4370;t=65cb150f18de4;x=765e56eda12fe70f","_SELINUX_CONTEXT":"unconfined\n","_EXE":"/usr/local/bin/wg-zk-daemon","__MONOTONIC_TIMESTAMP":"813581168","PRIORITY":"6","_COMM":"wg-zk-daemon","_PID":"7246","MESSAGE":"[timing] side=client token=466354880 nonce_prefix=8e67cc89 result=ok zk_us=45 encap_us=72 tls_us=4057 write_us=8 psk_us=78 tail_us=1 total_us=4301","_MACHINE_ID":"6334201a93644f82a11c836f3c84a03f","_CMDLINE":"/usr/local/bin/wg-zk-daemon","_HOSTNAME":"wgzk-client","__REALTIME_TIMESTAMP":"1790766497238500","_TRANSPORT":"stdout","_SYSTEMD_CGROUP":"/system.slice/system-wgzk\\x2dm7.slice/wgzk-m7@wgc7.service","_BOOT_ID":"dfcb8dac886d4627bbdfedf02e3e59de","SYSLOG_FACILITY":"3","_GID":"0","_STREAM_ID":"8813529b47d44dfdaa13d50e68beb364","_SYSTEMD_INVOCATION_ID":"3cb4ad4e326a44c99e64209a43397928","_SYSTEMD_SLICE":"system-wgzk\\x2dm7.slice","_CAP_EFFECTIVE":"1ffffffffff","_SYSTEMD_UNIT":"wgzk-m7@wgc7.service"}
{"_SYSTEMD_UNIT":"wgzk-m7@wgc7.service","_CAP_EFFECTIVE":"1ffffffffff","_SELINUX_CONTEXT":"unconfined\n","__MONOTONIC_TIMESTAMP":"814928489","SYSLOG_IDENTIFIER":"env","_TRANSPORT":"stdout","__REALTIME_TIMESTAMP":"1790766498585822","MESSAGE":"[timing] side=client token=3453731687 nonce_prefix=4612d7a9 result=ok zk_us=45 encap_us=74 tls_us=5842 write_us=26 psk_us=20 tail_us=1 total_us=6051","PRIORITY":"6","_UID":"0","_SYSTEMD_INVOCATION_ID":"3cb4ad4e326a44c99e64209a43397928","__CURSOR":"s=a04ba51497c94fceb15b4fa2d2c14874;i=46ed;b=dfcb8dac886d4627bbdfedf02e3e59de;m=3092d269;t=65cb151061cde;x=2975e86eef8fd0ef","_CMDLINE":"/usr/local/bin/wg-zk-daemon","_HOSTNAME":"wgzk-client","_BOOT_ID":"dfcb8dac886d4627bbdfedf02e3e59de","_MACHINE_ID":"6334201a93644f82a11c836f3c84a03f","_SYSTEMD_SLICE":"system-wgzk\\x2dm7.slice","_PID":"7246","_SYSTEMD_CGROUP":"/system.slice/system-wgzk\\x2dm7.slice/wgzk-m7@wgc7.service","_COMM":"wg-zk-daemon","_EXE":"/usr/local/bin/wg-zk-daemon","_STREAM_ID":"8813529b47d44dfdaa13d50e68beb364","SYSLOG_FACILITY":"3","_GID":"0"}
{"_SYSTEMD_UNIT":"wgzk-m7@wgc7.service","PRIORITY":"6","_PID":"7246","_CAP_EFFECTIVE":"1ffffffffff","_TRANSPORT":"stdout","_GID":"0","_CMDLINE":"/usr/local/bin/wg-zk-daemon","_MACHINE_ID":"6334201a93644f82a11c836f3c84a03f","__CURSOR":"s=a04ba51497c94fceb15b4fa2d2c14874;i=472b;b=dfcb8dac886d4627bbdfedf02e3e59de;m=30a75a92;t=65cb1511aa506;x=57f8bb1c919e0e4d","_COMM":"wg-zk-daemon","__REALTIME_TIMESTAMP":"1790766499931398","_SYSTEMD_SLICE":"system-wgzk\\x2dm7.slice","__MONOTONIC_TIMESTAMP":"816274066","_EXE":"/usr/local/bin/wg-zk-daemon","_BOOT_ID":"dfcb8dac886d4627bbdfedf02e3e59de","_UID":"0","SYSLOG_FACILITY":"3","_HOSTNAME":"wgzk-client","_STREAM_ID":"8813529b47d44dfdaa13d50e68beb364","SYSLOG_IDENTIFIER":"env","_SYSTEMD_CGROUP":"/system.slice/system-wgzk\\x2dm7.slice/wgzk-m7@wgc7.service","MESSAGE":"[timing] side=client token=2516413738 nonce_prefix=ef5e45d8 result=ok zk_us=45 encap_us=73 tls_us=4973 write_us=6 psk_us=43 tail_us=2 total_us=5282","_SELINUX_CONTEXT":"unconfined\n","_SYSTEMD_INVOCATION_ID":"3cb4ad4e326a44c99e64209a43397928"}
{"PRIORITY":"6","_PID":"7246","_SELINUX_CONTEXT":"unconfined\n","_HOSTNAME":"wgzk-client","_SYSTEMD_SLICE":"system-wgzk\\x2dm7.slice","_BOOT_ID":"dfcb8dac886d4627bbdfedf02e3e59de","SYSLOG_IDENTIFIER":"env","__MONOTONIC_TIMESTAMP":"817621072","__REALTIME_TIMESTAMP":"1790766501278404","_COMM":"wg-zk-daemon","_CAP_EFFECTIVE":"1ffffffffff","_SYSTEMD_UNIT":"wgzk-m7@wgc7.service","_TRANSPORT":"stdout","_SYSTEMD_INVOCATION_ID":"3cb4ad4e326a44c99e64209a43397928","__CURSOR":"s=a04ba51497c94fceb15b4fa2d2c14874;i=476b;b=dfcb8dac886d4627bbdfedf02e3e59de;m=30bbe850;t=65cb1512f32c4;x=99d57ccd421f51fb","_CMDLINE":"/usr/local/bin/wg-zk-daemon","_MACHINE_ID":"6334201a93644f82a11c836f3c84a03f","_SYSTEMD_CGROUP":"/system.slice/system-wgzk\\x2dm7.slice/wgzk-m7@wgc7.service","_UID":"0","_GID":"0","_STREAM_ID":"8813529b47d44dfdaa13d50e68beb364","MESSAGE":"[timing] side=client token=815420976 nonce_prefix=04b0bfe1 result=ok zk_us=206 encap_us=98 tls_us=1741 write_us=30 psk_us=22 tail_us=1 total_us=2160","_EXE":"/usr/local/bin/wg-zk-daemon","SYSLOG_FACILITY":"3"}
{"PRIORITY":"6","SYSLOG_FACILITY":"3","_EXE":"/usr/local/bin/wg-zk-daemon","_SYSTEMD_UNIT":"wgzk-m7@wgc7.service","_PID":"7246","_SYSTEMD_CGROUP":"/system.slice/system-wgzk\\x2dm7.slice/wgzk-m7@wgc7.service","_BOOT_ID":"dfcb8dac886d4627bbdfedf02e3e59de","_COMM":"wg-zk-daemon","_HOSTNAME":"wgzk-client","_STREAM_ID":"8813529b47d44dfdaa13d50e68beb364","__REALTIME_TIMESTAMP":"1790766502630600","_UID":"0","__MONOTONIC_TIMESTAMP":"818973268","_SELINUX_CONTEXT":"unconfined\n","_SYSTEMD_SLICE":"system-wgzk\\x2dm7.slice","MESSAGE":"[timing] side=client token=2547347803 nonce_prefix=e536a5f9 result=ok zk_us=44 encap_us=76 tls_us=5795 write_us=9 psk_us=40 tail_us=1 total_us=6000","_GID":"0","_SYSTEMD_INVOCATION_ID":"3cb4ad4e326a44c99e64209a43397928","__CURSOR":"s=a04ba51497c94fceb15b4fa2d2c14874;i=47ad;b=dfcb8dac886d4627bbdfedf02e3e59de;m=30d08a54;t=65cb15143d4c8;x=bf62dbbee113ec64","_CAP_EFFECTIVE":"1ffffffffff","_TRANSPORT":"stdout","SYSLOG_IDENTIFIER":"env","_MACHINE_ID":"6334201a93644f82a11c836f3c84a03f","_CMDLINE":"/usr/local/bin/wg-zk-daemon"}
{"_STREAM_ID":"8813529b47d44dfdaa13d50e68beb364","_TRANSPORT":"stdout","_HOSTNAME":"wgzk-client","__MONOTONIC_TIMESTAMP":"820328809","PRIORITY":"6","_COMM":"wg-zk-daemon","_MACHINE_ID":"6334201a93644f82a11c836f3c84a03f","SYSLOG_IDENTIFIER":"env","_SYSTEMD_CGROUP":"/system.slice/system-wgzk\\x2dm7.slice/wgzk-m7@wgc7.service","__CURSOR":"s=a04ba51497c94fceb15b4fa2d2c14874;i=47ed;b=dfcb8dac886d4627bbdfedf02e3e59de;m=30e53969;t=65cb1515883dd;x=203f1a9b58856481","_SYSTEMD_SLICE":"system-wgzk\\x2dm7.slice","_EXE":"/usr/local/bin/wg-zk-daemon","_GID":"0","SYSLOG_FACILITY":"3","_SELINUX_CONTEXT":"unconfined\n","_SYSTEMD_UNIT":"wgzk-m7@wgc7.service","_PID":"7246","__REALTIME_TIMESTAMP":"1790766503986141","_UID":"0","_CMDLINE":"/usr/local/bin/wg-zk-daemon","_BOOT_ID":"dfcb8dac886d4627bbdfedf02e3e59de","MESSAGE":"[timing] side=client token=1691897860 nonce_prefix=24d016ec result=ok zk_us=45 encap_us=74 tls_us=5391 write_us=8 psk_us=39 tail_us=1 total_us=5633","_CAP_EFFECTIVE":"1ffffffffff","_SYSTEMD_INVOCATION_ID":"3cb4ad4e326a44c99e64209a43397928"}
[exit 0]
