
$ [gateway] rm -rf /etc/systemd/system/wgzk.service.d /etc/wgzk-test.env; bash /vagrant/vagrant/02-load-module.sh && WGZK_VARIANT=zk-pq bash /vagrant/vagrant/03-gateway.sh
==> Kernel: 6.8.0-59-generic
==> insmod OK
==> lsmod:
wireguard             135168  0
curve25519_x86_64      36864  1 wireguard
libcurve25519_generic    45056  2 curve25519_x86_64,wireguard
ip6_udp_tunnel         16384  1 wireguard
udp_tunnel             32768  1 wireguard
libchacha20poly1305    20480  1 wireguard
==> wireguard.ko loaded OK — wgzk genl registered
active
==> wgzk daemon running (gateway, zk-pq, epoch 1)
interface: wg1r
  public key: /04haUify5NyBHxcAlPNMZYDW7ZeFUCWRvTnHZkKQmE=
  private key: (hidden)
  listening port: 51921
[exit 0]

$ [client] GW_IP=192.168.100.1 PEER_IP=192.168.100.1 WGZK_VARIANT=zk-pq WGZK_M7_N=4 bash /vagrant/vagrant/03-client-m7.sh
==> Kernel: 6.8.0-59-generic
==> insmod OK
==> lsmod:
wireguard             135168  0
curve25519_x86_64      36864  1 wireguard
libcurve25519_generic    45056  2 curve25519_x86_64,wireguard
ip6_udp_tunnel         16384  1 wireguard
udp_tunnel             32768  1 wireguard
libchacha20poly1305    20480  1 wireguard
==> wireguard.ko loaded OK — wgzk genl registered
public_key=V/dbxv8/LoxLJXRZIhdx3m7o1DhPCRYnlA+ZTimeFEI=
address=fd57:475a:4b00:0:1e7a:6de0:114b:c23
public_key=rK+o+ry8bGdu6C5lwYZ4K7wCg8toW6u5SR+gcLcTe2w=
address=fd57:475a:4b00:0:657e:61f0:841b:5b2c
public_key=qifzVOV69msWop4qLAms1LOgeJ42gq91mZ2yg+PCjDc=
address=fd57:475a:4b00:0:b789:9e:54d3:8fdd
public_key=SFHoWjTPEeNr3fxSc+bhjpTUpXO2fTnjGl/pkY/srHU=
address=fd57:475a:4b00:0:6834:82ee:ffd9:8cc7
==> 4 wgzk-m7 daemons running (zk-pq, epoch 1)
interface: wgc0
  public key: V/dbxv8/LoxLJXRZIhdx3m7o1DhPCRYnlA+ZTimeFEI=
  private key: (hidden)
  listening port: 59631

peer: /04haUify5NyBHxcAlPNMZYDW7ZeFUCWRvTnHZkKQmE=
  endpoint: 192.168.100.1:51921
  allowed ips: fd57:475a:4b00::/64
interface: wgc1
  public key: rK+o+ry8bGdu6C5lwYZ4K7wCg8toW6u5SR+gcLcTe2w=
  private key: (hidden)
  listening port: 34756

peer: /04haUify5NyBHxcAlPNMZYDW7ZeFUCWRvTnHZkKQmE=
  endpoint: 192.168.100.1:51921
  allowed ips: fd57:475a:4b00::/64
interface: wgc2
  public key: qifzVOV69msWop4qLAms1LOgeJ42gq91mZ2yg+PCjDc=
  private key: (hidden)
  listening port: 55811

peer: /04haUify5NyBHxcAlPNMZYDW7ZeFUCWRvTnHZkKQmE=
  endpoint: 192.168.100.1:51921
  allowed ips: fd57:475a:4b00::/64
interface: wgc3
  public key: SFHoWjTPEeNr3fxSc+bhjpTUpXO2fTnjGl/pkY/srHU=
  private key: (hidden)
  listening port: 49387

peer: /04haUify5NyBHxcAlPNMZYDW7ZeFUCWRvTnHZkKQmE=
  endpoint: 192.168.100.1:51921
  allowed ips: fd57:475a:4b00::/64
The unit files have no installation config (WantedBy=, RequiredBy=, Also=,
Alias= settings in the [Install] section, and DefaultInstance= for template
units). This means they are not meant to be enabled using systemctl.
 
Possible reasons for having this kind of units are:
• A unit may be statically enabled by being symlinked from another unit's
  .wants/ or .requires/ directory.
• A unit's purpose may be to act as a helper for some other unit which has
  a requirement dependency on it.
• A unit may be started when needed via activation (socket, path, timer,
  D-Bus, udev, scripted systemctl call, ...).
• In case of template units, the unit is meant to be enabled with some
  instance name specified.
The unit files have no installation config (WantedBy=, RequiredBy=, Also=,
Alias= settings in the [Install] section, and DefaultInstance= for template
units). This means they are not meant to be enabled using systemctl.
 
Possible reasons for having this kind of units are:
• A unit may be statically enabled by being symlinked from another unit's
  .wants/ or .requires/ directory.
• A unit's purpose may be to act as a helper for some other unit which has
  a requirement dependency on it.
• A unit may be started when needed via activation (socket, path, timer,
  D-Bus, udev, scripted systemctl call, ...).
• In case of template units, the unit is meant to be enabled with some
  instance name specified.
The unit files have no installation config (WantedBy=, RequiredBy=, Also=,
Alias= settings in the [Install] section, and DefaultInstance= for template
units). This means they are not meant to be enabled using systemctl.
 
Possible reasons for having this kind of units are:
• A unit may be statically enabled by being symlinked from another unit's
  .wants/ or .requires/ directory.
• A unit's purpose may be to act as a helper for some other unit which has
  a requirement dependency on it.
• A unit may be started when needed via activation (socket, path, timer,
  D-Bus, udev, scripted systemctl call, ...).
• In case of template units, the unit is meant to be enabled with some
  instance name specified.
The unit files have no installation config (WantedBy=, RequiredBy=, Also=,
Alias= settings in the [Install] section, and DefaultInstance= for template
units). This means they are not meant to be enabled using systemctl.
 
Possible reasons for having this kind of units are:
• A unit may be statically enabled by being symlinked from another unit's
  .wants/ or .requires/ directory.
• A unit's purpose may be to act as a helper for some other unit which has
  a requirement dependency on it.
• A unit may be started when needed via activation (socket, path, timer,
  D-Bus, udev, scripted systemctl call, ...).
• In case of template units, the unit is meant to be enabled with some
  instance name specified.
[exit 0]

$ [client] ping -n -c 3 -W 2 192.168.100.1 >/dev/null; ping -6 -n -c 3 -W 5 fd57:475a:4b00::1 -I wgc0 >/dev/null || true
[exit 0]

$ [gateway] journalctl -u wgzk -n 1 --show-cursor -o cat --no-pager | tail -1
-- cursor: s=e6a325d7aab144b09b565d8c4be4d789;i=6845;b=803d77ddc49e4e5ea7391884acfbd14f;m=f4f65cd70;t=65cb14ab8a072;x=7c183ece630dc445
[exit 0]

$ [client] journalctl -u wgzk-m7@wgc0.service -n 1 --show-cursor -o cat --no-pager | tail -1
-- cursor: s=a04ba51497c94fceb15b4fa2d2c14874;i=3e14;b=dfcb8dac886d4627bbdfedf02e3e59de;m=2a454b3b;t=65cb14ab895af;x=bced0baa2d8b461f
[exit 0]

$ [client] journalctl -u wgzk-m7@wgc1.service -n 1 --show-cursor -o cat --no-pager | tail -1
-- cursor: s=a04ba51497c94fceb15b4fa2d2c14874;i=3e12;b=dfcb8dac886d4627bbdfedf02e3e59de;m=2a453f0c;t=65cb14ab88980;x=cb2aa8b69dc6fc24
[exit 0]

$ [client] journalctl -u wgzk-m7@wgc2.service -n 1 --show-cursor -o cat --no-pager | tail -1
-- cursor: s=a04ba51497c94fceb15b4fa2d2c14874;i=3e11;b=dfcb8dac886d4627bbdfedf02e3e59de;m=2a453d33;t=65cb14ab887a6;x=2e34e2c9ec9b7da8
[exit 0]

$ [client] journalctl -u wgzk-m7@wgc3.service -n 1 --show-cursor -o cat --no-pager | tail -1
-- cursor: s=a04ba51497c94fceb15b4fa2d2c14874;i=3e13;b=dfcb8dac886d4627bbdfedf02e3e59de;m=2a453fea;t=65cb14ab88a5e;x=2ce65c2625ef81fe
[exit 0]

$ [gateway] journalctl -u wgzk -o json --no-pager --after-cursor='s=e6a325d7aab144b09b565d8c4be4d789;i=6845;b=803d77ddc49e4e5ea7391884acfbd14f;m=f4f65cd70;t=65cb14ab8a072;x=7c183ece630dc445' | grep -F '[timing]' || true
{"_HOSTNAME":"wgzk-gateway","_PID":"24636","__CURSOR":"s=e6a325d7aab144b09b565d8c4be4d789;i=6848;b=803d77ddc49e4e5ea7391884acfbd14f;m=f4fb38d2e;t=65cb14b066030;x=6738125f7c95bae9","_COMM":"wg-zk-daemon","PRIORITY":"6","_SYSTEMD_UNIT":"wgzk.service","SYSLOG_IDENTIFIER":"wgzk-start.sh","__MONOTONIC_TIMESTAMP":"65761676590","_TRANSPORT":"stdout","_SYSTEMD_CGROUP":"/system.slice/wgzk.service","__REALTIME_TIMESTAMP":"1790766397939760","_SYSTEMD_INVOCATION_ID":"5e99273fe47f4141b5055c3ebd90e3da","MESSAGE":"[timing] side=gateway pending_id=2 token=328573901 nonce_prefix=65851aa9 result=ok wait_ct_us=2 verify_us=143 decap_us=115 peer_us=78 total_us=441","_CMDLINE":"/usr/local/bin/wg-zk-daemon","_CAP_EFFECTIVE":"1ffffffffff","_SELINUX_CONTEXT":"unconfined\n","_STREAM_ID":"e2371e64b5054a858ccb94a75ed2eb26","_GID":"0","_EXE":"/usr/local/bin/wg-zk-daemon","SYSLOG_FACILITY":"3","_SYSTEMD_SLICE":"system.slice","_MACHINE_ID":"690ce7d60d764639b5ea18bbb8cfa3c2","_BOOT_ID":"803d77ddc49e4e5ea7391884acfbd14f","_UID":"0"}
{"_SELINUX_CONTEXT":"unconfined\n","MESSAGE":"[timing] side=gateway pending_id=3 token=4146043096 nonce_prefix=87ab85fc result=ok wait_ct_us=2 verify_us=93 decap_us=85 peer_us=58 total_us=1093","_MACHINE_ID":"690ce7d60d764639b5ea18bbb8cfa3c2","_CMDLINE":"/usr/local/bin/wg-zk-daemon","__REALTIME_TIMESTAMP":"1790766397941415","_HOSTNAME":"wgzk-gateway","_GID":"0","_SYSTEMD_CGROUP":"/system.slice/wgzk.service","_SYSTEMD_UNIT":"wgzk.service","SYSLOG_FACILITY":"3","_UID":"0","PRIORITY":"6","__CURSOR":"s=e6a325d7aab144b09b565d8c4be4d789;i=6849;b=803d77ddc49e4e5ea7391884acfbd14f;m=f4fb393a5;t=65cb14b0666a7;x=db3588174722fd56","_SYSTEMD_INVOCATION_ID":"5e99273fe47f4141b5055c3ebd90e3da","_COMM":"wg-zk-daemon","__MONOTONIC_TIMESTAMP":"65761678245","_SYSTEMD_SLICE":"system.slice","_EXE":"/usr/local/bin/wg-zk-daemon","_TRANSPORT":"stdout","_CAP_EFFECTIVE":"1ffffffffff","_BOOT_ID":"803d77ddc49e4e5ea7391884acfbd14f","SYSLOG_IDENTIFIER":"wgzk-start.sh","_PID":"24636","_STREAM_ID":"e2371e64b5054a858ccb94a75ed2eb26"}
{"_SELINUX_CONTEXT":"unconfined\n","_SYSTEMD_INVOCATION_ID":"5e99273fe47f4141b5055c3ebd90e3da","SYSLOG_IDENTIFIER":"wgzk-start.sh","_UID":"0","_MACHINE_ID":"690ce7d60d764639b5ea18bbb8cfa3c2","_SYSTEMD_UNIT":"wgzk.service","_PID":"24636","_BOOT_ID":"803d77ddc49e4e5ea7391884acfbd14f","_STREAM_ID":"e2371e64b5054a858ccb94a75ed2eb26","_COMM":"wg-zk-daemon","PRIORITY":"6","SYSLOG_FACILITY":"3","_GID":"0","MESSAGE":"[timing] side=gateway pending_id=4 token=3544416930 nonce_prefix=4343083f result=ok wait_ct_us=1 verify_us=306 decap_us=111 peer_us=63 total_us=580","_CMDLINE":"/usr/local/bin/wg-zk-daemon","_SYSTEMD_CGROUP":"/system.slice/wgzk.service","_HOSTNAME":"wgzk-gateway","_EXE":"/usr/local/bin/wg-zk-daemon","_SYSTEMD_SLICE":"system.slice","_CAP_EFFECTIVE":"1ffffffffff","_TRANSPORT":"stdout","__CURSOR":"s=e6a325d7aab144b09b565d8c4be4d789;i=684c;b=803d77ddc49e4e5ea7391884acfbd14f;m=f4fb393a5;t=65cb14b0666a7;x=53f15b46401042f8","__MONOTONIC_TIMESTAMP":"65761678245","__REALTIME_TIMESTAMP":"1790766397941415"}
{"_CMDLINE":"/usr/local/bin/wg-zk-daemon","_GID":"0","_BOOT_ID":"803d77ddc49e4e5ea7391884acfbd14f","_SELINUX_CONTEXT":"unconfined\n","SYSLOG_IDENTIFIER":"wgzk-start.sh","_HOSTNAME":"wgzk-gateway","_PID":"24636","_MACHINE_ID":"690ce7d60d764639b5ea18bbb8cfa3c2","__REALTIME_TIMESTAMP":"1790766397942402","_COMM":"wg-zk-daemon","_EXE":"/usr/local/bin/wg-zk-daemon","_STREAM_ID":"e2371e64b5054a858ccb94a75ed2eb26","SYSLOG_FACILITY":"3","__CURSOR":"s=e6a325d7aab144b09b565d8c4be4d789;i=684d;b=803d77ddc49e4e5ea7391884acfbd14f;m=f4fb39780;t=65cb14b066a82;x=16c346af34e8f06a","PRIORITY":"6","_CAP_EFFECTIVE":"1ffffffffff","_SYSTEMD_UNIT":"wgzk.service","MESSAGE":"[timing] side=gateway pending_id=5 token=3232802591 nonce_prefix=4eb40c43 result=ok wait_ct_us=1 verify_us=102 decap_us=83 peer_us=59 total_us=1516","_UID":"0","__MONOTONIC_TIMESTAMP":"65761679232","_TRANSPORT":"stdout","_SYSTEMD_SLICE":"system.slice","_SYSTEMD_CGROUP":"/system.slice/wgzk.service","_SYSTEMD_INVOCATION_ID":"5e99273fe47f4141b5055c3ebd90e3da"}
{"PRIORITY":"6","__REALTIME_TIMESTAMP":"1790766399179325","_EXE":"/usr/local/bin/wg-zk-daemon","_GID":"0","SYSLOG_FACILITY":"3","_SYSTEMD_CGROUP":"/system.slice/wgzk.service","SYSLOG_IDENTIFIER":"wgzk-start.sh","_SYSTEMD_UNIT":"wgzk.service","_MACHINE_ID":"690ce7d60d764639b5ea18bbb8cfa3c2","_UID":"0","__CURSOR":"s=e6a325d7aab144b09b565d8c4be4d789;i=6851;b=803d77ddc49e4e5ea7391884acfbd14f;m=f4fc6773b;t=65cb14b194a3d;x=fe79db21fc95966","_SYSTEMD_SLICE":"system.slice","_TRANSPORT":"stdout","_CMDLINE":"/usr/local/bin/wg-zk-daemon","_STREAM_ID":"e2371e64b5054a858ccb94a75ed2eb26","_PID":"24636","_SYSTEMD_INVOCATION_ID":"5e99273fe47f4141b5055c3ebd90e3da","_HOSTNAME":"wgzk-gateway","_SELINUX_CONTEXT":"unconfined\n","__MONOTONIC_TIMESTAMP":"65762916155","_CAP_EFFECTIVE":"1ffffffffff","MESSAGE":"[timing] side=gateway pending_id=6 token=3703288615 nonce_prefix=99515d66 result=ok wait_ct_us=213 verify_us=96 decap_us=91 peer_us=551 total_us=1094","_BOOT_ID":"803d77ddc49e4e5ea7391884acfbd14f","_COMM":"wg-zk-daemon"}
{"MESSAGE":"[timing] side=gateway pending_id=7 token=1031207117 nonce_prefix=f03486cf result=ok wait_ct_us=1 verify_us=92 decap_us=321 peer_us=66 total_us=589","__CURSOR":"s=e6a325d7aab144b09b565d8c4be4d789;i=6853;b=803d77ddc49e4e5ea7391884acfbd14f;m=f4fc67ad7;t=65cb14b194dd9;x=8df059cedf9462b7","_TRANSPORT":"stdout","_COMM":"wg-zk-daemon","_SYSTEMD_INVOCATION_ID":"5e99273fe47f4141b5055c3ebd90e3da","_MACHINE_ID":"690ce7d60d764639b5ea18bbb8cfa3c2","PRIORITY":"6","_SYSTEMD_UNIT":"wgzk.service","_CAP_EFFECTIVE":"1ffffffffff","_EXE":"/usr/local/bin/wg-zk-daemon","_GID":"0","_BOOT_ID":"803d77ddc49e4e5ea7391884acfbd14f","__REALTIME_TIMESTAMP":"1790766399180249","_STREAM_ID":"e2371e64b5054a858ccb94a75ed2eb26","_SELINUX_CONTEXT":"unconfined\n","_HOSTNAME":"wgzk-gateway","_PID":"24636","__MONOTONIC_TIMESTAMP":"65762917079","SYSLOG_IDENTIFIER":"wgzk-start.sh","_SYSTEMD_CGROUP":"/system.slice/wgzk.service","_UID":"0","_CMDLINE":"/usr/local/bin/wg-zk-daemon","SYSLOG_FACILITY":"3","_SYSTEMD_SLICE":"system.slice"}
{"_SYSTEMD_SLICE":"system.slice","SYSLOG_IDENTIFIER":"wgzk-start.sh","SYSLOG_FACILITY":"3","_SYSTEMD_INVOCATION_ID":"5e99273fe47f4141b5055c3ebd90e3da","_BOOT_ID":"803d77ddc49e4e5ea7391884acfbd14f","__CURSOR":"s=e6a325d7aab144b09b565d8c4be4d789;i=6854;b=803d77ddc49e4e5ea7391884acfbd14f;m=f4fc67ea1;t=65cb14b1951a3;x=d9fa7a9d4aacaefd","_STREAM_ID":"e2371e64b5054a858ccb94a75ed2eb26","_CMDLINE":"/usr/local/bin/wg-zk-daemon","__MONOTONIC_TIMESTAMP":"65762918049","_SYSTEMD_CGROUP":"/system.slice/wgzk.service","PRIORITY":"6","_COMM":"wg-zk-daemon","_EXE":"/usr/local/bin/wg-zk-daemon","_CAP_EFFECTIVE":"1ffffffffff","__REALTIME_TIMESTAMP":"1790766399181219","_SYSTEMD_UNIT":"wgzk.service","_TRANSPORT":"stdout","_UID":"0","_PID":"24636","MESSAGE":"[timing] side=gateway pending_id=8 token=338989391 nonce_prefix=fb1dfba8 result=ok wait_ct_us=2 verify_us=228 decap_us=82 peer_us=58 total_us=1353","_HOSTNAME":"wgzk-gateway","_SELINUX_CONTEXT":"unconfined\n","_GID":"0","_MACHINE_ID":"690ce7d60d764639b5ea18bbb8cfa3c2"}
{"MESSAGE":"[timing] side=gateway pending_id=9 token=2216040906 nonce_prefix=b48dc77f result=ok wait_ct_us=1 verify_us=300 decap_us=85 peer_us=59 total_us=2033","_BOOT_ID":"803d77ddc49e4e5ea7391884acfbd14f","SYSLOG_FACILITY":"3","_HOSTNAME":"wgzk-gateway","__MONOTONIC_TIMESTAMP":"65762918753","_PID":"24636","_SELINUX_CONTEXT":"unconfined\n","_COMM":"wg-zk-daemon","_CMDLINE":"/usr/local/bin/wg-zk-daemon","_CAP_EFFECTIVE":"1ffffffffff","__CURSOR":"s=e6a325d7aab144b09b565d8c4be4d789;i=6855;b=803d77ddc49e4e5ea7391884acfbd14f;m=f4fc68161;t=65cb14b195463;x=a975dc6a2c91d65f","_SYSTEMD_SLICE":"system.slice","_TRANSPORT":"stdout","_SYSTEMD_CGROUP":"/system.slice/wgzk.service","SYSLOG_IDENTIFIER":"wgzk-start.sh","_EXE":"/usr/local/bin/wg-zk-daemon","_SYSTEMD_INVOCATION_ID":"5e99273fe47f4141b5055c3ebd90e3da","_GID":"0","_UID":"0","_MACHINE_ID":"690ce7d60d764639b5ea18bbb8cfa3c2","_SYSTEMD_UNIT":"wgzk.service","_STREAM_ID":"e2371e64b5054a858ccb94a75ed2eb26","__REALTIME_TIMESTAMP":"1790766399181923","PRIORITY":"6"}
{"_SYSTEMD_INVOCATION_ID":"5e99273fe47f4141b5055c3ebd90e3da","_SELINUX_CONTEXT":"unconfined\n","__REALTIME_TIMESTAMP":"1790766400424408","PRIORITY":"6","_HOSTNAME":"wgzk-gateway","__CURSOR":"s=e6a325d7aab144b09b565d8c4be4d789;i=685a;b=803d77ddc49e4e5ea7391884acfbd14f;m=f4fd976d6;t=65cb14b2c49d8;x=c3adf651f5825a1f","_TRANSPORT":"stdout","_CAP_EFFECTIVE":"1ffffffffff","_GID":"0","_COMM":"wg-zk-daemon","_BOOT_ID":"803d77ddc49e4e5ea7391884acfbd14f","SYSLOG_IDENTIFIER":"wgzk-start.sh","_MACHINE_ID":"690ce7d60d764639b5ea18bbb8cfa3c2","_CMDLINE":"/usr/local/bin/wg-zk-daemon","_STREAM_ID":"e2371e64b5054a858ccb94a75ed2eb26","_SYSTEMD_CGROUP":"/system.slice/wgzk.service","__MONOTONIC_TIMESTAMP":"65764161238","SYSLOG_FACILITY":"3","_EXE":"/usr/local/bin/wg-zk-daemon","_SYSTEMD_UNIT":"wgzk.service","_PID":"24636","MESSAGE":"[timing] side=gateway pending_id=10 token=3119869150 nonce_prefix=2d198cad result=ok wait_ct_us=134 verify_us=110 decap_us=90 peer_us=77 total_us=444","_SYSTEMD_SLICE":"system.slice","_UID":"0"}
{"_TRANSPORT":"stdout","_GID":"0","__CURSOR":"s=e6a325d7aab144b09b565d8c4be4d789;i=685b;b=803d77ddc49e4e5ea7391884acfbd14f;m=f4fd97948;t=65cb14b2c4c4a;x=a95178b18c4226bf","PRIORITY":"6","_HOSTNAME":"wgzk-gateway","_PID":"24636","_STREAM_ID":"e2371e64b5054a858ccb94a75ed2eb26","_UID":"0","__REALTIME_TIMESTAMP":"1790766400425034","MESSAGE":"[timing] side=gateway pending_id=11 token=3519838826 nonce_prefix=62e7b438 result=ok wait_ct_us=1 verify_us=521 decap_us=88 peer_us=66 total_us=1419","_BOOT_ID":"803d77ddc49e4e5ea7391884acfbd14f","_MACHINE_ID":"690ce7d60d764639b5ea18bbb8cfa3c2","_SYSTEMD_UNIT":"wgzk.service","_SYSTEMD_SLICE":"system.slice","SYSLOG_FACILITY":"3","SYSLOG_IDENTIFIER":"wgzk-start.sh","_SYSTEMD_CGROUP":"/system.slice/wgzk.service","_CMDLINE":"/usr/local/bin/wg-zk-daemon","_SYSTEMD_INVOCATION_ID":"5e99273fe47f4141b5055c3ebd90e3da","_COMM":"wg-zk-daemon","_EXE":"/usr/local/bin/wg-zk-daemon","__MONOTONIC_TIMESTAMP":"65764161864","_SELINUX_CONTEXT":"unconfined\n","_CAP_EFFECTIVE":"1ffffffffff"}
{"PRIORITY":"6","MESSAGE":"[timing] side=gateway pending_id=12 token=3035532782 nonce_prefix=7cf06803 result=ok wait_ct_us=1 verify_us=206 decap_us=82 peer_us=57 total_us=371","_SELINUX_CONTEXT":"unconfined\n","_SYSTEMD_UNIT":"wgzk.service","_SYSTEMD_SLICE":"system.slice","__CURSOR":"s=e6a325d7aab144b09b565d8c4be4d789;i=685c;b=803d77ddc49e4e5ea7391884acfbd14f;m=f4fd97cd8;t=65cb14b2c4fda;x=2de279bb3516d7cb","_SYSTEMD_INVOCATION_ID":"5e99273fe47f4141b5055c3ebd90e3da","_EXE":"/usr/local/bin/wg-zk-daemon","_UID":"0","__MONOTONIC_TIMESTAMP":"65764162776","_MACHINE_ID":"690ce7d60d764639b5ea18bbb8cfa3c2","SYSLOG_IDENTIFIER":"wgzk-start.sh","_SYSTEMD_CGROUP":"/system.slice/wgzk.service","__REALTIME_TIMESTAMP":"1790766400425946","_GID":"0","SYSLOG_FACILITY":"3","_STREAM_ID":"e2371e64b5054a858ccb94a75ed2eb26","_PID":"24636","_TRANSPORT":"stdout","_HOSTNAME":"wgzk-gateway","_BOOT_ID":"803d77ddc49e4e5ea7391884acfbd14f","_COMM":"wg-zk-daemon","_CMDLINE":"/usr/local/bin/wg-zk-daemon","_CAP_EFFECTIVE":"1ffffffffff"}
{"_TRANSPORT":"stdout","_PID":"24636","_EXE":"/usr/local/bin/wg-zk-daemon","MESSAGE":"[timing] side=gateway pending_id=13 token=4224403707 nonce_prefix=b46d4449 result=ok wait_ct_us=1 verify_us=170 decap_us=83 peer_us=59 total_us=1323","_SELINUX_CONTEXT":"unconfined\n","_SYSTEMD_CGROUP":"/system.slice/wgzk.service","PRIORITY":"6","_COMM":"wg-zk-daemon","_BOOT_ID":"803d77ddc49e4e5ea7391884acfbd14f","_MACHINE_ID":"690ce7d60d764639b5ea18bbb8cfa3c2","_SYSTEMD_UNIT":"wgzk.service","_GID":"0","__MONOTONIC_TIMESTAMP":"65764163856","_SYSTEMD_SLICE":"system.slice","_CMDLINE":"/usr/local/bin/wg-zk-daemon","SYSLOG_IDENTIFIER":"wgzk-start.sh","_STREAM_ID":"e2371e64b5054a858ccb94a75ed2eb26","SYSLOG_FACILITY":"3","__REALTIME_TIMESTAMP":"1790766400427026","_CAP_EFFECTIVE":"1ffffffffff","_SYSTEMD_INVOCATION_ID":"5e99273fe47f4141b5055c3ebd90e3da","_UID":"0","__CURSOR":"s=e6a325d7aab144b09b565d8c4be4d789;i=685d;b=803d77ddc49e4e5ea7391884acfbd14f;m=f4fd98110;t=65cb14b2c5412;x=cfd28a82900f6dab","_HOSTNAME":"wgzk-gateway"}
{"_UID":"0","_STREAM_ID":"e2371e64b5054a858ccb94a75ed2eb26","_BOOT_ID":"803d77ddc49e4e5ea7391884acfbd14f","_MACHINE_ID":"690ce7d60d764639b5ea18bbb8cfa3c2","_SYSTEMD_SLICE":"system.slice","_SELINUX_CONTEXT":"unconfined\n","_SYSTEMD_CGROUP":"/system.slice/wgzk.service","_HOSTNAME":"wgzk-gateway","_CMDLINE":"/usr/local/bin/wg-zk-daemon","__REALTIME_TIMESTAMP":"1790766401658502","__CURSOR":"s=e6a325d7aab144b09b565d8c4be4d789;i=6860;b=803d77ddc49e4e5ea7391884acfbd14f;m=f4fec4b84;t=65cb14b3f1e86;x=adccdc212f8e90e3","_SYSTEMD_UNIT":"wgzk.service","SYSLOG_FACILITY":"3","__MONOTONIC_TIMESTAMP":"65765395332","PRIORITY":"6","_CAP_EFFECTIVE":"1ffffffffff","_EXE":"/usr/local/bin/wg-zk-daemon","SYSLOG_IDENTIFIER":"wgzk-start.sh","_TRANSPORT":"stdout","_COMM":"wg-zk-daemon","_PID":"24636","MESSAGE":"[timing] side=gateway pending_id=14 token=173642410 nonce_prefix=e1eb93df result=ok wait_ct_us=2 verify_us=98 decap_us=92 peer_us=204 total_us=445","_GID":"0","_SYSTEMD_INVOCATION_ID":"5e99273fe47f4141b5055c3ebd90e3da"}
{"_SELINUX_CONTEXT":"unconfined\n","__MONOTONIC_TIMESTAMP":"65765396463","_CAP_EFFECTIVE":"1ffffffffff","_PID":"24636","__CURSOR":"s=e6a325d7aab144b09b565d8c4be4d789;i=6861;b=803d77ddc49e4e5ea7391884acfbd14f;m=f4fec4fef;t=65cb14b3f22f1;x=eafb2e6e97f7c70b","MESSAGE":"[timing] side=gateway pending_id=15 token=1108761504 nonce_prefix=dd79f4e2 result=ok wait_ct_us=1 verify_us=256 decap_us=141 peer_us=62 total_us=1415","SYSLOG_IDENTIFIER":"wgzk-start.sh","_BOOT_ID":"803d77ddc49e4e5ea7391884acfbd14f","_UID":"0","__REALTIME_TIMESTAMP":"1790766401659633","_COMM":"wg-zk-daemon","PRIORITY":"6","_SYSTEMD_UNIT":"wgzk.service","_EXE":"/usr/local/bin/wg-zk-daemon","_STREAM_ID":"e2371e64b5054a858ccb94a75ed2eb26","_SYSTEMD_CGROUP":"/system.slice/wgzk.service","_GID":"0","_CMDLINE":"/usr/local/bin/wg-zk-daemon","_HOSTNAME":"wgzk-gateway","SYSLOG_FACILITY":"3","_MACHINE_ID":"690ce7d60d764639b5ea18bbb8cfa3c2","_SYSTEMD_SLICE":"system.slice","_SYSTEMD_INVOCATION_ID":"5e99273fe47f4141b5055c3ebd90e3da","_TRANSPORT":"stdout"}
{"MESSAGE":"[timing] side=gateway pending_id=17 token=2935709751 nonce_prefix=b86cc323 result=ok wait_ct_us=166 verify_us=92 decap_us=83 peer_us=61 total_us=2444","_SYSTEMD_CGROUP":"/system.slice/wgzk.service","_STREAM_ID":"e2371e64b5054a858ccb94a75ed2eb26","_SELINUX_CONTEXT":"unconfined\n","_EXE":"/usr/local/bin/wg-zk-daemon","_GID":"0","_BOOT_ID":"803d77ddc49e4e5ea7391884acfbd14f","_SYSTEMD_SLICE":"system.slice","_SYSTEMD_UNIT":"wgzk.service","_COMM":"wg-zk-daemon","SYSLOG_FACILITY":"3","_HOSTNAME":"wgzk-gateway","__MONOTONIC_TIMESTAMP":"65765397351","_PID":"24636","__CURSOR":"s=e6a325d7aab144b09b565d8c4be4d789;i=6863;b=803d77ddc49e4e5ea7391884acfbd14f;m=f4fec5367;t=65cb14b3f2669;x=edd2da2984918ac1","_MACHINE_ID":"690ce7d60d764639b5ea18bbb8cfa3c2","_SYSTEMD_INVOCATION_ID":"5e99273fe47f4141b5055c3ebd90e3da","_CMDLINE":"/usr/local/bin/wg-zk-daemon","_CAP_EFFECTIVE":"1ffffffffff","_TRANSPORT":"stdout","_UID":"0","SYSLOG_IDENTIFIER":"wgzk-start.sh","PRIORITY":"6","__REALTIME_TIMESTAMP":"1790766401660521"}
{"_MACHINE_ID":"690ce7d60d764639b5ea18bbb8cfa3c2","_SYSTEMD_UNIT":"wgzk.service","_PID":"24636","_CAP_EFFECTIVE":"1ffffffffff","MESSAGE":"[timing] side=gateway pending_id=16 token=249242681 nonce_prefix=48bc2482 result=ok wait_ct_us=1144 verify_us=243 decap_us=226 peer_us=109 total_us=3545","_SYSTEMD_INVOCATION_ID":"5e99273fe47f4141b5055c3ebd90e3da","_CMDLINE":"/usr/local/bin/wg-zk-daemon","_SELINUX_CONTEXT":"unconfined\n","__REALTIME_TIMESTAMP":"1790766401661679","_GID":"0","PRIORITY":"6","_HOSTNAME":"wgzk-gateway","_EXE":"/usr/local/bin/wg-zk-daemon","SYSLOG_IDENTIFIER":"wgzk-start.sh","_COMM":"wg-zk-daemon","SYSLOG_FACILITY":"3","_SYSTEMD_CGROUP":"/system.slice/wgzk.service","__CURSOR":"s=e6a325d7aab144b09b565d8c4be4d789;i=6865;b=803d77ddc49e4e5ea7391884acfbd14f;m=f4fec57ed;t=65cb14b3f2aef;x=54a73bb5a385598c","_TRANSPORT":"stdout","_UID":"0","_BOOT_ID":"803d77ddc49e4e5ea7391884acfbd14f","__MONOTONIC_TIMESTAMP":"65765398509","_STREAM_ID":"e2371e64b5054a858ccb94a75ed2eb26","_SYSTEMD_SLICE":"system.slice"}
{"__REALTIME_TIMESTAMP":"1790766402891866","PRIORITY":"6","__MONOTONIC_TIMESTAMP":"65766628697","_SYSTEMD_CGROUP":"/system.slice/wgzk.service","_TRANSPORT":"stdout","_BOOT_ID":"803d77ddc49e4e5ea7391884acfbd14f","_PID":"24636","_SELINUX_CONTEXT":"unconfined\n","SYSLOG_FACILITY":"3","SYSLOG_IDENTIFIER":"wgzk-start.sh","MESSAGE":"[timing] side=gateway pending_id=18 token=3582166692 nonce_prefix=f11d6274 result=ok wait_ct_us=1 verify_us=160 decap_us=90 peer_us=73 total_us=346","_COMM":"wg-zk-daemon","_SYSTEMD_INVOCATION_ID":"5e99273fe47f4141b5055c3ebd90e3da","_CAP_EFFECTIVE":"1ffffffffff","_EXE":"/usr/local/bin/wg-zk-daemon","_UID":"0","_SYSTEMD_UNIT":"wgzk.service","_MACHINE_ID":"690ce7d60d764639b5ea18bbb8cfa3c2","__CURSOR":"s=e6a325d7aab144b09b565d8c4be4d789;i=6868;b=803d77ddc49e4e5ea7391884acfbd14f;m=f4fff1d59;t=65cb14b51f05a;x=5030f0b1549d34c","_SYSTEMD_SLICE":"system.slice","_HOSTNAME":"wgzk-gateway","_CMDLINE":"/usr/local/bin/wg-zk-daemon","_GID":"0","_STREAM_ID":"e2371e64b5054a858ccb94a75ed2eb26"}
{"_MACHINE_ID":"690ce7d60d764639b5ea18bbb8cfa3c2","_SYSTEMD_SLICE":"system.slice","_SYSTEMD_CGROUP":"/system.slice/wgzk.service","__CURSOR":"s=e6a325d7aab144b09b565d8c4be4d789;i=686b;b=803d77ddc49e4e5ea7391884acfbd14f;m=f4fff2003;t=65cb14b51f305;x=5de54f7642d41016","_COMM":"wg-zk-daemon","SYSLOG_FACILITY":"3","_SELINUX_CONTEXT":"unconfined\n","SYSLOG_IDENTIFIER":"wgzk-start.sh","_HOSTNAME":"wgzk-gateway","_UID":"0","_GID":"0","_STREAM_ID":"e2371e64b5054a858ccb94a75ed2eb26","__MONOTONIC_TIMESTAMP":"65766629379","MESSAGE":"[timing] side=gateway pending_id=19 token=1779129017 nonce_prefix=000af2be result=ok wait_ct_us=1 verify_us=130 decap_us=85 peer_us=62 total_us=351","_CAP_EFFECTIVE":"1ffffffffff","__REALTIME_TIMESTAMP":"1790766402892549","_PID":"24636","_CMDLINE":"/usr/local/bin/wg-zk-daemon","_TRANSPORT":"stdout","PRIORITY":"6","_BOOT_ID":"803d77ddc49e4e5ea7391884acfbd14f","_SYSTEMD_INVOCATION_ID":"5e99273fe47f4141b5055c3ebd90e3da","_EXE":"/usr/local/bin/wg-zk-daemon","_SYSTEMD_UNIT":"wgzk.service"}
{"_STREAM_ID":"e2371e64b5054a858ccb94a75ed2eb26","SYSLOG_IDENTIFIER":"wgzk-start.sh","_SYSTEMD_INVOCATION_ID":"5e99273fe47f4141b5055c3ebd90e3da","MESSAGE":"[timing] side=gateway pending_id=20 token=1818581181 nonce_prefix=9bfcb568 result=ok wait_ct_us=1 verify_us=99 decap_us=83 peer_us=57 total_us=948","__CURSOR":"s=e6a325d7aab144b09b565d8c4be4d789;i=686c;b=803d77ddc49e4e5ea7391884acfbd14f;m=f4fff2326;t=65cb14b51f628;x=f7e375bb0254dc0","_SYSTEMD_UNIT":"wgzk.service","_GID":"0","_TRANSPORT":"stdout","SYSLOG_FACILITY":"3","_CMDLINE":"/usr/local/bin/wg-zk-daemon","_SELINUX_CONTEXT":"unconfined\n","_BOOT_ID":"803d77ddc49e4e5ea7391884acfbd14f","_SYSTEMD_CGROUP":"/system.slice/wgzk.service","_CAP_EFFECTIVE":"1ffffffffff","_HOSTNAME":"wgzk-gateway","_SYSTEMD_SLICE":"system.slice","_UID":"0","__MONOTONIC_TIMESTAMP":"65766630182","__REALTIME_TIMESTAMP":"1790766402893352","_PID":"24636","PRIORITY":"6","_EXE":"/usr/local/bin/wg-zk-daemon","_MACHINE_ID":"690ce7d60d764639b5ea18bbb8cfa3c2","_COMM":"wg-zk-daemon"}
{"_COMM":"wg-zk-daemon","PRIORITY":"6","_MACHINE_ID":"690ce7d60d764639b5ea18bbb8cfa3c2","_SELINUX_CONTEXT":"unconfined\n","__MONOTONIC_TIMESTAMP":"65766630816","_HOSTNAME":"wgzk-gateway","_GID":"0","_SYSTEMD_CGROUP":"/system.slice/wgzk.service","_UID":"0","_TRANSPORT":"stdout","__REALTIME_TIMESTAMP":"1790766402893986","__CURSOR":"s=e6a325d7aab144b09b565d8c4be4d789;i=686d;b=803d77ddc49e4e5ea7391884acfbd14f;m=f4fff25a0;t=65cb14b51f8a2;x=dd08b7501d657964","SYSLOG_IDENTIFIER":"wgzk-start.sh","_CMDLINE":"/usr/local/bin/wg-zk-daemon","_SYSTEMD_SLICE":"system.slice","_CAP_EFFECTIVE":"1ffffffffff","_STREAM_ID":"e2371e64b5054a858ccb94a75ed2eb26","_SYSTEMD_UNIT":"wgzk.service","SYSLOG_FACILITY":"3","_PID":"24636","MESSAGE":"[timing] side=gateway pending_id=21 token=3098148815 nonce_prefix=48a09958 result=ok wait_ct_us=1 verify_us=92 decap_us=84 peer_us=57 total_us=1287","_BOOT_ID":"803d77ddc49e4e5ea7391884acfbd14f","_SYSTEMD_INVOCATION_ID":"5e99273fe47f4141b5055c3ebd90e3da","_EXE":"/usr/local/bin/wg-zk-daemon"}
{"_STREAM_ID":"e2371e64b5054a858ccb94a75ed2eb26","_EXE":"/usr/local/bin/wg-zk-daemon","_TRANSPORT":"stdout","SYSLOG_IDENTIFIER":"wgzk-start.sh","_UID":"0","_PID":"24636","_MACHINE_ID":"690ce7d60d764639b5ea18bbb8cfa3c2","_BOOT_ID":"803d77ddc49e4e5ea7391884acfbd14f","PRIORITY":"6","_COMM":"wg-zk-daemon","_HOSTNAME":"wgzk-gateway","_CMDLINE":"/usr/local/bin/wg-zk-daemon","_SELINUX_CONTEXT":"unconfined\n","__MONOTONIC_TIMESTAMP":"65767862338","_SYSTEMD_SLICE":"system.slice","__REALTIME_TIMESTAMP":"1790766404125507","_SYSTEMD_INVOCATION_ID":"5e99273fe47f4141b5055c3ebd90e3da","_CAP_EFFECTIVE":"1ffffffffff","_GID":"0","__CURSOR":"s=e6a325d7aab144b09b565d8c4be4d789;i=686f;b=803d77ddc49e4e5ea7391884acfbd14f;m=f5011f042;t=65cb14b64c343;x=5e11dd0381dd1726","SYSLOG_FACILITY":"3","MESSAGE":"[timing] side=gateway pending_id=22 token=2432473950 nonce_prefix=a7111147 result=ok wait_ct_us=3 verify_us=105 decap_us=91 peer_us=138 total_us=389","_SYSTEMD_CGROUP":"/system.slice/wgzk.service","_SYSTEMD_UNIT":"wgzk.service"}
{"__CURSOR":"s=e6a325d7aab144b09b565d8c4be4d789;i=6871;b=803d77ddc49e4e5ea7391884acfbd14f;m=f5011f042;t=65cb14b64c343;x=8dcdfd10bb5528ed","__MONOTONIC_TIMESTAMP":"65767862338","MESSAGE":"[timing] side=gateway pending_id=23 token=270913734 nonce_prefix=479a2c29 result=ok wait_ct_us=1 verify_us=96 decap_us=85 peer_us=57 total_us=944","_BOOT_ID":"803d77ddc49e4e5ea7391884acfbd14f","_MACHINE_ID":"690ce7d60d764639b5ea18bbb8cfa3c2","_SYSTEMD_UNIT":"wgzk.service","SYSLOG_FACILITY":"3","_SELINUX_CONTEXT":"unconfined\n","_CAP_EFFECTIVE":"1ffffffffff","_PID":"24636","PRIORITY":"6","_SYSTEMD_CGROUP":"/system.slice/wgzk.service","_TRANSPORT":"stdout","_STREAM_ID":"e2371e64b5054a858ccb94a75ed2eb26","__REALTIME_TIMESTAMP":"1790766404125507","_COMM":"wg-zk-daemon","_HOSTNAME":"wgzk-gateway","_SYSTEMD_INVOCATION_ID":"5e99273fe47f4141b5055c3ebd90e3da","_GID":"0","_SYSTEMD_SLICE":"system.slice","_EXE":"/usr/local/bin/wg-zk-daemon","_CMDLINE":"/usr/local/bin/wg-zk-daemon","_UID":"0","SYSLOG_IDENTIFIER":"wgzk-start.sh"}
{"_CMDLINE":"/usr/local/bin/wg-zk-daemon","MESSAGE":"[timing] side=gateway pending_id=24 token=2308364357 nonce_prefix=f06ef64f result=ok wait_ct_us=1 verify_us=92 decap_us=90 peer_us=53 total_us=1425","_PID":"24636","_MACHINE_ID":"690ce7d60d764639b5ea18bbb8cfa3c2","_SELINUX_CONTEXT":"unconfined\n","_SYSTEMD_INVOCATION_ID":"5e99273fe47f4141b5055c3ebd90e3da","_COMM":"wg-zk-daemon","_SYSTEMD_UNIT":"wgzk.service","_BOOT_ID":"803d77ddc49e4e5ea7391884acfbd14f","_HOSTNAME":"wgzk-gateway","PRIORITY":"6","_CAP_EFFECTIVE":"1ffffffffff","_STREAM_ID":"e2371e64b5054a858ccb94a75ed2eb26","_SYSTEMD_CGROUP":"/system.slice/wgzk.service","SYSLOG_IDENTIFIER":"wgzk-start.sh","SYSLOG_FACILITY":"3","__CURSOR":"s=e6a325d7aab144b09b565d8c4be4d789;i=6873;b=803d77ddc49e4e5ea7391884acfbd14f;m=f5011f042;t=65cb14b64c343;x=73e78d347f0a428","_UID":"0","_GID":"0","_SYSTEMD_SLICE":"system.slice","__MONOTONIC_TIMESTAMP":"65767862338","_EXE":"/usr/local/bin/wg-zk-daemon","_TRANSPORT":"stdout","__REALTIME_TIMESTAMP":"1790766404125507"}
{"_TRANSPORT":"stdout","__MONOTONIC_TIMESTAMP":"65767863361","_UID":"0","_GID":"0","SYSLOG_FACILITY":"3","_STREAM_ID":"e2371e64b5054a858ccb94a75ed2eb26","SYSLOG_IDENTIFIER":"wgzk-start.sh","PRIORITY":"6","_SYSTEMD_UNIT":"wgzk.service","_COMM":"wg-zk-daemon","_CAP_EFFECTIVE":"1ffffffffff","MESSAGE":"[timing] side=gateway pending_id=25 token=3075547320 nonce_prefix=00d6c58c result=ok wait_ct_us=1 verify_us=143 decap_us=82 peer_us=59 total_us=299","_CMDLINE":"/usr/local/bin/wg-zk-daemon","_BOOT_ID":"803d77ddc49e4e5ea7391884acfbd14f","_PID":"24636","_SYSTEMD_INVOCATION_ID":"5e99273fe47f4141b5055c3ebd90e3da","__REALTIME_TIMESTAMP":"1790766404126530","_SYSTEMD_SLICE":"system.slice","_SYSTEMD_CGROUP":"/system.slice/wgzk.service","_EXE":"/usr/local/bin/wg-zk-daemon","__CURSOR":"s=e6a325d7aab144b09b565d8c4be4d789;i=6875;b=803d77ddc49e4e5ea7391884acfbd14f;m=f5011f441;t=65cb14b64c742;x=5ef7cef5023748a4","_SELINUX_CONTEXT":"unconfined\n","_HOSTNAME":"wgzk-gateway","_MACHINE_ID":"690ce7d60d764639b5ea18bbb8cfa3c2"}
{"_SYSTEMD_UNIT":"wgzk.service","__MONOTONIC_TIMESTAMP":"65769096141","_TRANSPORT":"stdout","_HOSTNAME":"wgzk-gateway","PRIORITY":"6","_STREAM_ID":"e2371e64b5054a858ccb94a75ed2eb26","MESSAGE":"[timing] side=gateway pending_id=26 token=672883473 nonce_prefix=2a49e88c result=ok wait_ct_us=1 verify_us=106 decap_us=100 peer_us=73 total_us=355","SYSLOG_FACILITY":"3","__CURSOR":"s=e6a325d7aab144b09b565d8c4be4d789;i=687a;b=803d77ddc49e4e5ea7391884acfbd14f;m=f5024c3cd;t=65cb14b7796cf;x=583a88e3a33137c","_SYSTEMD_INVOCATION_ID":"5e99273fe47f4141b5055c3ebd90e3da","_SYSTEMD_SLICE":"system.slice","_EXE":"/usr/local/bin/wg-zk-daemon","_UID":"0","_SELINUX_CONTEXT":"unconfined\n","_BOOT_ID":"803d77ddc49e4e5ea7391884acfbd14f","_CAP_EFFECTIVE":"1ffffffffff","_PID":"24636","SYSLOG_IDENTIFIER":"wgzk-start.sh","__REALTIME_TIMESTAMP":"1790766405359311","_CMDLINE":"/usr/local/bin/wg-zk-daemon","_SYSTEMD_CGROUP":"/system.slice/wgzk.service","_COMM":"wg-zk-daemon","_GID":"0","_MACHINE_ID":"690ce7d60d764639b5ea18bbb8cfa3c2"}
{"MESSAGE":"[timing] side=gateway pending_id=27 token=607207626 nonce_prefix=e3ee084f result=ok wait_ct_us=1 verify_us=96 decap_us=85 peer_us=60 total_us=1010","_MACHINE_ID":"690ce7d60d764639b5ea18bbb8cfa3c2","_CAP_EFFECTIVE":"1ffffffffff","_SYSTEMD_UNIT":"wgzk.service","_COMM":"wg-zk-daemon","_CMDLINE":"/usr/local/bin/wg-zk-daemon","_HOSTNAME":"wgzk-gateway","__CURSOR":"s=e6a325d7aab144b09b565d8c4be4d789;i=687b;b=803d77ddc49e4e5ea7391884acfbd14f;m=f5024c5cd;t=65cb14b7798cf;x=427273ff0ae11b","__MONOTONIC_TIMESTAMP":"65769096653","SYSLOG_IDENTIFIER":"wgzk-start.sh","PRIORITY":"6","_TRANSPORT":"stdout","_EXE":"/usr/local/bin/wg-zk-daemon","_BOOT_ID":"803d77ddc49e4e5ea7391884acfbd14f","_GID":"0","SYSLOG_FACILITY":"3","__REALTIME_TIMESTAMP":"1790766405359823","_SYSTEMD_INVOCATION_ID":"5e99273fe47f4141b5055c3ebd90e3da","_UID":"0","_SYSTEMD_CGROUP":"/system.slice/wgzk.service","_STREAM_ID":"e2371e64b5054a858ccb94a75ed2eb26","_SYSTEMD_SLICE":"system.slice","_SELINUX_CONTEXT":"unconfined\n","_PID":"24636"}
{"_TRANSPORT":"stdout","_EXE":"/usr/local/bin/wg-zk-daemon","SYSLOG_FACILITY":"3","_PID":"24636","__CURSOR":"s=e6a325d7aab144b09b565d8c4be4d789;i=687c;b=803d77ddc49e4e5ea7391884acfbd14f;m=f5024c8f9;t=65cb14b779bfb;x=29b9b6be8b6388b6","_GID":"0","__REALTIME_TIMESTAMP":"1790766405360635","_SYSTEMD_UNIT":"wgzk.service","_SELINUX_CONTEXT":"unconfined\n","_CAP_EFFECTIVE":"1ffffffffff","_MACHINE_ID":"690ce7d60d764639b5ea18bbb8cfa3c2","_HOSTNAME":"wgzk-gateway","PRIORITY":"6","_SYSTEMD_INVOCATION_ID":"5e99273fe47f4141b5055c3ebd90e3da","_CMDLINE":"/usr/local/bin/wg-zk-daemon","_SYSTEMD_SLICE":"system.slice","_BOOT_ID":"803d77ddc49e4e5ea7391884acfbd14f","SYSLOG_IDENTIFIER":"wgzk-start.sh","__MONOTONIC_TIMESTAMP":"65769097465","_STREAM_ID":"e2371e64b5054a858ccb94a75ed2eb26","_UID":"0","MESSAGE":"[timing] side=gateway pending_id=28 token=2645838610 nonce_prefix=9f6fdaec result=ok wait_ct_us=2 verify_us=138 decap_us=82 peer_us=60 total_us=1756","_COMM":"wg-zk-daemon","_SYSTEMD_CGROUP":"/system.slice/wgzk.service"}
{"__CURSOR":"s=e6a325d7aab144b09b565d8c4be4d789;i=687d;b=803d77ddc49e4e5ea7391884acfbd14f;m=f5024ccdd;t=65cb14b779fdf;x=a37354c7e8be5df6","_COMM":"wg-zk-daemon","_PID":"24636","__REALTIME_TIMESTAMP":"1790766405361631","_TRANSPORT":"stdout","_UID":"0","_GID":"0","_SYSTEMD_CGROUP":"/system.slice/wgzk.service","_SELINUX_CONTEXT":"unconfined\n","SYSLOG_IDENTIFIER":"wgzk-start.sh","_STREAM_ID":"e2371e64b5054a858ccb94a75ed2eb26","MESSAGE":"[timing] side=gateway pending_id=29 token=3809250779 nonce_prefix=8f067cdf result=ok wait_ct_us=1 verify_us=290 decap_us=111 peer_us=60 total_us=2771","_SYSTEMD_INVOCATION_ID":"5e99273fe47f4141b5055c3ebd90e3da","_EXE":"/usr/local/bin/wg-zk-daemon","_CAP_EFFECTIVE":"1ffffffffff","_HOSTNAME":"wgzk-gateway","_BOOT_ID":"803d77ddc49e4e5ea7391884acfbd14f","_CMDLINE":"/usr/local/bin/wg-zk-daemon","PRIORITY":"6","_SYSTEMD_UNIT":"wgzk.service","_SYSTEMD_SLICE":"system.slice","SYSLOG_FACILITY":"3","_MACHINE_ID":"690ce7d60d764639b5ea18bbb8cfa3c2","__MONOTONIC_TIMESTAMP":"65769098461"}
{"_BOOT_ID":"803d77ddc49e4e5ea7391884acfbd14f","PRIORITY":"6","MESSAGE":"[timing] side=gateway pending_id=30 token=1671875599 nonce_prefix=85627f96 result=ok wait_ct_us=1 verify_us=104 decap_us=89 peer_us=77 total_us=344","_MACHINE_ID":"690ce7d60d764639b5ea18bbb8cfa3c2","__MONOTONIC_TIMESTAMP":"65770328054","_TRANSPORT":"stdout","_COMM":"wg-zk-daemon","_UID":"0","SYSLOG_FACILITY":"3","_SYSTEMD_UNIT":"wgzk.service","_SYSTEMD_INVOCATION_ID":"5e99273fe47f4141b5055c3ebd90e3da","_SYSTEMD_SLICE":"system.slice","_CMDLINE":"/usr/local/bin/wg-zk-daemon","__CURSOR":"s=e6a325d7aab144b09b565d8c4be4d789;i=6882;b=803d77ddc49e4e5ea7391884acfbd14f;m=f50378ff6;t=65cb14b8a62f7;x=a18658d5ed89024b","_GID":"0","__REALTIME_TIMESTAMP":"1790766406591223","_SELINUX_CONTEXT":"unconfined\n","_SYSTEMD_CGROUP":"/system.slice/wgzk.service","_PID":"24636","_EXE":"/usr/local/bin/wg-zk-daemon","SYSLOG_IDENTIFIER":"wgzk-start.sh","_CAP_EFFECTIVE":"1ffffffffff","_HOSTNAME":"wgzk-gateway","_STREAM_ID":"e2371e64b5054a858ccb94a75ed2eb26"}
{"MESSAGE":"[timing] side=gateway pending_id=31 token=2547419686 nonce_prefix=bcb16db4 result=ok wait_ct_us=1 verify_us=92 decap_us=87 peer_us=56 total_us=891","_SYSTEMD_INVOCATION_ID":"5e99273fe47f4141b5055c3ebd90e3da","_SELINUX_CONTEXT":"unconfined\n","_STREAM_ID":"e2371e64b5054a858ccb94a75ed2eb26","_GID":"0","_SYSTEMD_SLICE":"system.slice","_PID":"24636","_CAP_EFFECTIVE":"1ffffffffff","PRIORITY":"6","__REALTIME_TIMESTAMP":"1790766406591223","__CURSOR":"s=e6a325d7aab144b09b565d8c4be4d789;i=6883;b=803d77ddc49e4e5ea7391884acfbd14f;m=f50378ff6;t=65cb14b8a62f7;x=edbdbca015e9eec5","_BOOT_ID":"803d77ddc49e4e5ea7391884acfbd14f","_COMM":"wg-zk-daemon","SYSLOG_IDENTIFIER":"wgzk-start.sh","__MONOTONIC_TIMESTAMP":"65770328054","_UID":"0","SYSLOG_FACILITY":"3","_CMDLINE":"/usr/local/bin/wg-zk-daemon","_HOSTNAME":"wgzk-gateway","_SYSTEMD_UNIT":"wgzk.service","_TRANSPORT":"stdout","_MACHINE_ID":"690ce7d60d764639b5ea18bbb8cfa3c2","_SYSTEMD_CGROUP":"/system.slice/wgzk.service","_EXE":"/usr/local/bin/wg-zk-daemon"}
{"__REALTIME_TIMESTAMP":"1790766406591520","__CURSOR":"s=e6a325d7aab144b09b565d8c4be4d789;i=6884;b=803d77ddc49e4e5ea7391884acfbd14f;m=f5037911e;t=65cb14b8a6420;x=34e508df38c1d597","SYSLOG_IDENTIFIER":"wgzk-start.sh","SYSLOG_FACILITY":"3","_HOSTNAME":"wgzk-gateway","_SYSTEMD_INVOCATION_ID":"5e99273fe47f4141b5055c3ebd90e3da","_UID":"0","_COMM":"wg-zk-daemon","_CMDLINE":"/usr/local/bin/wg-zk-daemon","_EXE":"/usr/local/bin/wg-zk-daemon","_PID":"24636","_STREAM_ID":"e2371e64b5054a858ccb94a75ed2eb26","PRIORITY":"6","__MONOTONIC_TIMESTAMP":"65770328350","_SYSTEMD_CGROUP":"/system.slice/wgzk.service","_SELINUX_CONTEXT":"unconfined\n","_CAP_EFFECTIVE":"1ffffffffff","_SYSTEMD_SLICE":"system.slice","_GID":"0","_TRANSPORT":"stdout","_SYSTEMD_UNIT":"wgzk.service","MESSAGE":"[timing] side=gateway pending_id=32 token=2991548339 nonce_prefix=13b9158b result=ok wait_ct_us=1 verify_us=92 decap_us=83 peer_us=51 total_us=1327","_MACHINE_ID":"690ce7d60d764639b5ea18bbb8cfa3c2","_BOOT_ID":"803d77ddc49e4e5ea7391884acfbd14f"}
{"_PID":"24636","PRIORITY":"6","_SYSTEMD_SLICE":"system.slice","_SYSTEMD_INVOCATION_ID":"5e99273fe47f4141b5055c3ebd90e3da","SYSLOG_FACILITY":"3","_COMM":"wg-zk-daemon","MESSAGE":"[timing] side=gateway pending_id=33 token=2403390492 nonce_prefix=0a6ed224 result=ok wait_ct_us=1 verify_us=140 decap_us=86 peer_us=59 total_us=2340","_UID":"0","_STREAM_ID":"e2371e64b5054a858ccb94a75ed2eb26","_GID":"0","_HOSTNAME":"wgzk-gateway","_TRANSPORT":"stdout","SYSLOG_IDENTIFIER":"wgzk-start.sh","__REALTIME_TIMESTAMP":"1790766406592436","__CURSOR":"s=e6a325d7aab144b09b565d8c4be4d789;i=6885;b=803d77ddc49e4e5ea7391884acfbd14f;m=f503794b2;t=65cb14b8a67b4;x=6e8db9889a1ab0ee","_MACHINE_ID":"690ce7d60d764639b5ea18bbb8cfa3c2","_CMDLINE":"/usr/local/bin/wg-zk-daemon","_SYSTEMD_UNIT":"wgzk.service","_CAP_EFFECTIVE":"1ffffffffff","_BOOT_ID":"803d77ddc49e4e5ea7391884acfbd14f","__MONOTONIC_TIMESTAMP":"65770329266","_SELINUX_CONTEXT":"unconfined\n","_EXE":"/usr/local/bin/wg-zk-daemon","_SYSTEMD_CGROUP":"/system.slice/wgzk.service"}
{"_BOOT_ID":"803d77ddc49e4e5ea7391884acfbd14f","_CAP_EFFECTIVE":"1ffffffffff","_SYSTEMD_UNIT":"wgzk.service","_GID":"0","SYSLOG_FACILITY":"3","_STREAM_ID":"e2371e64b5054a858ccb94a75ed2eb26","MESSAGE":"[timing] side=gateway pending_id=34 token=1119152679 nonce_prefix=711ba9b0 result=ok wait_ct_us=1 verify_us=96 decap_us=105 peer_us=75 total_us=351","_SELINUX_CONTEXT":"unconfined\n","__CURSOR":"s=e6a325d7aab144b09b565d8c4be4d789;i=6887;b=803d77ddc49e4e5ea7391884acfbd14f;m=f504a8007;t=65cb14b9d5309;x=3a9ca9cc5dc2527a","_SYSTEMD_SLICE":"system.slice","__REALTIME_TIMESTAMP":"1790766407832329","_UID":"0","_HOSTNAME":"wgzk-gateway","SYSLOG_IDENTIFIER":"wgzk-start.sh","_EXE":"/usr/local/bin/wg-zk-daemon","_COMM":"wg-zk-daemon","PRIORITY":"6","_TRANSPORT":"stdout","_PID":"24636","_MACHINE_ID":"690ce7d60d764639b5ea18bbb8cfa3c2","_SYSTEMD_INVOCATION_ID":"5e99273fe47f4141b5055c3ebd90e3da","_CMDLINE":"/usr/local/bin/wg-zk-daemon","__MONOTONIC_TIMESTAMP":"65771569159","_SYSTEMD_CGROUP":"/system.slice/wgzk.service"}
{"_SYSTEMD_UNIT":"wgzk.service","SYSLOG_FACILITY":"3","_UID":"0","_TRANSPORT":"stdout","_SYSTEMD_SLICE":"system.slice","PRIORITY":"6","_MACHINE_ID":"690ce7d60d764639b5ea18bbb8cfa3c2","__CURSOR":"s=e6a325d7aab144b09b565d8c4be4d789;i=688b;b=803d77ddc49e4e5ea7391884acfbd14f;m=f504a838f;t=65cb14b9d5690;x=5d8649d9151b1bc4","_GID":"0","_SYSTEMD_CGROUP":"/system.slice/wgzk.service","_PID":"24636","_CAP_EFFECTIVE":"1ffffffffff","_SELINUX_CONTEXT":"unconfined\n","SYSLOG_IDENTIFIER":"wgzk-start.sh","_SYSTEMD_INVOCATION_ID":"5e99273fe47f4141b5055c3ebd90e3da","_COMM":"wg-zk-daemon","_BOOT_ID":"803d77ddc49e4e5ea7391884acfbd14f","_HOSTNAME":"wgzk-gateway","_CMDLINE":"/usr/local/bin/wg-zk-daemon","__REALTIME_TIMESTAMP":"1790766407833232","_EXE":"/usr/local/bin/wg-zk-daemon","MESSAGE":"[timing] side=gateway pending_id=35 token=1122140897 nonce_prefix=4e3eb0c8 result=ok wait_ct_us=1 verify_us=96 decap_us=84 peer_us=71 total_us=333","__MONOTONIC_TIMESTAMP":"65771570063","_STREAM_ID":"e2371e64b5054a858ccb94a75ed2eb26"}
{"_CAP_EFFECTIVE":"1ffffffffff","_EXE":"/usr/local/bin/wg-zk-daemon","_TRANSPORT":"stdout","_HOSTNAME":"wgzk-gateway","__REALTIME_TIMESTAMP":"1790766407834287","_STREAM_ID":"e2371e64b5054a858ccb94a75ed2eb26","PRIORITY":"6","__MONOTONIC_TIMESTAMP":"65771571118","_BOOT_ID":"803d77ddc49e4e5ea7391884acfbd14f","_SYSTEMD_INVOCATION_ID":"5e99273fe47f4141b5055c3ebd90e3da","_GID":"0","_PID":"24636","_UID":"0","_COMM":"wg-zk-daemon","SYSLOG_IDENTIFIER":"wgzk-start.sh","SYSLOG_FACILITY":"3","_SYSTEMD_UNIT":"wgzk.service","__CURSOR":"s=e6a325d7aab144b09b565d8c4be4d789;i=688c;b=803d77ddc49e4e5ea7391884acfbd14f;m=f504a87ae;t=65cb14b9d5aaf;x=9670e0c9d925b908","_CMDLINE":"/usr/local/bin/wg-zk-daemon","_MACHINE_ID":"690ce7d60d764639b5ea18bbb8cfa3c2","MESSAGE":"[timing] side=gateway pending_id=36 token=226710385 nonce_prefix=e0ccf0b4 result=ok wait_ct_us=1 verify_us=538 decap_us=180 peer_us=66 total_us=1324","_SELINUX_CONTEXT":"unconfined\n","_SYSTEMD_SLICE":"system.slice","_SYSTEMD_CGROUP":"/system.slice/wgzk.service"}
{"_MACHINE_ID":"690ce7d60d764639b5ea18bbb8cfa3c2","_SYSTEMD_CGROUP":"/system.slice/wgzk.service","SYSLOG_FACILITY":"3","MESSAGE":"[timing] side=gateway pending_id=37 token=2410327595 nonce_prefix=1e420f17 result=ok wait_ct_us=1 verify_us=92 decap_us=86 peer_us=56 total_us=2034","_TRANSPORT":"stdout","_SYSTEMD_INVOCATION_ID":"5e99273fe47f4141b5055c3ebd90e3da","_BOOT_ID":"803d77ddc49e4e5ea7391884acfbd14f","_SELINUX_CONTEXT":"unconfined\n","_SYSTEMD_SLICE":"system.slice","_GID":"0","PRIORITY":"6","_UID":"0","_CMDLINE":"/usr/local/bin/wg-zk-daemon","_COMM":"wg-zk-daemon","_HOSTNAME":"wgzk-gateway","__REALTIME_TIMESTAMP":"1790766407834964","__CURSOR":"s=e6a325d7aab144b09b565d8c4be4d789;i=688d;b=803d77ddc49e4e5ea7391884acfbd14f;m=f504a8a52;t=65cb14b9d5d54;x=db7b195d1b7e240e","__MONOTONIC_TIMESTAMP":"65771571794","_STREAM_ID":"e2371e64b5054a858ccb94a75ed2eb26","_SYSTEMD_UNIT":"wgzk.service","SYSLOG_IDENTIFIER":"wgzk-start.sh","_CAP_EFFECTIVE":"1ffffffffff","_PID":"24636","_EXE":"/usr/local/bin/wg-zk-daemon"}
{"_TRANSPORT":"stdout","_COMM":"wg-zk-daemon","_SYSTEMD_SLICE":"system.slice","_SELINUX_CONTEXT":"unconfined\n","PRIORITY":"6","_PID":"24636","_EXE":"/usr/local/bin/wg-zk-daemon","SYSLOG_FACILITY":"3","_CAP_EFFECTIVE":"1ffffffffff","_UID":"0","SYSLOG_IDENTIFIER":"wgzk-start.sh","_HOSTNAME":"wgzk-gateway","_BOOT_ID":"803d77ddc49e4e5ea7391884acfbd14f","_SYSTEMD_INVOCATION_ID":"5e99273fe47f4141b5055c3ebd90e3da","__REALTIME_TIMESTAMP":"1790766409078356","__MONOTONIC_TIMESTAMP":"65772815186","_CMDLINE":"/usr/local/bin/wg-zk-daemon","_SYSTEMD_UNIT":"wgzk.service","MESSAGE":"[timing] side=gateway pending_id=38 token=1689600628 nonce_prefix=18e8619f result=ok wait_ct_us=2 verify_us=96 decap_us=91 peer_us=78 total_us=300","__CURSOR":"s=e6a325d7aab144b09b565d8c4be4d789;i=6890;b=803d77ddc49e4e5ea7391884acfbd14f;m=f505d8352;t=65cb14bb05654;x=4cebb15f84982630","_GID":"0","_MACHINE_ID":"690ce7d60d764639b5ea18bbb8cfa3c2","_SYSTEMD_CGROUP":"/system.slice/wgzk.service","_STREAM_ID":"e2371e64b5054a858ccb94a75ed2eb26"}
{"_HOSTNAME":"wgzk-gateway","_EXE":"/usr/local/bin/wg-zk-daemon","__REALTIME_TIMESTAMP":"1790766409079223","_SYSTEMD_UNIT":"wgzk.service","_STREAM_ID":"e2371e64b5054a858ccb94a75ed2eb26","PRIORITY":"6","_CAP_EFFECTIVE":"1ffffffffff","SYSLOG_IDENTIFIER":"wgzk-start.sh","_BOOT_ID":"803d77ddc49e4e5ea7391884acfbd14f","_SYSTEMD_SLICE":"system.slice","_SELINUX_CONTEXT":"unconfined\n","__MONOTONIC_TIMESTAMP":"65772816053","_TRANSPORT":"stdout","_GID":"0","_SYSTEMD_CGROUP":"/system.slice/wgzk.service","MESSAGE":"[timing] side=gateway pending_id=39 token=4063260749 nonce_prefix=4ad2cf86 result=ok wait_ct_us=1 verify_us=93 decap_us=87 peer_us=617 total_us=1406","_CMDLINE":"/usr/local/bin/wg-zk-daemon","_COMM":"wg-zk-daemon","__CURSOR":"s=e6a325d7aab144b09b565d8c4be4d789;i=6892;b=803d77ddc49e4e5ea7391884acfbd14f;m=f505d86b5;t=65cb14bb059b7;x=cb05885685f5fee2","_PID":"24636","_SYSTEMD_INVOCATION_ID":"5e99273fe47f4141b5055c3ebd90e3da","SYSLOG_FACILITY":"3","_UID":"0","_MACHINE_ID":"690ce7d60d764639b5ea18bbb8cfa3c2"}
{"PRIORITY":"6","SYSLOG_IDENTIFIER":"wgzk-start.sh","__REALTIME_TIMESTAMP":"1790766409079921","_SYSTEMD_SLICE":"system.slice","_SYSTEMD_INVOCATION_ID":"5e99273fe47f4141b5055c3ebd90e3da","__CURSOR":"s=e6a325d7aab144b09b565d8c4be4d789;i=6894;b=803d77ddc49e4e5ea7391884acfbd14f;m=f505d8970;t=65cb14bb05c71;x=15e0d94d62577390","MESSAGE":"[timing] side=gateway pending_id=40 token=3146940503 nonce_prefix=0e5f1f7f result=ok wait_ct_us=1 verify_us=411 decap_us=172 peer_us=64 total_us=2375","_CAP_EFFECTIVE":"1ffffffffff","_BOOT_ID":"803d77ddc49e4e5ea7391884acfbd14f","_GID":"0","_PID":"24636","_CMDLINE":"/usr/local/bin/wg-zk-daemon","_TRANSPORT":"stdout","_SELINUX_CONTEXT":"unconfined\n","_EXE":"/usr/local/bin/wg-zk-daemon","_STREAM_ID":"e2371e64b5054a858ccb94a75ed2eb26","_SYSTEMD_CGROUP":"/system.slice/wgzk.service","_MACHINE_ID":"690ce7d60d764639b5ea18bbb8cfa3c2","_SYSTEMD_UNIT":"wgzk.service","_UID":"0","_HOSTNAME":"wgzk-gateway","__MONOTONIC_TIMESTAMP":"65772816752","SYSLOG_FACILITY":"3","_COMM":"wg-zk-daemon"}
{"_SYSTEMD_UNIT":"wgzk.service","_EXE":"/usr/local/bin/wg-zk-daemon","__CURSOR":"s=e6a325d7aab144b09b565d8c4be4d789;i=6895;b=803d77ddc49e4e5ea7391884acfbd14f;m=f505d8d5a;t=65cb14bb0605c;x=297c2cc5cdc96321","PRIORITY":"6","_MACHINE_ID":"690ce7d60d764639b5ea18bbb8cfa3c2","_STREAM_ID":"e2371e64b5054a858ccb94a75ed2eb26","_UID":"0","_SELINUX_CONTEXT":"unconfined\n","_SYSTEMD_CGROUP":"/system.slice/wgzk.service","_HOSTNAME":"wgzk-gateway","_BOOT_ID":"803d77ddc49e4e5ea7391884acfbd14f","_CMDLINE":"/usr/local/bin/wg-zk-daemon","_GID":"0","_SYSTEMD_SLICE":"system.slice","__REALTIME_TIMESTAMP":"1790766409080924","_SYSTEMD_INVOCATION_ID":"5e99273fe47f4141b5055c3ebd90e3da","SYSLOG_FACILITY":"3","MESSAGE":"[timing] side=gateway pending_id=41 token=2413609514 nonce_prefix=bed1eef7 result=ok wait_ct_us=1 verify_us=227 decap_us=79 peer_us=55 total_us=3263","__MONOTONIC_TIMESTAMP":"65772817754","_PID":"24636","_CAP_EFFECTIVE":"1ffffffffff","SYSLOG_IDENTIFIER":"wgzk-start.sh","_COMM":"wg-zk-daemon","_TRANSPORT":"stdout"}
{"SYSLOG_FACILITY":"3","_SYSTEMD_CGROUP":"/system.slice/wgzk.service","_CMDLINE":"/usr/local/bin/wg-zk-daemon","_SELINUX_CONTEXT":"unconfined\n","PRIORITY":"6","_PID":"24636","_BOOT_ID":"803d77ddc49e4e5ea7391884acfbd14f","__CURSOR":"s=e6a325d7aab144b09b565d8c4be4d789;i=689a;b=803d77ddc49e4e5ea7391884acfbd14f;m=f50705025;t=65cb14bc32327;x=c50a931f3020c210","_UID":"0","_GID":"0","_SYSTEMD_SLICE":"system.slice","__MONOTONIC_TIMESTAMP":"65774047269","_MACHINE_ID":"690ce7d60d764639b5ea18bbb8cfa3c2","_TRANSPORT":"stdout","MESSAGE":"[timing] side=gateway pending_id=42 token=668410656 nonce_prefix=e3b792ef result=ok wait_ct_us=1 verify_us=105 decap_us=90 peer_us=85 total_us=319","_HOSTNAME":"wgzk-gateway","SYSLOG_IDENTIFIER":"wgzk-start.sh","_SYSTEMD_UNIT":"wgzk.service","_SYSTEMD_INVOCATION_ID":"5e99273fe47f4141b5055c3ebd90e3da","_EXE":"/usr/local/bin/wg-zk-daemon","_STREAM_ID":"e2371e64b5054a858ccb94a75ed2eb26","_COMM":"wg-zk-daemon","__REALTIME_TIMESTAMP":"1790766410310439","_CAP_EFFECTIVE":"1ffffffffff"}
{"_SYSTEMD_SLICE":"system.slice","_SELINUX_CONTEXT":"unconfined\n","_HOSTNAME":"wgzk-gateway","_SYSTEMD_INVOCATION_ID":"5e99273fe47f4141b5055c3ebd90e3da","PRIORITY":"6","_GID":"0","_SYSTEMD_CGROUP":"/system.slice/wgzk.service","_UID":"0","_MACHINE_ID":"690ce7d60d764639b5ea18bbb8cfa3c2","_TRANSPORT":"stdout","_COMM":"wg-zk-daemon","__REALTIME_TIMESTAMP":"1790766410312281","__CURSOR":"s=e6a325d7aab144b09b565d8c4be4d789;i=689b;b=803d77ddc49e4e5ea7391884acfbd14f;m=f50705757;t=65cb14bc32a59;x=2f42a97e803213c1","__MONOTONIC_TIMESTAMP":"65774049111","SYSLOG_FACILITY":"3","_SYSTEMD_UNIT":"wgzk.service","_PID":"24636","_BOOT_ID":"803d77ddc49e4e5ea7391884acfbd14f","_CMDLINE":"/usr/local/bin/wg-zk-daemon","_CAP_EFFECTIVE":"1ffffffffff","_EXE":"/usr/local/bin/wg-zk-daemon","_STREAM_ID":"e2371e64b5054a858ccb94a75ed2eb26","SYSLOG_IDENTIFIER":"wgzk-start.sh","MESSAGE":"[timing] side=gateway pending_id=43 token=2064441090 nonce_prefix=5e49b81d result=ok wait_ct_us=2 verify_us=256 decap_us=115 peer_us=119 total_us=1409"}
{"_PID":"24636","_SYSTEMD_SLICE":"system.slice","_GID":"0","PRIORITY":"6","_MACHINE_ID":"690ce7d60d764639b5ea18bbb8cfa3c2","_CMDLINE":"/usr/local/bin/wg-zk-daemon","SYSLOG_FACILITY":"3","_HOSTNAME":"wgzk-gateway","_EXE":"/usr/local/bin/wg-zk-daemon","_SYSTEMD_UNIT":"wgzk.service","_UID":"0","__CURSOR":"s=e6a325d7aab144b09b565d8c4be4d789;i=689c;b=803d77ddc49e4e5ea7391884acfbd14f;m=f50705757;t=65cb14bc32a59;x=7ad7cc55bff94e9","SYSLOG_IDENTIFIER":"wgzk-start.sh","MESSAGE":"[timing] side=gateway pending_id=44 token=207251408 nonce_prefix=e6f391f6 result=ok wait_ct_us=1 verify_us=103 decap_us=81 peer_us=53 total_us=1852","_BOOT_ID":"803d77ddc49e4e5ea7391884acfbd14f","_SYSTEMD_INVOCATION_ID":"5e99273fe47f4141b5055c3ebd90e3da","__REALTIME_TIMESTAMP":"1790766410312281","_COMM":"wg-zk-daemon","_SELINUX_CONTEXT":"unconfined\n","_SYSTEMD_CGROUP":"/system.slice/wgzk.service","_CAP_EFFECTIVE":"1ffffffffff","_STREAM_ID":"e2371e64b5054a858ccb94a75ed2eb26","_TRANSPORT":"stdout","__MONOTONIC_TIMESTAMP":"65774049111"}
{"_CAP_EFFECTIVE":"1ffffffffff","__CURSOR":"s=e6a325d7aab144b09b565d8c4be4d789;i=689d;b=803d77ddc49e4e5ea7391884acfbd14f;m=f50705757;t=65cb14bc32a59;x=f4cb53a521808138","_TRANSPORT":"stdout","_SELINUX_CONTEXT":"unconfined\n","_SYSTEMD_SLICE":"system.slice","_SYSTEMD_UNIT":"wgzk.service","_SYSTEMD_CGROUP":"/system.slice/wgzk.service","_GID":"0","SYSLOG_IDENTIFIER":"wgzk-start.sh","_BOOT_ID":"803d77ddc49e4e5ea7391884acfbd14f","_HOSTNAME":"wgzk-gateway","PRIORITY":"6","__MONOTONIC_TIMESTAMP":"65774049111","_EXE":"/usr/local/bin/wg-zk-daemon","MESSAGE":"[timing] side=gateway pending_id=45 token=2543571041 nonce_prefix=0023db6e result=ok wait_ct_us=1 verify_us=127 decap_us=80 peer_us=51 total_us=2313","_SYSTEMD_INVOCATION_ID":"5e99273fe47f4141b5055c3ebd90e3da","_UID":"0","_CMDLINE":"/usr/local/bin/wg-zk-daemon","_STREAM_ID":"e2371e64b5054a858ccb94a75ed2eb26","__REALTIME_TIMESTAMP":"1790766410312281","SYSLOG_FACILITY":"3","_COMM":"wg-zk-daemon","_PID":"24636","_MACHINE_ID":"690ce7d60d764639b5ea18bbb8cfa3c2"}
{"_PID":"24636","_EXE":"/usr/local/bin/wg-zk-daemon","_SYSTEMD_UNIT":"wgzk.service","_CMDLINE":"/usr/local/bin/wg-zk-daemon","_GID":"0","__CURSOR":"s=e6a325d7aab144b09b565d8c4be4d789;i=68a2;b=803d77ddc49e4e5ea7391884acfbd14f;m=f50832a7c;t=65cb14bd5fd7e;x=8bdc6a3f96e85db8","_SELINUX_CONTEXT":"unconfined\n","SYSLOG_IDENTIFIER":"wgzk-start.sh","__REALTIME_TIMESTAMP":"1790766411545982","_BOOT_ID":"803d77ddc49e4e5ea7391884acfbd14f","__MONOTONIC_TIMESTAMP":"65775282812","MESSAGE":"[timing] side=gateway pending_id=46 token=3252078326 nonce_prefix=172f38bc result=ok wait_ct_us=2 verify_us=96 decap_us=91 peer_us=89 total_us=296","SYSLOG_FACILITY":"3","_SYSTEMD_INVOCATION_ID":"5e99273fe47f4141b5055c3ebd90e3da","_STREAM_ID":"e2371e64b5054a858ccb94a75ed2eb26","_SYSTEMD_SLICE":"system.slice","_MACHINE_ID":"690ce7d60d764639b5ea18bbb8cfa3c2","_SYSTEMD_CGROUP":"/system.slice/wgzk.service","_UID":"0","_COMM":"wg-zk-daemon","_HOSTNAME":"wgzk-gateway","PRIORITY":"6","_CAP_EFFECTIVE":"1ffffffffff","_TRANSPORT":"stdout"}
{"_SYSTEMD_SLICE":"system.slice","_SYSTEMD_CGROUP":"/system.slice/wgzk.service","_PID":"24636","SYSLOG_IDENTIFIER":"wgzk-start.sh","MESSAGE":"[timing] side=gateway pending_id=47 token=1144796616 nonce_prefix=1c498b29 result=ok wait_ct_us=1 verify_us=328 decap_us=84 peer_us=65 total_us=505","__CURSOR":"s=e6a325d7aab144b09b565d8c4be4d789;i=68a3;b=803d77ddc49e4e5ea7391884acfbd14f;m=f50832f52;t=65cb14bd60253;x=69c2a4a21f5bc4f","_SYSTEMD_INVOCATION_ID":"5e99273fe47f4141b5055c3ebd90e3da","__REALTIME_TIMESTAMP":"1790766411547219","_UID":"0","_SELINUX_CONTEXT":"unconfined\n","_BOOT_ID":"803d77ddc49e4e5ea7391884acfbd14f","_HOSTNAME":"wgzk-gateway","__MONOTONIC_TIMESTAMP":"65775284050","_EXE":"/usr/local/bin/wg-zk-daemon","SYSLOG_FACILITY":"3","_STREAM_ID":"e2371e64b5054a858ccb94a75ed2eb26","_TRANSPORT":"stdout","PRIORITY":"6","_COMM":"wg-zk-daemon","_CAP_EFFECTIVE":"1ffffffffff","_SYSTEMD_UNIT":"wgzk.service","_CMDLINE":"/usr/local/bin/wg-zk-daemon","_MACHINE_ID":"690ce7d60d764639b5ea18bbb8cfa3c2","_GID":"0"}
{"_CAP_EFFECTIVE":"1ffffffffff","_BOOT_ID":"803d77ddc49e4e5ea7391884acfbd14f","_SELINUX_CONTEXT":"unconfined\n","__REALTIME_TIMESTAMP":"1790766411547432","SYSLOG_IDENTIFIER":"wgzk-start.sh","_HOSTNAME":"wgzk-gateway","__MONOTONIC_TIMESTAMP":"65775284262","_SYSTEMD_SLICE":"system.slice","MESSAGE":"[timing] side=gateway pending_id=48 token=1743576197 nonce_prefix=90f36770 result=ok wait_ct_us=1 verify_us=92 decap_us=81 peer_us=55 total_us=1026","_MACHINE_ID":"690ce7d60d764639b5ea18bbb8cfa3c2","_CMDLINE":"/usr/local/bin/wg-zk-daemon","_COMM":"wg-zk-daemon","PRIORITY":"6","_EXE":"/usr/local/bin/wg-zk-daemon","_PID":"24636","_GID":"0","_TRANSPORT":"stdout","_SYSTEMD_INVOCATION_ID":"5e99273fe47f4141b5055c3ebd90e3da","__CURSOR":"s=e6a325d7aab144b09b565d8c4be4d789;i=68a4;b=803d77ddc49e4e5ea7391884acfbd14f;m=f50833026;t=65cb14bd60328;x=d8c64d634d4f8314","_SYSTEMD_CGROUP":"/system.slice/wgzk.service","SYSLOG_FACILITY":"3","_STREAM_ID":"e2371e64b5054a858ccb94a75ed2eb26","_UID":"0","_SYSTEMD_UNIT":"wgzk.service"}
{"_MACHINE_ID":"690ce7d60d764639b5ea18bbb8cfa3c2","_COMM":"wg-zk-daemon","_BOOT_ID":"803d77ddc49e4e5ea7391884acfbd14f","_SYSTEMD_SLICE":"system.slice","_SYSTEMD_CGROUP":"/system.slice/wgzk.service","_SYSTEMD_UNIT":"wgzk.service","_CAP_EFFECTIVE":"1ffffffffff","_GID":"0","_STREAM_ID":"e2371e64b5054a858ccb94a75ed2eb26","SYSLOG_FACILITY":"3","_UID":"0","__REALTIME_TIMESTAMP":"1790766411548469","_CMDLINE":"/usr/local/bin/wg-zk-daemon","_HOSTNAME":"wgzk-gateway","__MONOTONIC_TIMESTAMP":"65775285300","__CURSOR":"s=e6a325d7aab144b09b565d8c4be4d789;i=68a5;b=803d77ddc49e4e5ea7391884acfbd14f;m=f50833434;t=65cb14bd60735;x=22b954f0eadbc172","SYSLOG_IDENTIFIER":"wgzk-start.sh","PRIORITY":"6","_EXE":"/usr/local/bin/wg-zk-daemon","_PID":"24636","_SYSTEMD_INVOCATION_ID":"5e99273fe47f4141b5055c3ebd90e3da","_TRANSPORT":"stdout","_SELINUX_CONTEXT":"unconfined\n","MESSAGE":"[timing] side=gateway pending_id=49 token=1713736919 nonce_prefix=dbe62981 result=ok wait_ct_us=1 verify_us=336 decap_us=112 peer_us=98 total_us=2090"}
{"_TRANSPORT":"stdout","_SYSTEMD_CGROUP":"/system.slice/wgzk.service","_PID":"24636","_CAP_EFFECTIVE":"1ffffffffff","__MONOTONIC_TIMESTAMP":"65776521506","MESSAGE":"[timing] side=gateway pending_id=50 token=594000243 nonce_prefix=cc3b257e result=ok wait_ct_us=1 verify_us=96 decap_us=626 peer_us=80 total_us=1090","PRIORITY":"6","_MACHINE_ID":"690ce7d60d764639b5ea18bbb8cfa3c2","SYSLOG_FACILITY":"3","_SYSTEMD_UNIT":"wgzk.service","_HOSTNAME":"wgzk-gateway","SYSLOG_IDENTIFIER":"wgzk-start.sh","_BOOT_ID":"803d77ddc49e4e5ea7391884acfbd14f","_SELINUX_CONTEXT":"unconfined\n","_SYSTEMD_SLICE":"system.slice","_CMDLINE":"/usr/local/bin/wg-zk-daemon","__CURSOR":"s=e6a325d7aab144b09b565d8c4be4d789;i=68a9;b=803d77ddc49e4e5ea7391884acfbd14f;m=f50961122;t=65cb14be8e424;x=15e6efdc95f94ab8","_SYSTEMD_INVOCATION_ID":"5e99273fe47f4141b5055c3ebd90e3da","_STREAM_ID":"e2371e64b5054a858ccb94a75ed2eb26","_GID":"0","__REALTIME_TIMESTAMP":"1790766412784676","_COMM":"wg-zk-daemon","_EXE":"/usr/local/bin/wg-zk-daemon","_UID":"0"}
{"__CURSOR":"s=e6a325d7aab144b09b565d8c4be4d789;i=68aa;b=803d77ddc49e4e5ea7391884acfbd14f;m=f50961349;t=65cb14be8e64a;x=c58f52a2e932727","_EXE":"/usr/local/bin/wg-zk-daemon","_SYSTEMD_CGROUP":"/system.slice/wgzk.service","_HOSTNAME":"wgzk-gateway","_GID":"0","_STREAM_ID":"e2371e64b5054a858ccb94a75ed2eb26","_SYSTEMD_SLICE":"system.slice","__MONOTONIC_TIMESTAMP":"65776522057","PRIORITY":"6","_SELINUX_CONTEXT":"unconfined\n","__REALTIME_TIMESTAMP":"1790766412785226","_SYSTEMD_UNIT":"wgzk.service","MESSAGE":"[timing] side=gateway pending_id=51 token=2930983412 nonce_prefix=e94f0656 result=ok wait_ct_us=1 verify_us=92 decap_us=93 peer_us=59 total_us=270","_COMM":"wg-zk-daemon","_SYSTEMD_INVOCATION_ID":"5e99273fe47f4141b5055c3ebd90e3da","_MACHINE_ID":"690ce7d60d764639b5ea18bbb8cfa3c2","_UID":"0","_CAP_EFFECTIVE":"1ffffffffff","_CMDLINE":"/usr/local/bin/wg-zk-daemon","_TRANSPORT":"stdout","SYSLOG_IDENTIFIER":"wgzk-start.sh","SYSLOG_FACILITY":"3","_BOOT_ID":"803d77ddc49e4e5ea7391884acfbd14f","_PID":"24636"}
{"_HOSTNAME":"wgzk-gateway","_SYSTEMD_UNIT":"wgzk.service","PRIORITY":"6","_SYSTEMD_SLICE":"system.slice","_BOOT_ID":"803d77ddc49e4e5ea7391884acfbd14f","_SYSTEMD_CGROUP":"/system.slice/wgzk.service","_EXE":"/usr/local/bin/wg-zk-daemon","_COMM":"wg-zk-daemon","_SELINUX_CONTEXT":"unconfined\n","_PID":"24636","SYSLOG_IDENTIFIER":"wgzk-start.sh","_MACHINE_ID":"690ce7d60d764639b5ea18bbb8cfa3c2","__MONOTONIC_TIMESTAMP":"65776523090","_UID":"0","_CAP_EFFECTIVE":"1ffffffffff","_TRANSPORT":"stdout","_GID":"0","__REALTIME_TIMESTAMP":"1790766412786259","_SYSTEMD_INVOCATION_ID":"5e99273fe47f4141b5055c3ebd90e3da","__CURSOR":"s=e6a325d7aab144b09b565d8c4be4d789;i=68ac;b=803d77ddc49e4e5ea7391884acfbd14f;m=f50961752;t=65cb14be8ea53;x=81f9ca9e4696e626","SYSLOG_FACILITY":"3","_CMDLINE":"/usr/local/bin/wg-zk-daemon","MESSAGE":"[timing] side=gateway pending_id=52 token=3137246955 nonce_prefix=a6ce6925 result=ok wait_ct_us=2 verify_us=244 decap_us=108 peer_us=58 total_us=1259","_STREAM_ID":"e2371e64b5054a858ccb94a75ed2eb26"}
{"_CMDLINE":"/usr/local/bin/wg-zk-daemon","_CAP_EFFECTIVE":"1ffffffffff","__REALTIME_TIMESTAMP":"1790766412786848","_STREAM_ID":"e2371e64b5054a858ccb94a75ed2eb26","_SYSTEMD_INVOCATION_ID":"5e99273fe47f4141b5055c3ebd90e3da","SYSLOG_IDENTIFIER":"wgzk-start.sh","SYSLOG_FACILITY":"3","_SYSTEMD_UNIT":"wgzk.service","MESSAGE":"[timing] side=gateway pending_id=53 token=2880211695 nonce_prefix=4fe6a62b result=ok wait_ct_us=1 verify_us=94 decap_us=80 peer_us=57 total_us=1925","__CURSOR":"s=e6a325d7aab144b09b565d8c4be4d789;i=68ad;b=803d77ddc49e4e5ea7391884acfbd14f;m=f5096199e;t=65cb14be8eca0;x=d4f90c566f75aba2","_UID":"0","_MACHINE_ID":"690ce7d60d764639b5ea18bbb8cfa3c2","_COMM":"wg-zk-daemon","_SYSTEMD_SLICE":"system.slice","_PID":"24636","_HOSTNAME":"wgzk-gateway","_GID":"0","_BOOT_ID":"803d77ddc49e4e5ea7391884acfbd14f","_SELINUX_CONTEXT":"unconfined\n","_EXE":"/usr/local/bin/wg-zk-daemon","_SYSTEMD_CGROUP":"/system.slice/wgzk.service","PRIORITY":"6","__MONOTONIC_TIMESTAMP":"65776523678","_TRANSPORT":"stdout"}
{"__REALTIME_TIMESTAMP":"1790766414012453","_CAP_EFFECTIVE":"1ffffffffff","SYSLOG_IDENTIFIER":"wgzk-start.sh","_SYSTEMD_INVOCATION_ID":"5e99273fe47f4141b5055c3ebd90e3da","_CMDLINE":"/usr/local/bin/wg-zk-daemon","_MACHINE_ID":"690ce7d60d764639b5ea18bbb8cfa3c2","_HOSTNAME":"wgzk-gateway","_COMM":"wg-zk-daemon","_SYSTEMD_CGROUP":"/system.slice/wgzk.service","MESSAGE":"[timing] side=gateway pending_id=54 token=3755523038 nonce_prefix=0669ea51 result=ok wait_ct_us=1 verify_us=97 decap_us=100 peer_us=79 total_us=417","_GID":"0","SYSLOG_FACILITY":"3","_EXE":"/usr/local/bin/wg-zk-daemon","_SYSTEMD_UNIT":"wgzk.service","PRIORITY":"6","_BOOT_ID":"803d77ddc49e4e5ea7391884acfbd14f","_PID":"24636","_TRANSPORT":"stdout","_STREAM_ID":"e2371e64b5054a858ccb94a75ed2eb26","_SELINUX_CONTEXT":"unconfined\n","_SYSTEMD_SLICE":"system.slice","__CURSOR":"s=e6a325d7aab144b09b565d8c4be4d789;i=68b2;b=803d77ddc49e4e5ea7391884acfbd14f;m=f50a8cd24;t=65cb14bfba025;x=81a73231fe5b6175","_UID":"0","__MONOTONIC_TIMESTAMP":"65777749284"}
{"_SYSTEMD_SLICE":"system.slice","_MACHINE_ID":"690ce7d60d764639b5ea18bbb8cfa3c2","_SELINUX_CONTEXT":"unconfined\n","_CMDLINE":"/usr/local/bin/wg-zk-daemon","PRIORITY":"6","_PID":"24636","_SYSTEMD_UNIT":"wgzk.service","_COMM":"wg-zk-daemon","_SYSTEMD_INVOCATION_ID":"5e99273fe47f4141b5055c3ebd90e3da","_BOOT_ID":"803d77ddc49e4e5ea7391884acfbd14f","_GID":"0","SYSLOG_IDENTIFIER":"wgzk-start.sh","__CURSOR":"s=e6a325d7aab144b09b565d8c4be4d789;i=68b3;b=803d77ddc49e4e5ea7391884acfbd14f;m=f50a8cf0d;t=65cb14bfba20e;x=cb18c7b9995ab57b","__REALTIME_TIMESTAMP":"1790766414012942","_CAP_EFFECTIVE":"1ffffffffff","__MONOTONIC_TIMESTAMP":"65777749773","MESSAGE":"[timing] side=gateway pending_id=55 token=618330980 nonce_prefix=5cd1f18a result=ok wait_ct_us=1 verify_us=92 decap_us=482 peer_us=65 total_us=1302","_UID":"0","_SYSTEMD_CGROUP":"/system.slice/wgzk.service","SYSLOG_FACILITY":"3","_HOSTNAME":"wgzk-gateway","_TRANSPORT":"stdout","_STREAM_ID":"e2371e64b5054a858ccb94a75ed2eb26","_EXE":"/usr/local/bin/wg-zk-daemon"}
{"_STREAM_ID":"e2371e64b5054a858ccb94a75ed2eb26","_BOOT_ID":"803d77ddc49e4e5ea7391884acfbd14f","_EXE":"/usr/local/bin/wg-zk-daemon","_PID":"24636","_COMM":"wg-zk-daemon","_GID":"0","_TRANSPORT":"stdout","_SYSTEMD_SLICE":"system.slice","SYSLOG_FACILITY":"3","_CAP_EFFECTIVE":"1ffffffffff","MESSAGE":"[timing] side=gateway pending_id=56 token=504344167 nonce_prefix=6729bd59 result=ok wait_ct_us=1 verify_us=92 decap_us=86 peer_us=58 total_us=2173","__MONOTONIC_TIMESTAMP":"65777751183","_HOSTNAME":"wgzk-gateway","_UID":"0","_SELINUX_CONTEXT":"unconfined\n","_SYSTEMD_INVOCATION_ID":"5e99273fe47f4141b5055c3ebd90e3da","_SYSTEMD_CGROUP":"/system.slice/wgzk.service","_MACHINE_ID":"690ce7d60d764639b5ea18bbb8cfa3c2","PRIORITY":"6","__CURSOR":"s=e6a325d7aab144b09b565d8c4be4d789;i=68b4;b=803d77ddc49e4e5ea7391884acfbd14f;m=f50a8d48f;t=65cb14bfba791;x=bbda8ad174d18bb3","_SYSTEMD_UNIT":"wgzk.service","__REALTIME_TIMESTAMP":"1790766414014353","SYSLOG_IDENTIFIER":"wgzk-start.sh","_CMDLINE":"/usr/local/bin/wg-zk-daemon"}
{"_PID":"24636","PRIORITY":"6","_SELINUX_CONTEXT":"unconfined\n","_STREAM_ID":"e2371e64b5054a858ccb94a75ed2eb26","_HOSTNAME":"wgzk-gateway","SYSLOG_FACILITY":"3","_BOOT_ID":"803d77ddc49e4e5ea7391884acfbd14f","_SYSTEMD_INVOCATION_ID":"5e99273fe47f4141b5055c3ebd90e3da","_EXE":"/usr/local/bin/wg-zk-daemon","MESSAGE":"[timing] side=gateway pending_id=57 token=1552015280 nonce_prefix=39cd93bf result=ok wait_ct_us=1 verify_us=99 decap_us=93 peer_us=57 total_us=2677","_CAP_EFFECTIVE":"1ffffffffff","__REALTIME_TIMESTAMP":"1790766414014353","SYSLOG_IDENTIFIER":"wgzk-start.sh","__MONOTONIC_TIMESTAMP":"65777751183","_UID":"0","_COMM":"wg-zk-daemon","_SYSTEMD_SLICE":"system.slice","_MACHINE_ID":"690ce7d60d764639b5ea18bbb8cfa3c2","_SYSTEMD_CGROUP":"/system.slice/wgzk.service","_SYSTEMD_UNIT":"wgzk.service","_GID":"0","__CURSOR":"s=e6a325d7aab144b09b565d8c4be4d789;i=68b5;b=803d77ddc49e4e5ea7391884acfbd14f;m=f50a8d48f;t=65cb14bfba791;x=9a879d0eb95705d8","_TRANSPORT":"stdout","_CMDLINE":"/usr/local/bin/wg-zk-daemon"}
{"PRIORITY":"6","_BOOT_ID":"803d77ddc49e4e5ea7391884acfbd14f","_EXE":"/usr/local/bin/wg-zk-daemon","_SYSTEMD_UNIT":"wgzk.service","_MACHINE_ID":"690ce7d60d764639b5ea18bbb8cfa3c2","_PID":"24636","_SELINUX_CONTEXT":"unconfined\n","_STREAM_ID":"e2371e64b5054a858ccb94a75ed2eb26","_SYSTEMD_CGROUP":"/system.slice/wgzk.service","_HOSTNAME":"wgzk-gateway","__CURSOR":"s=e6a325d7aab144b09b565d8c4be4d789;i=68b7;b=803d77ddc49e4e5ea7391884acfbd14f;m=f50bb9209;t=65cb14c0e650b;x=eb7338ac7eb7f3b5","_CMDLINE":"/usr/local/bin/wg-zk-daemon","_CAP_EFFECTIVE":"1ffffffffff","__REALTIME_TIMESTAMP":"1790766415242507","_TRANSPORT":"stdout","__MONOTONIC_TIMESTAMP":"65778979337","_SYSTEMD_SLICE":"system.slice","MESSAGE":"[timing] side=gateway pending_id=58 token=380268680 nonce_prefix=4cdfccf8 result=ok wait_ct_us=1 verify_us=96 decap_us=197 peer_us=73 total_us=395","_UID":"0","SYSLOG_IDENTIFIER":"wgzk-start.sh","_GID":"0","_SYSTEMD_INVOCATION_ID":"5e99273fe47f4141b5055c3ebd90e3da","SYSLOG_FACILITY":"3","_COMM":"wg-zk-daemon"}
{"_HOSTNAME":"wgzk-gateway","_EXE":"/usr/local/bin/wg-zk-daemon","_SYSTEMD_INVOCATION_ID":"5e99273fe47f4141b5055c3ebd90e3da","_SYSTEMD_SLICE":"system.slice","_SELINUX_CONTEXT":"unconfined\n","__MONOTONIC_TIMESTAMP":"65778980568","_PID":"24636","PRIORITY":"6","_STREAM_ID":"e2371e64b5054a858ccb94a75ed2eb26","_TRANSPORT":"stdout","SYSLOG_FACILITY":"3","__REALTIME_TIMESTAMP":"1790766415243738","_CAP_EFFECTIVE":"1ffffffffff","__CURSOR":"s=e6a325d7aab144b09b565d8c4be4d789;i=68b9;b=803d77ddc49e4e5ea7391884acfbd14f;m=f50bb96d8;t=65cb14c0e69da;x=761a6b06b767581c","_MACHINE_ID":"690ce7d60d764639b5ea18bbb8cfa3c2","SYSLOG_IDENTIFIER":"wgzk-start.sh","_SYSTEMD_UNIT":"wgzk.service","_GID":"0","_SYSTEMD_CGROUP":"/system.slice/wgzk.service","_UID":"0","_COMM":"wg-zk-daemon","MESSAGE":"[timing] side=gateway pending_id=59 token=432203056 nonce_prefix=ac9af32e result=ok wait_ct_us=1 verify_us=248 decap_us=286 peer_us=61 total_us=1537","_BOOT_ID":"803d77ddc49e4e5ea7391884acfbd14f","_CMDLINE":"/usr/local/bin/wg-zk-daemon"}
{"_GID":"0","_SYSTEMD_UNIT":"wgzk.service","_CMDLINE":"/usr/local/bin/wg-zk-daemon","_MACHINE_ID":"690ce7d60d764639b5ea18bbb8cfa3c2","_TRANSPORT":"stdout","SYSLOG_IDENTIFIER":"wgzk-start.sh","__REALTIME_TIMESTAMP":"1790766415244779","_EXE":"/usr/local/bin/wg-zk-daemon","_SYSTEMD_CGROUP":"/system.slice/wgzk.service","_UID":"0","_SYSTEMD_INVOCATION_ID":"5e99273fe47f4141b5055c3ebd90e3da","_PID":"24636","_SELINUX_CONTEXT":"unconfined\n","_SYSTEMD_SLICE":"system.slice","_STREAM_ID":"e2371e64b5054a858ccb94a75ed2eb26","__CURSOR":"s=e6a325d7aab144b09b565d8c4be4d789;i=68bb;b=803d77ddc49e4e5ea7391884acfbd14f;m=f50bb9ae9;t=65cb14c0e6deb;x=740387c2db5f2d2c","_CAP_EFFECTIVE":"1ffffffffff","_BOOT_ID":"803d77ddc49e4e5ea7391884acfbd14f","MESSAGE":"[timing] side=gateway pending_id=60 token=2273373152 nonce_prefix=9b6dbdad result=ok wait_ct_us=1 verify_us=92 decap_us=84 peer_us=62 total_us=2564","_COMM":"wg-zk-daemon","PRIORITY":"6","SYSLOG_FACILITY":"3","_HOSTNAME":"wgzk-gateway","__MONOTONIC_TIMESTAMP":"65778981609"}
{"_HOSTNAME":"wgzk-gateway","_EXE":"/usr/local/bin/wg-zk-daemon","__REALTIME_TIMESTAMP":"1790766415245800","_SELINUX_CONTEXT":"unconfined\n","_PID":"24636","_SYSTEMD_UNIT":"wgzk.service","MESSAGE":"[timing] side=gateway pending_id=61 token=830756547 nonce_prefix=5f14f699 result=ok wait_ct_us=52 verify_us=95 decap_us=220 peer_us=125 total_us=509","SYSLOG_FACILITY":"3","_BOOT_ID":"803d77ddc49e4e5ea7391884acfbd14f","__MONOTONIC_TIMESTAMP":"65778982630","_TRANSPORT":"stdout","SYSLOG_IDENTIFIER":"wgzk-start.sh","_CMDLINE":"/usr/local/bin/wg-zk-daemon","_CAP_EFFECTIVE":"1ffffffffff","PRIORITY":"6","_SYSTEMD_INVOCATION_ID":"5e99273fe47f4141b5055c3ebd90e3da","_MACHINE_ID":"690ce7d60d764639b5ea18bbb8cfa3c2","_GID":"0","__CURSOR":"s=e6a325d7aab144b09b565d8c4be4d789;i=68bd;b=803d77ddc49e4e5ea7391884acfbd14f;m=f50bb9ee6;t=65cb14c0e71e8;x=8a8cd5190523061e","_SYSTEMD_CGROUP":"/system.slice/wgzk.service","_STREAM_ID":"e2371e64b5054a858ccb94a75ed2eb26","_COMM":"wg-zk-daemon","_SYSTEMD_SLICE":"system.slice","_UID":"0"}
{"_TRANSPORT":"stdout","_BOOT_ID":"803d77ddc49e4e5ea7391884acfbd14f","_SYSTEMD_CGROUP":"/system.slice/wgzk.service","__REALTIME_TIMESTAMP":"1790766416474366","SYSLOG_FACILITY":"3","_CMDLINE":"/usr/local/bin/wg-zk-daemon","_UID":"0","_EXE":"/usr/local/bin/wg-zk-daemon","_STREAM_ID":"e2371e64b5054a858ccb94a75ed2eb26","__CURSOR":"s=e6a325d7aab144b09b565d8c4be4d789;i=68c2;b=803d77ddc49e4e5ea7391884acfbd14f;m=f50ce5dfc;t=65cb14c2130fe;x=ca5e782877097171","_CAP_EFFECTIVE":"1ffffffffff","MESSAGE":"[timing] side=gateway pending_id=62 token=2196190502 nonce_prefix=89932732 result=ok wait_ct_us=1 verify_us=385 decap_us=91 peer_us=75 total_us=578","_GID":"0","__MONOTONIC_TIMESTAMP":"65780211196","_MACHINE_ID":"690ce7d60d764639b5ea18bbb8cfa3c2","_COMM":"wg-zk-daemon","_SYSTEMD_UNIT":"wgzk.service","_SYSTEMD_SLICE":"system.slice","_SELINUX_CONTEXT":"unconfined\n","PRIORITY":"6","SYSLOG_IDENTIFIER":"wgzk-start.sh","_PID":"24636","_SYSTEMD_INVOCATION_ID":"5e99273fe47f4141b5055c3ebd90e3da","_HOSTNAME":"wgzk-gateway"}
{"_MACHINE_ID":"690ce7d60d764639b5ea18bbb8cfa3c2","_CAP_EFFECTIVE":"1ffffffffff","_HOSTNAME":"wgzk-gateway","_SYSTEMD_UNIT":"wgzk.service","_CMDLINE":"/usr/local/bin/wg-zk-daemon","_COMM":"wg-zk-daemon","_EXE":"/usr/local/bin/wg-zk-daemon","_PID":"24636","_GID":"0","SYSLOG_FACILITY":"3","PRIORITY":"6","_STREAM_ID":"e2371e64b5054a858ccb94a75ed2eb26","_SYSTEMD_CGROUP":"/system.slice/wgzk.service","__MONOTONIC_TIMESTAMP":"65780211196","_TRANSPORT":"stdout","__CURSOR":"s=e6a325d7aab144b09b565d8c4be4d789;i=68c3;b=803d77ddc49e4e5ea7391884acfbd14f;m=f50ce5dfc;t=65cb14c2130fe;x=c96266823d8d6537","_SYSTEMD_INVOCATION_ID":"5e99273fe47f4141b5055c3ebd90e3da","_SELINUX_CONTEXT":"unconfined\n","__REALTIME_TIMESTAMP":"1790766416474366","SYSLOG_IDENTIFIER":"wgzk-start.sh","MESSAGE":"[timing] side=gateway pending_id=63 token=3372659380 nonce_prefix=d5a17395 result=ok wait_ct_us=7 verify_us=95 decap_us=84 peer_us=54 total_us=1045","_BOOT_ID":"803d77ddc49e4e5ea7391884acfbd14f","_SYSTEMD_SLICE":"system.slice","_UID":"0"}
{"_HOSTNAME":"wgzk-gateway","_SELINUX_CONTEXT":"unconfined\n","_SYSTEMD_UNIT":"wgzk.service","_MACHINE_ID":"690ce7d60d764639b5ea18bbb8cfa3c2","_EXE":"/usr/local/bin/wg-zk-daemon","_GID":"0","_STREAM_ID":"e2371e64b5054a858ccb94a75ed2eb26","MESSAGE":"[timing] side=gateway pending_id=64 token=1274467774 nonce_prefix=0e560794 result=ok wait_ct_us=1 verify_us=262 decap_us=132 peer_us=74 total_us=490","__MONOTONIC_TIMESTAMP":"65780212363","SYSLOG_IDENTIFIER":"wgzk-start.sh","_CMDLINE":"/usr/local/bin/wg-zk-daemon","_BOOT_ID":"803d77ddc49e4e5ea7391884acfbd14f","_PID":"24636","_COMM":"wg-zk-daemon","SYSLOG_FACILITY":"3","_SYSTEMD_CGROUP":"/system.slice/wgzk.service","_SYSTEMD_SLICE":"system.slice","_CAP_EFFECTIVE":"1ffffffffff","__CURSOR":"s=e6a325d7aab144b09b565d8c4be4d789;i=68c4;b=803d77ddc49e4e5ea7391884acfbd14f;m=f50ce628b;t=65cb14c21358d;x=4522425b44fe4d48","PRIORITY":"6","__REALTIME_TIMESTAMP":"1790766416475533","_UID":"0","_SYSTEMD_INVOCATION_ID":"5e99273fe47f4141b5055c3ebd90e3da","_TRANSPORT":"stdout"}
{"_EXE":"/usr/local/bin/wg-zk-daemon","_CMDLINE":"/usr/local/bin/wg-zk-daemon","_SYSTEMD_CGROUP":"/system.slice/wgzk.service","MESSAGE":"[timing] side=gateway pending_id=65 token=2950343322 nonce_prefix=35b5d528 result=ok wait_ct_us=1 verify_us=127 decap_us=85 peer_us=58 total_us=1287","_SELINUX_CONTEXT":"unconfined\n","SYSLOG_IDENTIFIER":"wgzk-start.sh","_SYSTEMD_UNIT":"wgzk.service","_BOOT_ID":"803d77ddc49e4e5ea7391884acfbd14f","_STREAM_ID":"e2371e64b5054a858ccb94a75ed2eb26","_GID":"0","_HOSTNAME":"wgzk-gateway","_PID":"24636","_TRANSPORT":"stdout","__REALTIME_TIMESTAMP":"1790766416476329","_COMM":"wg-zk-daemon","_SYSTEMD_INVOCATION_ID":"5e99273fe47f4141b5055c3ebd90e3da","__MONOTONIC_TIMESTAMP":"65780213159","_SYSTEMD_SLICE":"system.slice","_UID":"0","SYSLOG_FACILITY":"3","PRIORITY":"6","_CAP_EFFECTIVE":"1ffffffffff","_MACHINE_ID":"690ce7d60d764639b5ea18bbb8cfa3c2","__CURSOR":"s=e6a325d7aab144b09b565d8c4be4d789;i=68c5;b=803d77ddc49e4e5ea7391884acfbd14f;m=f50ce65a7;t=65cb14c2138a9;x=75c7cbd4f449ce3a"}
{"_MACHINE_ID":"690ce7d60d764639b5ea18bbb8cfa3c2","_UID":"0","_CAP_EFFECTIVE":"1ffffffffff","__MONOTONIC_TIMESTAMP":"65781447416","SYSLOG_IDENTIFIER":"wgzk-start.sh","SYSLOG_FACILITY":"3","_TRANSPORT":"stdout","MESSAGE":"[timing] side=gateway pending_id=66 token=4169400565 nonce_prefix=0acf0394 result=ok wait_ct_us=1 verify_us=117 decap_us=89 peer_us=91 total_us=441","__CURSOR":"s=e6a325d7aab144b09b565d8c4be4d789;i=68c8;b=803d77ddc49e4e5ea7391884acfbd14f;m=f50e13af8;t=65cb14c340df9;x=8c99fecfe120cd8e","_SELINUX_CONTEXT":"unconfined\n","_COMM":"wg-zk-daemon","_GID":"0","_PID":"24636","_HOSTNAME":"wgzk-gateway","__REALTIME_TIMESTAMP":"1790766417710585","_BOOT_ID":"803d77ddc49e4e5ea7391884acfbd14f","_SYSTEMD_UNIT":"wgzk.service","_EXE":"/usr/local/bin/wg-zk-daemon","_CMDLINE":"/usr/local/bin/wg-zk-daemon","_SYSTEMD_INVOCATION_ID":"5e99273fe47f4141b5055c3ebd90e3da","_SYSTEMD_SLICE":"system.slice","_SYSTEMD_CGROUP":"/system.slice/wgzk.service","_STREAM_ID":"e2371e64b5054a858ccb94a75ed2eb26","PRIORITY":"6"}
{"__CURSOR":"s=e6a325d7aab144b09b565d8c4be4d789;i=68c9;b=803d77ddc49e4e5ea7391884acfbd14f;m=f50e142bc;t=65cb14c3415be;x=88022281e01fbf28","_CAP_EFFECTIVE":"1ffffffffff","_SELINUX_CONTEXT":"unconfined\n","_TRANSPORT":"stdout","PRIORITY":"6","_HOSTNAME":"wgzk-gateway","_EXE":"/usr/local/bin/wg-zk-daemon","SYSLOG_IDENTIFIER":"wgzk-start.sh","_SYSTEMD_SLICE":"system.slice","_BOOT_ID":"803d77ddc49e4e5ea7391884acfbd14f","_GID":"0","_CMDLINE":"/usr/local/bin/wg-zk-daemon","_SYSTEMD_CGROUP":"/system.slice/wgzk.service","_STREAM_ID":"e2371e64b5054a858ccb94a75ed2eb26","_UID":"0","_SYSTEMD_UNIT":"wgzk.service","_MACHINE_ID":"690ce7d60d764639b5ea18bbb8cfa3c2","__REALTIME_TIMESTAMP":"1790766417712574","SYSLOG_FACILITY":"3","_SYSTEMD_INVOCATION_ID":"5e99273fe47f4141b5055c3ebd90e3da","__MONOTONIC_TIMESTAMP":"65781449404","_PID":"24636","MESSAGE":"[timing] side=gateway pending_id=67 token=684167501 nonce_prefix=4510cc34 result=ok wait_ct_us=1 verify_us=188 decap_us=84 peer_us=380 total_us=1327","_COMM":"wg-zk-daemon"}
{"_COMM":"wg-zk-daemon","_STREAM_ID":"e2371e64b5054a858ccb94a75ed2eb26","_MACHINE_ID":"690ce7d60d764639b5ea18bbb8cfa3c2","SYSLOG_FACILITY":"3","_TRANSPORT":"stdout","_PID":"24636","_SELINUX_CONTEXT":"unconfined\n","_EXE":"/usr/local/bin/wg-zk-daemon","_SYSTEMD_UNIT":"wgzk.service","_BOOT_ID":"803d77ddc49e4e5ea7391884acfbd14f","_HOSTNAME":"wgzk-gateway","_SYSTEMD_SLICE":"system.slice","_GID":"0","__CURSOR":"s=e6a325d7aab144b09b565d8c4be4d789;i=68cc;b=803d77ddc49e4e5ea7391884acfbd14f;m=f50e142bc;t=65cb14c3415be;x=715b42aa844fbb30","__MONOTONIC_TIMESTAMP":"65781449404","SYSLOG_IDENTIFIER":"wgzk-start.sh","_SYSTEMD_INVOCATION_ID":"5e99273fe47f4141b5055c3ebd90e3da","PRIORITY":"6","__REALTIME_TIMESTAMP":"1790766417712574","_CAP_EFFECTIVE":"1ffffffffff","_SYSTEMD_CGROUP":"/system.slice/wgzk.service","MESSAGE":"[timing] side=gateway pending_id=68 token=170665353 nonce_prefix=df06b80b result=ok wait_ct_us=72 verify_us=147 decap_us=83 peer_us=57 total_us=381","_UID":"0","_CMDLINE":"/usr/local/bin/wg-zk-daemon"}
{"_CAP_EFFECTIVE":"1ffffffffff","_EXE":"/usr/local/bin/wg-zk-daemon","_SYSTEMD_SLICE":"system.slice","SYSLOG_IDENTIFIER":"wgzk-start.sh","_PID":"24636","_SYSTEMD_INVOCATION_ID":"5e99273fe47f4141b5055c3ebd90e3da","_STREAM_ID":"e2371e64b5054a858ccb94a75ed2eb26","_SYSTEMD_UNIT":"wgzk.service","_TRANSPORT":"stdout","_GID":"0","MESSAGE":"[timing] side=gateway pending_id=69 token=2518532010 nonce_prefix=d028585a result=ok wait_ct_us=1 verify_us=91 decap_us=79 peer_us=99 total_us=911","_SELINUX_CONTEXT":"unconfined\n","_HOSTNAME":"wgzk-gateway","_SYSTEMD_CGROUP":"/system.slice/wgzk.service","_CMDLINE":"/usr/local/bin/wg-zk-daemon","_UID":"0","_MACHINE_ID":"690ce7d60d764639b5ea18bbb8cfa3c2","_BOOT_ID":"803d77ddc49e4e5ea7391884acfbd14f","__CURSOR":"s=e6a325d7aab144b09b565d8c4be4d789;i=68cd;b=803d77ddc49e4e5ea7391884acfbd14f;m=f50e142bc;t=65cb14c3415be;x=84a5bc09fdd8bbcf","_COMM":"wg-zk-daemon","__REALTIME_TIMESTAMP":"1790766417712574","__MONOTONIC_TIMESTAMP":"65781449404","PRIORITY":"6","SYSLOG_FACILITY":"3"}
{"_HOSTNAME":"wgzk-gateway","__CURSOR":"s=e6a325d7aab144b09b565d8c4be4d789;i=68d2;b=803d77ddc49e4e5ea7391884acfbd14f;m=f50f42f71;t=65cb14c470273;x=cd34602ef6eabb5c","_BOOT_ID":"803d77ddc49e4e5ea7391884acfbd14f","_SYSTEMD_CGROUP":"/system.slice/wgzk.service","_TRANSPORT":"stdout","_CMDLINE":"/usr/local/bin/wg-zk-daemon","_STREAM_ID":"e2371e64b5054a858ccb94a75ed2eb26","MESSAGE":"[timing] side=gateway pending_id=70 token=2265434644 nonce_prefix=5929fd82 result=ok wait_ct_us=1 verify_us=97 decap_us=91 peer_us=77 total_us=304","_EXE":"/usr/local/bin/wg-zk-daemon","PRIORITY":"6","__REALTIME_TIMESTAMP":"1790766418952819","_MACHINE_ID":"690ce7d60d764639b5ea18bbb8cfa3c2","_UID":"0","SYSLOG_IDENTIFIER":"wgzk-start.sh","_CAP_EFFECTIVE":"1ffffffffff","_GID":"0","_PID":"24636","_SYSTEMD_INVOCATION_ID":"5e99273fe47f4141b5055c3ebd90e3da","_SYSTEMD_SLICE":"system.slice","_SELINUX_CONTEXT":"unconfined\n","__MONOTONIC_TIMESTAMP":"65782689649","_SYSTEMD_UNIT":"wgzk.service","_COMM":"wg-zk-daemon","SYSLOG_FACILITY":"3"}
{"MESSAGE":"[timing] side=gateway pending_id=71 token=799145546 nonce_prefix=bb5d7be7 result=ok wait_ct_us=1 verify_us=117 decap_us=96 peer_us=57 total_us=809","_BOOT_ID":"803d77ddc49e4e5ea7391884acfbd14f","_SYSTEMD_CGROUP":"/system.slice/wgzk.service","__REALTIME_TIMESTAMP":"1790766418952819","_SYSTEMD_UNIT":"wgzk.service","_CMDLINE":"/usr/local/bin/wg-zk-daemon","_SYSTEMD_SLICE":"system.slice","_GID":"0","_HOSTNAME":"wgzk-gateway","_TRANSPORT":"stdout","_EXE":"/usr/local/bin/wg-zk-daemon","_PID":"24636","_UID":"0","_MACHINE_ID":"690ce7d60d764639b5ea18bbb8cfa3c2","_CAP_EFFECTIVE":"1ffffffffff","__MONOTONIC_TIMESTAMP":"65782689649","_STREAM_ID":"e2371e64b5054a858ccb94a75ed2eb26","SYSLOG_FACILITY":"3","PRIORITY":"6","SYSLOG_IDENTIFIER":"wgzk-start.sh","_SELINUX_CONTEXT":"unconfined\n","_SYSTEMD_INVOCATION_ID":"5e99273fe47f4141b5055c3ebd90e3da","__CURSOR":"s=e6a325d7aab144b09b565d8c4be4d789;i=68d3;b=803d77ddc49e4e5ea7391884acfbd14f;m=f50f42f71;t=65cb14c470273;x=ee9a71fd0a0ea8be","_COMM":"wg-zk-daemon"}
{"_CMDLINE":"/usr/local/bin/wg-zk-daemon","_PID":"24636","_MACHINE_ID":"690ce7d60d764639b5ea18bbb8cfa3c2","_COMM":"wg-zk-daemon","__MONOTONIC_TIMESTAMP":"65782689649","_UID":"0","SYSLOG_IDENTIFIER":"wgzk-start.sh","SYSLOG_FACILITY":"3","_SYSTEMD_SLICE":"system.slice","_STREAM_ID":"e2371e64b5054a858ccb94a75ed2eb26","_HOSTNAME":"wgzk-gateway","_SYSTEMD_UNIT":"wgzk.service","_GID":"0","_SYSTEMD_INVOCATION_ID":"5e99273fe47f4141b5055c3ebd90e3da","_CAP_EFFECTIVE":"1ffffffffff","_BOOT_ID":"803d77ddc49e4e5ea7391884acfbd14f","MESSAGE":"[timing] side=gateway pending_id=72 token=911457079 nonce_prefix=7d10e4dd result=ok wait_ct_us=1 verify_us=92 decap_us=80 peer_us=58 total_us=1305","_TRANSPORT":"stdout","__REALTIME_TIMESTAMP":"1790766418952819","_SELINUX_CONTEXT":"unconfined\n","_SYSTEMD_CGROUP":"/system.slice/wgzk.service","__CURSOR":"s=e6a325d7aab144b09b565d8c4be4d789;i=68d4;b=803d77ddc49e4e5ea7391884acfbd14f;m=f50f42f71;t=65cb14c470273;x=bdb81d18b98d911b","PRIORITY":"6","_EXE":"/usr/local/bin/wg-zk-daemon"}
{"_MACHINE_ID":"690ce7d60d764639b5ea18bbb8cfa3c2","_STREAM_ID":"e2371e64b5054a858ccb94a75ed2eb26","_HOSTNAME":"wgzk-gateway","_CAP_EFFECTIVE":"1ffffffffff","_UID":"0","_SYSTEMD_CGROUP":"/system.slice/wgzk.service","_PID":"24636","_CMDLINE":"/usr/local/bin/wg-zk-daemon","__CURSOR":"s=e6a325d7aab144b09b565d8c4be4d789;i=68d5;b=803d77ddc49e4e5ea7391884acfbd14f;m=f50f42f71;t=65cb14c470273;x=9e6c3899ddb65ed3","__MONOTONIC_TIMESTAMP":"65782689649","_GID":"0","_SYSTEMD_INVOCATION_ID":"5e99273fe47f4141b5055c3ebd90e3da","PRIORITY":"6","_SYSTEMD_SLICE":"system.slice","MESSAGE":"[timing] side=gateway pending_id=73 token=846695184 nonce_prefix=2b5f5eff result=ok wait_ct_us=1 verify_us=91 decap_us=126 peer_us=433 total_us=2168","_SYSTEMD_UNIT":"wgzk.service","_SELINUX_CONTEXT":"unconfined\n","_BOOT_ID":"803d77ddc49e4e5ea7391884acfbd14f","SYSLOG_IDENTIFIER":"wgzk-start.sh","_TRANSPORT":"stdout","_COMM":"wg-zk-daemon","SYSLOG_FACILITY":"3","__REALTIME_TIMESTAMP":"1790766418952819","_EXE":"/usr/local/bin/wg-zk-daemon"}
{"__MONOTONIC_TIMESTAMP":"65783914051","_GID":"0","_SYSTEMD_CGROUP":"/system.slice/wgzk.service","_SELINUX_CONTEXT":"unconfined\n","PRIORITY":"6","_SYSTEMD_SLICE":"system.slice","_CMDLINE":"/usr/local/bin/wg-zk-daemon","_BOOT_ID":"803d77ddc49e4e5ea7391884acfbd14f","_CAP_EFFECTIVE":"1ffffffffff","_TRANSPORT":"stdout","SYSLOG_IDENTIFIER":"wgzk-start.sh","_HOSTNAME":"wgzk-gateway","_UID":"0","_PID":"24636","SYSLOG_FACILITY":"3","_COMM":"wg-zk-daemon","_MACHINE_ID":"690ce7d60d764639b5ea18bbb8cfa3c2","__CURSOR":"s=e6a325d7aab144b09b565d8c4be4d789;i=68d8;b=803d77ddc49e4e5ea7391884acfbd14f;m=f5106de43;t=65cb14c59b145;x=6e7e687247844c61","__REALTIME_TIMESTAMP":"1790766420177221","_EXE":"/usr/local/bin/wg-zk-daemon","_SYSTEMD_UNIT":"wgzk.service","_STREAM_ID":"e2371e64b5054a858ccb94a75ed2eb26","_SYSTEMD_INVOCATION_ID":"5e99273fe47f4141b5055c3ebd90e3da","MESSAGE":"[timing] side=gateway pending_id=74 token=1366706713 nonce_prefix=b774e4d8 result=ok wait_ct_us=1 verify_us=98 decap_us=90 peer_us=343 total_us=567"}
{"_SYSTEMD_UNIT":"wgzk.service","_STREAM_ID":"e2371e64b5054a858ccb94a75ed2eb26","_BOOT_ID":"803d77ddc49e4e5ea7391884acfbd14f","_PID":"24636","_SYSTEMD_SLICE":"system.slice","_EXE":"/usr/local/bin/wg-zk-daemon","SYSLOG_IDENTIFIER":"wgzk-start.sh","_COMM":"wg-zk-daemon","_HOSTNAME":"wgzk-gateway","_GID":"0","_SYSTEMD_INVOCATION_ID":"5e99273fe47f4141b5055c3ebd90e3da","_CMDLINE":"/usr/local/bin/wg-zk-daemon","__CURSOR":"s=e6a325d7aab144b09b565d8c4be4d789;i=68da;b=803d77ddc49e4e5ea7391884acfbd14f;m=f5106e13d;t=65cb14c59b43e;x=f2c799cae2307cba","_TRANSPORT":"stdout","SYSLOG_FACILITY":"3","PRIORITY":"6","_SELINUX_CONTEXT":"unconfined\n","__MONOTONIC_TIMESTAMP":"65783914813","MESSAGE":"[timing] side=gateway pending_id=75 token=2695255536 nonce_prefix=0a28ffa0 result=ok wait_ct_us=1 verify_us=95 decap_us=83 peer_us=64 total_us=1474","_UID":"0","_SYSTEMD_CGROUP":"/system.slice/wgzk.service","_MACHINE_ID":"690ce7d60d764639b5ea18bbb8cfa3c2","__REALTIME_TIMESTAMP":"1790766420177982","_CAP_EFFECTIVE":"1ffffffffff"}
{"_EXE":"/usr/local/bin/wg-zk-daemon","_GID":"0","SYSLOG_IDENTIFIER":"wgzk-start.sh","PRIORITY":"6","_TRANSPORT":"stdout","_SYSTEMD_UNIT":"wgzk.service","__CURSOR":"s=e6a325d7aab144b09b565d8c4be4d789;i=68db;b=803d77ddc49e4e5ea7391884acfbd14f;m=f5106e447;t=65cb14c59b748;x=b6535a4ad142a970","SYSLOG_FACILITY":"3","_STREAM_ID":"e2371e64b5054a858ccb94a75ed2eb26","_SYSTEMD_INVOCATION_ID":"5e99273fe47f4141b5055c3ebd90e3da","MESSAGE":"[timing] side=gateway pending_id=76 token=150419145 nonce_prefix=63b76fdf result=ok wait_ct_us=1 verify_us=95 decap_us=84 peer_us=59 total_us=2181","_SYSTEMD_CGROUP":"/system.slice/wgzk.service","_SYSTEMD_SLICE":"system.slice","__MONOTONIC_TIMESTAMP":"65783915591","_CAP_EFFECTIVE":"1ffffffffff","_PID":"24636","_COMM":"wg-zk-daemon","_SELINUX_CONTEXT":"unconfined\n","__REALTIME_TIMESTAMP":"1790766420178760","_BOOT_ID":"803d77ddc49e4e5ea7391884acfbd14f","_MACHINE_ID":"690ce7d60d764639b5ea18bbb8cfa3c2","_HOSTNAME":"wgzk-gateway","_CMDLINE":"/usr/local/bin/wg-zk-daemon","_UID":"0"}
{"__CURSOR":"s=e6a325d7aab144b09b565d8c4be4d789;i=68dd;b=803d77ddc49e4e5ea7391884acfbd14f;m=f5106e88e;t=65cb14c59bb90;x=4bb81430e0cee574","SYSLOG_IDENTIFIER":"wgzk-start.sh","_CMDLINE":"/usr/local/bin/wg-zk-daemon","SYSLOG_FACILITY":"3","_CAP_EFFECTIVE":"1ffffffffff","_SYSTEMD_INVOCATION_ID":"5e99273fe47f4141b5055c3ebd90e3da","_SYSTEMD_SLICE":"system.slice","_COMM":"wg-zk-daemon","_UID":"0","__REALTIME_TIMESTAMP":"1790766420179856","MESSAGE":"[timing] side=gateway pending_id=77 token=1746452458 nonce_prefix=47e22559 result=ok wait_ct_us=1 verify_us=429 decap_us=80 peer_us=58 total_us=585","__MONOTONIC_TIMESTAMP":"65783916686","_HOSTNAME":"wgzk-gateway","_PID":"24636","_TRANSPORT":"stdout","_GID":"0","_SYSTEMD_CGROUP":"/system.slice/wgzk.service","_BOOT_ID":"803d77ddc49e4e5ea7391884acfbd14f","_SELINUX_CONTEXT":"unconfined\n","PRIORITY":"6","_SYSTEMD_UNIT":"wgzk.service","_MACHINE_ID":"690ce7d60d764639b5ea18bbb8cfa3c2","_EXE":"/usr/local/bin/wg-zk-daemon","_STREAM_ID":"e2371e64b5054a858ccb94a75ed2eb26"}
{"_SYSTEMD_INVOCATION_ID":"5e99273fe47f4141b5055c3ebd90e3da","__CURSOR":"s=e6a325d7aab144b09b565d8c4be4d789;i=68e1;b=803d77ddc49e4e5ea7391884acfbd14f;m=f5119b291;t=65cb14c6c8592;x=1f7bca2ba78e0d2c","_CMDLINE":"/usr/local/bin/wg-zk-daemon","__REALTIME_TIMESTAMP":"1790766421411218","_GID":"0","_CAP_EFFECTIVE":"1ffffffffff","_STREAM_ID":"e2371e64b5054a858ccb94a75ed2eb26","_COMM":"wg-zk-daemon","_TRANSPORT":"stdout","MESSAGE":"[timing] side=gateway pending_id=78 token=1552823062 nonce_prefix=ed4c43ef result=ok wait_ct_us=2 verify_us=97 decap_us=104 peer_us=76 total_us=450","PRIORITY":"6","SYSLOG_FACILITY":"3","SYSLOG_IDENTIFIER":"wgzk-start.sh","_HOSTNAME":"wgzk-gateway","_SELINUX_CONTEXT":"unconfined\n","_MACHINE_ID":"690ce7d60d764639b5ea18bbb8cfa3c2","_UID":"0","_BOOT_ID":"803d77ddc49e4e5ea7391884acfbd14f","_PID":"24636","_SYSTEMD_UNIT":"wgzk.service","_SYSTEMD_SLICE":"system.slice","_SYSTEMD_CGROUP":"/system.slice/wgzk.service","__MONOTONIC_TIMESTAMP":"65785148049","_EXE":"/usr/local/bin/wg-zk-daemon"}
{"_SYSTEMD_SLICE":"system.slice","_SYSTEMD_INVOCATION_ID":"5e99273fe47f4141b5055c3ebd90e3da","MESSAGE":"[timing] side=gateway pending_id=79 token=2688555334 nonce_prefix=735497b9 result=ok wait_ct_us=1 verify_us=92 decap_us=256 peer_us=73 total_us=1168","_UID":"0","_COMM":"wg-zk-daemon","_PID":"24636","SYSLOG_FACILITY":"3","_CMDLINE":"/usr/local/bin/wg-zk-daemon","_HOSTNAME":"wgzk-gateway","_SYSTEMD_UNIT":"wgzk.service","_STREAM_ID":"e2371e64b5054a858ccb94a75ed2eb26","__CURSOR":"s=e6a325d7aab144b09b565d8c4be4d789;i=68e2;b=803d77ddc49e4e5ea7391884acfbd14f;m=f5119b43a;t=65cb14c6c873c;x=eec08a2373bb6aac","SYSLOG_IDENTIFIER":"wgzk-start.sh","_EXE":"/usr/local/bin/wg-zk-daemon","_BOOT_ID":"803d77ddc49e4e5ea7391884acfbd14f","__MONOTONIC_TIMESTAMP":"65785148474","_GID":"0","__REALTIME_TIMESTAMP":"1790766421411644","_TRANSPORT":"stdout","_SELINUX_CONTEXT":"unconfined\n","_CAP_EFFECTIVE":"1ffffffffff","_MACHINE_ID":"690ce7d60d764639b5ea18bbb8cfa3c2","_SYSTEMD_CGROUP":"/system.slice/wgzk.service","PRIORITY":"6"}
{"_EXE":"/usr/local/bin/wg-zk-daemon","SYSLOG_FACILITY":"3","_UID":"0","_SYSTEMD_SLICE":"system.slice","__CURSOR":"s=e6a325d7aab144b09b565d8c4be4d789;i=68e3;b=803d77ddc49e4e5ea7391884acfbd14f;m=f5119b818;t=65cb14c6c8b1a;x=221e6ee91b0ae24","PRIORITY":"6","_HOSTNAME":"wgzk-gateway","_SYSTEMD_UNIT":"wgzk.service","_SELINUX_CONTEXT":"unconfined\n","_MACHINE_ID":"690ce7d60d764639b5ea18bbb8cfa3c2","SYSLOG_IDENTIFIER":"wgzk-start.sh","_CAP_EFFECTIVE":"1ffffffffff","_TRANSPORT":"stdout","_SYSTEMD_CGROUP":"/system.slice/wgzk.service","_CMDLINE":"/usr/local/bin/wg-zk-daemon","__MONOTONIC_TIMESTAMP":"65785149464","_SYSTEMD_INVOCATION_ID":"5e99273fe47f4141b5055c3ebd90e3da","_PID":"24636","_GID":"0","_BOOT_ID":"803d77ddc49e4e5ea7391884acfbd14f","__REALTIME_TIMESTAMP":"1790766421412634","_COMM":"wg-zk-daemon","MESSAGE":"[timing] side=gateway pending_id=80 token=3745358736 nonce_prefix=29b16d07 result=ok wait_ct_us=1 verify_us=260 decap_us=82 peer_us=58 total_us=2155","_STREAM_ID":"e2371e64b5054a858ccb94a75ed2eb26"}
{"_SYSTEMD_CGROUP":"/system.slice/wgzk.service","_BOOT_ID":"803d77ddc49e4e5ea7391884acfbd14f","PRIORITY":"6","__REALTIME_TIMESTAMP":"1790766421413769","_UID":"0","MESSAGE":"[timing] side=gateway pending_id=81 token=1332391820 nonce_prefix=c1bff32a result=ok wait_ct_us=1 verify_us=450 decap_us=89 peer_us=59 total_us=700","_SYSTEMD_UNIT":"wgzk.service","_SELINUX_CONTEXT":"unconfined\n","__CURSOR":"s=e6a325d7aab144b09b565d8c4be4d789;i=68e5;b=803d77ddc49e4e5ea7391884acfbd14f;m=f5119bc88;t=65cb14c6c8f89;x=d161455f97ac2830","SYSLOG_FACILITY":"3","_GID":"0","_SYSTEMD_INVOCATION_ID":"5e99273fe47f4141b5055c3ebd90e3da","_CAP_EFFECTIVE":"1ffffffffff","_PID":"24636","_COMM":"wg-zk-daemon","_MACHINE_ID":"690ce7d60d764639b5ea18bbb8cfa3c2","_HOSTNAME":"wgzk-gateway","_TRANSPORT":"stdout","_SYSTEMD_SLICE":"system.slice","SYSLOG_IDENTIFIER":"wgzk-start.sh","_CMDLINE":"/usr/local/bin/wg-zk-daemon","_STREAM_ID":"e2371e64b5054a858ccb94a75ed2eb26","_EXE":"/usr/local/bin/wg-zk-daemon","__MONOTONIC_TIMESTAMP":"65785150600"}
{"_SYSTEMD_UNIT":"wgzk.service","_HOSTNAME":"wgzk-gateway","_TRANSPORT":"stdout","_CMDLINE":"/usr/local/bin/wg-zk-daemon","_SELINUX_CONTEXT":"unconfined\n","__MONOTONIC_TIMESTAMP":"65786393112","_MACHINE_ID":"690ce7d60d764639b5ea18bbb8cfa3c2","_PID":"24636","_COMM":"wg-zk-daemon","_UID":"0","MESSAGE":"[timing] side=gateway pending_id=82 token=4158209035 nonce_prefix=979ec4ff result=ok wait_ct_us=2 verify_us=96 decap_us=91 peer_us=75 total_us=615","PRIORITY":"6","SYSLOG_IDENTIFIER":"wgzk-start.sh","_SYSTEMD_SLICE":"system.slice","_GID":"0","_STREAM_ID":"e2371e64b5054a858ccb94a75ed2eb26","_EXE":"/usr/local/bin/wg-zk-daemon","_BOOT_ID":"803d77ddc49e4e5ea7391884acfbd14f","_SYSTEMD_CGROUP":"/system.slice/wgzk.service","_CAP_EFFECTIVE":"1ffffffffff","__CURSOR":"s=e6a325d7aab144b09b565d8c4be4d789;i=68e8;b=803d77ddc49e4e5ea7391884acfbd14f;m=f512cb218;t=65cb14c7f851a;x=fc112257a35173d4","_SYSTEMD_INVOCATION_ID":"5e99273fe47f4141b5055c3ebd90e3da","SYSLOG_FACILITY":"3","__REALTIME_TIMESTAMP":"1790766422656282"}
{"_SYSTEMD_CGROUP":"/system.slice/wgzk.service","__CURSOR":"s=e6a325d7aab144b09b565d8c4be4d789;i=68ea;b=803d77ddc49e4e5ea7391884acfbd14f;m=f512cb4fd;t=65cb14c7f87fe;x=38e5e1d7e82849a6","__REALTIME_TIMESTAMP":"1790766422657022","_CMDLINE":"/usr/local/bin/wg-zk-daemon","PRIORITY":"6","SYSLOG_FACILITY":"3","_TRANSPORT":"stdout","_HOSTNAME":"wgzk-gateway","_SELINUX_CONTEXT":"unconfined\n","_GID":"0","_CAP_EFFECTIVE":"1ffffffffff","_UID":"0","_SYSTEMD_SLICE":"system.slice","MESSAGE":"[timing] side=gateway pending_id=83 token=3381858134 nonce_prefix=67104624 result=ok wait_ct_us=1 verify_us=389 decap_us=94 peer_us=63 total_us=1514","_BOOT_ID":"803d77ddc49e4e5ea7391884acfbd14f","_EXE":"/usr/local/bin/wg-zk-daemon","_PID":"24636","_COMM":"wg-zk-daemon","_SYSTEMD_UNIT":"wgzk.service","_SYSTEMD_INVOCATION_ID":"5e99273fe47f4141b5055c3ebd90e3da","_STREAM_ID":"e2371e64b5054a858ccb94a75ed2eb26","SYSLOG_IDENTIFIER":"wgzk-start.sh","__MONOTONIC_TIMESTAMP":"65786393853","_MACHINE_ID":"690ce7d60d764639b5ea18bbb8cfa3c2"}
{"_BOOT_ID":"803d77ddc49e4e5ea7391884acfbd14f","_GID":"0","MESSAGE":"[timing] side=gateway pending_id=84 token=1036739787 nonce_prefix=02435fe1 result=ok wait_ct_us=1 verify_us=318 decap_us=86 peer_us=60 total_us=488","_CMDLINE":"/usr/local/bin/wg-zk-daemon","_SELINUX_CONTEXT":"unconfined\n","_SYSTEMD_SLICE":"system.slice","__CURSOR":"s=e6a325d7aab144b09b565d8c4be4d789;i=68ec;b=803d77ddc49e4e5ea7391884acfbd14f;m=f512cb9a4;t=65cb14c7f8ca6;x=c32ac2fa4442bba9","_UID":"0","_PID":"24636","_MACHINE_ID":"690ce7d60d764639b5ea18bbb8cfa3c2","_SYSTEMD_CGROUP":"/system.slice/wgzk.service","_SYSTEMD_INVOCATION_ID":"5e99273fe47f4141b5055c3ebd90e3da","__REALTIME_TIMESTAMP":"1790766422658214","_EXE":"/usr/local/bin/wg-zk-daemon","_STREAM_ID":"e2371e64b5054a858ccb94a75ed2eb26","_HOSTNAME":"wgzk-gateway","PRIORITY":"6","_CAP_EFFECTIVE":"1ffffffffff","SYSLOG_IDENTIFIER":"wgzk-start.sh","_TRANSPORT":"stdout","_COMM":"wg-zk-daemon","_SYSTEMD_UNIT":"wgzk.service","__MONOTONIC_TIMESTAMP":"65786395044","SYSLOG_FACILITY":"3"}
{"_HOSTNAME":"wgzk-gateway","_STREAM_ID":"e2371e64b5054a858ccb94a75ed2eb26","MESSAGE":"[timing] side=gateway pending_id=85 token=3200693965 nonce_prefix=71d030fe result=ok wait_ct_us=1 verify_us=224 decap_us=82 peer_us=66 total_us=1179","_SYSTEMD_CGROUP":"/system.slice/wgzk.service","PRIORITY":"6","__REALTIME_TIMESTAMP":"1790766422658724","SYSLOG_FACILITY":"3","_SYSTEMD_INVOCATION_ID":"5e99273fe47f4141b5055c3ebd90e3da","SYSLOG_IDENTIFIER":"wgzk-start.sh","__MONOTONIC_TIMESTAMP":"65786395554","_MACHINE_ID":"690ce7d60d764639b5ea18bbb8cfa3c2","_UID":"0","_TRANSPORT":"stdout","_CAP_EFFECTIVE":"1ffffffffff","__CURSOR":"s=e6a325d7aab144b09b565d8c4be4d789;i=68ed;b=803d77ddc49e4e5ea7391884acfbd14f;m=f512cbba2;t=65cb14c7f8ea4;x=4d6cb4c605c7b985","_CMDLINE":"/usr/local/bin/wg-zk-daemon","_SELINUX_CONTEXT":"unconfined\n","_PID":"24636","_EXE":"/usr/local/bin/wg-zk-daemon","_COMM":"wg-zk-daemon","_GID":"0","_SYSTEMD_UNIT":"wgzk.service","_SYSTEMD_SLICE":"system.slice","_BOOT_ID":"803d77ddc49e4e5ea7391884acfbd14f"}
{"_SYSTEMD_SLICE":"system.slice","_CMDLINE":"/usr/local/bin/wg-zk-daemon","_SYSTEMD_INVOCATION_ID":"5e99273fe47f4141b5055c3ebd90e3da","_STREAM_ID":"e2371e64b5054a858ccb94a75ed2eb26","_BOOT_ID":"803d77ddc49e4e5ea7391884acfbd14f","_UID":"0","_SYSTEMD_UNIT":"wgzk.service","SYSLOG_FACILITY":"3","__MONOTONIC_TIMESTAMP":"65787624221","__REALTIME_TIMESTAMP":"1790766423887391","_MACHINE_ID":"690ce7d60d764639b5ea18bbb8cfa3c2","_PID":"24636","_CAP_EFFECTIVE":"1ffffffffff","_EXE":"/usr/local/bin/wg-zk-daemon","_SYSTEMD_CGROUP":"/system.slice/wgzk.service","_HOSTNAME":"wgzk-gateway","__CURSOR":"s=e6a325d7aab144b09b565d8c4be4d789;i=68f2;b=803d77ddc49e4e5ea7391884acfbd14f;m=f513f7b1d;t=65cb14c924e1f;x=cffd115bb240e31","SYSLOG_IDENTIFIER":"wgzk-start.sh","_COMM":"wg-zk-daemon","_SELINUX_CONTEXT":"unconfined\n","_GID":"0","MESSAGE":"[timing] side=gateway pending_id=86 token=2991369707 nonce_prefix=699745e8 result=ok wait_ct_us=1 verify_us=97 decap_us=98 peer_us=73 total_us=438","_TRANSPORT":"stdout","PRIORITY":"6"}
{"_UID":"0","__REALTIME_TIMESTAMP":"1790766423888266","_SYSTEMD_INVOCATION_ID":"5e99273fe47f4141b5055c3ebd90e3da","_CAP_EFFECTIVE":"1ffffffffff","_GID":"0","_EXE":"/usr/local/bin/wg-zk-daemon","_PID":"24636","_SYSTEMD_SLICE":"system.slice","_STREAM_ID":"e2371e64b5054a858ccb94a75ed2eb26","PRIORITY":"6","_HOSTNAME":"wgzk-gateway","_BOOT_ID":"803d77ddc49e4e5ea7391884acfbd14f","_CMDLINE":"/usr/local/bin/wg-zk-daemon","_SYSTEMD_CGROUP":"/system.slice/wgzk.service","__MONOTONIC_TIMESTAMP":"65787625096","_SELINUX_CONTEXT":"unconfined\n","_COMM":"wg-zk-daemon","_TRANSPORT":"stdout","MESSAGE":"[timing] side=gateway pending_id=87 token=92927173 nonce_prefix=cc2b2888 result=ok wait_ct_us=2 verify_us=249 decap_us=148 peer_us=63 total_us=1486","_SYSTEMD_UNIT":"wgzk.service","SYSLOG_FACILITY":"3","SYSLOG_IDENTIFIER":"wgzk-start.sh","_MACHINE_ID":"690ce7d60d764639b5ea18bbb8cfa3c2","__CURSOR":"s=e6a325d7aab144b09b565d8c4be4d789;i=68f3;b=803d77ddc49e4e5ea7391884acfbd14f;m=f513f7e88;t=65cb14c92518a;x=4b6a36ddaeafcdb0"}
{"_MACHINE_ID":"690ce7d60d764639b5ea18bbb8cfa3c2","_STREAM_ID":"e2371e64b5054a858ccb94a75ed2eb26","SYSLOG_FACILITY":"3","_HOSTNAME":"wgzk-gateway","PRIORITY":"6","__REALTIME_TIMESTAMP":"1790766423888899","__MONOTONIC_TIMESTAMP":"65787625729","__CURSOR":"s=e6a325d7aab144b09b565d8c4be4d789;i=68f4;b=803d77ddc49e4e5ea7391884acfbd14f;m=f513f8101;t=65cb14c925403;x=72834f432644e994","_CMDLINE":"/usr/local/bin/wg-zk-daemon","_GID":"0","_SELINUX_CONTEXT":"unconfined\n","_UID":"0","_SYSTEMD_UNIT":"wgzk.service","_TRANSPORT":"stdout","_COMM":"wg-zk-daemon","_PID":"24636","SYSLOG_IDENTIFIER":"wgzk-start.sh","_SYSTEMD_SLICE":"system.slice","_EXE":"/usr/local/bin/wg-zk-daemon","_SYSTEMD_INVOCATION_ID":"5e99273fe47f4141b5055c3ebd90e3da","_SYSTEMD_CGROUP":"/system.slice/wgzk.service","MESSAGE":"[timing] side=gateway pending_id=88 token=3008877108 nonce_prefix=bf129897 result=ok wait_ct_us=1 verify_us=92 decap_us=84 peer_us=59 total_us=2169","_CAP_EFFECTIVE":"1ffffffffff","_BOOT_ID":"803d77ddc49e4e5ea7391884acfbd14f"}
{"_SYSTEMD_INVOCATION_ID":"5e99273fe47f4141b5055c3ebd90e3da","_MACHINE_ID":"690ce7d60d764639b5ea18bbb8cfa3c2","_SELINUX_CONTEXT":"unconfined\n","PRIORITY":"6","_PID":"24636","_STREAM_ID":"e2371e64b5054a858ccb94a75ed2eb26","_GID":"0","_SYSTEMD_CGROUP":"/system.slice/wgzk.service","_SYSTEMD_UNIT":"wgzk.service","__MONOTONIC_TIMESTAMP":"65787626520","__REALTIME_TIMESTAMP":"1790766423889690","_BOOT_ID":"803d77ddc49e4e5ea7391884acfbd14f","_COMM":"wg-zk-daemon","__CURSOR":"s=e6a325d7aab144b09b565d8c4be4d789;i=68f5;b=803d77ddc49e4e5ea7391884acfbd14f;m=f513f8418;t=65cb14c92571a;x=df845f6a11ea97bf","SYSLOG_FACILITY":"3","_UID":"0","_TRANSPORT":"stdout","_CAP_EFFECTIVE":"1ffffffffff","SYSLOG_IDENTIFIER":"wgzk-start.sh","_CMDLINE":"/usr/local/bin/wg-zk-daemon","MESSAGE":"[timing] side=gateway pending_id=89 token=3101851908 nonce_prefix=c02edeab result=ok wait_ct_us=1 verify_us=218 decap_us=81 peer_us=58 total_us=2880","_EXE":"/usr/local/bin/wg-zk-daemon","_HOSTNAME":"wgzk-gateway","_SYSTEMD_SLICE":"system.slice"}
{"_BOOT_ID":"803d77ddc49e4e5ea7391884acfbd14f","_SYSTEMD_INVOCATION_ID":"5e99273fe47f4141b5055c3ebd90e3da","_CMDLINE":"/usr/local/bin/wg-zk-daemon","_CAP_EFFECTIVE":"1ffffffffff","MESSAGE":"[timing] side=gateway pending_id=90 token=2455769396 nonce_prefix=c37b9001 result=ok wait_ct_us=2 verify_us=96 decap_us=118 peer_us=77 total_us=622","_GID":"0","_MACHINE_ID":"690ce7d60d764639b5ea18bbb8cfa3c2","_SYSTEMD_CGROUP":"/system.slice/wgzk.service","_STREAM_ID":"e2371e64b5054a858ccb94a75ed2eb26","SYSLOG_IDENTIFIER":"wgzk-start.sh","_COMM":"wg-zk-daemon","_TRANSPORT":"stdout","_EXE":"/usr/local/bin/wg-zk-daemon","SYSLOG_FACILITY":"3","_UID":"0","_SYSTEMD_SLICE":"system.slice","PRIORITY":"6","_SELINUX_CONTEXT":"unconfined\n","__CURSOR":"s=e6a325d7aab144b09b565d8c4be4d789;i=68f7;b=803d77ddc49e4e5ea7391884acfbd14f;m=f51523f99;t=65cb14ca5129a;x=407cb52fa4462169","__MONOTONIC_TIMESTAMP":"65788854169","_HOSTNAME":"wgzk-gateway","_PID":"24636","__REALTIME_TIMESTAMP":"1790766425117338","_SYSTEMD_UNIT":"wgzk.service"}
{"_COMM":"wg-zk-daemon","SYSLOG_FACILITY":"3","_CMDLINE":"/usr/local/bin/wg-zk-daemon","_SYSTEMD_CGROUP":"/system.slice/wgzk.service","_HOSTNAME":"wgzk-gateway","_SYSTEMD_UNIT":"wgzk.service","MESSAGE":"[timing] side=gateway pending_id=91 token=952833352 nonce_prefix=a26a2827 result=ok wait_ct_us=1 verify_us=111 decap_us=84 peer_us=57 total_us=1185","_MACHINE_ID":"690ce7d60d764639b5ea18bbb8cfa3c2","_SYSTEMD_INVOCATION_ID":"5e99273fe47f4141b5055c3ebd90e3da","_GID":"0","_UID":"0","_TRANSPORT":"stdout","_CAP_EFFECTIVE":"1ffffffffff","_EXE":"/usr/local/bin/wg-zk-daemon","SYSLOG_IDENTIFIER":"wgzk-start.sh","__MONOTONIC_TIMESTAMP":"65788854169","__REALTIME_TIMESTAMP":"1790766425117338","_SELINUX_CONTEXT":"unconfined\n","_STREAM_ID":"e2371e64b5054a858ccb94a75ed2eb26","_SYSTEMD_SLICE":"system.slice","_BOOT_ID":"803d77ddc49e4e5ea7391884acfbd14f","_PID":"24636","PRIORITY":"6","__CURSOR":"s=e6a325d7aab144b09b565d8c4be4d789;i=68f9;b=803d77ddc49e4e5ea7391884acfbd14f;m=f51523f99;t=65cb14ca5129a;x=f9a70c3a829e446c"}
{"_SYSTEMD_UNIT":"wgzk.service","__MONOTONIC_TIMESTAMP":"65788854169","_GID":"0","SYSLOG_IDENTIFIER":"wgzk-start.sh","_SYSTEMD_INVOCATION_ID":"5e99273fe47f4141b5055c3ebd90e3da","_CAP_EFFECTIVE":"1ffffffffff","__REALTIME_TIMESTAMP":"1790766425117338","__CURSOR":"s=e6a325d7aab144b09b565d8c4be4d789;i=68fb;b=803d77ddc49e4e5ea7391884acfbd14f;m=f51523f99;t=65cb14ca5129a;x=6661ffa855662985","_EXE":"/usr/local/bin/wg-zk-daemon","_MACHINE_ID":"690ce7d60d764639b5ea18bbb8cfa3c2","_SELINUX_CONTEXT":"unconfined\n","MESSAGE":"[timing] side=gateway pending_id=92 token=2177468338 nonce_prefix=90151823 result=ok wait_ct_us=1 verify_us=100 decap_us=80 peer_us=54 total_us=1682","_PID":"24636","_TRANSPORT":"stdout","_BOOT_ID":"803d77ddc49e4e5ea7391884acfbd14f","_SYSTEMD_CGROUP":"/system.slice/wgzk.service","_STREAM_ID":"e2371e64b5054a858ccb94a75ed2eb26","SYSLOG_FACILITY":"3","_UID":"0","_COMM":"wg-zk-daemon","_HOSTNAME":"wgzk-gateway","_SYSTEMD_SLICE":"system.slice","PRIORITY":"6","_CMDLINE":"/usr/local/bin/wg-zk-daemon"}
{"_COMM":"wg-zk-daemon","_BOOT_ID":"803d77ddc49e4e5ea7391884acfbd14f","PRIORITY":"6","_CAP_EFFECTIVE":"1ffffffffff","_CMDLINE":"/usr/local/bin/wg-zk-daemon","_SYSTEMD_UNIT":"wgzk.service","_SYSTEMD_CGROUP":"/system.slice/wgzk.service","_GID":"0","_SELINUX_CONTEXT":"unconfined\n","__REALTIME_TIMESTAMP":"1790766425118580","_PID":"24636","SYSLOG_FACILITY":"3","_SYSTEMD_INVOCATION_ID":"5e99273fe47f4141b5055c3ebd90e3da","_HOSTNAME":"wgzk-gateway","MESSAGE":"[timing] side=gateway pending_id=93 token=1991543173 nonce_prefix=50618be3 result=ok wait_ct_us=247 verify_us=161 decap_us=83 peer_us=60 total_us=566","_STREAM_ID":"e2371e64b5054a858ccb94a75ed2eb26","_UID":"0","_MACHINE_ID":"690ce7d60d764639b5ea18bbb8cfa3c2","__MONOTONIC_TIMESTAMP":"65788855410","SYSLOG_IDENTIFIER":"wgzk-start.sh","_EXE":"/usr/local/bin/wg-zk-daemon","__CURSOR":"s=e6a325d7aab144b09b565d8c4be4d789;i=68fd;b=803d77ddc49e4e5ea7391884acfbd14f;m=f51524472;t=65cb14ca51774;x=fe98f66a5afe222f","_SYSTEMD_SLICE":"system.slice","_TRANSPORT":"stdout"}
{"SYSLOG_FACILITY":"3","_HOSTNAME":"wgzk-gateway","_COMM":"wg-zk-daemon","_MACHINE_ID":"690ce7d60d764639b5ea18bbb8cfa3c2","_SYSTEMD_UNIT":"wgzk.service","_SELINUX_CONTEXT":"unconfined\n","__MONOTONIC_TIMESTAMP":"65790107107","_CMDLINE":"/usr/local/bin/wg-zk-daemon","_UID":"0","_PID":"24636","_EXE":"/usr/local/bin/wg-zk-daemon","__CURSOR":"s=e6a325d7aab144b09b565d8c4be4d789;i=6902;b=803d77ddc49e4e5ea7391884acfbd14f;m=f51655de3;t=65cb14cb830e5;x=23172494c95d3def","MESSAGE":"[timing] side=gateway pending_id=94 token=3259907524 nonce_prefix=da6c0cd6 result=ok wait_ct_us=1 verify_us=96 decap_us=149 peer_us=73 total_us=436","_CAP_EFFECTIVE":"1ffffffffff","_GID":"0","_TRANSPORT":"stdout","SYSLOG_IDENTIFIER":"wgzk-start.sh","_SYSTEMD_SLICE":"system.slice","PRIORITY":"6","_BOOT_ID":"803d77ddc49e4e5ea7391884acfbd14f","_SYSTEMD_INVOCATION_ID":"5e99273fe47f4141b5055c3ebd90e3da","_STREAM_ID":"e2371e64b5054a858ccb94a75ed2eb26","__REALTIME_TIMESTAMP":"1790766426370277","_SYSTEMD_CGROUP":"/system.slice/wgzk.service"}
{"_TRANSPORT":"stdout","_UID":"0","_COMM":"wg-zk-daemon","_SYSTEMD_INVOCATION_ID":"5e99273fe47f4141b5055c3ebd90e3da","_SYSTEMD_CGROUP":"/system.slice/wgzk.service","_SYSTEMD_UNIT":"wgzk.service","_BOOT_ID":"803d77ddc49e4e5ea7391884acfbd14f","_GID":"0","_STREAM_ID":"e2371e64b5054a858ccb94a75ed2eb26","_CAP_EFFECTIVE":"1ffffffffff","_PID":"24636","SYSLOG_FACILITY":"3","SYSLOG_IDENTIFIER":"wgzk-start.sh","_SYSTEMD_SLICE":"system.slice","__REALTIME_TIMESTAMP":"1790766426370277","__CURSOR":"s=e6a325d7aab144b09b565d8c4be4d789;i=6903;b=803d77ddc49e4e5ea7391884acfbd14f;m=f51655de3;t=65cb14cb830e5;x=2cb9986f8054f80d","MESSAGE":"[timing] side=gateway pending_id=95 token=294220831 nonce_prefix=dc58fbb2 result=ok wait_ct_us=1 verify_us=95 decap_us=83 peer_us=54 total_us=889","_SELINUX_CONTEXT":"unconfined\n","PRIORITY":"6","_HOSTNAME":"wgzk-gateway","_EXE":"/usr/local/bin/wg-zk-daemon","_CMDLINE":"/usr/local/bin/wg-zk-daemon","_MACHINE_ID":"690ce7d60d764639b5ea18bbb8cfa3c2","__MONOTONIC_TIMESTAMP":"65790107107"}
{"_PID":"24636","PRIORITY":"6","__MONOTONIC_TIMESTAMP":"65790107619","_EXE":"/usr/local/bin/wg-zk-daemon","_SYSTEMD_SLICE":"system.slice","__CURSOR":"s=e6a325d7aab144b09b565d8c4be4d789;i=6904;b=803d77ddc49e4e5ea7391884acfbd14f;m=f51655fe3;t=65cb14cb832e5;x=6f8da8f30836ed0c","_HOSTNAME":"wgzk-gateway","_CAP_EFFECTIVE":"1ffffffffff","_TRANSPORT":"stdout","SYSLOG_FACILITY":"3","MESSAGE":"[timing] side=gateway pending_id=96 token=3490263217 nonce_prefix=e013cdd7 result=ok wait_ct_us=1 verify_us=91 decap_us=355 peer_us=61 total_us=1612","_MACHINE_ID":"690ce7d60d764639b5ea18bbb8cfa3c2","_UID":"0","__REALTIME_TIMESTAMP":"1790766426370789","_STREAM_ID":"e2371e64b5054a858ccb94a75ed2eb26","_COMM":"wg-zk-daemon","_SELINUX_CONTEXT":"unconfined\n","_SYSTEMD_CGROUP":"/system.slice/wgzk.service","_SYSTEMD_INVOCATION_ID":"5e99273fe47f4141b5055c3ebd90e3da","_GID":"0","_SYSTEMD_UNIT":"wgzk.service","_CMDLINE":"/usr/local/bin/wg-zk-daemon","_BOOT_ID":"803d77ddc49e4e5ea7391884acfbd14f","SYSLOG_IDENTIFIER":"wgzk-start.sh"}
{"_TRANSPORT":"stdout","SYSLOG_FACILITY":"3","_EXE":"/usr/local/bin/wg-zk-daemon","_GID":"0","_HOSTNAME":"wgzk-gateway","_COMM":"wg-zk-daemon","_SYSTEMD_INVOCATION_ID":"5e99273fe47f4141b5055c3ebd90e3da","_MACHINE_ID":"690ce7d60d764639b5ea18bbb8cfa3c2","_SYSTEMD_UNIT":"wgzk.service","MESSAGE":"[timing] side=gateway pending_id=97 token=770322917 nonce_prefix=e106b8bc result=ok wait_ct_us=1 verify_us=141 decap_us=82 peer_us=57 total_us=2413","_BOOT_ID":"803d77ddc49e4e5ea7391884acfbd14f","PRIORITY":"6","_SYSTEMD_SLICE":"system.slice","__CURSOR":"s=e6a325d7aab144b09b565d8c4be4d789;i=6905;b=803d77ddc49e4e5ea7391884acfbd14f;m=f51656342;t=65cb14cb83644;x=f48d59c29b2d6fde","_CMDLINE":"/usr/local/bin/wg-zk-daemon","SYSLOG_IDENTIFIER":"wgzk-start.sh","_SELINUX_CONTEXT":"unconfined\n","_UID":"0","__REALTIME_TIMESTAMP":"1790766426371652","_PID":"24636","_STREAM_ID":"e2371e64b5054a858ccb94a75ed2eb26","_SYSTEMD_CGROUP":"/system.slice/wgzk.service","__MONOTONIC_TIMESTAMP":"65790108482","_CAP_EFFECTIVE":"1ffffffffff"}
{"_STREAM_ID":"e2371e64b5054a858ccb94a75ed2eb26","MESSAGE":"[timing] side=gateway pending_id=98 token=3540885459 nonce_prefix=f4d5915f result=ok wait_ct_us=2 verify_us=97 decap_us=105 peer_us=79 total_us=507","_SYSTEMD_CGROUP":"/system.slice/wgzk.service","_SYSTEMD_INVOCATION_ID":"5e99273fe47f4141b5055c3ebd90e3da","PRIORITY":"6","SYSLOG_FACILITY":"3","_TRANSPORT":"stdout","_EXE":"/usr/local/bin/wg-zk-daemon","_CMDLINE":"/usr/local/bin/wg-zk-daemon","_COMM":"wg-zk-daemon","__CURSOR":"s=e6a325d7aab144b09b565d8c4be4d789;i=6907;b=803d77ddc49e4e5ea7391884acfbd14f;m=f51781feb;t=65cb14ccaf2ed;x=6b6839b74876dd40","_SYSTEMD_SLICE":"system.slice","_BOOT_ID":"803d77ddc49e4e5ea7391884acfbd14f","_CAP_EFFECTIVE":"1ffffffffff","_HOSTNAME":"wgzk-gateway","_SELINUX_CONTEXT":"unconfined\n","SYSLOG_IDENTIFIER":"wgzk-start.sh","_SYSTEMD_UNIT":"wgzk.service","__REALTIME_TIMESTAMP":"1790766427599597","_GID":"0","_MACHINE_ID":"690ce7d60d764639b5ea18bbb8cfa3c2","_UID":"0","_PID":"24636","__MONOTONIC_TIMESTAMP":"65791336427"}
{"_STREAM_ID":"e2371e64b5054a858ccb94a75ed2eb26","MESSAGE":"[timing] side=gateway pending_id=99 token=3677809801 nonce_prefix=9f5584cf result=ok wait_ct_us=42 verify_us=109 decap_us=83 peer_us=309 total_us=836","__REALTIME_TIMESTAMP":"1790766427601233","_CAP_EFFECTIVE":"1ffffffffff","_CMDLINE":"/usr/local/bin/wg-zk-daemon","_BOOT_ID":"803d77ddc49e4e5ea7391884acfbd14f","_COMM":"wg-zk-daemon","_EXE":"/usr/local/bin/wg-zk-daemon","SYSLOG_IDENTIFIER":"wgzk-start.sh","_SELINUX_CONTEXT":"unconfined\n","_UID":"0","_HOSTNAME":"wgzk-gateway","_TRANSPORT":"stdout","_SYSTEMD_INVOCATION_ID":"5e99273fe47f4141b5055c3ebd90e3da","__MONOTONIC_TIMESTAMP":"65791338063","_SYSTEMD_CGROUP":"/system.slice/wgzk.service","_SYSTEMD_UNIT":"wgzk.service","_SYSTEMD_SLICE":"system.slice","_MACHINE_ID":"690ce7d60d764639b5ea18bbb8cfa3c2","SYSLOG_FACILITY":"3","_GID":"0","__CURSOR":"s=e6a325d7aab144b09b565d8c4be4d789;i=690b;b=803d77ddc49e4e5ea7391884acfbd14f;m=f5178264f;t=65cb14ccaf951;x=10831fa429d949cb","PRIORITY":"6","_PID":"24636"}
{"_SYSTEMD_SLICE":"system.slice","_SELINUX_CONTEXT":"unconfined\n","_GID":"0","_PID":"24636","__REALTIME_TIMESTAMP":"1790766427601861","_SYSTEMD_INVOCATION_ID":"5e99273fe47f4141b5055c3ebd90e3da","_CAP_EFFECTIVE":"1ffffffffff","_SYSTEMD_CGROUP":"/system.slice/wgzk.service","_COMM":"wg-zk-daemon","_SYSTEMD_UNIT":"wgzk.service","__MONOTONIC_TIMESTAMP":"65791338691","_CMDLINE":"/usr/local/bin/wg-zk-daemon","_TRANSPORT":"stdout","SYSLOG_FACILITY":"3","_EXE":"/usr/local/bin/wg-zk-daemon","_STREAM_ID":"e2371e64b5054a858ccb94a75ed2eb26","PRIORITY":"6","_HOSTNAME":"wgzk-gateway","MESSAGE":"[timing] side=gateway pending_id=100 token=66425337 nonce_prefix=20008ecc result=ok wait_ct_us=1 verify_us=151 decap_us=83 peer_us=59 total_us=1699","SYSLOG_IDENTIFIER":"wgzk-start.sh","_MACHINE_ID":"690ce7d60d764639b5ea18bbb8cfa3c2","_BOOT_ID":"803d77ddc49e4e5ea7391884acfbd14f","_UID":"0","__CURSOR":"s=e6a325d7aab144b09b565d8c4be4d789;i=690c;b=803d77ddc49e4e5ea7391884acfbd14f;m=f517828c3;t=65cb14ccafbc5;x=8004e04533742028"}
{"_SYSTEMD_SLICE":"system.slice","SYSLOG_FACILITY":"3","__MONOTONIC_TIMESTAMP":"65791339542","_SYSTEMD_CGROUP":"/system.slice/wgzk.service","__CURSOR":"s=e6a325d7aab144b09b565d8c4be4d789;i=690d;b=803d77ddc49e4e5ea7391884acfbd14f;m=f51782c16;t=65cb14ccaff18;x=612dd3ce8e5a5b0a","_HOSTNAME":"wgzk-gateway","_MACHINE_ID":"690ce7d60d764639b5ea18bbb8cfa3c2","_EXE":"/usr/local/bin/wg-zk-daemon","_TRANSPORT":"stdout","__REALTIME_TIMESTAMP":"1790766427602712","_STREAM_ID":"e2371e64b5054a858ccb94a75ed2eb26","_CMDLINE":"/usr/local/bin/wg-zk-daemon","_CAP_EFFECTIVE":"1ffffffffff","_SYSTEMD_INVOCATION_ID":"5e99273fe47f4141b5055c3ebd90e3da","_COMM":"wg-zk-daemon","_SYSTEMD_UNIT":"wgzk.service","_GID":"0","SYSLOG_IDENTIFIER":"wgzk-start.sh","PRIORITY":"6","_BOOT_ID":"803d77ddc49e4e5ea7391884acfbd14f","_SELINUX_CONTEXT":"unconfined\n","MESSAGE":"[timing] side=gateway pending_id=101 token=1973171090 nonce_prefix=814a58e9 result=ok wait_ct_us=1 verify_us=270 decap_us=82 peer_us=58 total_us=2490","_UID":"0","_PID":"24636"}
{"_EXE":"/usr/local/bin/wg-zk-daemon","_SYSTEMD_UNIT":"wgzk.service","PRIORITY":"6","__REALTIME_TIMESTAMP":"1790766428822532","_STREAM_ID":"e2371e64b5054a858ccb94a75ed2eb26","MESSAGE":"[timing] side=gateway pending_id=102 token=3384365650 nonce_prefix=76265a6c result=ok wait_ct_us=2 verify_us=99 decap_us=90 peer_us=78 total_us=302","__CURSOR":"s=e6a325d7aab144b09b565d8c4be4d789;i=6912;b=803d77ddc49e4e5ea7391884acfbd14f;m=f518ac902;t=65cb14cdd9c04;x=5f4ecc51485c096","_CMDLINE":"/usr/local/bin/wg-zk-daemon","SYSLOG_IDENTIFIER":"wgzk-start.sh","_UID":"0","_PID":"24636","_BOOT_ID":"803d77ddc49e4e5ea7391884acfbd14f","_SELINUX_CONTEXT":"unconfined\n","_HOSTNAME":"wgzk-gateway","_SYSTEMD_INVOCATION_ID":"5e99273fe47f4141b5055c3ebd90e3da","__MONOTONIC_TIMESTAMP":"65792559362","_GID":"0","_COMM":"wg-zk-daemon","_SYSTEMD_SLICE":"system.slice","_SYSTEMD_CGROUP":"/system.slice/wgzk.service","_CAP_EFFECTIVE":"1ffffffffff","SYSLOG_FACILITY":"3","_TRANSPORT":"stdout","_MACHINE_ID":"690ce7d60d764639b5ea18bbb8cfa3c2"}
{"__REALTIME_TIMESTAMP":"1790766428822945","_BOOT_ID":"803d77ddc49e4e5ea7391884acfbd14f","_GID":"0","_EXE":"/usr/local/bin/wg-zk-daemon","_SELINUX_CONTEXT":"unconfined\n","_CAP_EFFECTIVE":"1ffffffffff","SYSLOG_IDENTIFIER":"wgzk-start.sh","_UID":"0","_HOSTNAME":"wgzk-gateway","_SYSTEMD_CGROUP":"/system.slice/wgzk.service","_SYSTEMD_INVOCATION_ID":"5e99273fe47f4141b5055c3ebd90e3da","MESSAGE":"[timing] side=gateway pending_id=103 token=2756406269 nonce_prefix=62c5cfaa result=ok wait_ct_us=1 verify_us=92 decap_us=86 peer_us=653 total_us=1377","_PID":"24636","_MACHINE_ID":"690ce7d60d764639b5ea18bbb8cfa3c2","SYSLOG_FACILITY":"3","_SYSTEMD_SLICE":"system.slice","_TRANSPORT":"stdout","_STREAM_ID":"e2371e64b5054a858ccb94a75ed2eb26","PRIORITY":"6","_CMDLINE":"/usr/local/bin/wg-zk-daemon","__MONOTONIC_TIMESTAMP":"65792559775","_COMM":"wg-zk-daemon","_SYSTEMD_UNIT":"wgzk.service","__CURSOR":"s=e6a325d7aab144b09b565d8c4be4d789;i=6913;b=803d77ddc49e4e5ea7391884acfbd14f;m=f518aca9f;t=65cb14cdd9da1;x=2bfd5dd3186f89e7"}
{"_SYSTEMD_SLICE":"system.slice","_SYSTEMD_CGROUP":"/system.slice/wgzk.service","_EXE":"/usr/local/bin/wg-zk-daemon","_TRANSPORT":"stdout","_SYSTEMD_UNIT":"wgzk.service","_SELINUX_CONTEXT":"unconfined\n","__REALTIME_TIMESTAMP":"1790766428823996","_UID":"0","_BOOT_ID":"803d77ddc49e4e5ea7391884acfbd14f","__CURSOR":"s=e6a325d7aab144b09b565d8c4be4d789;i=6914;b=803d77ddc49e4e5ea7391884acfbd14f;m=f518acebb;t=65cb14cdda1bc;x=16e9cf19e95d5233","_HOSTNAME":"wgzk-gateway","__MONOTONIC_TIMESTAMP":"65792560827","_GID":"0","_PID":"24636","_STREAM_ID":"e2371e64b5054a858ccb94a75ed2eb26","SYSLOG_IDENTIFIER":"wgzk-start.sh","_SYSTEMD_INVOCATION_ID":"5e99273fe47f4141b5055c3ebd90e3da","MESSAGE":"[timing] side=gateway pending_id=104 token=2576513321 nonce_prefix=bf56bf0f result=ok wait_ct_us=1 verify_us=93 decap_us=88 peer_us=59 total_us=2136","_MACHINE_ID":"690ce7d60d764639b5ea18bbb8cfa3c2","_CAP_EFFECTIVE":"1ffffffffff","PRIORITY":"6","_CMDLINE":"/usr/local/bin/wg-zk-daemon","SYSLOG_FACILITY":"3","_COMM":"wg-zk-daemon"}
{"_TRANSPORT":"stdout","_SYSTEMD_CGROUP":"/system.slice/wgzk.service","_UID":"0","_SYSTEMD_UNIT":"wgzk.service","SYSLOG_FACILITY":"3","__MONOTONIC_TIMESTAMP":"65792561362","_BOOT_ID":"803d77ddc49e4e5ea7391884acfbd14f","_STREAM_ID":"e2371e64b5054a858ccb94a75ed2eb26","MESSAGE":"[timing] side=gateway pending_id=105 token=4078567047 nonce_prefix=8d49759b result=ok wait_ct_us=1 verify_us=91 decap_us=292 peer_us=111 total_us=2844","_MACHINE_ID":"690ce7d60d764639b5ea18bbb8cfa3c2","_COMM":"wg-zk-daemon","_EXE":"/usr/local/bin/wg-zk-daemon","_SYSTEMD_INVOCATION_ID":"5e99273fe47f4141b5055c3ebd90e3da","_SYSTEMD_SLICE":"system.slice","_CMDLINE":"/usr/local/bin/wg-zk-daemon","_CAP_EFFECTIVE":"1ffffffffff","SYSLOG_IDENTIFIER":"wgzk-start.sh","__CURSOR":"s=e6a325d7aab144b09b565d8c4be4d789;i=6915;b=803d77ddc49e4e5ea7391884acfbd14f;m=f518ad0d2;t=65cb14cdda3d4;x=7322ceb2f183511e","_PID":"24636","_HOSTNAME":"wgzk-gateway","__REALTIME_TIMESTAMP":"1790766428824532","PRIORITY":"6","_GID":"0","_SELINUX_CONTEXT":"unconfined\n"}
{"_CAP_EFFECTIVE":"1ffffffffff","_PID":"24636","__MONOTONIC_TIMESTAMP":"65793789119","_TRANSPORT":"stdout","_SYSTEMD_SLICE":"system.slice","MESSAGE":"[timing] side=gateway pending_id=106 token=2504008221 nonce_prefix=5ae22837 result=ok wait_ct_us=2 verify_us=399 decap_us=105 peer_us=89 total_us=961","_BOOT_ID":"803d77ddc49e4e5ea7391884acfbd14f","_UID":"0","_COMM":"wg-zk-daemon","_MACHINE_ID":"690ce7d60d764639b5ea18bbb8cfa3c2","__CURSOR":"s=e6a325d7aab144b09b565d8c4be4d789;i=6919;b=803d77ddc49e4e5ea7391884acfbd14f;m=f519d8cbf;t=65cb14cf05fc1;x=95845654e92ca580","PRIORITY":"6","SYSLOG_FACILITY":"3","_SELINUX_CONTEXT":"unconfined\n","__REALTIME_TIMESTAMP":"1790766430052289","_SYSTEMD_INVOCATION_ID":"5e99273fe47f4141b5055c3ebd90e3da","_SYSTEMD_CGROUP":"/system.slice/wgzk.service","SYSLOG_IDENTIFIER":"wgzk-start.sh","_CMDLINE":"/usr/local/bin/wg-zk-daemon","_EXE":"/usr/local/bin/wg-zk-daemon","_GID":"0","_STREAM_ID":"e2371e64b5054a858ccb94a75ed2eb26","_HOSTNAME":"wgzk-gateway","_SYSTEMD_UNIT":"wgzk.service"}
{"SYSLOG_IDENTIFIER":"wgzk-start.sh","_STREAM_ID":"e2371e64b5054a858ccb94a75ed2eb26","_SYSTEMD_INVOCATION_ID":"5e99273fe47f4141b5055c3ebd90e3da","_BOOT_ID":"803d77ddc49e4e5ea7391884acfbd14f","PRIORITY":"6","_UID":"0","_SYSTEMD_UNIT":"wgzk.service","_CAP_EFFECTIVE":"1ffffffffff","_EXE":"/usr/local/bin/wg-zk-daemon","_TRANSPORT":"stdout","_HOSTNAME":"wgzk-gateway","_CMDLINE":"/usr/local/bin/wg-zk-daemon","_SELINUX_CONTEXT":"unconfined\n","_COMM":"wg-zk-daemon","__MONOTONIC_TIMESTAMP":"65793789577","_SYSTEMD_CGROUP":"/system.slice/wgzk.service","__CURSOR":"s=e6a325d7aab144b09b565d8c4be4d789;i=691b;b=803d77ddc49e4e5ea7391884acfbd14f;m=f519d8e89;t=65cb14cf0618b;x=37d224a0b8a13845","__REALTIME_TIMESTAMP":"1790766430052747","_GID":"0","SYSLOG_FACILITY":"3","_SYSTEMD_SLICE":"system.slice","MESSAGE":"[timing] side=gateway pending_id=107 token=1560696165 nonce_prefix=bb6c6dd6 result=ok wait_ct_us=1 verify_us=450 decap_us=98 peer_us=66 total_us=1671","_PID":"24636","_MACHINE_ID":"690ce7d60d764639b5ea18bbb8cfa3c2"}
{"_GID":"0","_SYSTEMD_SLICE":"system.slice","_SYSTEMD_INVOCATION_ID":"5e99273fe47f4141b5055c3ebd90e3da","_TRANSPORT":"stdout","_SELINUX_CONTEXT":"unconfined\n","SYSLOG_IDENTIFIER":"wgzk-start.sh","_MACHINE_ID":"690ce7d60d764639b5ea18bbb8cfa3c2","_EXE":"/usr/local/bin/wg-zk-daemon","_UID":"0","MESSAGE":"[timing] side=gateway pending_id=108 token=2687633768 nonce_prefix=37e63645 result=ok wait_ct_us=1 verify_us=302 decap_us=112 peer_us=59 total_us=492","__CURSOR":"s=e6a325d7aab144b09b565d8c4be4d789;i=691c;b=803d77ddc49e4e5ea7391884acfbd14f;m=f519d925e;t=65cb14cf06560;x=a9a6a0dd86433d85","_CMDLINE":"/usr/local/bin/wg-zk-daemon","_BOOT_ID":"803d77ddc49e4e5ea7391884acfbd14f","_PID":"24636","SYSLOG_FACILITY":"3","__MONOTONIC_TIMESTAMP":"65793790558","_HOSTNAME":"wgzk-gateway","_SYSTEMD_UNIT":"wgzk.service","_COMM":"wg-zk-daemon","_CAP_EFFECTIVE":"1ffffffffff","_SYSTEMD_CGROUP":"/system.slice/wgzk.service","__REALTIME_TIMESTAMP":"1790766430053728","_STREAM_ID":"e2371e64b5054a858ccb94a75ed2eb26","PRIORITY":"6"}
{"_CAP_EFFECTIVE":"1ffffffffff","_SYSTEMD_CGROUP":"/system.slice/wgzk.service","_EXE":"/usr/local/bin/wg-zk-daemon","__REALTIME_TIMESTAMP":"1790766430054594","_UID":"0","_HOSTNAME":"wgzk-gateway","MESSAGE":"[timing] side=gateway pending_id=109 token=986599676 nonce_prefix=d52d02cb result=ok wait_ct_us=1 verify_us=136 decap_us=81 peer_us=58 total_us=1272","_PID":"24636","_SYSTEMD_UNIT":"wgzk.service","_SYSTEMD_INVOCATION_ID":"5e99273fe47f4141b5055c3ebd90e3da","SYSLOG_IDENTIFIER":"wgzk-start.sh","_BOOT_ID":"803d77ddc49e4e5ea7391884acfbd14f","_GID":"0","__MONOTONIC_TIMESTAMP":"65793791424","_SELINUX_CONTEXT":"unconfined\n","PRIORITY":"6","_CMDLINE":"/usr/local/bin/wg-zk-daemon","_STREAM_ID":"e2371e64b5054a858ccb94a75ed2eb26","__CURSOR":"s=e6a325d7aab144b09b565d8c4be4d789;i=691d;b=803d77ddc49e4e5ea7391884acfbd14f;m=f519d95c0;t=65cb14cf068c2;x=72323a8758de74fa","_MACHINE_ID":"690ce7d60d764639b5ea18bbb8cfa3c2","SYSLOG_FACILITY":"3","_SYSTEMD_SLICE":"system.slice","_TRANSPORT":"stdout","_COMM":"wg-zk-daemon"}
{"_GID":"0","_COMM":"wg-zk-daemon","_PID":"24636","__REALTIME_TIMESTAMP":"1790766431283573","_HOSTNAME":"wgzk-gateway","_CAP_EFFECTIVE":"1ffffffffff","__CURSOR":"s=e6a325d7aab144b09b565d8c4be4d789;i=6921;b=803d77ddc49e4e5ea7391884acfbd14f;m=f51b05673;t=65cb14d032975;x=e91bb5215bdff750","_SYSTEMD_UNIT":"wgzk.service","_SYSTEMD_CGROUP":"/system.slice/wgzk.service","_BOOT_ID":"803d77ddc49e4e5ea7391884acfbd14f","_UID":"0","_SELINUX_CONTEXT":"unconfined\n","PRIORITY":"6","_CMDLINE":"/usr/local/bin/wg-zk-daemon","_MACHINE_ID":"690ce7d60d764639b5ea18bbb8cfa3c2","_SYSTEMD_INVOCATION_ID":"5e99273fe47f4141b5055c3ebd90e3da","_SYSTEMD_SLICE":"system.slice","__MONOTONIC_TIMESTAMP":"65795020403","_STREAM_ID":"e2371e64b5054a858ccb94a75ed2eb26","_TRANSPORT":"stdout","SYSLOG_FACILITY":"3","SYSLOG_IDENTIFIER":"wgzk-start.sh","MESSAGE":"[timing] side=gateway pending_id=110 token=1396448083 nonce_prefix=30d9d35f result=ok wait_ct_us=1 verify_us=107 decap_us=91 peer_us=74 total_us=414","_EXE":"/usr/local/bin/wg-zk-daemon"}
{"_PID":"24636","_HOSTNAME":"wgzk-gateway","_BOOT_ID":"803d77ddc49e4e5ea7391884acfbd14f","_SYSTEMD_INVOCATION_ID":"5e99273fe47f4141b5055c3ebd90e3da","_UID":"0","SYSLOG_FACILITY":"3","__CURSOR":"s=e6a325d7aab144b09b565d8c4be4d789;i=6923;b=803d77ddc49e4e5ea7391884acfbd14f;m=f51b05673;t=65cb14d032975;x=39c8ee3265e7a107","PRIORITY":"6","_SELINUX_CONTEXT":"unconfined\n","__REALTIME_TIMESTAMP":"1790766431283573","_EXE":"/usr/local/bin/wg-zk-daemon","_SYSTEMD_SLICE":"system.slice","_TRANSPORT":"stdout","SYSLOG_IDENTIFIER":"wgzk-start.sh","_GID":"0","__MONOTONIC_TIMESTAMP":"65795020403","_SYSTEMD_CGROUP":"/system.slice/wgzk.service","_SYSTEMD_UNIT":"wgzk.service","MESSAGE":"[timing] side=gateway pending_id=111 token=1558259259 nonce_prefix=e34c06a2 result=ok wait_ct_us=1 verify_us=98 decap_us=86 peer_us=60 total_us=981","_CMDLINE":"/usr/local/bin/wg-zk-daemon","_CAP_EFFECTIVE":"1ffffffffff","_COMM":"wg-zk-daemon","_MACHINE_ID":"690ce7d60d764639b5ea18bbb8cfa3c2","_STREAM_ID":"e2371e64b5054a858ccb94a75ed2eb26"}
{"__MONOTONIC_TIMESTAMP":"65795021645","__CURSOR":"s=e6a325d7aab144b09b565d8c4be4d789;i=6924;b=803d77ddc49e4e5ea7391884acfbd14f;m=f51b05b4d;t=65cb14d032e4f;x=60a37fad11e3bb87","_CAP_EFFECTIVE":"1ffffffffff","_STREAM_ID":"e2371e64b5054a858ccb94a75ed2eb26","_SYSTEMD_CGROUP":"/system.slice/wgzk.service","__REALTIME_TIMESTAMP":"1790766431284815","_SELINUX_CONTEXT":"unconfined\n","_PID":"24636","_BOOT_ID":"803d77ddc49e4e5ea7391884acfbd14f","_EXE":"/usr/local/bin/wg-zk-daemon","PRIORITY":"6","_GID":"0","_SYSTEMD_INVOCATION_ID":"5e99273fe47f4141b5055c3ebd90e3da","_COMM":"wg-zk-daemon","_TRANSPORT":"stdout","_HOSTNAME":"wgzk-gateway","_SYSTEMD_UNIT":"wgzk.service","_MACHINE_ID":"690ce7d60d764639b5ea18bbb8cfa3c2","_CMDLINE":"/usr/local/bin/wg-zk-daemon","SYSLOG_FACILITY":"3","MESSAGE":"[timing] side=gateway pending_id=112 token=2779771520 nonce_prefix=ec4432cc result=ok wait_ct_us=2 verify_us=93 decap_us=89 peer_us=62 total_us=2234","_SYSTEMD_SLICE":"system.slice","_UID":"0","SYSLOG_IDENTIFIER":"wgzk-start.sh"}
{"_SYSTEMD_SLICE":"system.slice","MESSAGE":"[timing] side=gateway pending_id=113 token=2531575405 nonce_prefix=f3758436 result=ok wait_ct_us=1 verify_us=348 decap_us=82 peer_us=113 total_us=570","_HOSTNAME":"wgzk-gateway","_TRANSPORT":"stdout","_CMDLINE":"/usr/local/bin/wg-zk-daemon","_BOOT_ID":"803d77ddc49e4e5ea7391884acfbd14f","_COMM":"wg-zk-daemon","_GID":"0","_MACHINE_ID":"690ce7d60d764639b5ea18bbb8cfa3c2","_UID":"0","__CURSOR":"s=e6a325d7aab144b09b565d8c4be4d789;i=6925;b=803d77ddc49e4e5ea7391884acfbd14f;m=f51b05fcf;t=65cb14d0332d1;x=77d5425c4f7360ad","_SYSTEMD_CGROUP":"/system.slice/wgzk.service","_SYSTEMD_UNIT":"wgzk.service","__MONOTONIC_TIMESTAMP":"65795022799","PRIORITY":"6","_STREAM_ID":"e2371e64b5054a858ccb94a75ed2eb26","__REALTIME_TIMESTAMP":"1790766431285969","SYSLOG_IDENTIFIER":"wgzk-start.sh","_SELINUX_CONTEXT":"unconfined\n","_SYSTEMD_INVOCATION_ID":"5e99273fe47f4141b5055c3ebd90e3da","_CAP_EFFECTIVE":"1ffffffffff","SYSLOG_FACILITY":"3","_PID":"24636","_EXE":"/usr/local/bin/wg-zk-daemon"}
{"_GID":"0","PRIORITY":"6","_SYSTEMD_UNIT":"wgzk.service","_SYSTEMD_INVOCATION_ID":"5e99273fe47f4141b5055c3ebd90e3da","MESSAGE":"[timing] side=gateway pending_id=114 token=2742470955 nonce_prefix=58676e5e result=ok wait_ct_us=1 verify_us=453 decap_us=102 peer_us=76 total_us=710","_PID":"24636","_BOOT_ID":"803d77ddc49e4e5ea7391884acfbd14f","_HOSTNAME":"wgzk-gateway","_EXE":"/usr/local/bin/wg-zk-daemon","_MACHINE_ID":"690ce7d60d764639b5ea18bbb8cfa3c2","__MONOTONIC_TIMESTAMP":"65796255164","__CURSOR":"s=e6a325d7aab144b09b565d8c4be4d789;i=692a;b=803d77ddc49e4e5ea7391884acfbd14f;m=f51c32dbc;t=65cb14d1600be;x=d74b68431d25a4ec","_SYSTEMD_SLICE":"system.slice","SYSLOG_IDENTIFIER":"wgzk-start.sh","_COMM":"wg-zk-daemon","_CMDLINE":"/usr/local/bin/wg-zk-daemon","_CAP_EFFECTIVE":"1ffffffffff","_UID":"0","_STREAM_ID":"e2371e64b5054a858ccb94a75ed2eb26","_SELINUX_CONTEXT":"unconfined\n","_TRANSPORT":"stdout","SYSLOG_FACILITY":"3","__REALTIME_TIMESTAMP":"1790766432518334","_SYSTEMD_CGROUP":"/system.slice/wgzk.service"}
{"_BOOT_ID":"803d77ddc49e4e5ea7391884acfbd14f","_HOSTNAME":"wgzk-gateway","_GID":"0","_TRANSPORT":"stdout","_CAP_EFFECTIVE":"1ffffffffff","_EXE":"/usr/local/bin/wg-zk-daemon","__REALTIME_TIMESTAMP":"1790766432518617","SYSLOG_IDENTIFIER":"wgzk-start.sh","_SYSTEMD_INVOCATION_ID":"5e99273fe47f4141b5055c3ebd90e3da","_MACHINE_ID":"690ce7d60d764639b5ea18bbb8cfa3c2","SYSLOG_FACILITY":"3","MESSAGE":"[timing] side=gateway pending_id=115 token=1590638913 nonce_prefix=ba331e4c result=ok wait_ct_us=1 verify_us=93 decap_us=83 peer_us=307 total_us=1430","_STREAM_ID":"e2371e64b5054a858ccb94a75ed2eb26","_SYSTEMD_UNIT":"wgzk.service","_SELINUX_CONTEXT":"unconfined\n","_UID":"0","__MONOTONIC_TIMESTAMP":"65796255447","_PID":"24636","_CMDLINE":"/usr/local/bin/wg-zk-daemon","PRIORITY":"6","_COMM":"wg-zk-daemon","_SYSTEMD_SLICE":"system.slice","_SYSTEMD_CGROUP":"/system.slice/wgzk.service","__CURSOR":"s=e6a325d7aab144b09b565d8c4be4d789;i=692b;b=803d77ddc49e4e5ea7391884acfbd14f;m=f51c32ed7;t=65cb14d1601d9;x=ee19bb0cd18ede6e"}
{"_SYSTEMD_SLICE":"system.slice","_CMDLINE":"/usr/local/bin/wg-zk-daemon","__REALTIME_TIMESTAMP":"1790766432519608","_MACHINE_ID":"690ce7d60d764639b5ea18bbb8cfa3c2","_UID":"0","SYSLOG_IDENTIFIER":"wgzk-start.sh","__MONOTONIC_TIMESTAMP":"65796256438","_SYSTEMD_UNIT":"wgzk.service","_HOSTNAME":"wgzk-gateway","_STREAM_ID":"e2371e64b5054a858ccb94a75ed2eb26","_EXE":"/usr/local/bin/wg-zk-daemon","_GID":"0","PRIORITY":"6","__CURSOR":"s=e6a325d7aab144b09b565d8c4be4d789;i=692c;b=803d77ddc49e4e5ea7391884acfbd14f;m=f51c332b6;t=65cb14d1605b8;x=5ec3d4752fdb7147","_SYSTEMD_CGROUP":"/system.slice/wgzk.service","_SYSTEMD_INVOCATION_ID":"5e99273fe47f4141b5055c3ebd90e3da","_SELINUX_CONTEXT":"unconfined\n","_CAP_EFFECTIVE":"1ffffffffff","_BOOT_ID":"803d77ddc49e4e5ea7391884acfbd14f","MESSAGE":"[timing] side=gateway pending_id=116 token=2677717156 nonce_prefix=721057c8 result=ok wait_ct_us=1 verify_us=247 decap_us=186 peer_us=111 total_us=2363","_TRANSPORT":"stdout","_COMM":"wg-zk-daemon","_PID":"24636","SYSLOG_FACILITY":"3"}
{"__REALTIME_TIMESTAMP":"1790766432520474","_STREAM_ID":"e2371e64b5054a858ccb94a75ed2eb26","_SYSTEMD_INVOCATION_ID":"5e99273fe47f4141b5055c3ebd90e3da","_SYSTEMD_SLICE":"system.slice","SYSLOG_FACILITY":"3","MESSAGE":"[timing] side=gateway pending_id=117 token=3911069709 nonce_prefix=35c8a921 result=ok wait_ct_us=1 verify_us=95 decap_us=81 peer_us=101 total_us=294","__CURSOR":"s=e6a325d7aab144b09b565d8c4be4d789;i=692d;b=803d77ddc49e4e5ea7391884acfbd14f;m=f51c33619;t=65cb14d16091a;x=1d27b1d962970ab2","_GID":"0","_SELINUX_CONTEXT":"unconfined\n","_SYSTEMD_UNIT":"wgzk.service","_CMDLINE":"/usr/local/bin/wg-zk-daemon","_PID":"24636","_CAP_EFFECTIVE":"1ffffffffff","_EXE":"/usr/local/bin/wg-zk-daemon","_COMM":"wg-zk-daemon","_SYSTEMD_CGROUP":"/system.slice/wgzk.service","__MONOTONIC_TIMESTAMP":"65796257305","PRIORITY":"6","_BOOT_ID":"803d77ddc49e4e5ea7391884acfbd14f","SYSLOG_IDENTIFIER":"wgzk-start.sh","_UID":"0","_MACHINE_ID":"690ce7d60d764639b5ea18bbb8cfa3c2","_HOSTNAME":"wgzk-gateway","_TRANSPORT":"stdout"}
{"_SYSTEMD_INVOCATION_ID":"5e99273fe47f4141b5055c3ebd90e3da","_COMM":"wg-zk-daemon","_EXE":"/usr/local/bin/wg-zk-daemon","_TRANSPORT":"stdout","_SYSTEMD_UNIT":"wgzk.service","__CURSOR":"s=e6a325d7aab144b09b565d8c4be4d789;i=6931;b=803d77ddc49e4e5ea7391884acfbd14f;m=f51d61140;t=65cb14d28e441;x=ca8870027c994a49","_HOSTNAME":"wgzk-gateway","_CAP_EFFECTIVE":"1ffffffffff","_STREAM_ID":"e2371e64b5054a858ccb94a75ed2eb26","_MACHINE_ID":"690ce7d60d764639b5ea18bbb8cfa3c2","_UID":"0","_BOOT_ID":"803d77ddc49e4e5ea7391884acfbd14f","_PID":"24636","_GID":"0","SYSLOG_FACILITY":"3","__REALTIME_TIMESTAMP":"1790766433756225","_CMDLINE":"/usr/local/bin/wg-zk-daemon","PRIORITY":"6","SYSLOG_IDENTIFIER":"wgzk-start.sh","_SYSTEMD_SLICE":"system.slice","__MONOTONIC_TIMESTAMP":"65797493056","MESSAGE":"[timing] side=gateway pending_id=118 token=2969963897 nonce_prefix=3019a6b1 result=ok wait_ct_us=1 verify_us=96 decap_us=91 peer_us=410 total_us=749","_SELINUX_CONTEXT":"unconfined\n","_SYSTEMD_CGROUP":"/system.slice/wgzk.service"}
{"SYSLOG_FACILITY":"3","_PID":"24636","__CURSOR":"s=e6a325d7aab144b09b565d8c4be4d789;i=6933;b=803d77ddc49e4e5ea7391884acfbd14f;m=f51d61361;t=65cb14d28e662;x=e9da3620d6786389","_HOSTNAME":"wgzk-gateway","_EXE":"/usr/local/bin/wg-zk-daemon","_CAP_EFFECTIVE":"1ffffffffff","__MONOTONIC_TIMESTAMP":"65797493601","_TRANSPORT":"stdout","_COMM":"wg-zk-daemon","_SYSTEMD_INVOCATION_ID":"5e99273fe47f4141b5055c3ebd90e3da","MESSAGE":"[timing] side=gateway pending_id=119 token=4029654648 nonce_prefix=4b4f492d result=ok wait_ct_us=1 verify_us=286 decap_us=314 peer_us=74 total_us=1728","_CMDLINE":"/usr/local/bin/wg-zk-daemon","_GID":"0","_MACHINE_ID":"690ce7d60d764639b5ea18bbb8cfa3c2","_SELINUX_CONTEXT":"unconfined\n","_SYSTEMD_UNIT":"wgzk.service","_SYSTEMD_SLICE":"system.slice","_SYSTEMD_CGROUP":"/system.slice/wgzk.service","__REALTIME_TIMESTAMP":"1790766433756770","_UID":"0","_BOOT_ID":"803d77ddc49e4e5ea7391884acfbd14f","PRIORITY":"6","_STREAM_ID":"e2371e64b5054a858ccb94a75ed2eb26","SYSLOG_IDENTIFIER":"wgzk-start.sh"}
{"_SYSTEMD_UNIT":"wgzk.service","_HOSTNAME":"wgzk-gateway","SYSLOG_IDENTIFIER":"wgzk-start.sh","_BOOT_ID":"803d77ddc49e4e5ea7391884acfbd14f","_MACHINE_ID":"690ce7d60d764639b5ea18bbb8cfa3c2","_COMM":"wg-zk-daemon","_SYSTEMD_INVOCATION_ID":"5e99273fe47f4141b5055c3ebd90e3da","_GID":"0","_SYSTEMD_SLICE":"system.slice","_CMDLINE":"/usr/local/bin/wg-zk-daemon","_SELINUX_CONTEXT":"unconfined\n","_TRANSPORT":"stdout","__REALTIME_TIMESTAMP":"1790766433757769","__MONOTONIC_TIMESTAMP":"65797494599","_EXE":"/usr/local/bin/wg-zk-daemon","_SYSTEMD_CGROUP":"/system.slice/wgzk.service","__CURSOR":"s=e6a325d7aab144b09b565d8c4be4d789;i=6934;b=803d77ddc49e4e5ea7391884acfbd14f;m=f51d61747;t=65cb14d28ea49;x=46c6bffcd9e1d530","_STREAM_ID":"e2371e64b5054a858ccb94a75ed2eb26","SYSLOG_FACILITY":"3","_CAP_EFFECTIVE":"1ffffffffff","PRIORITY":"6","_UID":"0","MESSAGE":"[timing] side=gateway pending_id=120 token=2230996703 nonce_prefix=7bb05499 result=ok wait_ct_us=1 verify_us=93 decap_us=133 peer_us=58 total_us=2533","_PID":"24636"}
{"_SYSTEMD_UNIT":"wgzk.service","_GID":"0","_EXE":"/usr/local/bin/wg-zk-daemon","_CMDLINE":"/usr/local/bin/wg-zk-daemon","PRIORITY":"6","__CURSOR":"s=e6a325d7aab144b09b565d8c4be4d789;i=6935;b=803d77ddc49e4e5ea7391884acfbd14f;m=f51d6193e;t=65cb14d28ec40;x=2a1409b38d83ee99","_COMM":"wg-zk-daemon","_BOOT_ID":"803d77ddc49e4e5ea7391884acfbd14f","_UID":"0","MESSAGE":"[timing] side=gateway pending_id=121 token=1886703593 nonce_prefix=34d97448 result=ok wait_ct_us=1 verify_us=91 decap_us=262 peer_us=127 total_us=3224","__REALTIME_TIMESTAMP":"1790766433758272","_STREAM_ID":"e2371e64b5054a858ccb94a75ed2eb26","__MONOTONIC_TIMESTAMP":"65797495102","_SYSTEMD_SLICE":"system.slice","_MACHINE_ID":"690ce7d60d764639b5ea18bbb8cfa3c2","_CAP_EFFECTIVE":"1ffffffffff","_PID":"24636","SYSLOG_FACILITY":"3","_TRANSPORT":"stdout","_SELINUX_CONTEXT":"unconfined\n","_SYSTEMD_INVOCATION_ID":"5e99273fe47f4141b5055c3ebd90e3da","SYSLOG_IDENTIFIER":"wgzk-start.sh","_HOSTNAME":"wgzk-gateway","_SYSTEMD_CGROUP":"/system.slice/wgzk.service"}
[exit 0]

$ [client] journalctl -u wgzk-m7@wgc0.service -o json --no-pager --after-cursor='s=a04ba51497c94fceb15b4fa2d2c14874;i=3e14;b=dfcb8dac886d4627bbdfedf02e3e59de;m=2a454b3b;t=65cb14ab895af;x=bced0baa2d8b461f' | grep -F '[timing]' || true
{"_GID":"0","MESSAGE":"[timing] side=client token=328573901 nonce_prefix=65851aa9 result=ok zk_us=48 encap_us=82 tls_us=1917 write_us=6 psk_us=45 tail_us=1 total_us=2181","_CAP_EFFECTIVE":"1ffffffffff","_HOSTNAME":"wgzk-client","_STREAM_ID":"ca67ef8fb3da45bf9cdc0de036bc795f","_SYSTEMD_INVOCATION_ID":"bc37bc09422147a88acfc420c75e5786","_SYSTEMD_CGROUP":"/system.slice/system-wgzk\\x2dm7.slice/wgzk-m7@wgc0.service","_CMDLINE":"/usr/local/bin/wg-zk-daemon","__CURSOR":"s=a04ba51497c94fceb15b4fa2d2c14874;i=3e1e;b=dfcb8dac886d4627bbdfedf02e3e59de;m=2a930dcb;t=65cb14b06583f;x=267908c71243c54b","_MACHINE_ID":"6334201a93644f82a11c836f3c84a03f","__REALTIME_TIMESTAMP":"1790766397937727","_SELINUX_CONTEXT":"unconfined\n","_TRANSPORT":"stdout","_PID":"4760","_SYSTEMD_SLICE":"system-wgzk\\x2dm7.slice","_UID":"0","SYSLOG_FACILITY":"3","_BOOT_ID":"dfcb8dac886d4627bbdfedf02e3e59de","_EXE":"/usr/local/bin/wg-zk-daemon","_SYSTEMD_UNIT":"wgzk-m7@wgc0.service","_COMM":"wg-zk-daemon","SYSLOG_IDENTIFIER":"env","PRIORITY":"6","__MONOTONIC_TIMESTAMP":"714280395"}
{"__MONOTONIC_TIMESTAMP":"715518586","_SYSTEMD_CGROUP":"/system.slice/system-wgzk\\x2dm7.slice/wgzk-m7@wgc0.service","_STREAM_ID":"ca67ef8fb3da45bf9cdc0de036bc795f","__CURSOR":"s=a04ba51497c94fceb15b4fa2d2c14874;i=3e32;b=dfcb8dac886d4627bbdfedf02e3e59de;m=2aa5f27a;t=65cb14b193cef;x=7ed334f2079fc2ca","_UID":"0","_CMDLINE":"/usr/local/bin/wg-zk-daemon","__REALTIME_TIMESTAMP":"1790766399175919","_HOSTNAME":"wgzk-client","SYSLOG_IDENTIFIER":"env","_CAP_EFFECTIVE":"1ffffffffff","_EXE":"/usr/local/bin/wg-zk-daemon","_SYSTEMD_UNIT":"wgzk-m7@wgc0.service","_BOOT_ID":"dfcb8dac886d4627bbdfedf02e3e59de","MESSAGE":"[timing] side=client token=3703288615 nonce_prefix=99515d66 result=ok zk_us=47 encap_us=74 tls_us=2739 write_us=13 psk_us=22 tail_us=1 total_us=3420","_PID":"4760","PRIORITY":"6","SYSLOG_FACILITY":"3","_TRANSPORT":"stdout","_COMM":"wg-zk-daemon","_SELINUX_CONTEXT":"unconfined\n","_SYSTEMD_INVOCATION_ID":"bc37bc09422147a88acfc420c75e5786","_SYSTEMD_SLICE":"system-wgzk\\x2dm7.slice","_MACHINE_ID":"6334201a93644f82a11c836f3c84a03f","_GID":"0"}
{"MESSAGE":"[timing] side=client token=4224403707 nonce_prefix=b46d4449 result=ok zk_us=139 encap_us=73 tls_us=2262 write_us=87 psk_us=567 tail_us=1 total_us=3257","_PID":"4760","__CURSOR":"s=a04ba51497c94fceb15b4fa2d2c14874;i=3e43;b=dfcb8dac886d4627bbdfedf02e3e59de;m=2ab8f403;t=65cb14b2c3e77;x=429176e1091d4139","SYSLOG_IDENTIFIER":"env","_BOOT_ID":"dfcb8dac886d4627bbdfedf02e3e59de","SYSLOG_FACILITY":"3","_CAP_EFFECTIVE":"1ffffffffff","_HOSTNAME":"wgzk-client","PRIORITY":"6","_SELINUX_CONTEXT":"unconfined\n","_UID":"0","__REALTIME_TIMESTAMP":"1790766400421495","_SYSTEMD_INVOCATION_ID":"bc37bc09422147a88acfc420c75e5786","_SYSTEMD_UNIT":"wgzk-m7@wgc0.service","_TRANSPORT":"stdout","_GID":"0","_MACHINE_ID":"6334201a93644f82a11c836f3c84a03f","__MONOTONIC_TIMESTAMP":"716764163","_COMM":"wg-zk-daemon","_SYSTEMD_CGROUP":"/system.slice/system-wgzk\\x2dm7.slice/wgzk-m7@wgc0.service","_CMDLINE":"/usr/local/bin/wg-zk-daemon","_EXE":"/usr/local/bin/wg-zk-daemon","_SYSTEMD_SLICE":"system-wgzk\\x2dm7.slice","_STREAM_ID":"ca67ef8fb3da45bf9cdc0de036bc795f"}
{"_EXE":"/usr/local/bin/wg-zk-daemon","_CAP_EFFECTIVE":"1ffffffffff","_STREAM_ID":"ca67ef8fb3da45bf9cdc0de036bc795f","_COMM":"wg-zk-daemon","__CURSOR":"s=a04ba51497c94fceb15b4fa2d2c14874;i=3e51;b=dfcb8dac886d4627bbdfedf02e3e59de;m=2acbc697;t=65cb14b3f110b;x=7c4c8a0637140f90","__REALTIME_TIMESTAMP":"1790766401655051","_PID":"4760","_GID":"0","_UID":"0","_SYSTEMD_SLICE":"system-wgzk\\x2dm7.slice","MESSAGE":"[timing] side=client token=173642410 nonce_prefix=e1eb93df result=ok zk_us=47 encap_us=81 tls_us=2059 write_us=6 psk_us=45 tail_us=1 total_us=2307","_SELINUX_CONTEXT":"unconfined\n","_BOOT_ID":"dfcb8dac886d4627bbdfedf02e3e59de","_CMDLINE":"/usr/local/bin/wg-zk-daemon","_HOSTNAME":"wgzk-client","_SYSTEMD_INVOCATION_ID":"bc37bc09422147a88acfc420c75e5786","_SYSTEMD_UNIT":"wgzk-m7@wgc0.service","SYSLOG_IDENTIFIER":"env","PRIORITY":"6","_MACHINE_ID":"6334201a93644f82a11c836f3c84a03f","_SYSTEMD_CGROUP":"/system.slice/system-wgzk\\x2dm7.slice/wgzk-m7@wgc0.service","SYSLOG_FACILITY":"3","_TRANSPORT":"stdout","__MONOTONIC_TIMESTAMP":"717997719"}
{"_SYSTEMD_UNIT":"wgzk-m7@wgc0.service","_GID":"0","__REALTIME_TIMESTAMP":"1790766402888860","_SYSTEMD_CGROUP":"/system.slice/system-wgzk\\x2dm7.slice/wgzk-m7@wgc0.service","SYSLOG_FACILITY":"3","PRIORITY":"6","__CURSOR":"s=a04ba51497c94fceb15b4fa2d2c14874;i=3e62;b=dfcb8dac886d4627bbdfedf02e3e59de;m=2ade9a27;t=65cb14b51e49c;x=8902a45efc303200","_UID":"0","_CAP_EFFECTIVE":"1ffffffffff","_EXE":"/usr/local/bin/wg-zk-daemon","_SYSTEMD_INVOCATION_ID":"bc37bc09422147a88acfc420c75e5786","SYSLOG_IDENTIFIER":"env","_PID":"4760","MESSAGE":"[timing] side=client token=3582166692 nonce_prefix=f11d6274 result=ok zk_us=47 encap_us=74 tls_us=2609 write_us=8 psk_us=31 tail_us=1 total_us=2816","_COMM":"wg-zk-daemon","_STREAM_ID":"ca67ef8fb3da45bf9cdc0de036bc795f","_SELINUX_CONTEXT":"unconfined\n","_MACHINE_ID":"6334201a93644f82a11c836f3c84a03f","__MONOTONIC_TIMESTAMP":"719231527","_BOOT_ID":"dfcb8dac886d4627bbdfedf02e3e59de","_CMDLINE":"/usr/local/bin/wg-zk-daemon","_SYSTEMD_SLICE":"system-wgzk\\x2dm7.slice","_HOSTNAME":"wgzk-client","_TRANSPORT":"stdout"}
{"_SYSTEMD_UNIT":"wgzk-m7@wgc0.service","_TRANSPORT":"stdout","_CMDLINE":"/usr/local/bin/wg-zk-daemon","_SELINUX_CONTEXT":"unconfined\n","_MACHINE_ID":"6334201a93644f82a11c836f3c84a03f","_GID":"0","SYSLOG_FACILITY":"3","__REALTIME_TIMESTAMP":"1790766404121409","_COMM":"wg-zk-daemon","_SYSTEMD_SLICE":"system-wgzk\\x2dm7.slice","_BOOT_ID":"dfcb8dac886d4627bbdfedf02e3e59de","__MONOTONIC_TIMESTAMP":"720464077","PRIORITY":"6","_SYSTEMD_CGROUP":"/system.slice/system-wgzk\\x2dm7.slice/wgzk-m7@wgc0.service","_HOSTNAME":"wgzk-client","MESSAGE":"[timing] side=client token=270913734 nonce_prefix=479a2c29 result=ok zk_us=47 encap_us=74 tls_us=2626 write_us=9 psk_us=62 tail_us=1 total_us=2885","__CURSOR":"s=a04ba51497c94fceb15b4fa2d2c14874;i=3e72;b=dfcb8dac886d4627bbdfedf02e3e59de;m=2af168cd;t=65cb14b64b341;x=bc36cf32beb3e7e6","_PID":"4760","_CAP_EFFECTIVE":"1ffffffffff","_STREAM_ID":"ca67ef8fb3da45bf9cdc0de036bc795f","_UID":"0","_EXE":"/usr/local/bin/wg-zk-daemon","SYSLOG_IDENTIFIER":"env","_SYSTEMD_INVOCATION_ID":"bc37bc09422147a88acfc420c75e5786"}
{"MESSAGE":"[timing] side=client token=672883473 nonce_prefix=2a49e88c result=ok zk_us=47 encap_us=75 tls_us=2549 write_us=60 psk_us=742 tail_us=1 total_us=3520","_EXE":"/usr/local/bin/wg-zk-daemon","_SYSTEMD_CGROUP":"/system.slice/system-wgzk\\x2dm7.slice/wgzk-m7@wgc0.service","__CURSOR":"s=a04ba51497c94fceb15b4fa2d2c14874;i=3e83;b=dfcb8dac886d4627bbdfedf02e3e59de;m=2b044012;t=65cb14b778a86;x=ccb4bf87767b1903","_SELINUX_CONTEXT":"unconfined\n","_PID":"4760","SYSLOG_FACILITY":"3","_TRANSPORT":"stdout","_UID":"0","_SYSTEMD_INVOCATION_ID":"bc37bc09422147a88acfc420c75e5786","SYSLOG_IDENTIFIER":"env","_GID":"0","_MACHINE_ID":"6334201a93644f82a11c836f3c84a03f","_COMM":"wg-zk-daemon","_SYSTEMD_SLICE":"system-wgzk\\x2dm7.slice","__MONOTONIC_TIMESTAMP":"721698834","_CAP_EFFECTIVE":"1ffffffffff","_BOOT_ID":"dfcb8dac886d4627bbdfedf02e3e59de","_SYSTEMD_UNIT":"wgzk-m7@wgc0.service","__REALTIME_TIMESTAMP":"1790766405356166","PRIORITY":"6","_CMDLINE":"/usr/local/bin/wg-zk-daemon","_STREAM_ID":"ca67ef8fb3da45bf9cdc0de036bc795f","_HOSTNAME":"wgzk-client"}
{"__MONOTONIC_TIMESTAMP":"722929943","_SELINUX_CONTEXT":"unconfined\n","_CAP_EFFECTIVE":"1ffffffffff","_UID":"0","_SYSTEMD_UNIT":"wgzk-m7@wgc0.service","__REALTIME_TIMESTAMP":"1790766406587275","PRIORITY":"6","_CMDLINE":"/usr/local/bin/wg-zk-daemon","__CURSOR":"s=a04ba51497c94fceb15b4fa2d2c14874;i=3e92;b=dfcb8dac886d4627bbdfedf02e3e59de;m=2b170917;t=65cb14b8a538b;x=3d6c85014426213c","_MACHINE_ID":"6334201a93644f82a11c836f3c84a03f","_COMM":"wg-zk-daemon","SYSLOG_IDENTIFIER":"env","_SYSTEMD_INVOCATION_ID":"bc37bc09422147a88acfc420c75e5786","_HOSTNAME":"wgzk-client","SYSLOG_FACILITY":"3","_BOOT_ID":"dfcb8dac886d4627bbdfedf02e3e59de","_SYSTEMD_SLICE":"system-wgzk\\x2dm7.slice","_STREAM_ID":"ca67ef8fb3da45bf9cdc0de036bc795f","_EXE":"/usr/local/bin/wg-zk-daemon","_SYSTEMD_CGROUP":"/system.slice/system-wgzk\\x2dm7.slice/wgzk-m7@wgc0.service","MESSAGE":"[timing] side=client token=2547419686 nonce_prefix=bcb16db4 result=ok zk_us=47 encap_us=75 tls_us=2770 write_us=12 psk_us=27 tail_us=1 total_us=2983","_GID":"0","_PID":"4760","_TRANSPORT":"stdout"}
{"_SYSTEMD_UNIT":"wgzk-m7@wgc0.service","_GID":"0","MESSAGE":"[timing] side=client token=1119152679 nonce_prefix=711ba9b0 result=ok zk_us=47 encap_us=76 tls_us=2278 write_us=6 psk_us=26 tail_us=1 total_us=2521","__REALTIME_TIMESTAMP":"1790766407829587","_SYSTEMD_SLICE":"system-wgzk\\x2dm7.slice","SYSLOG_IDENTIFIER":"env","_BOOT_ID":"dfcb8dac886d4627bbdfedf02e3e59de","_STREAM_ID":"ca67ef8fb3da45bf9cdc0de036bc795f","_MACHINE_ID":"6334201a93644f82a11c836f3c84a03f","_PID":"4760","_CMDLINE":"/usr/local/bin/wg-zk-daemon","_UID":"0","_SYSTEMD_INVOCATION_ID":"bc37bc09422147a88acfc420c75e5786","_CAP_EFFECTIVE":"1ffffffffff","_HOSTNAME":"wgzk-client","_EXE":"/usr/local/bin/wg-zk-daemon","SYSLOG_FACILITY":"3","_COMM":"wg-zk-daemon","PRIORITY":"6","_SELINUX_CONTEXT":"unconfined\n","_TRANSPORT":"stdout","__MONOTONIC_TIMESTAMP":"724172254","_SYSTEMD_CGROUP":"/system.slice/system-wgzk\\x2dm7.slice/wgzk-m7@wgc0.service","__CURSOR":"s=a04ba51497c94fceb15b4fa2d2c14874;i=3ea1;b=dfcb8dac886d4627bbdfedf02e3e59de;m=2b29fdde;t=65cb14b9d4853;x=93b2d2b36e4038b"}
{"__MONOTONIC_TIMESTAMP":"725418417","_PID":"4760","_EXE":"/usr/local/bin/wg-zk-daemon","_SYSTEMD_UNIT":"wgzk-m7@wgc0.service","_TRANSPORT":"stdout","_MACHINE_ID":"6334201a93644f82a11c836f3c84a03f","_SELINUX_CONTEXT":"unconfined\n","__CURSOR":"s=a04ba51497c94fceb15b4fa2d2c14874;i=3eb4;b=dfcb8dac886d4627bbdfedf02e3e59de;m=2b3d01b1;t=65cb14bb04c25;x=5d04d60cd0c0eca7","_GID":"0","MESSAGE":"[timing] side=client token=2413609514 nonce_prefix=bed1eef7 result=ok zk_us=47 encap_us=131 tls_us=2835 write_us=8 psk_us=122 tail_us=1 total_us=3206","_COMM":"wg-zk-daemon","_SYSTEMD_CGROUP":"/system.slice/system-wgzk\\x2dm7.slice/wgzk-m7@wgc0.service","_UID":"0","_CAP_EFFECTIVE":"1ffffffffff","_BOOT_ID":"dfcb8dac886d4627bbdfedf02e3e59de","PRIORITY":"6","_HOSTNAME":"wgzk-client","_STREAM_ID":"ca67ef8fb3da45bf9cdc0de036bc795f","SYSLOG_FACILITY":"3","_CMDLINE":"/usr/local/bin/wg-zk-daemon","__REALTIME_TIMESTAMP":"1790766409075749","SYSLOG_IDENTIFIER":"env","_SYSTEMD_INVOCATION_ID":"bc37bc09422147a88acfc420c75e5786","_SYSTEMD_SLICE":"system-wgzk\\x2dm7.slice"}
{"_SYSTEMD_INVOCATION_ID":"bc37bc09422147a88acfc420c75e5786","SYSLOG_IDENTIFIER":"env","_HOSTNAME":"wgzk-client","_PID":"4760","_BOOT_ID":"dfcb8dac886d4627bbdfedf02e3e59de","_SYSTEMD_SLICE":"system-wgzk\\x2dm7.slice","__CURSOR":"s=a04ba51497c94fceb15b4fa2d2c14874;i=3ec2;b=dfcb8dac886d4627bbdfedf02e3e59de;m=2b4fcb71;t=65cb14bc315e5;x=f02b2d82d942b450","_SYSTEMD_CGROUP":"/system.slice/system-wgzk\\x2dm7.slice/wgzk-m7@wgc0.service","_UID":"0","_SELINUX_CONTEXT":"unconfined\n","MESSAGE":"[timing] side=client token=2064441090 nonce_prefix=5e49b81d result=ok zk_us=48 encap_us=75 tls_us=2678 write_us=25 psk_us=41 tail_us=1 total_us=2913","_COMM":"wg-zk-daemon","_CMDLINE":"/usr/local/bin/wg-zk-daemon","__MONOTONIC_TIMESTAMP":"726649713","_EXE":"/usr/local/bin/wg-zk-daemon","__REALTIME_TIMESTAMP":"1790766410307045","_MACHINE_ID":"6334201a93644f82a11c836f3c84a03f","_GID":"0","_CAP_EFFECTIVE":"1ffffffffff","PRIORITY":"6","_SYSTEMD_UNIT":"wgzk-m7@wgc0.service","_TRANSPORT":"stdout","SYSLOG_FACILITY":"3","_STREAM_ID":"ca67ef8fb3da45bf9cdc0de036bc795f"}
{"_CAP_EFFECTIVE":"1ffffffffff","SYSLOG_IDENTIFIER":"env","_SYSTEMD_CGROUP":"/system.slice/system-wgzk\\x2dm7.slice/wgzk-m7@wgc0.service","__REALTIME_TIMESTAMP":"1790766411543656","_COMM":"wg-zk-daemon","_HOSTNAME":"wgzk-client","_TRANSPORT":"stdout","_BOOT_ID":"dfcb8dac886d4627bbdfedf02e3e59de","MESSAGE":"[timing] side=client token=1713736919 nonce_prefix=dbe62981 result=ok zk_us=48 encap_us=76 tls_us=2327 write_us=6 psk_us=920 tail_us=1 total_us=3456","_SYSTEMD_UNIT":"wgzk-m7@wgc0.service","__MONOTONIC_TIMESTAMP":"727886324","_EXE":"/usr/local/bin/wg-zk-daemon","_MACHINE_ID":"6334201a93644f82a11c836f3c84a03f","SYSLOG_FACILITY":"3","_SYSTEMD_SLICE":"system-wgzk\\x2dm7.slice","_SELINUX_CONTEXT":"unconfined\n","PRIORITY":"6","_UID":"0","__CURSOR":"s=a04ba51497c94fceb15b4fa2d2c14874;i=3ed2;b=dfcb8dac886d4627bbdfedf02e3e59de;m=2b62a9f4;t=65cb14bd5f468;x=a95f51eac2e4b255","_PID":"4760","_STREAM_ID":"ca67ef8fb3da45bf9cdc0de036bc795f","_GID":"0","_CMDLINE":"/usr/local/bin/wg-zk-daemon","_SYSTEMD_INVOCATION_ID":"bc37bc09422147a88acfc420c75e5786"}
{"_SYSTEMD_UNIT":"wgzk-m7@wgc0.service","__MONOTONIC_TIMESTAMP":"729124345","_GID":"0","__REALTIME_TIMESTAMP":"1790766412781677","__CURSOR":"s=a04ba51497c94fceb15b4fa2d2c14874;i=3ee2;b=dfcb8dac886d4627bbdfedf02e3e59de;m=2b758df9;t=65cb14be8d86d;x=9f375e9377d41f77","_CMDLINE":"/usr/local/bin/wg-zk-daemon","_SYSTEMD_INVOCATION_ID":"bc37bc09422147a88acfc420c75e5786","MESSAGE":"[timing] side=client token=2930983412 nonce_prefix=e94f0656 result=ok zk_us=113 encap_us=74 tls_us=2509 write_us=39 psk_us=26 tail_us=1 total_us=2826","_UID":"0","PRIORITY":"6","_STREAM_ID":"ca67ef8fb3da45bf9cdc0de036bc795f","_SYSTEMD_CGROUP":"/system.slice/system-wgzk\\x2dm7.slice/wgzk-m7@wgc0.service","_TRANSPORT":"stdout","_BOOT_ID":"dfcb8dac886d4627bbdfedf02e3e59de","_CAP_EFFECTIVE":"1ffffffffff","_EXE":"/usr/local/bin/wg-zk-daemon","_SELINUX_CONTEXT":"unconfined\n","_HOSTNAME":"wgzk-client","_COMM":"wg-zk-daemon","_MACHINE_ID":"6334201a93644f82a11c836f3c84a03f","_PID":"4760","_SYSTEMD_SLICE":"system-wgzk\\x2dm7.slice","SYSLOG_FACILITY":"3","SYSLOG_IDENTIFIER":"env"}
{"_SYSTEMD_UNIT":"wgzk-m7@wgc0.service","_SYSTEMD_INVOCATION_ID":"bc37bc09422147a88acfc420c75e5786","_BOOT_ID":"dfcb8dac886d4627bbdfedf02e3e59de","SYSLOG_IDENTIFIER":"env","__MONOTONIC_TIMESTAMP":"730351631","_COMM":"wg-zk-daemon","__REALTIME_TIMESTAMP":"1790766414008963","_UID":"0","_SYSTEMD_SLICE":"system-wgzk\\x2dm7.slice","_CAP_EFFECTIVE":"1ffffffffff","_EXE":"/usr/local/bin/wg-zk-daemon","__CURSOR":"s=a04ba51497c94fceb15b4fa2d2c14874;i=3ef3;b=dfcb8dac886d4627bbdfedf02e3e59de;m=2b88480f;t=65cb14bfb9283;x=e830a80a6869c873","_SYSTEMD_CGROUP":"/system.slice/system-wgzk\\x2dm7.slice/wgzk-m7@wgc0.service","SYSLOG_FACILITY":"3","PRIORITY":"6","_CMDLINE":"/usr/local/bin/wg-zk-daemon","MESSAGE":"[timing] side=client token=504344167 nonce_prefix=6729bd59 result=ok zk_us=46 encap_us=73 tls_us=3184 write_us=7 psk_us=19 tail_us=1 total_us=3481","_SELINUX_CONTEXT":"unconfined\n","_STREAM_ID":"ca67ef8fb3da45bf9cdc0de036bc795f","_TRANSPORT":"stdout","_MACHINE_ID":"6334201a93644f82a11c836f3c84a03f","_PID":"4760","_GID":"0","_HOSTNAME":"wgzk-client"}
{"__REALTIME_TIMESTAMP":"1790766415239324","_CMDLINE":"/usr/local/bin/wg-zk-daemon","__MONOTONIC_TIMESTAMP":"731581992","_STREAM_ID":"ca67ef8fb3da45bf9cdc0de036bc795f","SYSLOG_IDENTIFIER":"env","_SYSTEMD_CGROUP":"/system.slice/system-wgzk\\x2dm7.slice/wgzk-m7@wgc0.service","_SYSTEMD_UNIT":"wgzk-m7@wgc0.service","_SELINUX_CONTEXT":"unconfined\n","_BOOT_ID":"dfcb8dac886d4627bbdfedf02e3e59de","_SYSTEMD_SLICE":"system-wgzk\\x2dm7.slice","_GID":"0","_UID":"0","_SYSTEMD_INVOCATION_ID":"bc37bc09422147a88acfc420c75e5786","__CURSOR":"s=a04ba51497c94fceb15b4fa2d2c14874;i=3f01;b=dfcb8dac886d4627bbdfedf02e3e59de;m=2b9b0e28;t=65cb14c0e589c;x=eb2486e32be10bd3","_MACHINE_ID":"6334201a93644f82a11c836f3c84a03f","PRIORITY":"6","_COMM":"wg-zk-daemon","_PID":"4760","MESSAGE":"[timing] side=client token=380268680 nonce_prefix=4cdfccf8 result=ok zk_us=47 encap_us=80 tls_us=1899 write_us=8 psk_us=58 tail_us=1 total_us=2170","_TRANSPORT":"stdout","_HOSTNAME":"wgzk-client","SYSLOG_FACILITY":"3","_CAP_EFFECTIVE":"1ffffffffff","_EXE":"/usr/local/bin/wg-zk-daemon"}
{"_CAP_EFFECTIVE":"1ffffffffff","_MACHINE_ID":"6334201a93644f82a11c836f3c84a03f","_SYSTEMD_INVOCATION_ID":"bc37bc09422147a88acfc420c75e5786","__MONOTONIC_TIMESTAMP":"732813074","_GID":"0","_HOSTNAME":"wgzk-client","PRIORITY":"6","_BOOT_ID":"dfcb8dac886d4627bbdfedf02e3e59de","_SYSTEMD_UNIT":"wgzk-m7@wgc0.service","SYSLOG_FACILITY":"3","SYSLOG_IDENTIFIER":"env","_COMM":"wg-zk-daemon","_PID":"4760","_STREAM_ID":"ca67ef8fb3da45bf9cdc0de036bc795f","_UID":"0","_SYSTEMD_SLICE":"system-wgzk\\x2dm7.slice","_TRANSPORT":"stdout","__REALTIME_TIMESTAMP":"1790766416470406","_CMDLINE":"/usr/local/bin/wg-zk-daemon","_SELINUX_CONTEXT":"unconfined\n","MESSAGE":"[timing] side=client token=2950343322 nonce_prefix=35b5d528 result=ok zk_us=47 encap_us=74 tls_us=2199 write_us=6 psk_us=71 tail_us=1 total_us=2454","__CURSOR":"s=a04ba51497c94fceb15b4fa2d2c14874;i=3f11;b=dfcb8dac886d4627bbdfedf02e3e59de;m=2badd712;t=65cb14c212186;x=f23ef471c40d103b","_SYSTEMD_CGROUP":"/system.slice/system-wgzk\\x2dm7.slice/wgzk-m7@wgc0.service","_EXE":"/usr/local/bin/wg-zk-daemon"}
{"_TRANSPORT":"stdout","_SYSTEMD_SLICE":"system-wgzk\\x2dm7.slice","_STREAM_ID":"ca67ef8fb3da45bf9cdc0de036bc795f","PRIORITY":"6","_CMDLINE":"/usr/local/bin/wg-zk-daemon","_SYSTEMD_UNIT":"wgzk-m7@wgc0.service","_SYSTEMD_INVOCATION_ID":"bc37bc09422147a88acfc420c75e5786","_UID":"0","SYSLOG_IDENTIFIER":"env","_BOOT_ID":"dfcb8dac886d4627bbdfedf02e3e59de","_CAP_EFFECTIVE":"1ffffffffff","_COMM":"wg-zk-daemon","_GID":"0","_EXE":"/usr/local/bin/wg-zk-daemon","_SYSTEMD_CGROUP":"/system.slice/system-wgzk\\x2dm7.slice/wgzk-m7@wgc0.service","__REALTIME_TIMESTAMP":"1790766417706672","_MACHINE_ID":"6334201a93644f82a11c836f3c84a03f","__CURSOR":"s=a04ba51497c94fceb15b4fa2d2c14874;i=3f21;b=dfcb8dac886d4627bbdfedf02e3e59de;m=2bc0b43c;t=65cb14c33feb0;x=54ade956bd91a97b","SYSLOG_FACILITY":"3","MESSAGE":"[timing] side=client token=4169400565 nonce_prefix=0acf0394 result=ok zk_us=48 encap_us=74 tls_us=2424 write_us=9 psk_us=46 tail_us=1 total_us=2663","_PID":"4760","__MONOTONIC_TIMESTAMP":"734049340","_SELINUX_CONTEXT":"unconfined\n","_HOSTNAME":"wgzk-client"}
{"PRIORITY":"6","_CMDLINE":"/usr/local/bin/wg-zk-daemon","_UID":"0","_EXE":"/usr/local/bin/wg-zk-daemon","_TRANSPORT":"stdout","_MACHINE_ID":"6334201a93644f82a11c836f3c84a03f","__CURSOR":"s=a04ba51497c94fceb15b4fa2d2c14874;i=3f32;b=dfcb8dac886d4627bbdfedf02e3e59de;m=2bd3a30b;t=65cb14c46ed7f;x=c1c1e8c6b57762f9","_SYSTEMD_UNIT":"wgzk-m7@wgc0.service","__MONOTONIC_TIMESTAMP":"735290123","MESSAGE":"[timing] side=client token=799145546 nonce_prefix=bb5d7be7 result=ok zk_us=47 encap_us=75 tls_us=2232 write_us=27 psk_us=117 tail_us=1 total_us=2604","_HOSTNAME":"wgzk-client","__REALTIME_TIMESTAMP":"1790766418947455","_SYSTEMD_CGROUP":"/system.slice/system-wgzk\\x2dm7.slice/wgzk-m7@wgc0.service","_SELINUX_CONTEXT":"unconfined\n","_SYSTEMD_SLICE":"system-wgzk\\x2dm7.slice","_STREAM_ID":"ca67ef8fb3da45bf9cdc0de036bc795f","_CAP_EFFECTIVE":"1ffffffffff","_SYSTEMD_INVOCATION_ID":"bc37bc09422147a88acfc420c75e5786","_COMM":"wg-zk-daemon","_PID":"4760","_BOOT_ID":"dfcb8dac886d4627bbdfedf02e3e59de","SYSLOG_IDENTIFIER":"env","_GID":"0","SYSLOG_FACILITY":"3"}
{"_UID":"0","_HOSTNAME":"wgzk-client","SYSLOG_IDENTIFIER":"env","_STREAM_ID":"ca67ef8fb3da45bf9cdc0de036bc795f","_SYSTEMD_UNIT":"wgzk-m7@wgc0.service","__MONOTONIC_TIMESTAMP":"736516580","_SELINUX_CONTEXT":"unconfined\n","_SYSTEMD_SLICE":"system-wgzk\\x2dm7.slice","__REALTIME_TIMESTAMP":"1790766420173912","_PID":"4760","_GID":"0","_COMM":"wg-zk-daemon","_SYSTEMD_CGROUP":"/system.slice/system-wgzk\\x2dm7.slice/wgzk-m7@wgc0.service","_SYSTEMD_INVOCATION_ID":"bc37bc09422147a88acfc420c75e5786","_MACHINE_ID":"6334201a93644f82a11c836f3c84a03f","MESSAGE":"[timing] side=client token=2695255536 nonce_prefix=0a28ffa0 result=ok zk_us=48 encap_us=75 tls_us=2642 write_us=29 psk_us=41 tail_us=1 total_us=2901","_CMDLINE":"/usr/local/bin/wg-zk-daemon","SYSLOG_FACILITY":"3","__CURSOR":"s=a04ba51497c94fceb15b4fa2d2c14874;i=3f42;b=dfcb8dac886d4627bbdfedf02e3e59de;m=2be659e4;t=65cb14c59a458;x=dc1c9b6ba0cfdd98","_BOOT_ID":"dfcb8dac886d4627bbdfedf02e3e59de","PRIORITY":"6","_EXE":"/usr/local/bin/wg-zk-daemon","_CAP_EFFECTIVE":"1ffffffffff","_TRANSPORT":"stdout"}
{"_TRANSPORT":"stdout","SYSLOG_FACILITY":"3","_CAP_EFFECTIVE":"1ffffffffff","_HOSTNAME":"wgzk-client","SYSLOG_IDENTIFIER":"env","MESSAGE":"[timing] side=client token=1552823062 nonce_prefix=ed4c43ef result=ok zk_us=47 encap_us=79 tls_us=2045 write_us=35 psk_us=36 tail_us=1 total_us=2298","_COMM":"wg-zk-daemon","_STREAM_ID":"ca67ef8fb3da45bf9cdc0de036bc795f","_UID":"0","_SYSTEMD_CGROUP":"/system.slice/system-wgzk\\x2dm7.slice/wgzk-m7@wgc0.service","__MONOTONIC_TIMESTAMP":"737749706","_PID":"4760","_SYSTEMD_SLICE":"system-wgzk\\x2dm7.slice","_BOOT_ID":"dfcb8dac886d4627bbdfedf02e3e59de","_CMDLINE":"/usr/local/bin/wg-zk-daemon","_SYSTEMD_UNIT":"wgzk-m7@wgc0.service","_SYSTEMD_INVOCATION_ID":"bc37bc09422147a88acfc420c75e5786","_GID":"0","_MACHINE_ID":"6334201a93644f82a11c836f3c84a03f","_SELINUX_CONTEXT":"unconfined\n","PRIORITY":"6","__REALTIME_TIMESTAMP":"1790766421407038","__CURSOR":"s=a04ba51497c94fceb15b4fa2d2c14874;i=3f51;b=dfcb8dac886d4627bbdfedf02e3e59de;m=2bf92aca;t=65cb14c6c753e;x=a1dfb489da9c2d96","_EXE":"/usr/local/bin/wg-zk-daemon"}
{"PRIORITY":"6","_CMDLINE":"/usr/local/bin/wg-zk-daemon","_GID":"0","_EXE":"/usr/local/bin/wg-zk-daemon","MESSAGE":"[timing] side=client token=4158209035 nonce_prefix=979ec4ff result=ok zk_us=46 encap_us=73 tls_us=1687 write_us=8 psk_us=47 tail_us=1 total_us=2230","_TRANSPORT":"stdout","_UID":"0","_SYSTEMD_CGROUP":"/system.slice/system-wgzk\\x2dm7.slice/wgzk-m7@wgc0.service","_CAP_EFFECTIVE":"1ffffffffff","__REALTIME_TIMESTAMP":"1790766422652820","_MACHINE_ID":"6334201a93644f82a11c836f3c84a03f","_HOSTNAME":"wgzk-client","_PID":"4760","_SYSTEMD_INVOCATION_ID":"bc37bc09422147a88acfc420c75e5786","SYSLOG_IDENTIFIER":"env","_BOOT_ID":"dfcb8dac886d4627bbdfedf02e3e59de","__MONOTONIC_TIMESTAMP":"738995488","_SELINUX_CONTEXT":"unconfined\n","SYSLOG_FACILITY":"3","_STREAM_ID":"ca67ef8fb3da45bf9cdc0de036bc795f","_SYSTEMD_SLICE":"system-wgzk\\x2dm7.slice","_COMM":"wg-zk-daemon","_SYSTEMD_UNIT":"wgzk-m7@wgc0.service","__CURSOR":"s=a04ba51497c94fceb15b4fa2d2c14874;i=3f61;b=dfcb8dac886d4627bbdfedf02e3e59de;m=2c0c2d20;t=65cb14c7f7794;x=b6dabbf65175283a"}
{"_PID":"4760","SYSLOG_IDENTIFIER":"env","__CURSOR":"s=a04ba51497c94fceb15b4fa2d2c14874;i=3f71;b=dfcb8dac886d4627bbdfedf02e3e59de;m=2c1ef52c;t=65cb14c923fa0;x=a87d84eafff12dfc","PRIORITY":"6","_TRANSPORT":"stdout","_MACHINE_ID":"6334201a93644f82a11c836f3c84a03f","_HOSTNAME":"wgzk-client","_GID":"0","_SYSTEMD_SLICE":"system-wgzk\\x2dm7.slice","MESSAGE":"[timing] side=client token=2991369707 nonce_prefix=699745e8 result=ok zk_us=56 encap_us=74 tls_us=2314 write_us=9 psk_us=25 tail_us=1 total_us=2549","_UID":"0","__MONOTONIC_TIMESTAMP":"740226348","_SELINUX_CONTEXT":"unconfined\n","_SYSTEMD_CGROUP":"/system.slice/system-wgzk\\x2dm7.slice/wgzk-m7@wgc0.service","_BOOT_ID":"dfcb8dac886d4627bbdfedf02e3e59de","_STREAM_ID":"ca67ef8fb3da45bf9cdc0de036bc795f","_SYSTEMD_INVOCATION_ID":"bc37bc09422147a88acfc420c75e5786","_SYSTEMD_UNIT":"wgzk-m7@wgc0.service","_CMDLINE":"/usr/local/bin/wg-zk-daemon","__REALTIME_TIMESTAMP":"1790766423883680","_COMM":"wg-zk-daemon","_EXE":"/usr/local/bin/wg-zk-daemon","_CAP_EFFECTIVE":"1ffffffffff","SYSLOG_FACILITY":"3"}
{"_SYSTEMD_INVOCATION_ID":"bc37bc09422147a88acfc420c75e5786","__CURSOR":"s=a04ba51497c94fceb15b4fa2d2c14874;i=3f83;b=dfcb8dac886d4627bbdfedf02e3e59de;m=2c31b941;t=65cb14ca503b6;x=ac6f88a4cceca314","_SYSTEMD_UNIT":"wgzk-m7@wgc0.service","_CMDLINE":"/usr/local/bin/wg-zk-daemon","_SELINUX_CONTEXT":"unconfined\n","_UID":"0","SYSLOG_FACILITY":"3","PRIORITY":"6","_TRANSPORT":"stdout","_EXE":"/usr/local/bin/wg-zk-daemon","_GID":"0","SYSLOG_IDENTIFIER":"env","_SYSTEMD_SLICE":"system-wgzk\\x2dm7.slice","_MACHINE_ID":"6334201a93644f82a11c836f3c84a03f","__REALTIME_TIMESTAMP":"1790766425113526","_COMM":"wg-zk-daemon","_CAP_EFFECTIVE":"1ffffffffff","_SYSTEMD_CGROUP":"/system.slice/system-wgzk\\x2dm7.slice/wgzk-m7@wgc0.service","MESSAGE":"[timing] side=client token=2177468338 nonce_prefix=90151823 result=ok zk_us=47 encap_us=75 tls_us=2583 write_us=66 psk_us=20 tail_us=1 total_us=2872","__MONOTONIC_TIMESTAMP":"741456193","_BOOT_ID":"dfcb8dac886d4627bbdfedf02e3e59de","_HOSTNAME":"wgzk-client","_PID":"4760","_STREAM_ID":"ca67ef8fb3da45bf9cdc0de036bc795f"}
{"SYSLOG_FACILITY":"3","_SELINUX_CONTEXT":"unconfined\n","MESSAGE":"[timing] side=client token=294220831 nonce_prefix=dc58fbb2 result=ok zk_us=47 encap_us=130 tls_us=2276 write_us=6 psk_us=26 tail_us=1 total_us=2526","_MACHINE_ID":"6334201a93644f82a11c836f3c84a03f","PRIORITY":"6","_SYSTEMD_CGROUP":"/system.slice/system-wgzk\\x2dm7.slice/wgzk-m7@wgc0.service","_SYSTEMD_SLICE":"system-wgzk\\x2dm7.slice","_HOSTNAME":"wgzk-client","_CAP_EFFECTIVE":"1ffffffffff","__CURSOR":"s=a04ba51497c94fceb15b4fa2d2c14874;i=3f92;b=dfcb8dac886d4627bbdfedf02e3e59de;m=2c44d6d7;t=65cb14cb8214b;x=e3231a4b29d4165d","__REALTIME_TIMESTAMP":"1790766426366283","_BOOT_ID":"dfcb8dac886d4627bbdfedf02e3e59de","_TRANSPORT":"stdout","_GID":"0","_STREAM_ID":"ca67ef8fb3da45bf9cdc0de036bc795f","__MONOTONIC_TIMESTAMP":"742708951","_SYSTEMD_INVOCATION_ID":"bc37bc09422147a88acfc420c75e5786","_EXE":"/usr/local/bin/wg-zk-daemon","_PID":"4760","_CMDLINE":"/usr/local/bin/wg-zk-daemon","SYSLOG_IDENTIFIER":"env","_UID":"0","_COMM":"wg-zk-daemon","_SYSTEMD_UNIT":"wgzk-m7@wgc0.service"}
{"_MACHINE_ID":"6334201a93644f82a11c836f3c84a03f","_CAP_EFFECTIVE":"1ffffffffff","_TRANSPORT":"stdout","__REALTIME_TIMESTAMP":"1790766427596089","_EXE":"/usr/local/bin/wg-zk-daemon","_SYSTEMD_SLICE":"system-wgzk\\x2dm7.slice","_SYSTEMD_CGROUP":"/system.slice/system-wgzk\\x2dm7.slice/wgzk-m7@wgc0.service","PRIORITY":"6","__CURSOR":"s=a04ba51497c94fceb15b4fa2d2c14874;i=3fa1;b=dfcb8dac886d4627bbdfedf02e3e59de;m=2c579ac5;t=65cb14ccae539;x=e3b019566b1c8cb2","_COMM":"wg-zk-daemon","_SYSTEMD_INVOCATION_ID":"bc37bc09422147a88acfc420c75e5786","_HOSTNAME":"wgzk-client","_UID":"0","SYSLOG_IDENTIFIER":"env","_STREAM_ID":"ca67ef8fb3da45bf9cdc0de036bc795f","__MONOTONIC_TIMESTAMP":"743938757","_SYSTEMD_UNIT":"wgzk-m7@wgc0.service","SYSLOG_FACILITY":"3","_BOOT_ID":"dfcb8dac886d4627bbdfedf02e3e59de","_CMDLINE":"/usr/local/bin/wg-zk-daemon","_SELINUX_CONTEXT":"unconfined\n","MESSAGE":"[timing] side=client token=3540885459 nonce_prefix=f4d5915f result=ok zk_us=48 encap_us=73 tls_us=1972 write_us=6 psk_us=32 tail_us=1 total_us=2170","_GID":"0","_PID":"4760"}
{"_EXE":"/usr/local/bin/wg-zk-daemon","__REALTIME_TIMESTAMP":"1790766428819086","__CURSOR":"s=a04ba51497c94fceb15b4fa2d2c14874;i=3fb2;b=dfcb8dac886d4627bbdfedf02e3e59de;m=2c6a4419;t=65cb14cdd8e8e;x=407ef4aeb3f4d04e","_STREAM_ID":"ca67ef8fb3da45bf9cdc0de036bc795f","SYSLOG_FACILITY":"3","_SELINUX_CONTEXT":"unconfined\n","_SYSTEMD_INVOCATION_ID":"bc37bc09422147a88acfc420c75e5786","_TRANSPORT":"stdout","_HOSTNAME":"wgzk-client","_PID":"4760","MESSAGE":"[timing] side=client token=2756406269 nonce_prefix=62c5cfaa result=ok zk_us=52 encap_us=97 tls_us=1987 write_us=28 psk_us=46 tail_us=1 total_us=2307","_SYSTEMD_UNIT":"wgzk-m7@wgc0.service","_SYSTEMD_SLICE":"system-wgzk\\x2dm7.slice","__MONOTONIC_TIMESTAMP":"745161753","_CAP_EFFECTIVE":"1ffffffffff","_UID":"0","PRIORITY":"6","_SYSTEMD_CGROUP":"/system.slice/system-wgzk\\x2dm7.slice/wgzk-m7@wgc0.service","_COMM":"wg-zk-daemon","_MACHINE_ID":"6334201a93644f82a11c836f3c84a03f","SYSLOG_IDENTIFIER":"env","_GID":"0","_CMDLINE":"/usr/local/bin/wg-zk-daemon","_BOOT_ID":"dfcb8dac886d4627bbdfedf02e3e59de"}
{"_GID":"0","_MACHINE_ID":"6334201a93644f82a11c836f3c84a03f","SYSLOG_IDENTIFIER":"env","_SYSTEMD_SLICE":"system-wgzk\\x2dm7.slice","_CMDLINE":"/usr/local/bin/wg-zk-daemon","_CAP_EFFECTIVE":"1ffffffffff","_EXE":"/usr/local/bin/wg-zk-daemon","__REALTIME_TIMESTAMP":"1790766430048290","PRIORITY":"6","_STREAM_ID":"ca67ef8fb3da45bf9cdc0de036bc795f","_SYSTEMD_CGROUP":"/system.slice/system-wgzk\\x2dm7.slice/wgzk-m7@wgc0.service","_SYSTEMD_UNIT":"wgzk-m7@wgc0.service","_TRANSPORT":"stdout","MESSAGE":"[timing] side=client token=2504008221 nonce_prefix=5ae22837 result=ok zk_us=47 encap_us=77 tls_us=2270 write_us=9 psk_us=33 tail_us=1 total_us=2546","_BOOT_ID":"dfcb8dac886d4627bbdfedf02e3e59de","__CURSOR":"s=a04ba51497c94fceb15b4fa2d2c14874;i=3fc1;b=dfcb8dac886d4627bbdfedf02e3e59de;m=2c7d05ae;t=65cb14cf05022;x=1ebe49ea9deca196","_PID":"4760","_HOSTNAME":"wgzk-client","_UID":"0","SYSLOG_FACILITY":"3","_SELINUX_CONTEXT":"unconfined\n","_SYSTEMD_INVOCATION_ID":"bc37bc09422147a88acfc420c75e5786","__MONOTONIC_TIMESTAMP":"746390958","_COMM":"wg-zk-daemon"}
{"_SYSTEMD_SLICE":"system-wgzk\\x2dm7.slice","_TRANSPORT":"stdout","_UID":"0","_MACHINE_ID":"6334201a93644f82a11c836f3c84a03f","_PID":"4760","SYSLOG_IDENTIFIER":"env","_SELINUX_CONTEXT":"unconfined\n","SYSLOG_FACILITY":"3","_SYSTEMD_CGROUP":"/system.slice/system-wgzk\\x2dm7.slice/wgzk-m7@wgc0.service","_SYSTEMD_UNIT":"wgzk-m7@wgc0.service","_STREAM_ID":"ca67ef8fb3da45bf9cdc0de036bc795f","_EXE":"/usr/local/bin/wg-zk-daemon","_GID":"0","__CURSOR":"s=a04ba51497c94fceb15b4fa2d2c14874;i=3fd1;b=dfcb8dac886d4627bbdfedf02e3e59de;m=2c8fcf6f;t=65cb14d0319e3;x=a5e759d8d9ed6358","MESSAGE":"[timing] side=client token=1396448083 nonce_prefix=30d9d35f result=ok zk_us=46 encap_us=74 tls_us=1763 write_us=8 psk_us=33 tail_us=1 total_us=2092","__MONOTONIC_TIMESTAMP":"747622255","_CAP_EFFECTIVE":"1ffffffffff","_BOOT_ID":"dfcb8dac886d4627bbdfedf02e3e59de","PRIORITY":"6","__REALTIME_TIMESTAMP":"1790766431279587","_CMDLINE":"/usr/local/bin/wg-zk-daemon","_SYSTEMD_INVOCATION_ID":"bc37bc09422147a88acfc420c75e5786","_HOSTNAME":"wgzk-client","_COMM":"wg-zk-daemon"}
{"SYSLOG_FACILITY":"3","_SYSTEMD_CGROUP":"/system.slice/system-wgzk\\x2dm7.slice/wgzk-m7@wgc0.service","_SYSTEMD_INVOCATION_ID":"bc37bc09422147a88acfc420c75e5786","_UID":"0","_HOSTNAME":"wgzk-client","_COMM":"wg-zk-daemon","__REALTIME_TIMESTAMP":"1790766432514458","_STREAM_ID":"ca67ef8fb3da45bf9cdc0de036bc795f","_CAP_EFFECTIVE":"1ffffffffff","MESSAGE":"[timing] side=client token=2742470955 nonce_prefix=58676e5e result=ok zk_us=47 encap_us=74 tls_us=2396 write_us=28 psk_us=41 tail_us=1 total_us=2747","_PID":"4760","__MONOTONIC_TIMESTAMP":"748857126","_TRANSPORT":"stdout","_CMDLINE":"/usr/local/bin/wg-zk-daemon","_EXE":"/usr/local/bin/wg-zk-daemon","_BOOT_ID":"dfcb8dac886d4627bbdfedf02e3e59de","__CURSOR":"s=a04ba51497c94fceb15b4fa2d2c14874;i=3fe1;b=dfcb8dac886d4627bbdfedf02e3e59de;m=2ca2a726;t=65cb14d15f19a;x=19176a45d55abde9","_SELINUX_CONTEXT":"unconfined\n","_GID":"0","_SYSTEMD_SLICE":"system-wgzk\\x2dm7.slice","_MACHINE_ID":"6334201a93644f82a11c836f3c84a03f","PRIORITY":"6","SYSLOG_IDENTIFIER":"env","_SYSTEMD_UNIT":"wgzk-m7@wgc0.service"}
{"_EXE":"/usr/local/bin/wg-zk-daemon","_STREAM_ID":"ca67ef8fb3da45bf9cdc0de036bc795f","_MACHINE_ID":"6334201a93644f82a11c836f3c84a03f","_HOSTNAME":"wgzk-client","_SYSTEMD_CGROUP":"/system.slice/system-wgzk\\x2dm7.slice/wgzk-m7@wgc0.service","_SYSTEMD_INVOCATION_ID":"bc37bc09422147a88acfc420c75e5786","_CMDLINE":"/usr/local/bin/wg-zk-daemon","_COMM":"wg-zk-daemon","__REALTIME_TIMESTAMP":"1790766433752114","_GID":"0","_SELINUX_CONTEXT":"unconfined\n","_UID":"0","SYSLOG_IDENTIFIER":"env","PRIORITY":"6","__MONOTONIC_TIMESTAMP":"750094782","_TRANSPORT":"stdout","_PID":"4760","SYSLOG_FACILITY":"3","_SYSTEMD_SLICE":"system-wgzk\\x2dm7.slice","_CAP_EFFECTIVE":"1ffffffffff","_BOOT_ID":"dfcb8dac886d4627bbdfedf02e3e59de","__CURSOR":"s=a04ba51497c94fceb15b4fa2d2c14874;i=3ff1;b=dfcb8dac886d4627bbdfedf02e3e59de;m=2cb589be;t=65cb14d28d432;x=944f14f3a0641b4a","MESSAGE":"[timing] side=client token=2969963897 nonce_prefix=3019a6b1 result=ok zk_us=47 encap_us=73 tls_us=2048 write_us=28 psk_us=40 tail_us=1 total_us=2298","_SYSTEMD_UNIT":"wgzk-m7@wgc0.service"}
[exit 0]

$ [client] journalctl -u wgzk-m7@wgc1.service -o json --no-pager --after-cursor='s=a04ba51497c94fceb15b4fa2d2c14874;i=3e12;b=dfcb8dac886d4627bbdfedf02e3e59de;m=2a453f0c;t=65cb14ab88980;x=cb2aa8b69dc6fc24' | grep -F '[timing]' || true
{"_SYSTEMD_CGROUP":"/system.slice/system-wgzk\\x2dm7.slice/wgzk-m7@wgc1.service","_PID":"4814","MESSAGE":"[timing] side=client token=3232802591 nonce_prefix=4eb40c43 result=ok zk_us=94 encap_us=88 tls_us=2835 write_us=30 psk_us=100 tail_us=0 total_us=3287","_CMDLINE":"/usr/local/bin/wg-zk-daemon","_SELINUX_CONTEXT":"unconfined\n","_GID":"0","_HOSTNAME":"wgzk-client","_COMM":"wg-zk-daemon","_SYSTEMD_UNIT":"wgzk-m7@wgc1.service","_BOOT_ID":"dfcb8dac886d4627bbdfedf02e3e59de","_CAP_EFFECTIVE":"1ffffffffff","_MACHINE_ID":"6334201a93644f82a11c836f3c84a03f","_SYSTEMD_INVOCATION_ID":"9958a7d04efa4235a047b89ca808a32b","_UID":"0","SYSLOG_IDENTIFIER":"env","__MONOTONIC_TIMESTAMP":"714281053","SYSLOG_FACILITY":"3","__CURSOR":"s=a04ba51497c94fceb15b4fa2d2c14874;i=3e24;b=dfcb8dac886d4627bbdfedf02e3e59de;m=2a93105d;t=65cb14b065ad1;x=f9cee0c3bebd8013","_EXE":"/usr/local/bin/wg-zk-daemon","__REALTIME_TIMESTAMP":"1790766397938385","_TRANSPORT":"stdout","_SYSTEMD_SLICE":"system-wgzk\\x2dm7.slice","PRIORITY":"6","_STREAM_ID":"a7d645ac05de4f3686bf846d044a0fbf"}
{"_UID":"0","_CMDLINE":"/usr/local/bin/wg-zk-daemon","MESSAGE":"[timing] side=client token=1031207117 nonce_prefix=f03486cf result=ok zk_us=45 encap_us=489 tls_us=1829 write_us=5 psk_us=47 tail_us=1 total_us=2500","_COMM":"wg-zk-daemon","_EXE":"/usr/local/bin/wg-zk-daemon","_SYSTEMD_INVOCATION_ID":"9958a7d04efa4235a047b89ca808a32b","__REALTIME_TIMESTAMP":"1790766399175618","PRIORITY":"6","_SYSTEMD_UNIT":"wgzk-m7@wgc1.service","_SYSTEMD_SLICE":"system-wgzk\\x2dm7.slice","_STREAM_ID":"a7d645ac05de4f3686bf846d044a0fbf","__MONOTONIC_TIMESTAMP":"715518286","_SYSTEMD_CGROUP":"/system.slice/system-wgzk\\x2dm7.slice/wgzk-m7@wgc1.service","_PID":"4814","__CURSOR":"s=a04ba51497c94fceb15b4fa2d2c14874;i=3e31;b=dfcb8dac886d4627bbdfedf02e3e59de;m=2aa5f14e;t=65cb14b193bc2;x=bd3287a710b2795b","SYSLOG_FACILITY":"3","SYSLOG_IDENTIFIER":"env","_TRANSPORT":"stdout","_GID":"0","_MACHINE_ID":"6334201a93644f82a11c836f3c84a03f","_BOOT_ID":"dfcb8dac886d4627bbdfedf02e3e59de","_CAP_EFFECTIVE":"1ffffffffff","_HOSTNAME":"wgzk-client","_SELINUX_CONTEXT":"unconfined\n"}
{"_SYSTEMD_SLICE":"system-wgzk\\x2dm7.slice","_SELINUX_CONTEXT":"unconfined\n","_BOOT_ID":"dfcb8dac886d4627bbdfedf02e3e59de","__REALTIME_TIMESTAMP":"1790766400421103","_SYSTEMD_UNIT":"wgzk-m7@wgc1.service","_UID":"0","PRIORITY":"6","_MACHINE_ID":"6334201a93644f82a11c836f3c84a03f","_GID":"0","__CURSOR":"s=a04ba51497c94fceb15b4fa2d2c14874;i=3e41;b=dfcb8dac886d4627bbdfedf02e3e59de;m=2ab8f27b;t=65cb14b2c3cef;x=c3b650c7f38b16be","_HOSTNAME":"wgzk-client","_SYSTEMD_INVOCATION_ID":"9958a7d04efa4235a047b89ca808a32b","_CMDLINE":"/usr/local/bin/wg-zk-daemon","_CAP_EFFECTIVE":"1ffffffffff","_PID":"4814","_EXE":"/usr/local/bin/wg-zk-daemon","SYSLOG_FACILITY":"3","SYSLOG_IDENTIFIER":"env","_SYSTEMD_CGROUP":"/system.slice/system-wgzk\\x2dm7.slice/wgzk-m7@wgc1.service","_TRANSPORT":"stdout","__MONOTONIC_TIMESTAMP":"716763771","_COMM":"wg-zk-daemon","_STREAM_ID":"a7d645ac05de4f3686bf846d044a0fbf","MESSAGE":"[timing] side=client token=3519838826 nonce_prefix=62e7b438 result=ok zk_us=47 encap_us=76 tls_us=2674 write_us=32 psk_us=26 tail_us=1 total_us=2934"}
{"_CAP_EFFECTIVE":"1ffffffffff","_SELINUX_CONTEXT":"unconfined\n","__CURSOR":"s=a04ba51497c94fceb15b4fa2d2c14874;i=3e52;b=dfcb8dac886d4627bbdfedf02e3e59de;m=2acbc850;t=65cb14b3f12c4;x=1a14b890b29399a0","PRIORITY":"6","_CMDLINE":"/usr/local/bin/wg-zk-daemon","_BOOT_ID":"dfcb8dac886d4627bbdfedf02e3e59de","_COMM":"wg-zk-daemon","_EXE":"/usr/local/bin/wg-zk-daemon","SYSLOG_FACILITY":"3","__REALTIME_TIMESTAMP":"1790766401655492","_HOSTNAME":"wgzk-client","_UID":"0","MESSAGE":"[timing] side=client token=1108761504 nonce_prefix=dd79f4e2 result=ok zk_us=69 encap_us=96 tls_us=2237 write_us=31 psk_us=47 tail_us=1 total_us=2571","SYSLOG_IDENTIFIER":"env","_STREAM_ID":"a7d645ac05de4f3686bf846d044a0fbf","_TRANSPORT":"stdout","_SYSTEMD_INVOCATION_ID":"9958a7d04efa4235a047b89ca808a32b","_SYSTEMD_CGROUP":"/system.slice/system-wgzk\\x2dm7.slice/wgzk-m7@wgc1.service","_GID":"0","_PID":"4814","_SYSTEMD_SLICE":"system-wgzk\\x2dm7.slice","_SYSTEMD_UNIT":"wgzk-m7@wgc1.service","__MONOTONIC_TIMESTAMP":"717998160","_MACHINE_ID":"6334201a93644f82a11c836f3c84a03f"}
{"MESSAGE":"[timing] side=client token=1779129017 nonce_prefix=000af2be result=ok zk_us=46 encap_us=151 tls_us=1839 write_us=33 psk_us=25 tail_us=1 total_us=2266","_SYSTEMD_CGROUP":"/system.slice/system-wgzk\\x2dm7.slice/wgzk-m7@wgc1.service","_CMDLINE":"/usr/local/bin/wg-zk-daemon","_GID":"0","_COMM":"wg-zk-daemon","SYSLOG_FACILITY":"3","_HOSTNAME":"wgzk-client","_BOOT_ID":"dfcb8dac886d4627bbdfedf02e3e59de","_MACHINE_ID":"6334201a93644f82a11c836f3c84a03f","_UID":"0","_PID":"4814","_SELINUX_CONTEXT":"unconfined\n","__CURSOR":"s=a04ba51497c94fceb15b4fa2d2c14874;i=3e61;b=dfcb8dac886d4627bbdfedf02e3e59de;m=2ade996a;t=65cb14b51e3df;x=fde2f38599c1b9bd","_EXE":"/usr/local/bin/wg-zk-daemon","__MONOTONIC_TIMESTAMP":"719231338","__REALTIME_TIMESTAMP":"1790766402888671","_TRANSPORT":"stdout","_STREAM_ID":"a7d645ac05de4f3686bf846d044a0fbf","_SYSTEMD_UNIT":"wgzk-m7@wgc1.service","PRIORITY":"6","_CAP_EFFECTIVE":"1ffffffffff","SYSLOG_IDENTIFIER":"env","_SYSTEMD_SLICE":"system-wgzk\\x2dm7.slice","_SYSTEMD_INVOCATION_ID":"9958a7d04efa4235a047b89ca808a32b"}
{"_GID":"0","PRIORITY":"6","_TRANSPORT":"stdout","_CAP_EFFECTIVE":"1ffffffffff","_CMDLINE":"/usr/local/bin/wg-zk-daemon","_PID":"4814","_SYSTEMD_INVOCATION_ID":"9958a7d04efa4235a047b89ca808a32b","_MACHINE_ID":"6334201a93644f82a11c836f3c84a03f","_UID":"0","__MONOTONIC_TIMESTAMP":"720463854","_SELINUX_CONTEXT":"unconfined\n","_EXE":"/usr/local/bin/wg-zk-daemon","MESSAGE":"[timing] side=client token=2432473950 nonce_prefix=a7111147 result=ok zk_us=46 encap_us=74 tls_us=2174 write_us=5 psk_us=44 tail_us=1 total_us=2403","_BOOT_ID":"dfcb8dac886d4627bbdfedf02e3e59de","_SYSTEMD_CGROUP":"/system.slice/system-wgzk\\x2dm7.slice/wgzk-m7@wgc1.service","_COMM":"wg-zk-daemon","SYSLOG_IDENTIFIER":"env","_SYSTEMD_SLICE":"system-wgzk\\x2dm7.slice","SYSLOG_FACILITY":"3","__CURSOR":"s=a04ba51497c94fceb15b4fa2d2c14874;i=3e71;b=dfcb8dac886d4627bbdfedf02e3e59de;m=2af167ee;t=65cb14b64b262;x=223c72dd996906a2","__REALTIME_TIMESTAMP":"1790766404121186","_HOSTNAME":"wgzk-client","_STREAM_ID":"a7d645ac05de4f3686bf846d044a0fbf","_SYSTEMD_UNIT":"wgzk-m7@wgc1.service"}
{"_SELINUX_CONTEXT":"unconfined\n","_EXE":"/usr/local/bin/wg-zk-daemon","_COMM":"wg-zk-daemon","_BOOT_ID":"dfcb8dac886d4627bbdfedf02e3e59de","__CURSOR":"s=a04ba51497c94fceb15b4fa2d2c14874;i=3e81;b=dfcb8dac886d4627bbdfedf02e3e59de;m=2b043ea8;t=65cb14b77891c;x=141c917badf18c44","_SYSTEMD_UNIT":"wgzk-m7@wgc1.service","PRIORITY":"6","MESSAGE":"[timing] side=client token=607207626 nonce_prefix=e3ee084f result=ok zk_us=82 encap_us=83 tls_us=2097 write_us=57 psk_us=37 tail_us=1 total_us=2457","_CAP_EFFECTIVE":"1ffffffffff","_CMDLINE":"/usr/local/bin/wg-zk-daemon","_SYSTEMD_INVOCATION_ID":"9958a7d04efa4235a047b89ca808a32b","_HOSTNAME":"wgzk-client","_UID":"0","_SYSTEMD_CGROUP":"/system.slice/system-wgzk\\x2dm7.slice/wgzk-m7@wgc1.service","_PID":"4814","_MACHINE_ID":"6334201a93644f82a11c836f3c84a03f","_TRANSPORT":"stdout","__MONOTONIC_TIMESTAMP":"721698472","__REALTIME_TIMESTAMP":"1790766405355804","SYSLOG_FACILITY":"3","_STREAM_ID":"a7d645ac05de4f3686bf846d044a0fbf","_GID":"0","_SYSTEMD_SLICE":"system-wgzk\\x2dm7.slice","SYSLOG_IDENTIFIER":"env"}
{"_MACHINE_ID":"6334201a93644f82a11c836f3c84a03f","__MONOTONIC_TIMESTAMP":"722930236","__CURSOR":"s=a04ba51497c94fceb15b4fa2d2c14874;i=3e93;b=dfcb8dac886d4627bbdfedf02e3e59de;m=2b170a3c;t=65cb14b8a54b0;x=3d658721fe45751a","_SYSTEMD_INVOCATION_ID":"9958a7d04efa4235a047b89ca808a32b","_TRANSPORT":"stdout","_GID":"0","SYSLOG_IDENTIFIER":"env","_SELINUX_CONTEXT":"unconfined\n","PRIORITY":"6","_BOOT_ID":"dfcb8dac886d4627bbdfedf02e3e59de","_UID":"0","_PID":"4814","_COMM":"wg-zk-daemon","_CAP_EFFECTIVE":"1ffffffffff","SYSLOG_FACILITY":"3","__REALTIME_TIMESTAMP":"1790766406587568","_CMDLINE":"/usr/local/bin/wg-zk-daemon","MESSAGE":"[timing] side=client token=2991548339 nonce_prefix=13b9158b result=ok zk_us=46 encap_us=73 tls_us=3100 write_us=8 psk_us=20 tail_us=1 total_us=3297","_SYSTEMD_CGROUP":"/system.slice/system-wgzk\\x2dm7.slice/wgzk-m7@wgc1.service","_SYSTEMD_UNIT":"wgzk-m7@wgc1.service","_EXE":"/usr/local/bin/wg-zk-daemon","_STREAM_ID":"a7d645ac05de4f3686bf846d044a0fbf","_SYSTEMD_SLICE":"system-wgzk\\x2dm7.slice","_HOSTNAME":"wgzk-client"}
{"_SYSTEMD_CGROUP":"/system.slice/system-wgzk\\x2dm7.slice/wgzk-m7@wgc1.service","_SYSTEMD_SLICE":"system-wgzk\\x2dm7.slice","_SYSTEMD_UNIT":"wgzk-m7@wgc1.service","MESSAGE":"[timing] side=client token=1122140897 nonce_prefix=4e3eb0c8 result=ok zk_us=46 encap_us=74 tls_us=2556 write_us=68 psk_us=37 tail_us=1 total_us=2826","_SYSTEMD_INVOCATION_ID":"9958a7d04efa4235a047b89ca808a32b","PRIORITY":"6","SYSLOG_IDENTIFIER":"env","_STREAM_ID":"a7d645ac05de4f3686bf846d044a0fbf","_CAP_EFFECTIVE":"1ffffffffff","_CMDLINE":"/usr/local/bin/wg-zk-daemon","__REALTIME_TIMESTAMP":"1790766407829680","_COMM":"wg-zk-daemon","_EXE":"/usr/local/bin/wg-zk-daemon","_HOSTNAME":"wgzk-client","_TRANSPORT":"stdout","__MONOTONIC_TIMESTAMP":"724172348","_MACHINE_ID":"6334201a93644f82a11c836f3c84a03f","_UID":"0","_PID":"4814","__CURSOR":"s=a04ba51497c94fceb15b4fa2d2c14874;i=3ea2;b=dfcb8dac886d4627bbdfedf02e3e59de;m=2b29fe3c;t=65cb14b9d48b0;x=1da137d6a6a1894f","_GID":"0","_BOOT_ID":"dfcb8dac886d4627bbdfedf02e3e59de","SYSLOG_FACILITY":"3","_SELINUX_CONTEXT":"unconfined\n"}
{"_TRANSPORT":"stdout","_SYSTEMD_INVOCATION_ID":"9958a7d04efa4235a047b89ca808a32b","_MACHINE_ID":"6334201a93644f82a11c836f3c84a03f","_BOOT_ID":"dfcb8dac886d4627bbdfedf02e3e59de","__CURSOR":"s=a04ba51497c94fceb15b4fa2d2c14874;i=3eb3;b=dfcb8dac886d4627bbdfedf02e3e59de;m=2b3d015b;t=65cb14bb04bd0;x=da2af5912bf3e052","PRIORITY":"6","_PID":"4814","_GID":"0","_EXE":"/usr/local/bin/wg-zk-daemon","_STREAM_ID":"a7d645ac05de4f3686bf846d044a0fbf","_SYSTEMD_CGROUP":"/system.slice/system-wgzk\\x2dm7.slice/wgzk-m7@wgc1.service","__MONOTONIC_TIMESTAMP":"725418331","_SYSTEMD_SLICE":"system-wgzk\\x2dm7.slice","_SYSTEMD_UNIT":"wgzk-m7@wgc1.service","_CMDLINE":"/usr/local/bin/wg-zk-daemon","_CAP_EFFECTIVE":"1ffffffffff","SYSLOG_IDENTIFIER":"env","_SELINUX_CONTEXT":"unconfined\n","_UID":"0","SYSLOG_FACILITY":"3","__REALTIME_TIMESTAMP":"1790766409075664","_HOSTNAME":"wgzk-client","MESSAGE":"[timing] side=client token=3146940503 nonce_prefix=0e5f1f7f result=ok zk_us=48 encap_us=76 tls_us=3050 write_us=8 psk_us=46 tail_us=10 total_us=3349","_COMM":"wg-zk-daemon"}
{"_GID":"0","_CAP_EFFECTIVE":"1ffffffffff","__REALTIME_TIMESTAMP":"1790766410306822","PRIORITY":"6","_TRANSPORT":"stdout","SYSLOG_IDENTIFIER":"env","_SELINUX_CONTEXT":"unconfined\n","SYSLOG_FACILITY":"3","__MONOTONIC_TIMESTAMP":"726649490","__CURSOR":"s=a04ba51497c94fceb15b4fa2d2c14874;i=3ec1;b=dfcb8dac886d4627bbdfedf02e3e59de;m=2b4fca92;t=65cb14bc31506;x=a7821852f207149d","_CMDLINE":"/usr/local/bin/wg-zk-daemon","_UID":"0","_SYSTEMD_SLICE":"system-wgzk\\x2dm7.slice","_HOSTNAME":"wgzk-client","_COMM":"wg-zk-daemon","_EXE":"/usr/local/bin/wg-zk-daemon","_SYSTEMD_UNIT":"wgzk-m7@wgc1.service","_SYSTEMD_CGROUP":"/system.slice/system-wgzk\\x2dm7.slice/wgzk-m7@wgc1.service","_BOOT_ID":"dfcb8dac886d4627bbdfedf02e3e59de","_STREAM_ID":"a7d645ac05de4f3686bf846d044a0fbf","_PID":"4814","_SYSTEMD_INVOCATION_ID":"9958a7d04efa4235a047b89ca808a32b","MESSAGE":"[timing] side=client token=668410656 nonce_prefix=e3b792ef result=ok zk_us=63 encap_us=138 tls_us=2206 write_us=6 psk_us=28 tail_us=1 total_us=2516","_MACHINE_ID":"6334201a93644f82a11c836f3c84a03f"}
{"_GID":"0","_CMDLINE":"/usr/local/bin/wg-zk-daemon","SYSLOG_IDENTIFIER":"env","_SELINUX_CONTEXT":"unconfined\n","__CURSOR":"s=a04ba51497c94fceb15b4fa2d2c14874;i=3ed1;b=dfcb8dac886d4627bbdfedf02e3e59de;m=2b62a91d;t=65cb14bd5f391;x=a0d5feb459478514","_BOOT_ID":"dfcb8dac886d4627bbdfedf02e3e59de","SYSLOG_FACILITY":"3","_COMM":"wg-zk-daemon","_TRANSPORT":"stdout","_HOSTNAME":"wgzk-client","PRIORITY":"6","_PID":"4814","_SYSTEMD_SLICE":"system-wgzk\\x2dm7.slice","_EXE":"/usr/local/bin/wg-zk-daemon","_MACHINE_ID":"6334201a93644f82a11c836f3c84a03f","_SYSTEMD_INVOCATION_ID":"9958a7d04efa4235a047b89ca808a32b","MESSAGE":"[timing] side=client token=3252078326 nonce_prefix=172f38bc result=ok zk_us=44 encap_us=76 tls_us=2322 write_us=13 psk_us=527 tail_us=1 total_us=3043","_STREAM_ID":"a7d645ac05de4f3686bf846d044a0fbf","__MONOTONIC_TIMESTAMP":"727886109","_SYSTEMD_UNIT":"wgzk-m7@wgc1.service","_UID":"0","_CAP_EFFECTIVE":"1ffffffffff","__REALTIME_TIMESTAMP":"1790766411543441","_SYSTEMD_CGROUP":"/system.slice/system-wgzk\\x2dm7.slice/wgzk-m7@wgc1.service"}
{"__REALTIME_TIMESTAMP":"1790766412781015","_TRANSPORT":"stdout","_CAP_EFFECTIVE":"1ffffffffff","_EXE":"/usr/local/bin/wg-zk-daemon","_HOSTNAME":"wgzk-client","_SYSTEMD_CGROUP":"/system.slice/system-wgzk\\x2dm7.slice/wgzk-m7@wgc1.service","__CURSOR":"s=a04ba51497c94fceb15b4fa2d2c14874;i=3ee1;b=dfcb8dac886d4627bbdfedf02e3e59de;m=2b758b63;t=65cb14be8d5d7;x=34a4ff473db81db4","_MACHINE_ID":"6334201a93644f82a11c836f3c84a03f","_CMDLINE":"/usr/local/bin/wg-zk-daemon","MESSAGE":"[timing] side=client token=594000243 nonce_prefix=cc3b257e result=ok zk_us=43 encap_us=80 tls_us=1958 write_us=9 psk_us=33 tail_us=1 total_us=2161","_SELINUX_CONTEXT":"unconfined\n","_PID":"4814","_COMM":"wg-zk-daemon","__MONOTONIC_TIMESTAMP":"729123683","_SYSTEMD_INVOCATION_ID":"9958a7d04efa4235a047b89ca808a32b","SYSLOG_IDENTIFIER":"env","_SYSTEMD_UNIT":"wgzk-m7@wgc1.service","_UID":"0","_BOOT_ID":"dfcb8dac886d4627bbdfedf02e3e59de","_GID":"0","_SYSTEMD_SLICE":"system-wgzk\\x2dm7.slice","PRIORITY":"6","SYSLOG_FACILITY":"3","_STREAM_ID":"a7d645ac05de4f3686bf846d044a0fbf"}
{"__REALTIME_TIMESTAMP":"1790766414009085","_CMDLINE":"/usr/local/bin/wg-zk-daemon","PRIORITY":"6","_UID":"0","_BOOT_ID":"dfcb8dac886d4627bbdfedf02e3e59de","_COMM":"wg-zk-daemon","_SYSTEMD_CGROUP":"/system.slice/system-wgzk\\x2dm7.slice/wgzk-m7@wgc1.service","_CAP_EFFECTIVE":"1ffffffffff","_SYSTEMD_SLICE":"system-wgzk\\x2dm7.slice","_EXE":"/usr/local/bin/wg-zk-daemon","_MACHINE_ID":"6334201a93644f82a11c836f3c84a03f","_SYSTEMD_UNIT":"wgzk-m7@wgc1.service","__MONOTONIC_TIMESTAMP":"730351753","_STREAM_ID":"a7d645ac05de4f3686bf846d044a0fbf","SYSLOG_FACILITY":"3","_PID":"4814","_TRANSPORT":"stdout","__CURSOR":"s=a04ba51497c94fceb15b4fa2d2c14874;i=3ef4;b=dfcb8dac886d4627bbdfedf02e3e59de;m=2b884889;t=65cb14bfb92fd;x=31dae856a040604a","_SELINUX_CONTEXT":"unconfined\n","SYSLOG_IDENTIFIER":"env","_SYSTEMD_INVOCATION_ID":"9958a7d04efa4235a047b89ca808a32b","MESSAGE":"[timing] side=client token=618330980 nonce_prefix=5cd1f18a result=ok zk_us=47 encap_us=74 tls_us=2816 write_us=9 psk_us=546 tail_us=1 total_us=3554","_HOSTNAME":"wgzk-client","_GID":"0"}
{"__REALTIME_TIMESTAMP":"1790766415239980","__CURSOR":"s=a04ba51497c94fceb15b4fa2d2c14874;i=3f02;b=dfcb8dac886d4627bbdfedf02e3e59de;m=2b9b10b7;t=65cb14c0e5b2c;x=9c779833cce24514","_SYSTEMD_CGROUP":"/system.slice/system-wgzk\\x2dm7.slice/wgzk-m7@wgc1.service","_BOOT_ID":"dfcb8dac886d4627bbdfedf02e3e59de","PRIORITY":"6","_SYSTEMD_UNIT":"wgzk-m7@wgc1.service","_GID":"0","_SYSTEMD_INVOCATION_ID":"9958a7d04efa4235a047b89ca808a32b","SYSLOG_FACILITY":"3","SYSLOG_IDENTIFIER":"env","_MACHINE_ID":"6334201a93644f82a11c836f3c84a03f","_STREAM_ID":"a7d645ac05de4f3686bf846d044a0fbf","_COMM":"wg-zk-daemon","_SELINUX_CONTEXT":"unconfined\n","_CAP_EFFECTIVE":"1ffffffffff","_SYSTEMD_SLICE":"system-wgzk\\x2dm7.slice","_UID":"0","_TRANSPORT":"stdout","_CMDLINE":"/usr/local/bin/wg-zk-daemon","_PID":"4814","_EXE":"/usr/local/bin/wg-zk-daemon","MESSAGE":"[timing] side=client token=432203056 nonce_prefix=ac9af32e result=ok zk_us=45 encap_us=74 tls_us=2050 write_us=26 psk_us=56 tail_us=1 total_us=2316","__MONOTONIC_TIMESTAMP":"731582647","_HOSTNAME":"wgzk-client"}
{"_SYSTEMD_INVOCATION_ID":"9958a7d04efa4235a047b89ca808a32b","__CURSOR":"s=a04ba51497c94fceb15b4fa2d2c14874;i=3f12;b=dfcb8dac886d4627bbdfedf02e3e59de;m=2badd773;t=65cb14c2121e7;x=9a9ab5789389b4c1","_SYSTEMD_UNIT":"wgzk-m7@wgc1.service","_UID":"0","_TRANSPORT":"stdout","_GID":"0","_HOSTNAME":"wgzk-client","_CAP_EFFECTIVE":"1ffffffffff","_COMM":"wg-zk-daemon","_SYSTEMD_CGROUP":"/system.slice/system-wgzk\\x2dm7.slice/wgzk-m7@wgc1.service","_MACHINE_ID":"6334201a93644f82a11c836f3c84a03f","MESSAGE":"[timing] side=client token=2196190502 nonce_prefix=89932732 result=ok zk_us=57 encap_us=74 tls_us=2106 write_us=7 psk_us=41 tail_us=1 total_us=2327","PRIORITY":"6","_CMDLINE":"/usr/local/bin/wg-zk-daemon","_SYSTEMD_SLICE":"system-wgzk\\x2dm7.slice","_EXE":"/usr/local/bin/wg-zk-daemon","SYSLOG_FACILITY":"3","__REALTIME_TIMESTAMP":"1790766416470503","_BOOT_ID":"dfcb8dac886d4627bbdfedf02e3e59de","_SELINUX_CONTEXT":"unconfined\n","SYSLOG_IDENTIFIER":"env","_PID":"4814","__MONOTONIC_TIMESTAMP":"732813171","_STREAM_ID":"a7d645ac05de4f3686bf846d044a0fbf"}
{"_CAP_EFFECTIVE":"1ffffffffff","_HOSTNAME":"wgzk-client","_BOOT_ID":"dfcb8dac886d4627bbdfedf02e3e59de","MESSAGE":"[timing] side=client token=684167501 nonce_prefix=4510cc34 result=ok zk_us=46 encap_us=78 tls_us=1844 write_us=7 psk_us=74 tail_us=1 total_us=2152","_SELINUX_CONTEXT":"unconfined\n","_MACHINE_ID":"6334201a93644f82a11c836f3c84a03f","_TRANSPORT":"stdout","__REALTIME_TIMESTAMP":"1790766417707091","PRIORITY":"6","_SYSTEMD_INVOCATION_ID":"9958a7d04efa4235a047b89ca808a32b","_SYSTEMD_UNIT":"wgzk-m7@wgc1.service","__CURSOR":"s=a04ba51497c94fceb15b4fa2d2c14874;i=3f22;b=dfcb8dac886d4627bbdfedf02e3e59de;m=2bc0b5df;t=65cb14c340053;x=77fb344008fa4e7","_CMDLINE":"/usr/local/bin/wg-zk-daemon","__MONOTONIC_TIMESTAMP":"734049759","SYSLOG_FACILITY":"3","SYSLOG_IDENTIFIER":"env","_SYSTEMD_CGROUP":"/system.slice/system-wgzk\\x2dm7.slice/wgzk-m7@wgc1.service","_COMM":"wg-zk-daemon","_GID":"0","_EXE":"/usr/local/bin/wg-zk-daemon","_SYSTEMD_SLICE":"system-wgzk\\x2dm7.slice","_STREAM_ID":"a7d645ac05de4f3686bf846d044a0fbf","_UID":"0","_PID":"4814"}
{"SYSLOG_FACILITY":"3","_HOSTNAME":"wgzk-client","MESSAGE":"[timing] side=client token=2265434644 nonce_prefix=5929fd82 result=ok zk_us=204 encap_us=98 tls_us=1482 write_us=28 psk_us=41 tail_us=1 total_us=1969","__REALTIME_TIMESTAMP":"1790766418947158","_STREAM_ID":"a7d645ac05de4f3686bf846d044a0fbf","_UID":"0","_SYSTEMD_INVOCATION_ID":"9958a7d04efa4235a047b89ca808a32b","_EXE":"/usr/local/bin/wg-zk-daemon","_CMDLINE":"/usr/local/bin/wg-zk-daemon","_TRANSPORT":"stdout","_SYSTEMD_UNIT":"wgzk-m7@wgc1.service","_COMM":"wg-zk-daemon","_BOOT_ID":"dfcb8dac886d4627bbdfedf02e3e59de","_SYSTEMD_CGROUP":"/system.slice/system-wgzk\\x2dm7.slice/wgzk-m7@wgc1.service","SYSLOG_IDENTIFIER":"env","_CAP_EFFECTIVE":"1ffffffffff","_GID":"0","_SYSTEMD_SLICE":"system-wgzk\\x2dm7.slice","__CURSOR":"s=a04ba51497c94fceb15b4fa2d2c14874;i=3f31;b=dfcb8dac886d4627bbdfedf02e3e59de;m=2bd3a1e2;t=65cb14c46ec56;x=9fc37eb9b59d4b19","PRIORITY":"6","_SELINUX_CONTEXT":"unconfined\n","__MONOTONIC_TIMESTAMP":"735289826","_PID":"4814","_MACHINE_ID":"6334201a93644f82a11c836f3c84a03f"}
{"PRIORITY":"6","_SELINUX_CONTEXT":"unconfined\n","_BOOT_ID":"dfcb8dac886d4627bbdfedf02e3e59de","_COMM":"wg-zk-daemon","_SYSTEMD_SLICE":"system-wgzk\\x2dm7.slice","_GID":"0","_PID":"4814","SYSLOG_IDENTIFIER":"env","_UID":"0","_EXE":"/usr/local/bin/wg-zk-daemon","_MACHINE_ID":"6334201a93644f82a11c836f3c84a03f","_STREAM_ID":"a7d645ac05de4f3686bf846d044a0fbf","_SYSTEMD_CGROUP":"/system.slice/system-wgzk\\x2dm7.slice/wgzk-m7@wgc1.service","__CURSOR":"s=a04ba51497c94fceb15b4fa2d2c14874;i=3f41;b=dfcb8dac886d4627bbdfedf02e3e59de;m=2be658e6;t=65cb14c59a35a;x=733b5b4d947d2feb","__MONOTONIC_TIMESTAMP":"736516326","_SYSTEMD_UNIT":"wgzk-m7@wgc1.service","_CMDLINE":"/usr/local/bin/wg-zk-daemon","_CAP_EFFECTIVE":"1ffffffffff","MESSAGE":"[timing] side=client token=1366706713 nonce_prefix=b774e4d8 result=ok zk_us=44 encap_us=115 tls_us=2087 write_us=9 psk_us=36 tail_us=1 total_us=2333","_SYSTEMD_INVOCATION_ID":"9958a7d04efa4235a047b89ca808a32b","_HOSTNAME":"wgzk-client","__REALTIME_TIMESTAMP":"1790766420173658","SYSLOG_FACILITY":"3","_TRANSPORT":"stdout"}
{"_SYSTEMD_INVOCATION_ID":"9958a7d04efa4235a047b89ca808a32b","PRIORITY":"6","SYSLOG_FACILITY":"3","__REALTIME_TIMESTAMP":"1790766421407215","_CMDLINE":"/usr/local/bin/wg-zk-daemon","_UID":"0","_SELINUX_CONTEXT":"unconfined\n","SYSLOG_IDENTIFIER":"env","_MACHINE_ID":"6334201a93644f82a11c836f3c84a03f","_SYSTEMD_SLICE":"system-wgzk\\x2dm7.slice","MESSAGE":"[timing] side=client token=2688555334 nonce_prefix=735497b9 result=ok zk_us=54 encap_us=117 tls_us=1889 write_us=8 psk_us=25 tail_us=1 total_us=2128","_CAP_EFFECTIVE":"1ffffffffff","_TRANSPORT":"stdout","_EXE":"/usr/local/bin/wg-zk-daemon","_SYSTEMD_CGROUP":"/system.slice/system-wgzk\\x2dm7.slice/wgzk-m7@wgc1.service","_HOSTNAME":"wgzk-client","_COMM":"wg-zk-daemon","_GID":"0","__CURSOR":"s=a04ba51497c94fceb15b4fa2d2c14874;i=3f52;b=dfcb8dac886d4627bbdfedf02e3e59de;m=2bf92b7b;t=65cb14c6c75ef;x=a014ffbf56b4324c","_STREAM_ID":"a7d645ac05de4f3686bf846d044a0fbf","_SYSTEMD_UNIT":"wgzk-m7@wgc1.service","_BOOT_ID":"dfcb8dac886d4627bbdfedf02e3e59de","__MONOTONIC_TIMESTAMP":"737749883","_PID":"4814"}
{"_TRANSPORT":"stdout","__REALTIME_TIMESTAMP":"1790766422653162","_CMDLINE":"/usr/local/bin/wg-zk-daemon","_SYSTEMD_CGROUP":"/system.slice/system-wgzk\\x2dm7.slice/wgzk-m7@wgc1.service","__MONOTONIC_TIMESTAMP":"738995829","SYSLOG_IDENTIFIER":"env","_EXE":"/usr/local/bin/wg-zk-daemon","_SYSTEMD_SLICE":"system-wgzk\\x2dm7.slice","_COMM":"wg-zk-daemon","_MACHINE_ID":"6334201a93644f82a11c836f3c84a03f","MESSAGE":"[timing] side=client token=3381858134 nonce_prefix=67104624 result=ok zk_us=48 encap_us=74 tls_us=2092 write_us=28 psk_us=42 tail_us=1 total_us=2342","_BOOT_ID":"dfcb8dac886d4627bbdfedf02e3e59de","PRIORITY":"6","_STREAM_ID":"a7d645ac05de4f3686bf846d044a0fbf","_CAP_EFFECTIVE":"1ffffffffff","SYSLOG_FACILITY":"3","_UID":"0","_SELINUX_CONTEXT":"unconfined\n","_GID":"0","_HOSTNAME":"wgzk-client","_SYSTEMD_UNIT":"wgzk-m7@wgc1.service","_SYSTEMD_INVOCATION_ID":"9958a7d04efa4235a047b89ca808a32b","__CURSOR":"s=a04ba51497c94fceb15b4fa2d2c14874;i=3f62;b=dfcb8dac886d4627bbdfedf02e3e59de;m=2c0c2e75;t=65cb14c7f78ea;x=18bec5bb6c3bca6b","_PID":"4814"}
{"_TRANSPORT":"stdout","__REALTIME_TIMESTAMP":"1790766423884230","__MONOTONIC_TIMESTAMP":"740226898","_SYSTEMD_CGROUP":"/system.slice/system-wgzk\\x2dm7.slice/wgzk-m7@wgc1.service","__CURSOR":"s=a04ba51497c94fceb15b4fa2d2c14874;i=3f74;b=dfcb8dac886d4627bbdfedf02e3e59de;m=2c1ef752;t=65cb14c9241c6;x=886b4d313a6d5c09","_STREAM_ID":"a7d645ac05de4f3686bf846d044a0fbf","SYSLOG_IDENTIFIER":"env","_MACHINE_ID":"6334201a93644f82a11c836f3c84a03f","_BOOT_ID":"dfcb8dac886d4627bbdfedf02e3e59de","_GID":"0","_PID":"4814","_UID":"0","_SYSTEMD_INVOCATION_ID":"9958a7d04efa4235a047b89ca808a32b","_HOSTNAME":"wgzk-client","_COMM":"wg-zk-daemon","_EXE":"/usr/local/bin/wg-zk-daemon","MESSAGE":"[timing] side=client token=3101851908 nonce_prefix=c02edeab result=ok zk_us=44 encap_us=78 tls_us=2065 write_us=27 psk_us=439 tail_us=1 total_us=2709","_SELINUX_CONTEXT":"unconfined\n","_CAP_EFFECTIVE":"1ffffffffff","_SYSTEMD_UNIT":"wgzk-m7@wgc1.service","SYSLOG_FACILITY":"3","_SYSTEMD_SLICE":"system-wgzk\\x2dm7.slice","PRIORITY":"6","_CMDLINE":"/usr/local/bin/wg-zk-daemon"}
{"MESSAGE":"[timing] side=client token=2455769396 nonce_prefix=c37b9001 result=ok zk_us=44 encap_us=76 tls_us=1774 write_us=27 psk_us=43 tail_us=1 total_us=2112","SYSLOG_FACILITY":"3","_SYSTEMD_UNIT":"wgzk-m7@wgc1.service","_TRANSPORT":"stdout","_PID":"4814","_UID":"0","_SYSTEMD_CGROUP":"/system.slice/system-wgzk\\x2dm7.slice/wgzk-m7@wgc1.service","_SYSTEMD_INVOCATION_ID":"9958a7d04efa4235a047b89ca808a32b","_CMDLINE":"/usr/local/bin/wg-zk-daemon","_EXE":"/usr/local/bin/wg-zk-daemon","SYSLOG_IDENTIFIER":"env","_CAP_EFFECTIVE":"1ffffffffff","_COMM":"wg-zk-daemon","_MACHINE_ID":"6334201a93644f82a11c836f3c84a03f","_BOOT_ID":"dfcb8dac886d4627bbdfedf02e3e59de","_SELINUX_CONTEXT":"unconfined\n","_GID":"0","__REALTIME_TIMESTAMP":"1790766425113006","PRIORITY":"6","_SYSTEMD_SLICE":"system-wgzk\\x2dm7.slice","_STREAM_ID":"a7d645ac05de4f3686bf846d044a0fbf","__CURSOR":"s=a04ba51497c94fceb15b4fa2d2c14874;i=3f81;b=dfcb8dac886d4627bbdfedf02e3e59de;m=2c31b73a;t=65cb14ca501ae;x=579bcec094982f53","__MONOTONIC_TIMESTAMP":"741455674","_HOSTNAME":"wgzk-client"}
{"SYSLOG_IDENTIFIER":"env","_PID":"4814","__REALTIME_TIMESTAMP":"1790766426366675","__MONOTONIC_TIMESTAMP":"742709343","_SYSTEMD_UNIT":"wgzk-m7@wgc1.service","MESSAGE":"[timing] side=client token=3259907524 nonce_prefix=da6c0cd6 result=ok zk_us=45 encap_us=75 tls_us=2124 write_us=27 psk_us=26 tail_us=1 total_us=2353","_TRANSPORT":"stdout","_UID":"0","_BOOT_ID":"dfcb8dac886d4627bbdfedf02e3e59de","_COMM":"wg-zk-daemon","_GID":"0","_MACHINE_ID":"6334201a93644f82a11c836f3c84a03f","PRIORITY":"6","_CAP_EFFECTIVE":"1ffffffffff","__CURSOR":"s=a04ba51497c94fceb15b4fa2d2c14874;i=3f93;b=dfcb8dac886d4627bbdfedf02e3e59de;m=2c44d85f;t=65cb14cb822d3;x=eeab17147b0c403e","_SYSTEMD_SLICE":"system-wgzk\\x2dm7.slice","_EXE":"/usr/local/bin/wg-zk-daemon","_SELINUX_CONTEXT":"unconfined\n","_STREAM_ID":"a7d645ac05de4f3686bf846d044a0fbf","_SYSTEMD_CGROUP":"/system.slice/system-wgzk\\x2dm7.slice/wgzk-m7@wgc1.service","_HOSTNAME":"wgzk-client","_SYSTEMD_INVOCATION_ID":"9958a7d04efa4235a047b89ca808a32b","SYSLOG_FACILITY":"3","_CMDLINE":"/usr/local/bin/wg-zk-daemon"}
{"_TRANSPORT":"stdout","__REALTIME_TIMESTAMP":"1790766427597011","_CAP_EFFECTIVE":"1ffffffffff","_UID":"0","PRIORITY":"6","_CMDLINE":"/usr/local/bin/wg-zk-daemon","_SYSTEMD_SLICE":"system-wgzk\\x2dm7.slice","_PID":"4814","_BOOT_ID":"dfcb8dac886d4627bbdfedf02e3e59de","SYSLOG_FACILITY":"3","_SYSTEMD_CGROUP":"/system.slice/system-wgzk\\x2dm7.slice/wgzk-m7@wgc1.service","_SELINUX_CONTEXT":"unconfined\n","SYSLOG_IDENTIFIER":"env","_SYSTEMD_UNIT":"wgzk-m7@wgc1.service","_GID":"0","_SYSTEMD_INVOCATION_ID":"9958a7d04efa4235a047b89ca808a32b","_EXE":"/usr/local/bin/wg-zk-daemon","MESSAGE":"[timing] side=client token=3677809801 nonce_prefix=9f5584cf result=ok zk_us=46 encap_us=74 tls_us=2175 write_us=27 psk_us=23 tail_us=1 total_us=2431","_MACHINE_ID":"6334201a93644f82a11c836f3c84a03f","__CURSOR":"s=a04ba51497c94fceb15b4fa2d2c14874;i=3fa3;b=dfcb8dac886d4627bbdfedf02e3e59de;m=2c579e5e;t=65cb14ccae8d3;x=ac20a91a41e0d98b","_STREAM_ID":"a7d645ac05de4f3686bf846d044a0fbf","__MONOTONIC_TIMESTAMP":"743939678","_HOSTNAME":"wgzk-client","_COMM":"wg-zk-daemon"}
{"_SYSTEMD_CGROUP":"/system.slice/system-wgzk\\x2dm7.slice/wgzk-m7@wgc1.service","SYSLOG_IDENTIFIER":"env","_TRANSPORT":"stdout","_SELINUX_CONTEXT":"unconfined\n","_SYSTEMD_UNIT":"wgzk-m7@wgc1.service","_HOSTNAME":"wgzk-client","_SYSTEMD_SLICE":"system-wgzk\\x2dm7.slice","_SYSTEMD_INVOCATION_ID":"9958a7d04efa4235a047b89ca808a32b","_UID":"0","_STREAM_ID":"a7d645ac05de4f3686bf846d044a0fbf","MESSAGE":"[timing] side=client token=3384365650 nonce_prefix=76265a6c result=ok zk_us=61 encap_us=76 tls_us=2245 write_us=42 psk_us=35 tail_us=2 total_us=2499","__REALTIME_TIMESTAMP":"1790766428818709","_COMM":"wg-zk-daemon","_EXE":"/usr/local/bin/wg-zk-daemon","__CURSOR":"s=a04ba51497c94fceb15b4fa2d2c14874;i=3fb1;b=dfcb8dac886d4627bbdfedf02e3e59de;m=2c6a42a0;t=65cb14cdd8d15;x=8490470678ef29cc","_GID":"0","_BOOT_ID":"dfcb8dac886d4627bbdfedf02e3e59de","_MACHINE_ID":"6334201a93644f82a11c836f3c84a03f","_CMDLINE":"/usr/local/bin/wg-zk-daemon","_PID":"4814","_CAP_EFFECTIVE":"1ffffffffff","SYSLOG_FACILITY":"3","__MONOTONIC_TIMESTAMP":"745161376","PRIORITY":"6"}
{"SYSLOG_IDENTIFIER":"env","_SYSTEMD_SLICE":"system-wgzk\\x2dm7.slice","PRIORITY":"6","_EXE":"/usr/local/bin/wg-zk-daemon","_UID":"0","_SELINUX_CONTEXT":"unconfined\n","__REALTIME_TIMESTAMP":"1790766430048653","_TRANSPORT":"stdout","_HOSTNAME":"wgzk-client","_PID":"4814","_SYSTEMD_UNIT":"wgzk-m7@wgc1.service","_GID":"0","__MONOTONIC_TIMESTAMP":"746391321","_COMM":"wg-zk-daemon","_SYSTEMD_INVOCATION_ID":"9958a7d04efa4235a047b89ca808a32b","_BOOT_ID":"dfcb8dac886d4627bbdfedf02e3e59de","SYSLOG_FACILITY":"3","_SYSTEMD_CGROUP":"/system.slice/system-wgzk\\x2dm7.slice/wgzk-m7@wgc1.service","MESSAGE":"[timing] side=client token=986599676 nonce_prefix=d52d02cb result=ok zk_us=47 encap_us=75 tls_us=2867 write_us=71 psk_us=24 tail_us=1 total_us=3169","_CAP_EFFECTIVE":"1ffffffffff","_CMDLINE":"/usr/local/bin/wg-zk-daemon","_STREAM_ID":"a7d645ac05de4f3686bf846d044a0fbf","_MACHINE_ID":"6334201a93644f82a11c836f3c84a03f","__CURSOR":"s=a04ba51497c94fceb15b4fa2d2c14874;i=3fc2;b=dfcb8dac886d4627bbdfedf02e3e59de;m=2c7d0719;t=65cb14cf0518d;x=e4048b3e6d3e183c"}
{"_UID":"0","_STREAM_ID":"a7d645ac05de4f3686bf846d044a0fbf","PRIORITY":"6","_TRANSPORT":"stdout","_GID":"0","SYSLOG_FACILITY":"3","_BOOT_ID":"dfcb8dac886d4627bbdfedf02e3e59de","_SYSTEMD_UNIT":"wgzk-m7@wgc1.service","_PID":"4814","SYSLOG_IDENTIFIER":"env","_CMDLINE":"/usr/local/bin/wg-zk-daemon","_CAP_EFFECTIVE":"1ffffffffff","_EXE":"/usr/local/bin/wg-zk-daemon","_SELINUX_CONTEXT":"unconfined\n","_SYSTEMD_INVOCATION_ID":"9958a7d04efa4235a047b89ca808a32b","__REALTIME_TIMESTAMP":"1790766431280061","__MONOTONIC_TIMESTAMP":"747622729","__CURSOR":"s=a04ba51497c94fceb15b4fa2d2c14874;i=3fd3;b=dfcb8dac886d4627bbdfedf02e3e59de;m=2c8fd149;t=65cb14d031bbd;x=df455d13328d50b4","_SYSTEMD_CGROUP":"/system.slice/system-wgzk\\x2dm7.slice/wgzk-m7@wgc1.service","MESSAGE":"[timing] side=client token=2779771520 nonce_prefix=ec4432cc result=ok zk_us=44 encap_us=76 tls_us=2012 write_us=9 psk_us=44 tail_us=1 total_us=2247","_MACHINE_ID":"6334201a93644f82a11c836f3c84a03f","_HOSTNAME":"wgzk-client","_COMM":"wg-zk-daemon","_SYSTEMD_SLICE":"system-wgzk\\x2dm7.slice"}
{"_COMM":"wg-zk-daemon","_GID":"0","_BOOT_ID":"dfcb8dac886d4627bbdfedf02e3e59de","SYSLOG_IDENTIFIER":"env","__CURSOR":"s=a04ba51497c94fceb15b4fa2d2c14874;i=3fe4;b=dfcb8dac886d4627bbdfedf02e3e59de;m=2ca2a979;t=65cb14d15f3ee;x=5443f468ec3ecb5e","_TRANSPORT":"stdout","_STREAM_ID":"a7d645ac05de4f3686bf846d044a0fbf","_MACHINE_ID":"6334201a93644f82a11c836f3c84a03f","MESSAGE":"[timing] side=client token=3911069709 nonce_prefix=35c8a921 result=ok zk_us=51 encap_us=75 tls_us=2658 write_us=5 psk_us=17 tail_us=1 total_us=2867","_SYSTEMD_INVOCATION_ID":"9958a7d04efa4235a047b89ca808a32b","__MONOTONIC_TIMESTAMP":"748857721","_HOSTNAME":"wgzk-client","_SYSTEMD_SLICE":"system-wgzk\\x2dm7.slice","_PID":"4814","SYSLOG_FACILITY":"3","_UID":"0","_CMDLINE":"/usr/local/bin/wg-zk-daemon","_CAP_EFFECTIVE":"1ffffffffff","_SYSTEMD_CGROUP":"/system.slice/system-wgzk\\x2dm7.slice/wgzk-m7@wgc1.service","_EXE":"/usr/local/bin/wg-zk-daemon","_SYSTEMD_UNIT":"wgzk-m7@wgc1.service","PRIORITY":"6","__REALTIME_TIMESTAMP":"1790766432515054","_SELINUX_CONTEXT":"unconfined\n"}
{"SYSLOG_FACILITY":"3","_GID":"0","_HOSTNAME":"wgzk-client","MESSAGE":"[timing] side=client token=4029654648 nonce_prefix=4b4f492d result=ok zk_us=81 encap_us=77 tls_us=1862 write_us=27 psk_us=25 tail_us=1 total_us=2170","_COMM":"wg-zk-daemon","SYSLOG_IDENTIFIER":"env","__MONOTONIC_TIMESTAMP":"750095084","_EXE":"/usr/local/bin/wg-zk-daemon","_SYSTEMD_CGROUP":"/system.slice/system-wgzk\\x2dm7.slice/wgzk-m7@wgc1.service","_SYSTEMD_INVOCATION_ID":"9958a7d04efa4235a047b89ca808a32b","_PID":"4814","_UID":"0","_MACHINE_ID":"6334201a93644f82a11c836f3c84a03f","__REALTIME_TIMESTAMP":"1790766433752416","_BOOT_ID":"dfcb8dac886d4627bbdfedf02e3e59de","_TRANSPORT":"stdout","_CAP_EFFECTIVE":"1ffffffffff","_CMDLINE":"/usr/local/bin/wg-zk-daemon","_SYSTEMD_UNIT":"wgzk-m7@wgc1.service","__CURSOR":"s=a04ba51497c94fceb15b4fa2d2c14874;i=3ff2;b=dfcb8dac886d4627bbdfedf02e3e59de;m=2cb58aec;t=65cb14d28d560;x=e48895237a09746c","_SELINUX_CONTEXT":"unconfined\n","_STREAM_ID":"a7d645ac05de4f3686bf846d044a0fbf","_SYSTEMD_SLICE":"system-wgzk\\x2dm7.slice","PRIORITY":"6"}
[exit 0]

$ [client] journalctl -u wgzk-m7@wgc2.service -o json --no-pager --after-cursor='s=a04ba51497c94fceb15b4fa2d2c14874;i=3e11;b=dfcb8dac886d4627bbdfedf02e3e59de;m=2a453d33;t=65cb14ab887a6;x=2e34e2c9ec9b7da8' | grep -F '[timing]' || true
{"_PID":"4868","SYSLOG_IDENTIFIER":"env","MESSAGE":"[timing] side=client token=4146043096 nonce_prefix=87ab85fc result=ok zk_us=177 encap_us=114 tls_us=2002 write_us=9 psk_us=89 tail_us=1 total_us=2510","_CMDLINE":"/usr/local/bin/wg-zk-daemon","_TRANSPORT":"stdout","__MONOTONIC_TIMESTAMP":"714280839","_SYSTEMD_CGROUP":"/system.slice/system-wgzk\\x2dm7.slice/wgzk-m7@wgc2.service","_SYSTEMD_INVOCATION_ID":"f8784f123c904a4691dee77ba1d28a55","_GID":"0","PRIORITY":"6","_SELINUX_CONTEXT":"unconfined\n","SYSLOG_FACILITY":"3","_EXE":"/usr/local/bin/wg-zk-daemon","_SYSTEMD_UNIT":"wgzk-m7@wgc2.service","_STREAM_ID":"d00c4c7b2bb14d15b90a8eadc6301309","_SYSTEMD_SLICE":"system-wgzk\\x2dm7.slice","__CURSOR":"s=a04ba51497c94fceb15b4fa2d2c14874;i=3e23;b=dfcb8dac886d4627bbdfedf02e3e59de;m=2a930f87;t=65cb14b0659fb;x=e5a5221a10fb0157","_UID":"0","_HOSTNAME":"wgzk-client","_CAP_EFFECTIVE":"1ffffffffff","_BOOT_ID":"dfcb8dac886d4627bbdfedf02e3e59de","_MACHINE_ID":"6334201a93644f82a11c836f3c84a03f","__REALTIME_TIMESTAMP":"1790766397938171","_COMM":"wg-zk-daemon"}
{"MESSAGE":"[timing] side=client token=338989391 nonce_prefix=fb1dfba8 result=ok zk_us=94 encap_us=77 tls_us=2621 write_us=53 psk_us=38 tail_us=1 total_us=2983","_MACHINE_ID":"6334201a93644f82a11c836f3c84a03f","_HOSTNAME":"wgzk-client","_STREAM_ID":"d00c4c7b2bb14d15b90a8eadc6301309","__MONOTONIC_TIMESTAMP":"715519062","_SYSTEMD_CGROUP":"/system.slice/system-wgzk\\x2dm7.slice/wgzk-m7@wgc2.service","_TRANSPORT":"stdout","_CAP_EFFECTIVE":"1ffffffffff","_SELINUX_CONTEXT":"unconfined\n","_COMM":"wg-zk-daemon","_EXE":"/usr/local/bin/wg-zk-daemon","_GID":"0","SYSLOG_FACILITY":"3","__REALTIME_TIMESTAMP":"1790766399176395","SYSLOG_IDENTIFIER":"env","_SYSTEMD_INVOCATION_ID":"f8784f123c904a4691dee77ba1d28a55","PRIORITY":"6","_SYSTEMD_UNIT":"wgzk-m7@wgc2.service","_PID":"4868","__CURSOR":"s=a04ba51497c94fceb15b4fa2d2c14874;i=3e33;b=dfcb8dac886d4627bbdfedf02e3e59de;m=2aa5f456;t=65cb14b193ecb;x=f64850420719c59a","_SYSTEMD_SLICE":"system-wgzk\\x2dm7.slice","_BOOT_ID":"dfcb8dac886d4627bbdfedf02e3e59de","_UID":"0","_CMDLINE":"/usr/local/bin/wg-zk-daemon"}
{"_CAP_EFFECTIVE":"1ffffffffff","_SYSTEMD_SLICE":"system-wgzk\\x2dm7.slice","_GID":"0","_CMDLINE":"/usr/local/bin/wg-zk-daemon","__MONOTONIC_TIMESTAMP":"716764225","_UID":"0","_PID":"4868","MESSAGE":"[timing] side=client token=3035532782 nonce_prefix=7cf06803 result=ok zk_us=46 encap_us=74 tls_us=2514 write_us=26 psk_us=20 tail_us=1 total_us=2800","__REALTIME_TIMESTAMP":"1790766400421557","__CURSOR":"s=a04ba51497c94fceb15b4fa2d2c14874;i=3e44;b=dfcb8dac886d4627bbdfedf02e3e59de;m=2ab8f441;t=65cb14b2c3eb5;x=6d71ea4146a8b277","_EXE":"/usr/local/bin/wg-zk-daemon","_MACHINE_ID":"6334201a93644f82a11c836f3c84a03f","SYSLOG_FACILITY":"3","_SYSTEMD_INVOCATION_ID":"f8784f123c904a4691dee77ba1d28a55","_BOOT_ID":"dfcb8dac886d4627bbdfedf02e3e59de","_TRANSPORT":"stdout","_COMM":"wg-zk-daemon","PRIORITY":"6","SYSLOG_IDENTIFIER":"env","_SYSTEMD_UNIT":"wgzk-m7@wgc2.service","_HOSTNAME":"wgzk-client","_STREAM_ID":"d00c4c7b2bb14d15b90a8eadc6301309","_SELINUX_CONTEXT":"unconfined\n","_SYSTEMD_CGROUP":"/system.slice/system-wgzk\\x2dm7.slice/wgzk-m7@wgc2.service"}
{"MESSAGE":"[timing] side=client token=249242681 nonce_prefix=48bc2482 result=ok zk_us=49 encap_us=74 tls_us=1560 write_us=7 psk_us=40 tail_us=1 total_us=1988","_SYSTEMD_CGROUP":"/system.slice/system-wgzk\\x2dm7.slice/wgzk-m7@wgc2.service","_CMDLINE":"/usr/local/bin/wg-zk-daemon","_SYSTEMD_SLICE":"system-wgzk\\x2dm7.slice","__REALTIME_TIMESTAMP":"1790766401655834","_SYSTEMD_INVOCATION_ID":"f8784f123c904a4691dee77ba1d28a55","__MONOTONIC_TIMESTAMP":"717998502","_SELINUX_CONTEXT":"unconfined\n","_COMM":"wg-zk-daemon","__CURSOR":"s=a04ba51497c94fceb15b4fa2d2c14874;i=3e53;b=dfcb8dac886d4627bbdfedf02e3e59de;m=2acbc9a6;t=65cb14b3f141a;x=44095ed3fa556ef9","SYSLOG_IDENTIFIER":"env","SYSLOG_FACILITY":"3","_CAP_EFFECTIVE":"1ffffffffff","_UID":"0","_BOOT_ID":"dfcb8dac886d4627bbdfedf02e3e59de","_EXE":"/usr/local/bin/wg-zk-daemon","PRIORITY":"6","_SYSTEMD_UNIT":"wgzk-m7@wgc2.service","_GID":"0","_MACHINE_ID":"6334201a93644f82a11c836f3c84a03f","_HOSTNAME":"wgzk-client","_PID":"4868","_STREAM_ID":"d00c4c7b2bb14d15b90a8eadc6301309","_TRANSPORT":"stdout"}
{"_GID":"0","PRIORITY":"6","__CURSOR":"s=a04ba51497c94fceb15b4fa2d2c14874;i=3e63;b=dfcb8dac886d4627bbdfedf02e3e59de;m=2ade9c37;t=65cb14b51e6ac;x=ada3b2acd745d6a6","_UID":"0","_TRANSPORT":"stdout","_SYSTEMD_SLICE":"system-wgzk\\x2dm7.slice","_STREAM_ID":"d00c4c7b2bb14d15b90a8eadc6301309","_SYSTEMD_UNIT":"wgzk-m7@wgc2.service","__REALTIME_TIMESTAMP":"1790766402889388","_HOSTNAME":"wgzk-client","MESSAGE":"[timing] side=client token=1818581181 nonce_prefix=9bfcb568 result=ok zk_us=44 encap_us=76 tls_us=1834 write_us=5 psk_us=18 tail_us=0 total_us=2284","SYSLOG_IDENTIFIER":"env","_SYSTEMD_CGROUP":"/system.slice/system-wgzk\\x2dm7.slice/wgzk-m7@wgc2.service","_CAP_EFFECTIVE":"1ffffffffff","_PID":"4868","SYSLOG_FACILITY":"3","_COMM":"wg-zk-daemon","_SYSTEMD_INVOCATION_ID":"f8784f123c904a4691dee77ba1d28a55","_EXE":"/usr/local/bin/wg-zk-daemon","_SELINUX_CONTEXT":"unconfined\n","_BOOT_ID":"dfcb8dac886d4627bbdfedf02e3e59de","_CMDLINE":"/usr/local/bin/wg-zk-daemon","__MONOTONIC_TIMESTAMP":"719232055","_MACHINE_ID":"6334201a93644f82a11c836f3c84a03f"}
{"_SYSTEMD_CGROUP":"/system.slice/system-wgzk\\x2dm7.slice/wgzk-m7@wgc2.service","MESSAGE":"[timing] side=client token=2308364357 nonce_prefix=f06ef64f result=ok zk_us=52 encap_us=77 tls_us=2121 write_us=26 psk_us=19 tail_us=1 total_us=2377","_GID":"0","SYSLOG_FACILITY":"3","_CMDLINE":"/usr/local/bin/wg-zk-daemon","__MONOTONIC_TIMESTAMP":"720464225","_BOOT_ID":"dfcb8dac886d4627bbdfedf02e3e59de","_SYSTEMD_SLICE":"system-wgzk\\x2dm7.slice","_SYSTEMD_UNIT":"wgzk-m7@wgc2.service","_SYSTEMD_INVOCATION_ID":"f8784f123c904a4691dee77ba1d28a55","SYSLOG_IDENTIFIER":"env","_PID":"4868","PRIORITY":"6","__REALTIME_TIMESTAMP":"1790766404121557","__CURSOR":"s=a04ba51497c94fceb15b4fa2d2c14874;i=3e73;b=dfcb8dac886d4627bbdfedf02e3e59de;m=2af16961;t=65cb14b64b3d5;x=cd52686f33d26ce5","_HOSTNAME":"wgzk-client","_MACHINE_ID":"6334201a93644f82a11c836f3c84a03f","_EXE":"/usr/local/bin/wg-zk-daemon","_UID":"0","_COMM":"wg-zk-daemon","_TRANSPORT":"stdout","_CAP_EFFECTIVE":"1ffffffffff","_SELINUX_CONTEXT":"unconfined\n","_STREAM_ID":"d00c4c7b2bb14d15b90a8eadc6301309"}
{"_SYSTEMD_SLICE":"system-wgzk\\x2dm7.slice","_UID":"0","__CURSOR":"s=a04ba51497c94fceb15b4fa2d2c14874;i=3e84;b=dfcb8dac886d4627bbdfedf02e3e59de;m=2b0440ad;t=65cb14b778b21;x=d9904a159364a7c8","SYSLOG_FACILITY":"3","_STREAM_ID":"d00c4c7b2bb14d15b90a8eadc6301309","_TRANSPORT":"stdout","_SYSTEMD_INVOCATION_ID":"f8784f123c904a4691dee77ba1d28a55","_MACHINE_ID":"6334201a93644f82a11c836f3c84a03f","SYSLOG_IDENTIFIER":"env","_SELINUX_CONTEXT":"unconfined\n","_GID":"0","_EXE":"/usr/local/bin/wg-zk-daemon","_BOOT_ID":"dfcb8dac886d4627bbdfedf02e3e59de","__MONOTONIC_TIMESTAMP":"721698989","__REALTIME_TIMESTAMP":"1790766405356321","PRIORITY":"6","MESSAGE":"[timing] side=client token=3809250779 nonce_prefix=8f067cdf result=ok zk_us=75 encap_us=73 tls_us=1560 write_us=29 psk_us=21 tail_us=1 total_us=1837","_HOSTNAME":"wgzk-client","_CMDLINE":"/usr/local/bin/wg-zk-daemon","_PID":"4868","_SYSTEMD_UNIT":"wgzk-m7@wgc2.service","_COMM":"wg-zk-daemon","_SYSTEMD_CGROUP":"/system.slice/system-wgzk\\x2dm7.slice/wgzk-m7@wgc2.service","_CAP_EFFECTIVE":"1ffffffffff"}
{"_MACHINE_ID":"6334201a93644f82a11c836f3c84a03f","SYSLOG_IDENTIFIER":"env","__CURSOR":"s=a04ba51497c94fceb15b4fa2d2c14874;i=3e94;b=dfcb8dac886d4627bbdfedf02e3e59de;m=2b170a97;t=65cb14b8a550c;x=78d1c36da2625176","_SYSTEMD_CGROUP":"/system.slice/system-wgzk\\x2dm7.slice/wgzk-m7@wgc2.service","_GID":"0","_TRANSPORT":"stdout","_SYSTEMD_INVOCATION_ID":"f8784f123c904a4691dee77ba1d28a55","_PID":"4868","SYSLOG_FACILITY":"3","PRIORITY":"6","_EXE":"/usr/local/bin/wg-zk-daemon","__REALTIME_TIMESTAMP":"1790766406587660","_CMDLINE":"/usr/local/bin/wg-zk-daemon","MESSAGE":"[timing] side=client token=2403390492 nonce_prefix=0a6ed224 result=ok zk_us=222 encap_us=125 tls_us=2269 write_us=28 psk_us=37 tail_us=1 total_us=2821","_STREAM_ID":"d00c4c7b2bb14d15b90a8eadc6301309","_SELINUX_CONTEXT":"unconfined\n","_UID":"0","_BOOT_ID":"dfcb8dac886d4627bbdfedf02e3e59de","__MONOTONIC_TIMESTAMP":"722930327","_SYSTEMD_SLICE":"system-wgzk\\x2dm7.slice","_SYSTEMD_UNIT":"wgzk-m7@wgc2.service","_HOSTNAME":"wgzk-client","_CAP_EFFECTIVE":"1ffffffffff","_COMM":"wg-zk-daemon"}
{"_SYSTEMD_SLICE":"system-wgzk\\x2dm7.slice","__REALTIME_TIMESTAMP":"1790766407830108","SYSLOG_FACILITY":"3","_EXE":"/usr/local/bin/wg-zk-daemon","__CURSOR":"s=a04ba51497c94fceb15b4fa2d2c14874;i=3ea4;b=dfcb8dac886d4627bbdfedf02e3e59de;m=2b29ffe8;t=65cb14b9d4a5c;x=a1730be09df09cc9","_TRANSPORT":"stdout","_SELINUX_CONTEXT":"unconfined\n","_MACHINE_ID":"6334201a93644f82a11c836f3c84a03f","_COMM":"wg-zk-daemon","_PID":"4868","_UID":"0","SYSLOG_IDENTIFIER":"env","PRIORITY":"6","_SYSTEMD_CGROUP":"/system.slice/system-wgzk\\x2dm7.slice/wgzk-m7@wgc2.service","__MONOTONIC_TIMESTAMP":"724172776","_SYSTEMD_UNIT":"wgzk-m7@wgc2.service","_CAP_EFFECTIVE":"1ffffffffff","_STREAM_ID":"d00c4c7b2bb14d15b90a8eadc6301309","MESSAGE":"[timing] side=client token=2410327595 nonce_prefix=1e420f17 result=ok zk_us=128 encap_us=104 tls_us=2170 write_us=33 psk_us=37 tail_us=1 total_us=2565","_BOOT_ID":"dfcb8dac886d4627bbdfedf02e3e59de","_CMDLINE":"/usr/local/bin/wg-zk-daemon","_GID":"0","_HOSTNAME":"wgzk-client","_SYSTEMD_INVOCATION_ID":"f8784f123c904a4691dee77ba1d28a55"}
{"_SYSTEMD_CGROUP":"/system.slice/system-wgzk\\x2dm7.slice/wgzk-m7@wgc2.service","PRIORITY":"6","_COMM":"wg-zk-daemon","_BOOT_ID":"dfcb8dac886d4627bbdfedf02e3e59de","SYSLOG_FACILITY":"3","__CURSOR":"s=a04ba51497c94fceb15b4fa2d2c14874;i=3eb1;b=dfcb8dac886d4627bbdfedf02e3e59de;m=2b3cff86;t=65cb14bb049fa;x=2fad0e7670034a61","_EXE":"/usr/local/bin/wg-zk-daemon","SYSLOG_IDENTIFIER":"env","MESSAGE":"[timing] side=client token=1689600628 nonce_prefix=18e8619f result=ok zk_us=45 encap_us=74 tls_us=2270 write_us=27 psk_us=28 tail_us=1 total_us=2535","_SYSTEMD_INVOCATION_ID":"f8784f123c904a4691dee77ba1d28a55","__MONOTONIC_TIMESTAMP":"725417862","_CAP_EFFECTIVE":"1ffffffffff","_SYSTEMD_UNIT":"wgzk-m7@wgc2.service","_UID":"0","_PID":"4868","_SELINUX_CONTEXT":"unconfined\n","_GID":"0","_MACHINE_ID":"6334201a93644f82a11c836f3c84a03f","_SYSTEMD_SLICE":"system-wgzk\\x2dm7.slice","_TRANSPORT":"stdout","_STREAM_ID":"d00c4c7b2bb14d15b90a8eadc6301309","_HOSTNAME":"wgzk-client","__REALTIME_TIMESTAMP":"1790766409075194","_CMDLINE":"/usr/local/bin/wg-zk-daemon"}
{"_SYSTEMD_SLICE":"system-wgzk\\x2dm7.slice","SYSLOG_FACILITY":"3","_BOOT_ID":"dfcb8dac886d4627bbdfedf02e3e59de","__CURSOR":"s=a04ba51497c94fceb15b4fa2d2c14874;i=3ec3;b=dfcb8dac886d4627bbdfedf02e3e59de;m=2b4fcc4a;t=65cb14bc316be;x=1756d548817eb75c","__MONOTONIC_TIMESTAMP":"726649930","_UID":"0","_CAP_EFFECTIVE":"1ffffffffff","__REALTIME_TIMESTAMP":"1790766410307262","SYSLOG_IDENTIFIER":"env","_SYSTEMD_INVOCATION_ID":"f8784f123c904a4691dee77ba1d28a55","_EXE":"/usr/local/bin/wg-zk-daemon","_CMDLINE":"/usr/local/bin/wg-zk-daemon","_TRANSPORT":"stdout","_SELINUX_CONTEXT":"unconfined\n","_MACHINE_ID":"6334201a93644f82a11c836f3c84a03f","MESSAGE":"[timing] side=client token=207251408 nonce_prefix=e6f391f6 result=ok zk_us=45 encap_us=73 tls_us=1979 write_us=5 psk_us=19 tail_us=1 total_us=2198","_HOSTNAME":"wgzk-client","_PID":"4868","_COMM":"wg-zk-daemon","_STREAM_ID":"d00c4c7b2bb14d15b90a8eadc6301309","_SYSTEMD_CGROUP":"/system.slice/system-wgzk\\x2dm7.slice/wgzk-m7@wgc2.service","_SYSTEMD_UNIT":"wgzk-m7@wgc2.service","PRIORITY":"6","_GID":"0"}
{"SYSLOG_FACILITY":"3","_STREAM_ID":"d00c4c7b2bb14d15b90a8eadc6301309","_MACHINE_ID":"6334201a93644f82a11c836f3c84a03f","_UID":"0","_TRANSPORT":"stdout","_GID":"0","__MONOTONIC_TIMESTAMP":"727886426","_HOSTNAME":"wgzk-client","_SYSTEMD_INVOCATION_ID":"f8784f123c904a4691dee77ba1d28a55","_EXE":"/usr/local/bin/wg-zk-daemon","_SYSTEMD_SLICE":"system-wgzk\\x2dm7.slice","SYSLOG_IDENTIFIER":"env","PRIORITY":"6","_SELINUX_CONTEXT":"unconfined\n","__CURSOR":"s=a04ba51497c94fceb15b4fa2d2c14874;i=3ed4;b=dfcb8dac886d4627bbdfedf02e3e59de;m=2b62aa5a;t=65cb14bd5f4ce;x=7a24625dd44df22a","__REALTIME_TIMESTAMP":"1790766411543758","_COMM":"wg-zk-daemon","_CMDLINE":"/usr/local/bin/wg-zk-daemon","MESSAGE":"[timing] side=client token=1144796616 nonce_prefix=1c498b29 result=ok zk_us=46 encap_us=73 tls_us=2514 write_us=7 psk_us=504 tail_us=1 total_us=3179","_BOOT_ID":"dfcb8dac886d4627bbdfedf02e3e59de","_PID":"4868","_CAP_EFFECTIVE":"1ffffffffff","_SYSTEMD_CGROUP":"/system.slice/system-wgzk\\x2dm7.slice/wgzk-m7@wgc2.service","_SYSTEMD_UNIT":"wgzk-m7@wgc2.service"}
{"_UID":"0","_CMDLINE":"/usr/local/bin/wg-zk-daemon","_MACHINE_ID":"6334201a93644f82a11c836f3c84a03f","MESSAGE":"[timing] side=client token=3137246955 nonce_prefix=a6ce6925 result=ok zk_us=45 encap_us=73 tls_us=2073 write_us=95 psk_us=22 tail_us=1 total_us=2344","_SYSTEMD_CGROUP":"/system.slice/system-wgzk\\x2dm7.slice/wgzk-m7@wgc2.service","_SYSTEMD_SLICE":"system-wgzk\\x2dm7.slice","PRIORITY":"6","__REALTIME_TIMESTAMP":"1790766412781853","_EXE":"/usr/local/bin/wg-zk-daemon","_SYSTEMD_UNIT":"wgzk-m7@wgc2.service","__CURSOR":"s=a04ba51497c94fceb15b4fa2d2c14874;i=3ee4;b=dfcb8dac886d4627bbdfedf02e3e59de;m=2b758ea8;t=65cb14be8d91d;x=6bd752c89d0410eb","_PID":"4868","_CAP_EFFECTIVE":"1ffffffffff","_GID":"0","_STREAM_ID":"d00c4c7b2bb14d15b90a8eadc6301309","_SELINUX_CONTEXT":"unconfined\n","_SYSTEMD_INVOCATION_ID":"f8784f123c904a4691dee77ba1d28a55","_COMM":"wg-zk-daemon","SYSLOG_IDENTIFIER":"env","_TRANSPORT":"stdout","SYSLOG_FACILITY":"3","__MONOTONIC_TIMESTAMP":"729124520","_HOSTNAME":"wgzk-client","_BOOT_ID":"dfcb8dac886d4627bbdfedf02e3e59de"}
{"_COMM":"wg-zk-daemon","_BOOT_ID":"dfcb8dac886d4627bbdfedf02e3e59de","_UID":"0","_CAP_EFFECTIVE":"1ffffffffff","_EXE":"/usr/local/bin/wg-zk-daemon","__REALTIME_TIMESTAMP":"1790766414008608","_GID":"0","__CURSOR":"s=a04ba51497c94fceb15b4fa2d2c14874;i=3ef1;b=dfcb8dac886d4627bbdfedf02e3e59de;m=2b8846ac;t=65cb14bfb9120;x=f83602a8ac82d9e9","_MACHINE_ID":"6334201a93644f82a11c836f3c84a03f","_CMDLINE":"/usr/local/bin/wg-zk-daemon","_HOSTNAME":"wgzk-client","_SELINUX_CONTEXT":"unconfined\n","_SYSTEMD_CGROUP":"/system.slice/system-wgzk\\x2dm7.slice/wgzk-m7@wgc2.service","_PID":"4868","SYSLOG_FACILITY":"3","_TRANSPORT":"stdout","_SYSTEMD_UNIT":"wgzk-m7@wgc2.service","SYSLOG_IDENTIFIER":"env","PRIORITY":"6","_SYSTEMD_INVOCATION_ID":"f8784f123c904a4691dee77ba1d28a55","_SYSTEMD_SLICE":"system-wgzk\\x2dm7.slice","__MONOTONIC_TIMESTAMP":"730351276","_STREAM_ID":"d00c4c7b2bb14d15b90a8eadc6301309","MESSAGE":"[timing] side=client token=3755523038 nonce_prefix=0669ea51 result=ok zk_us=44 encap_us=76 tls_us=2320 write_us=8 psk_us=45 tail_us=1 total_us=2546"}
{"_SYSTEMD_SLICE":"system-wgzk\\x2dm7.slice","_STREAM_ID":"d00c4c7b2bb14d15b90a8eadc6301309","_SYSTEMD_CGROUP":"/system.slice/system-wgzk\\x2dm7.slice/wgzk-m7@wgc2.service","_GID":"0","_SYSTEMD_UNIT":"wgzk-m7@wgc2.service","__CURSOR":"s=a04ba51497c94fceb15b4fa2d2c14874;i=3f04;b=dfcb8dac886d4627bbdfedf02e3e59de;m=2b9b131d;t=65cb14c0e5d92;x=2484fda78560ae1","_COMM":"wg-zk-daemon","SYSLOG_IDENTIFIER":"env","_EXE":"/usr/local/bin/wg-zk-daemon","_TRANSPORT":"stdout","_HOSTNAME":"wgzk-client","__MONOTONIC_TIMESTAMP":"731583261","SYSLOG_FACILITY":"3","_SYSTEMD_INVOCATION_ID":"f8784f123c904a4691dee77ba1d28a55","_CAP_EFFECTIVE":"1ffffffffff","_SELINUX_CONTEXT":"unconfined\n","_UID":"0","MESSAGE":"[timing] side=client token=830756547 nonce_prefix=5f14f699 result=ok zk_us=88 encap_us=192 tls_us=1980 write_us=14 psk_us=42 tail_us=1 total_us=2487","_PID":"4868","_MACHINE_ID":"6334201a93644f82a11c836f3c84a03f","PRIORITY":"6","__REALTIME_TIMESTAMP":"1790766415240594","_CMDLINE":"/usr/local/bin/wg-zk-daemon","_BOOT_ID":"dfcb8dac886d4627bbdfedf02e3e59de"}
{"_HOSTNAME":"wgzk-client","MESSAGE":"[timing] side=client token=3372659380 nonce_prefix=d5a17395 result=ok zk_us=46 encap_us=139 tls_us=1793 write_us=7 psk_us=19 tail_us=1 total_us=2088","_STREAM_ID":"d00c4c7b2bb14d15b90a8eadc6301309","_SELINUX_CONTEXT":"unconfined\n","_TRANSPORT":"stdout","__REALTIME_TIMESTAMP":"1790766416470957","PRIORITY":"6","__MONOTONIC_TIMESTAMP":"732813624","_PID":"4868","_BOOT_ID":"dfcb8dac886d4627bbdfedf02e3e59de","_GID":"0","_SYSTEMD_SLICE":"system-wgzk\\x2dm7.slice","_EXE":"/usr/local/bin/wg-zk-daemon","SYSLOG_FACILITY":"3","_SYSTEMD_UNIT":"wgzk-m7@wgc2.service","__CURSOR":"s=a04ba51497c94fceb15b4fa2d2c14874;i=3f13;b=dfcb8dac886d4627bbdfedf02e3e59de;m=2badd938;t=65cb14c2123ad;x=6e5d59aaa221acfb","_SYSTEMD_INVOCATION_ID":"f8784f123c904a4691dee77ba1d28a55","_UID":"0","_CAP_EFFECTIVE":"1ffffffffff","_MACHINE_ID":"6334201a93644f82a11c836f3c84a03f","_CMDLINE":"/usr/local/bin/wg-zk-daemon","_COMM":"wg-zk-daemon","SYSLOG_IDENTIFIER":"env","_SYSTEMD_CGROUP":"/system.slice/system-wgzk\\x2dm7.slice/wgzk-m7@wgc2.service"}
{"_SYSTEMD_UNIT":"wgzk-m7@wgc2.service","_CAP_EFFECTIVE":"1ffffffffff","__REALTIME_TIMESTAMP":"1790766417708477","_GID":"0","PRIORITY":"6","_SYSTEMD_SLICE":"system-wgzk\\x2dm7.slice","_TRANSPORT":"stdout","_HOSTNAME":"wgzk-client","_MACHINE_ID":"6334201a93644f82a11c836f3c84a03f","_STREAM_ID":"d00c4c7b2bb14d15b90a8eadc6301309","_SYSTEMD_CGROUP":"/system.slice/system-wgzk\\x2dm7.slice/wgzk-m7@wgc2.service","__MONOTONIC_TIMESTAMP":"734051145","SYSLOG_FACILITY":"3","_CMDLINE":"/usr/local/bin/wg-zk-daemon","__CURSOR":"s=a04ba51497c94fceb15b4fa2d2c14874;i=3f24;b=dfcb8dac886d4627bbdfedf02e3e59de;m=2bc0bb49;t=65cb14c3405bd;x=2dcd0bbf15f68b63","_SELINUX_CONTEXT":"unconfined\n","_EXE":"/usr/local/bin/wg-zk-daemon","_UID":"0","_COMM":"wg-zk-daemon","_PID":"4868","MESSAGE":"[timing] side=client token=2518532010 nonce_prefix=d028585a result=ok zk_us=46 encap_us=73 tls_us=2365 write_us=29 psk_us=73 tail_us=1 total_us=2697","SYSLOG_IDENTIFIER":"env","_BOOT_ID":"dfcb8dac886d4627bbdfedf02e3e59de","_SYSTEMD_INVOCATION_ID":"f8784f123c904a4691dee77ba1d28a55"}
{"SYSLOG_IDENTIFIER":"env","_EXE":"/usr/local/bin/wg-zk-daemon","SYSLOG_FACILITY":"3","_SYSTEMD_UNIT":"wgzk-m7@wgc2.service","_UID":"0","MESSAGE":"[timing] side=client token=846695184 nonce_prefix=2b5f5eff result=ok zk_us=46 encap_us=74 tls_us=2097 write_us=28 psk_us=22 tail_us=1 total_us=2326","_STREAM_ID":"d00c4c7b2bb14d15b90a8eadc6301309","_COMM":"wg-zk-daemon","_MACHINE_ID":"6334201a93644f82a11c836f3c84a03f","_HOSTNAME":"wgzk-client","_BOOT_ID":"dfcb8dac886d4627bbdfedf02e3e59de","__REALTIME_TIMESTAMP":"1790766418947863","_CAP_EFFECTIVE":"1ffffffffff","_SYSTEMD_CGROUP":"/system.slice/system-wgzk\\x2dm7.slice/wgzk-m7@wgc2.service","_TRANSPORT":"stdout","_SYSTEMD_SLICE":"system-wgzk\\x2dm7.slice","_GID":"0","_SELINUX_CONTEXT":"unconfined\n","__CURSOR":"s=a04ba51497c94fceb15b4fa2d2c14874;i=3f34;b=dfcb8dac886d4627bbdfedf02e3e59de;m=2bd3a4a2;t=65cb14c46ef17;x=9a6de355f35eae3","_SYSTEMD_INVOCATION_ID":"f8784f123c904a4691dee77ba1d28a55","PRIORITY":"6","_CMDLINE":"/usr/local/bin/wg-zk-daemon","__MONOTONIC_TIMESTAMP":"735290530","_PID":"4868"}
{"_BOOT_ID":"dfcb8dac886d4627bbdfedf02e3e59de","_PID":"4868","_SYSTEMD_CGROUP":"/system.slice/system-wgzk\\x2dm7.slice/wgzk-m7@wgc2.service","SYSLOG_FACILITY":"3","PRIORITY":"6","_MACHINE_ID":"6334201a93644f82a11c836f3c84a03f","_TRANSPORT":"stdout","_SELINUX_CONTEXT":"unconfined\n","SYSLOG_IDENTIFIER":"env","__MONOTONIC_TIMESTAMP":"736517208","__REALTIME_TIMESTAMP":"1790766420174541","_STREAM_ID":"d00c4c7b2bb14d15b90a8eadc6301309","_CAP_EFFECTIVE":"1ffffffffff","_SYSTEMD_SLICE":"system-wgzk\\x2dm7.slice","_GID":"0","_COMM":"wg-zk-daemon","_HOSTNAME":"wgzk-client","MESSAGE":"[timing] side=client token=1746452458 nonce_prefix=47e22559 result=ok zk_us=45 encap_us=73 tls_us=2397 write_us=28 psk_us=27 tail_us=1 total_us=2644","_UID":"0","_EXE":"/usr/local/bin/wg-zk-daemon","_SYSTEMD_INVOCATION_ID":"f8784f123c904a4691dee77ba1d28a55","_CMDLINE":"/usr/local/bin/wg-zk-daemon","__CURSOR":"s=a04ba51497c94fceb15b4fa2d2c14874;i=3f44;b=dfcb8dac886d4627bbdfedf02e3e59de;m=2be65c58;t=65cb14c59a6cd;x=dbaee82ab03076e1","_SYSTEMD_UNIT":"wgzk-m7@wgc2.service"}
{"_SYSTEMD_UNIT":"wgzk-m7@wgc2.service","_SYSTEMD_SLICE":"system-wgzk\\x2dm7.slice","__REALTIME_TIMESTAMP":"1790766421408858","MESSAGE":"[timing] side=client token=1332391820 nonce_prefix=c1bff32a result=ok zk_us=45 encap_us=238 tls_us=2226 write_us=27 psk_us=34 tail_us=1 total_us=2739","_SYSTEMD_CGROUP":"/system.slice/system-wgzk\\x2dm7.slice/wgzk-m7@wgc2.service","SYSLOG_IDENTIFIER":"env","_UID":"0","_COMM":"wg-zk-daemon","_EXE":"/usr/local/bin/wg-zk-daemon","_SELINUX_CONTEXT":"unconfined\n","_STREAM_ID":"d00c4c7b2bb14d15b90a8eadc6301309","_GID":"0","_BOOT_ID":"dfcb8dac886d4627bbdfedf02e3e59de","__CURSOR":"s=a04ba51497c94fceb15b4fa2d2c14874;i=3f54;b=dfcb8dac886d4627bbdfedf02e3e59de;m=2bf931e6;t=65cb14c6c7c5a;x=bb9632e12e55a558","_HOSTNAME":"wgzk-client","_TRANSPORT":"stdout","_CMDLINE":"/usr/local/bin/wg-zk-daemon","_CAP_EFFECTIVE":"1ffffffffff","_PID":"4868","_SYSTEMD_INVOCATION_ID":"f8784f123c904a4691dee77ba1d28a55","__MONOTONIC_TIMESTAMP":"737751526","PRIORITY":"6","_MACHINE_ID":"6334201a93644f82a11c836f3c84a03f","SYSLOG_FACILITY":"3"}
{"PRIORITY":"6","_STREAM_ID":"d00c4c7b2bb14d15b90a8eadc6301309","SYSLOG_FACILITY":"3","_BOOT_ID":"dfcb8dac886d4627bbdfedf02e3e59de","_SYSTEMD_SLICE":"system-wgzk\\x2dm7.slice","_TRANSPORT":"stdout","__MONOTONIC_TIMESTAMP":"738996273","_MACHINE_ID":"6334201a93644f82a11c836f3c84a03f","_PID":"4868","_SYSTEMD_INVOCATION_ID":"f8784f123c904a4691dee77ba1d28a55","_SYSTEMD_CGROUP":"/system.slice/system-wgzk\\x2dm7.slice/wgzk-m7@wgc2.service","_SYSTEMD_UNIT":"wgzk-m7@wgc2.service","MESSAGE":"[timing] side=client token=3200693965 nonce_prefix=71d030fe result=ok zk_us=48 encap_us=491 tls_us=1737 write_us=27 psk_us=38 tail_us=1 total_us=2447","__REALTIME_TIMESTAMP":"1790766422653605","__CURSOR":"s=a04ba51497c94fceb15b4fa2d2c14874;i=3f64;b=dfcb8dac886d4627bbdfedf02e3e59de;m=2c0c3031;t=65cb14c7f7aa5;x=66b220240ce85fdf","_CMDLINE":"/usr/local/bin/wg-zk-daemon","_HOSTNAME":"wgzk-client","_GID":"0","_CAP_EFFECTIVE":"1ffffffffff","_UID":"0","_COMM":"wg-zk-daemon","SYSLOG_IDENTIFIER":"env","_EXE":"/usr/local/bin/wg-zk-daemon","_SELINUX_CONTEXT":"unconfined\n"}
{"PRIORITY":"6","__REALTIME_TIMESTAMP":"1790766423884076","_SELINUX_CONTEXT":"unconfined\n","_GID":"0","SYSLOG_FACILITY":"3","_CAP_EFFECTIVE":"1ffffffffff","__MONOTONIC_TIMESTAMP":"740226743","_COMM":"wg-zk-daemon","_EXE":"/usr/local/bin/wg-zk-daemon","_SYSTEMD_CGROUP":"/system.slice/system-wgzk\\x2dm7.slice/wgzk-m7@wgc2.service","_SYSTEMD_SLICE":"system-wgzk\\x2dm7.slice","_MACHINE_ID":"6334201a93644f82a11c836f3c84a03f","_BOOT_ID":"dfcb8dac886d4627bbdfedf02e3e59de","_TRANSPORT":"stdout","_UID":"0","MESSAGE":"[timing] side=client token=3008877108 nonce_prefix=bf129897 result=ok zk_us=44 encap_us=139 tls_us=2000 write_us=27 psk_us=20 tail_us=1 total_us=2314","_SYSTEMD_UNIT":"wgzk-m7@wgc2.service","_SYSTEMD_INVOCATION_ID":"f8784f123c904a4691dee77ba1d28a55","_HOSTNAME":"wgzk-client","SYSLOG_IDENTIFIER":"env","__CURSOR":"s=a04ba51497c94fceb15b4fa2d2c14874;i=3f72;b=dfcb8dac886d4627bbdfedf02e3e59de;m=2c1ef6b7;t=65cb14c92412c;x=b8283b713fe75efd","_STREAM_ID":"d00c4c7b2bb14d15b90a8eadc6301309","_PID":"4868","_CMDLINE":"/usr/local/bin/wg-zk-daemon"}
{"_SYSTEMD_INVOCATION_ID":"f8784f123c904a4691dee77ba1d28a55","_GID":"0","MESSAGE":"[timing] side=client token=952833352 nonce_prefix=a26a2827 result=ok zk_us=50 encap_us=73 tls_us=1707 write_us=28 psk_us=77 tail_us=1 total_us=2023","_MACHINE_ID":"6334201a93644f82a11c836f3c84a03f","_UID":"0","SYSLOG_FACILITY":"3","_EXE":"/usr/local/bin/wg-zk-daemon","_SYSTEMD_SLICE":"system-wgzk\\x2dm7.slice","_CMDLINE":"/usr/local/bin/wg-zk-daemon","_BOOT_ID":"dfcb8dac886d4627bbdfedf02e3e59de","_CAP_EFFECTIVE":"1ffffffffff","__MONOTONIC_TIMESTAMP":"741456101","_SYSTEMD_UNIT":"wgzk-m7@wgc2.service","_TRANSPORT":"stdout","_STREAM_ID":"d00c4c7b2bb14d15b90a8eadc6301309","SYSLOG_IDENTIFIER":"env","__CURSOR":"s=a04ba51497c94fceb15b4fa2d2c14874;i=3f82;b=dfcb8dac886d4627bbdfedf02e3e59de;m=2c31b8e5;t=65cb14ca50359;x=3911b0a935ebdf67","_HOSTNAME":"wgzk-client","PRIORITY":"6","__REALTIME_TIMESTAMP":"1790766425113433","_COMM":"wg-zk-daemon","_SELINUX_CONTEXT":"unconfined\n","_PID":"4868","_SYSTEMD_CGROUP":"/system.slice/system-wgzk\\x2dm7.slice/wgzk-m7@wgc2.service"}
{"SYSLOG_IDENTIFIER":"env","__MONOTONIC_TIMESTAMP":"742708758","_SELINUX_CONTEXT":"unconfined\n","__CURSOR":"s=a04ba51497c94fceb15b4fa2d2c14874;i=3f91;b=dfcb8dac886d4627bbdfedf02e3e59de;m=2c44d616;t=65cb14cb8208a;x=12fd289dfda6c637","__REALTIME_TIMESTAMP":"1790766426366090","_UID":"0","_COMM":"wg-zk-daemon","_PID":"4868","_TRANSPORT":"stdout","PRIORITY":"6","_SYSTEMD_CGROUP":"/system.slice/system-wgzk\\x2dm7.slice/wgzk-m7@wgc2.service","_GID":"0","_HOSTNAME":"wgzk-client","SYSLOG_FACILITY":"3","_STREAM_ID":"d00c4c7b2bb14d15b90a8eadc6301309","_EXE":"/usr/local/bin/wg-zk-daemon","_SYSTEMD_UNIT":"wgzk-m7@wgc2.service","_BOOT_ID":"dfcb8dac886d4627bbdfedf02e3e59de","_SYSTEMD_INVOCATION_ID":"f8784f123c904a4691dee77ba1d28a55","_SYSTEMD_SLICE":"system-wgzk\\x2dm7.slice","_CMDLINE":"/usr/local/bin/wg-zk-daemon","MESSAGE":"[timing] side=client token=3490263217 nonce_prefix=e013cdd7 result=ok zk_us=44 encap_us=74 tls_us=1879 write_us=6 psk_us=46 tail_us=1 total_us=2104","_CAP_EFFECTIVE":"1ffffffffff","_MACHINE_ID":"6334201a93644f82a11c836f3c84a03f"}
{"__CURSOR":"s=a04ba51497c94fceb15b4fa2d2c14874;i=3fa2;b=dfcb8dac886d4627bbdfedf02e3e59de;m=2c579e06;t=65cb14ccae87a;x=579ea9d365105d4","_STREAM_ID":"d00c4c7b2bb14d15b90a8eadc6301309","_SELINUX_CONTEXT":"unconfined\n","_SYSTEMD_CGROUP":"/system.slice/system-wgzk\\x2dm7.slice/wgzk-m7@wgc2.service","__REALTIME_TIMESTAMP":"1790766427596922","_HOSTNAME":"wgzk-client","_PID":"4868","_TRANSPORT":"stdout","PRIORITY":"6","SYSLOG_IDENTIFIER":"env","_CAP_EFFECTIVE":"1ffffffffff","_BOOT_ID":"dfcb8dac886d4627bbdfedf02e3e59de","__MONOTONIC_TIMESTAMP":"743939590","SYSLOG_FACILITY":"3","_COMM":"wg-zk-daemon","_CMDLINE":"/usr/local/bin/wg-zk-daemon","_SYSTEMD_UNIT":"wgzk-m7@wgc2.service","_EXE":"/usr/local/bin/wg-zk-daemon","_MACHINE_ID":"6334201a93644f82a11c836f3c84a03f","_SYSTEMD_SLICE":"system-wgzk\\x2dm7.slice","_SYSTEMD_INVOCATION_ID":"f8784f123c904a4691dee77ba1d28a55","MESSAGE":"[timing] side=client token=66425337 nonce_prefix=20008ecc result=ok zk_us=46 encap_us=74 tls_us=2186 write_us=27 psk_us=47 tail_us=1 total_us=2472","_GID":"0","_UID":"0"}
{"_BOOT_ID":"dfcb8dac886d4627bbdfedf02e3e59de","_SELINUX_CONTEXT":"unconfined\n","_HOSTNAME":"wgzk-client","_COMM":"wg-zk-daemon","MESSAGE":"[timing] side=client token=2576513321 nonce_prefix=bf56bf0f result=ok zk_us=134 encap_us=98 tls_us=1536 write_us=27 psk_us=25 tail_us=1 total_us=1921","_UID":"0","_PID":"4868","SYSLOG_IDENTIFIER":"env","_GID":"0","__CURSOR":"s=a04ba51497c94fceb15b4fa2d2c14874;i=3fb3;b=dfcb8dac886d4627bbdfedf02e3e59de;m=2c6a446b;t=65cb14cdd8edf;x=f4df153002011294","_SYSTEMD_INVOCATION_ID":"f8784f123c904a4691dee77ba1d28a55","_EXE":"/usr/local/bin/wg-zk-daemon","_STREAM_ID":"d00c4c7b2bb14d15b90a8eadc6301309","_MACHINE_ID":"6334201a93644f82a11c836f3c84a03f","_TRANSPORT":"stdout","_CAP_EFFECTIVE":"1ffffffffff","_CMDLINE":"/usr/local/bin/wg-zk-daemon","__MONOTONIC_TIMESTAMP":"745161835","PRIORITY":"6","_SYSTEMD_UNIT":"wgzk-m7@wgc2.service","_SYSTEMD_SLICE":"system-wgzk\\x2dm7.slice","SYSLOG_FACILITY":"3","_SYSTEMD_CGROUP":"/system.slice/system-wgzk\\x2dm7.slice/wgzk-m7@wgc2.service","__REALTIME_TIMESTAMP":"1790766428819167"}
{"_PID":"4868","_SYSTEMD_INVOCATION_ID":"f8784f123c904a4691dee77ba1d28a55","SYSLOG_IDENTIFIER":"env","_STREAM_ID":"d00c4c7b2bb14d15b90a8eadc6301309","_EXE":"/usr/local/bin/wg-zk-daemon","_TRANSPORT":"stdout","__REALTIME_TIMESTAMP":"1790766430048733","__CURSOR":"s=a04ba51497c94fceb15b4fa2d2c14874;i=3fc3;b=dfcb8dac886d4627bbdfedf02e3e59de;m=2c7d0769;t=65cb14cf051dd;x=6cdb7853e975745c","PRIORITY":"6","_SYSTEMD_SLICE":"system-wgzk\\x2dm7.slice","_SELINUX_CONTEXT":"unconfined\n","_CMDLINE":"/usr/local/bin/wg-zk-daemon","MESSAGE":"[timing] side=client token=2687633768 nonce_prefix=37e63645 result=ok zk_us=46 encap_us=75 tls_us=2067 write_us=24 psk_us=25 tail_us=1 total_us=2347","_MACHINE_ID":"6334201a93644f82a11c836f3c84a03f","_BOOT_ID":"dfcb8dac886d4627bbdfedf02e3e59de","_UID":"0","__MONOTONIC_TIMESTAMP":"746391401","SYSLOG_FACILITY":"3","_HOSTNAME":"wgzk-client","_CAP_EFFECTIVE":"1ffffffffff","_SYSTEMD_CGROUP":"/system.slice/system-wgzk\\x2dm7.slice/wgzk-m7@wgc2.service","_GID":"0","_COMM":"wg-zk-daemon","_SYSTEMD_UNIT":"wgzk-m7@wgc2.service"}
{"_SYSTEMD_UNIT":"wgzk-m7@wgc2.service","_CMDLINE":"/usr/local/bin/wg-zk-daemon","_PID":"4868","_SYSTEMD_INVOCATION_ID":"f8784f123c904a4691dee77ba1d28a55","_SYSTEMD_SLICE":"system-wgzk\\x2dm7.slice","_STREAM_ID":"d00c4c7b2bb14d15b90a8eadc6301309","SYSLOG_IDENTIFIER":"env","_SYSTEMD_CGROUP":"/system.slice/system-wgzk\\x2dm7.slice/wgzk-m7@wgc2.service","_EXE":"/usr/local/bin/wg-zk-daemon","MESSAGE":"[timing] side=client token=1558259259 nonce_prefix=e34c06a2 result=ok zk_us=47 encap_us=75 tls_us=2024 write_us=27 psk_us=38 tail_us=1 total_us=2317","_COMM":"wg-zk-daemon","_CAP_EFFECTIVE":"1ffffffffff","_BOOT_ID":"dfcb8dac886d4627bbdfedf02e3e59de","PRIORITY":"6","_SELINUX_CONTEXT":"unconfined\n","__MONOTONIC_TIMESTAMP":"747622488","_MACHINE_ID":"6334201a93644f82a11c836f3c84a03f","__REALTIME_TIMESTAMP":"1790766431279820","_GID":"0","_TRANSPORT":"stdout","_UID":"0","_HOSTNAME":"wgzk-client","__CURSOR":"s=a04ba51497c94fceb15b4fa2d2c14874;i=3fd2;b=dfcb8dac886d4627bbdfedf02e3e59de;m=2c8fd058;t=65cb14d031acc;x=1c521604d4a2a1e6","SYSLOG_FACILITY":"3"}
{"__MONOTONIC_TIMESTAMP":"748857456","_MACHINE_ID":"6334201a93644f82a11c836f3c84a03f","_COMM":"wg-zk-daemon","_TRANSPORT":"stdout","_BOOT_ID":"dfcb8dac886d4627bbdfedf02e3e59de","_SELINUX_CONTEXT":"unconfined\n","__REALTIME_TIMESTAMP":"1790766432514788","__CURSOR":"s=a04ba51497c94fceb15b4fa2d2c14874;i=3fe2;b=dfcb8dac886d4627bbdfedf02e3e59de;m=2ca2a870;t=65cb14d15f2e4;x=53c9921039898ad8","SYSLOG_FACILITY":"3","_SYSTEMD_CGROUP":"/system.slice/system-wgzk\\x2dm7.slice/wgzk-m7@wgc2.service","_SYSTEMD_UNIT":"wgzk-m7@wgc2.service","_CMDLINE":"/usr/local/bin/wg-zk-daemon","_HOSTNAME":"wgzk-client","_PID":"4868","PRIORITY":"6","_SYSTEMD_INVOCATION_ID":"f8784f123c904a4691dee77ba1d28a55","_STREAM_ID":"d00c4c7b2bb14d15b90a8eadc6301309","_EXE":"/usr/local/bin/wg-zk-daemon","SYSLOG_IDENTIFIER":"env","MESSAGE":"[timing] side=client token=1590638913 nonce_prefix=ba331e4c result=ok zk_us=57 encap_us=74 tls_us=2423 write_us=28 psk_us=24 tail_us=19 total_us=2690","_UID":"0","_CAP_EFFECTIVE":"1ffffffffff","_GID":"0","_SYSTEMD_SLICE":"system-wgzk\\x2dm7.slice"}
{"_UID":"0","_SYSTEMD_SLICE":"system-wgzk\\x2dm7.slice","MESSAGE":"[timing] side=client token=2230996703 nonce_prefix=7bb05499 result=ok zk_us=46 encap_us=74 tls_us=2033 write_us=26 psk_us=33 tail_us=1 total_us=2326","PRIORITY":"6","_EXE":"/usr/local/bin/wg-zk-daemon","_SYSTEMD_UNIT":"wgzk-m7@wgc2.service","_STREAM_ID":"d00c4c7b2bb14d15b90a8eadc6301309","SYSLOG_FACILITY":"3","_SYSTEMD_INVOCATION_ID":"f8784f123c904a4691dee77ba1d28a55","__MONOTONIC_TIMESTAMP":"750095466","_CMDLINE":"/usr/local/bin/wg-zk-daemon","_CAP_EFFECTIVE":"1ffffffffff","_MACHINE_ID":"6334201a93644f82a11c836f3c84a03f","_PID":"4868","SYSLOG_IDENTIFIER":"env","_COMM":"wg-zk-daemon","__CURSOR":"s=a04ba51497c94fceb15b4fa2d2c14874;i=3ff3;b=dfcb8dac886d4627bbdfedf02e3e59de;m=2cb58c6a;t=65cb14d28d6de;x=f0549b5935bd4314","_SYSTEMD_CGROUP":"/system.slice/system-wgzk\\x2dm7.slice/wgzk-m7@wgc2.service","_TRANSPORT":"stdout","_HOSTNAME":"wgzk-client","_SELINUX_CONTEXT":"unconfined\n","__REALTIME_TIMESTAMP":"1790766433752798","_GID":"0","_BOOT_ID":"dfcb8dac886d4627bbdfedf02e3e59de"}
[exit 0]

$ [client] journalctl -u wgzk-m7@wgc3.service -o json --no-pager --after-cursor='s=a04ba51497c94fceb15b4fa2d2c14874;i=3e13;b=dfcb8dac886d4627bbdfedf02e3e59de;m=2a453fea;t=65cb14ab88a5e;x=2ce65c2625ef81fe' | grep -F '[timing]' || true
{"SYSLOG_IDENTIFIER":"env","_SYSTEMD_CGROUP":"/system.slice/system-wgzk\\x2dm7.slice/wgzk-m7@wgc3.service","_TRANSPORT":"stdout","PRIORITY":"6","_SYSTEMD_SLICE":"system-wgzk\\x2dm7.slice","__MONOTONIC_TIMESTAMP":"714280767","_CAP_EFFECTIVE":"1ffffffffff","_SELINUX_CONTEXT":"unconfined\n","_SYSTEMD_UNIT":"wgzk-m7@wgc3.service","_MACHINE_ID":"6334201a93644f82a11c836f3c84a03f","_GID":"0","SYSLOG_FACILITY":"3","_EXE":"/usr/local/bin/wg-zk-daemon","_PID":"4922","__REALTIME_TIMESTAMP":"1790766397938100","_HOSTNAME":"wgzk-client","_COMM":"wg-zk-daemon","_SYSTEMD_INVOCATION_ID":"290bde33cae142f783cf35aed3878a44","_CMDLINE":"/usr/local/bin/wg-zk-daemon","_UID":"0","__CURSOR":"s=a04ba51497c94fceb15b4fa2d2c14874;i=3e20;b=dfcb8dac886d4627bbdfedf02e3e59de;m=2a930f3f;t=65cb14b0659b4;x=630e4ee380a8360c","_STREAM_ID":"811368c74b5548ef99fe71b71f2f9cba","MESSAGE":"[timing] side=client token=3544416930 nonce_prefix=4343083f result=ok zk_us=92 encap_us=122 tls_us=2246 write_us=28 psk_us=108 tail_us=1 total_us=2730","_BOOT_ID":"dfcb8dac886d4627bbdfedf02e3e59de"}
{"PRIORITY":"6","_HOSTNAME":"wgzk-client","_SYSTEMD_UNIT":"wgzk-m7@wgc3.service","_SELINUX_CONTEXT":"unconfined\n","SYSLOG_IDENTIFIER":"env","_BOOT_ID":"dfcb8dac886d4627bbdfedf02e3e59de","_SYSTEMD_SLICE":"system-wgzk\\x2dm7.slice","_STREAM_ID":"811368c74b5548ef99fe71b71f2f9cba","_GID":"0","__REALTIME_TIMESTAMP":"1790766399176772","_COMM":"wg-zk-daemon","_UID":"0","MESSAGE":"[timing] side=client token=2216040906 nonce_prefix=b48dc77f result=ok zk_us=45 encap_us=80 tls_us=2658 write_us=8 psk_us=38 tail_us=1 total_us=2877","_SYSTEMD_CGROUP":"/system.slice/system-wgzk\\x2dm7.slice/wgzk-m7@wgc3.service","_MACHINE_ID":"6334201a93644f82a11c836f3c84a03f","_CMDLINE":"/usr/local/bin/wg-zk-daemon","_TRANSPORT":"stdout","_SYSTEMD_INVOCATION_ID":"290bde33cae142f783cf35aed3878a44","_EXE":"/usr/local/bin/wg-zk-daemon","SYSLOG_FACILITY":"3","__CURSOR":"s=a04ba51497c94fceb15b4fa2d2c14874;i=3e34;b=dfcb8dac886d4627bbdfedf02e3e59de;m=2aa5f5d0;t=65cb14b194044;x=9cd80d24b8744b5c","__MONOTONIC_TIMESTAMP":"715519440","_PID":"4922","_CAP_EFFECTIVE":"1ffffffffff"}
{"_COMM":"wg-zk-daemon","_STREAM_ID":"811368c74b5548ef99fe71b71f2f9cba","SYSLOG_FACILITY":"3","_HOSTNAME":"wgzk-client","__REALTIME_TIMESTAMP":"1790766400421409","_BOOT_ID":"dfcb8dac886d4627bbdfedf02e3e59de","_CAP_EFFECTIVE":"1ffffffffff","_TRANSPORT":"stdout","_PID":"4922","_SYSTEMD_CGROUP":"/system.slice/system-wgzk\\x2dm7.slice/wgzk-m7@wgc3.service","_GID":"0","MESSAGE":"[timing] side=client token=3119869150 nonce_prefix=2d198cad result=ok zk_us=45 encap_us=120 tls_us=1641 write_us=7 psk_us=20 tail_us=1 total_us=1878","__MONOTONIC_TIMESTAMP":"716764077","_SYSTEMD_INVOCATION_ID":"290bde33cae142f783cf35aed3878a44","__CURSOR":"s=a04ba51497c94fceb15b4fa2d2c14874;i=3e42;b=dfcb8dac886d4627bbdfedf02e3e59de;m=2ab8f3ad;t=65cb14b2c3e21;x=8798c3542eb3287d","_SYSTEMD_UNIT":"wgzk-m7@wgc3.service","PRIORITY":"6","_EXE":"/usr/local/bin/wg-zk-daemon","_MACHINE_ID":"6334201a93644f82a11c836f3c84a03f","_SELINUX_CONTEXT":"unconfined\n","_SYSTEMD_SLICE":"system-wgzk\\x2dm7.slice","_CMDLINE":"/usr/local/bin/wg-zk-daemon","SYSLOG_IDENTIFIER":"env","_UID":"0"}
{"_TRANSPORT":"stdout","MESSAGE":"[timing] side=client token=2935709751 nonce_prefix=b86cc323 result=ok zk_us=46 encap_us=74 tls_us=2037 write_us=8 psk_us=47 tail_us=1 total_us=2289","_SYSTEMD_SLICE":"system-wgzk\\x2dm7.slice","_COMM":"wg-zk-daemon","__CURSOR":"s=a04ba51497c94fceb15b4fa2d2c14874;i=3e54;b=dfcb8dac886d4627bbdfedf02e3e59de;m=2acbcab7;t=65cb14b3f152b;x=3f448c63ba08c02a","_PID":"4922","_SELINUX_CONTEXT":"unconfined\n","_CAP_EFFECTIVE":"1ffffffffff","_SYSTEMD_INVOCATION_ID":"290bde33cae142f783cf35aed3878a44","SYSLOG_IDENTIFIER":"env","_HOSTNAME":"wgzk-client","PRIORITY":"6","_CMDLINE":"/usr/local/bin/wg-zk-daemon","_GID":"0","__REALTIME_TIMESTAMP":"1790766401656107","_EXE":"/usr/local/bin/wg-zk-daemon","_UID":"0","_SYSTEMD_CGROUP":"/system.slice/system-wgzk\\x2dm7.slice/wgzk-m7@wgc3.service","_SYSTEMD_UNIT":"wgzk-m7@wgc3.service","_BOOT_ID":"dfcb8dac886d4627bbdfedf02e3e59de","_MACHINE_ID":"6334201a93644f82a11c836f3c84a03f","__MONOTONIC_TIMESTAMP":"717998775","_STREAM_ID":"811368c74b5548ef99fe71b71f2f9cba","SYSLOG_FACILITY":"3"}
{"SYSLOG_FACILITY":"3","_CMDLINE":"/usr/local/bin/wg-zk-daemon","_PID":"4922","__REALTIME_TIMESTAMP":"1790766402889620","PRIORITY":"6","_SELINUX_CONTEXT":"unconfined\n","__CURSOR":"s=a04ba51497c94fceb15b4fa2d2c14874;i=3e64;b=dfcb8dac886d4627bbdfedf02e3e59de;m=2ade9d20;t=65cb14b51e794;x=66142ef5529cf742","_CAP_EFFECTIVE":"1ffffffffff","_SYSTEMD_UNIT":"wgzk-m7@wgc3.service","_GID":"0","_EXE":"/usr/local/bin/wg-zk-daemon","_SYSTEMD_INVOCATION_ID":"290bde33cae142f783cf35aed3878a44","MESSAGE":"[timing] side=client token=3098148815 nonce_prefix=48a09958 result=ok zk_us=46 encap_us=74 tls_us=2201 write_us=32 psk_us=26 tail_us=1 total_us=2437","__MONOTONIC_TIMESTAMP":"719232288","_SYSTEMD_CGROUP":"/system.slice/system-wgzk\\x2dm7.slice/wgzk-m7@wgc3.service","SYSLOG_IDENTIFIER":"env","_STREAM_ID":"811368c74b5548ef99fe71b71f2f9cba","_COMM":"wg-zk-daemon","_MACHINE_ID":"6334201a93644f82a11c836f3c84a03f","_TRANSPORT":"stdout","_BOOT_ID":"dfcb8dac886d4627bbdfedf02e3e59de","_SYSTEMD_SLICE":"system-wgzk\\x2dm7.slice","_HOSTNAME":"wgzk-client","_UID":"0"}
{"__MONOTONIC_TIMESTAMP":"720464447","_COMM":"wg-zk-daemon","_STREAM_ID":"811368c74b5548ef99fe71b71f2f9cba","_SELINUX_CONTEXT":"unconfined\n","_CAP_EFFECTIVE":"1ffffffffff","_BOOT_ID":"dfcb8dac886d4627bbdfedf02e3e59de","_SYSTEMD_SLICE":"system-wgzk\\x2dm7.slice","MESSAGE":"[timing] side=client token=3075547320 nonce_prefix=00d6c58c result=ok zk_us=45 encap_us=143 tls_us=2240 write_us=8 psk_us=22 tail_us=1 total_us=2517","_TRANSPORT":"stdout","_EXE":"/usr/local/bin/wg-zk-daemon","PRIORITY":"6","_SYSTEMD_INVOCATION_ID":"290bde33cae142f783cf35aed3878a44","__REALTIME_TIMESTAMP":"1790766404121779","SYSLOG_IDENTIFIER":"env","_PID":"4922","__CURSOR":"s=a04ba51497c94fceb15b4fa2d2c14874;i=3e74;b=dfcb8dac886d4627bbdfedf02e3e59de;m=2af16a3f;t=65cb14b64b4b3;x=915a7afc1618a143","_MACHINE_ID":"6334201a93644f82a11c836f3c84a03f","_HOSTNAME":"wgzk-client","_SYSTEMD_UNIT":"wgzk-m7@wgc3.service","SYSLOG_FACILITY":"3","_SYSTEMD_CGROUP":"/system.slice/system-wgzk\\x2dm7.slice/wgzk-m7@wgc3.service","_CMDLINE":"/usr/local/bin/wg-zk-daemon","_UID":"0","_GID":"0"}
{"_MACHINE_ID":"6334201a93644f82a11c836f3c84a03f","_SYSTEMD_CGROUP":"/system.slice/system-wgzk\\x2dm7.slice/wgzk-m7@wgc3.service","_STREAM_ID":"811368c74b5548ef99fe71b71f2f9cba","_UID":"0","_SELINUX_CONTEXT":"unconfined\n","SYSLOG_IDENTIFIER":"env","_EXE":"/usr/local/bin/wg-zk-daemon","SYSLOG_FACILITY":"3","PRIORITY":"6","_TRANSPORT":"stdout","_SYSTEMD_UNIT":"wgzk-m7@wgc3.service","_GID":"0","_CAP_EFFECTIVE":"1ffffffffff","__CURSOR":"s=a04ba51497c94fceb15b4fa2d2c14874;i=3e82;b=dfcb8dac886d4627bbdfedf02e3e59de;m=2b043f5f;t=65cb14b7789d3;x=5d6a5624b839eeaa","_BOOT_ID":"dfcb8dac886d4627bbdfedf02e3e59de","__MONOTONIC_TIMESTAMP":"721698655","_PID":"4922","_CMDLINE":"/usr/local/bin/wg-zk-daemon","_HOSTNAME":"wgzk-client","__REALTIME_TIMESTAMP":"1790766405355987","_SYSTEMD_INVOCATION_ID":"290bde33cae142f783cf35aed3878a44","_SYSTEMD_SLICE":"system-wgzk\\x2dm7.slice","MESSAGE":"[timing] side=client token=2645838610 nonce_prefix=9f6fdaec result=ok zk_us=45 encap_us=73 tls_us=1871 write_us=13 psk_us=42 tail_us=1 total_us=2105","_COMM":"wg-zk-daemon"}
{"_MACHINE_ID":"6334201a93644f82a11c836f3c84a03f","SYSLOG_IDENTIFIER":"env","_TRANSPORT":"stdout","_UID":"0","_CAP_EFFECTIVE":"1ffffffffff","_STREAM_ID":"811368c74b5548ef99fe71b71f2f9cba","_SELINUX_CONTEXT":"unconfined\n","_SYSTEMD_CGROUP":"/system.slice/system-wgzk\\x2dm7.slice/wgzk-m7@wgc3.service","MESSAGE":"[timing] side=client token=1671875599 nonce_prefix=85627f96 result=ok zk_us=45 encap_us=73 tls_us=2165 write_us=6 psk_us=25 tail_us=1 total_us=2393","__REALTIME_TIMESTAMP":"1790766406587087","PRIORITY":"6","_SYSTEMD_SLICE":"system-wgzk\\x2dm7.slice","_COMM":"wg-zk-daemon","SYSLOG_FACILITY":"3","_SYSTEMD_INVOCATION_ID":"290bde33cae142f783cf35aed3878a44","_HOSTNAME":"wgzk-client","__CURSOR":"s=a04ba51497c94fceb15b4fa2d2c14874;i=3e91;b=dfcb8dac886d4627bbdfedf02e3e59de;m=2b17085b;t=65cb14b8a52cf;x=f9daeb0fc08f9899","_PID":"4922","_BOOT_ID":"dfcb8dac886d4627bbdfedf02e3e59de","__MONOTONIC_TIMESTAMP":"722929755","_EXE":"/usr/local/bin/wg-zk-daemon","_SYSTEMD_UNIT":"wgzk-m7@wgc3.service","_CMDLINE":"/usr/local/bin/wg-zk-daemon","_GID":"0"}
{"__CURSOR":"s=a04ba51497c94fceb15b4fa2d2c14874;i=3ea3;b=dfcb8dac886d4627bbdfedf02e3e59de;m=2b29fe75;t=65cb14b9d48e9;x=748928cedf553fb8","_GID":"0","_SYSTEMD_SLICE":"system-wgzk\\x2dm7.slice","_TRANSPORT":"stdout","_COMM":"wg-zk-daemon","_SYSTEMD_INVOCATION_ID":"290bde33cae142f783cf35aed3878a44","_STREAM_ID":"811368c74b5548ef99fe71b71f2f9cba","_SELINUX_CONTEXT":"unconfined\n","SYSLOG_FACILITY":"3","_SYSTEMD_CGROUP":"/system.slice/system-wgzk\\x2dm7.slice/wgzk-m7@wgc3.service","_HOSTNAME":"wgzk-client","_CAP_EFFECTIVE":"1ffffffffff","__MONOTONIC_TIMESTAMP":"724172405","__REALTIME_TIMESTAMP":"1790766407829737","PRIORITY":"6","_EXE":"/usr/local/bin/wg-zk-daemon","_SYSTEMD_UNIT":"wgzk-m7@wgc3.service","_BOOT_ID":"dfcb8dac886d4627bbdfedf02e3e59de","_UID":"0","_MACHINE_ID":"6334201a93644f82a11c836f3c84a03f","SYSLOG_IDENTIFIER":"env","_CMDLINE":"/usr/local/bin/wg-zk-daemon","_PID":"4922","MESSAGE":"[timing] side=client token=226710385 nonce_prefix=e0ccf0b4 result=ok zk_us=97 encap_us=83 tls_us=2269 write_us=5 psk_us=22 tail_us=1 total_us=2561"}
{"_SELINUX_CONTEXT":"unconfined\n","_UID":"0","_TRANSPORT":"stdout","_STREAM_ID":"811368c74b5548ef99fe71b71f2f9cba","PRIORITY":"6","_SYSTEMD_CGROUP":"/system.slice/system-wgzk\\x2dm7.slice/wgzk-m7@wgc3.service","_COMM":"wg-zk-daemon","SYSLOG_IDENTIFIER":"env","__REALTIME_TIMESTAMP":"1790766409075377","MESSAGE":"[timing] side=client token=4063260749 nonce_prefix=4ad2cf86 result=ok zk_us=44 encap_us=77 tls_us=2356 write_us=33 psk_us=25 tail_us=1 total_us=2597","__MONOTONIC_TIMESTAMP":"725418044","_GID":"0","_SYSTEMD_UNIT":"wgzk-m7@wgc3.service","_EXE":"/usr/local/bin/wg-zk-daemon","__CURSOR":"s=a04ba51497c94fceb15b4fa2d2c14874;i=3eb2;b=dfcb8dac886d4627bbdfedf02e3e59de;m=2b3d003c;t=65cb14bb04ab1;x=2cbe0ab1273094d0","SYSLOG_FACILITY":"3","_CMDLINE":"/usr/local/bin/wg-zk-daemon","_SYSTEMD_SLICE":"system-wgzk\\x2dm7.slice","_HOSTNAME":"wgzk-client","_BOOT_ID":"dfcb8dac886d4627bbdfedf02e3e59de","_MACHINE_ID":"6334201a93644f82a11c836f3c84a03f","_SYSTEMD_INVOCATION_ID":"290bde33cae142f783cf35aed3878a44","_CAP_EFFECTIVE":"1ffffffffff","_PID":"4922"}
{"_SYSTEMD_SLICE":"system-wgzk\\x2dm7.slice","_COMM":"wg-zk-daemon","__REALTIME_TIMESTAMP":"1790766410307793","_STREAM_ID":"811368c74b5548ef99fe71b71f2f9cba","_SYSTEMD_CGROUP":"/system.slice/system-wgzk\\x2dm7.slice/wgzk-m7@wgc3.service","_UID":"0","_CAP_EFFECTIVE":"1ffffffffff","SYSLOG_IDENTIFIER":"env","_BOOT_ID":"dfcb8dac886d4627bbdfedf02e3e59de","_GID":"0","__MONOTONIC_TIMESTAMP":"726650461","_PID":"4922","_SELINUX_CONTEXT":"unconfined\n","_EXE":"/usr/local/bin/wg-zk-daemon","SYSLOG_FACILITY":"3","_CMDLINE":"/usr/local/bin/wg-zk-daemon","MESSAGE":"[timing] side=client token=2543571041 nonce_prefix=0023db6e result=ok zk_us=48 encap_us=76 tls_us=2029 write_us=7 psk_us=55 tail_us=1 total_us=2252","_TRANSPORT":"stdout","PRIORITY":"6","_MACHINE_ID":"6334201a93644f82a11c836f3c84a03f","__CURSOR":"s=a04ba51497c94fceb15b4fa2d2c14874;i=3ec4;b=dfcb8dac886d4627bbdfedf02e3e59de;m=2b4fce5d;t=65cb14bc318d1;x=b14bf944cd960487","_HOSTNAME":"wgzk-client","_SYSTEMD_INVOCATION_ID":"290bde33cae142f783cf35aed3878a44","_SYSTEMD_UNIT":"wgzk-m7@wgc3.service"}
{"MESSAGE":"[timing] side=client token=1743576197 nonce_prefix=90f36770 result=ok zk_us=44 encap_us=76 tls_us=2077 write_us=12 psk_us=645 tail_us=1 total_us=2972","_HOSTNAME":"wgzk-client","_PID":"4922","_STREAM_ID":"811368c74b5548ef99fe71b71f2f9cba","_SYSTEMD_INVOCATION_ID":"290bde33cae142f783cf35aed3878a44","__CURSOR":"s=a04ba51497c94fceb15b4fa2d2c14874;i=3ed3;b=dfcb8dac886d4627bbdfedf02e3e59de;m=2b62aa30;t=65cb14bd5f4a5;x=e18c63c8aad10755","SYSLOG_IDENTIFIER":"env","_SYSTEMD_UNIT":"wgzk-m7@wgc3.service","SYSLOG_FACILITY":"3","_SYSTEMD_CGROUP":"/system.slice/system-wgzk\\x2dm7.slice/wgzk-m7@wgc3.service","_COMM":"wg-zk-daemon","_CAP_EFFECTIVE":"1ffffffffff","__REALTIME_TIMESTAMP":"1790766411543717","_SYSTEMD_SLICE":"system-wgzk\\x2dm7.slice","__MONOTONIC_TIMESTAMP":"727886384","_MACHINE_ID":"6334201a93644f82a11c836f3c84a03f","_UID":"0","_BOOT_ID":"dfcb8dac886d4627bbdfedf02e3e59de","_TRANSPORT":"stdout","_GID":"0","_SELINUX_CONTEXT":"unconfined\n","_CMDLINE":"/usr/local/bin/wg-zk-daemon","PRIORITY":"6","_EXE":"/usr/local/bin/wg-zk-daemon"}
{"_TRANSPORT":"stdout","_EXE":"/usr/local/bin/wg-zk-daemon","_MACHINE_ID":"6334201a93644f82a11c836f3c84a03f","MESSAGE":"[timing] side=client token=2880211695 nonce_prefix=4fe6a62b result=ok zk_us=46 encap_us=74 tls_us=2359 write_us=8 psk_us=20 tail_us=1 total_us=2562","_CAP_EFFECTIVE":"1ffffffffff","_SYSTEMD_INVOCATION_ID":"290bde33cae142f783cf35aed3878a44","_CMDLINE":"/usr/local/bin/wg-zk-daemon","_HOSTNAME":"wgzk-client","_SYSTEMD_SLICE":"system-wgzk\\x2dm7.slice","_SYSTEMD_CGROUP":"/system.slice/system-wgzk\\x2dm7.slice/wgzk-m7@wgc3.service","SYSLOG_FACILITY":"3","_STREAM_ID":"811368c74b5548ef99fe71b71f2f9cba","_SELINUX_CONTEXT":"unconfined\n","_GID":"0","SYSLOG_IDENTIFIER":"env","__MONOTONIC_TIMESTAMP":"729124435","PRIORITY":"6","_UID":"0","__REALTIME_TIMESTAMP":"1790766412781768","_BOOT_ID":"dfcb8dac886d4627bbdfedf02e3e59de","_COMM":"wg-zk-daemon","__CURSOR":"s=a04ba51497c94fceb15b4fa2d2c14874;i=3ee3;b=dfcb8dac886d4627bbdfedf02e3e59de;m=2b758e53;t=65cb14be8d8c8;x=1baed6bcb7621796","_PID":"4922","_SYSTEMD_UNIT":"wgzk-m7@wgc3.service"}
{"_SYSTEMD_UNIT":"wgzk-m7@wgc3.service","_CAP_EFFECTIVE":"1ffffffffff","_TRANSPORT":"stdout","MESSAGE":"[timing] side=client token=1552015280 nonce_prefix=39cd93bf result=ok zk_us=45 encap_us=84 tls_us=1938 write_us=26 psk_us=20 tail_us=1 total_us=2192","__REALTIME_TIMESTAMP":"1790766414008895","_MACHINE_ID":"6334201a93644f82a11c836f3c84a03f","_PID":"4922","_SYSTEMD_SLICE":"system-wgzk\\x2dm7.slice","PRIORITY":"6","SYSLOG_IDENTIFIER":"env","_BOOT_ID":"dfcb8dac886d4627bbdfedf02e3e59de","SYSLOG_FACILITY":"3","_HOSTNAME":"wgzk-client","_EXE":"/usr/local/bin/wg-zk-daemon","__MONOTONIC_TIMESTAMP":"730351563","_CMDLINE":"/usr/local/bin/wg-zk-daemon","__CURSOR":"s=a04ba51497c94fceb15b4fa2d2c14874;i=3ef2;b=dfcb8dac886d4627bbdfedf02e3e59de;m=2b8847cb;t=65cb14bfb923f;x=cf85c45ebb9add59","_UID":"0","_SYSTEMD_CGROUP":"/system.slice/system-wgzk\\x2dm7.slice/wgzk-m7@wgc3.service","_SELINUX_CONTEXT":"unconfined\n","_STREAM_ID":"811368c74b5548ef99fe71b71f2f9cba","_GID":"0","_COMM":"wg-zk-daemon","_SYSTEMD_INVOCATION_ID":"290bde33cae142f783cf35aed3878a44"}
{"__REALTIME_TIMESTAMP":"1790766415240072","_SELINUX_CONTEXT":"unconfined\n","_CAP_EFFECTIVE":"1ffffffffff","_CMDLINE":"/usr/local/bin/wg-zk-daemon","_PID":"4922","_STREAM_ID":"811368c74b5548ef99fe71b71f2f9cba","_SYSTEMD_CGROUP":"/system.slice/system-wgzk\\x2dm7.slice/wgzk-m7@wgc3.service","SYSLOG_IDENTIFIER":"env","_SYSTEMD_SLICE":"system-wgzk\\x2dm7.slice","_EXE":"/usr/local/bin/wg-zk-daemon","__CURSOR":"s=a04ba51497c94fceb15b4fa2d2c14874;i=3f03;b=dfcb8dac886d4627bbdfedf02e3e59de;m=2b9b1113;t=65cb14c0e5b88;x=9e9db6330812fba8","_UID":"0","_SYSTEMD_INVOCATION_ID":"290bde33cae142f783cf35aed3878a44","MESSAGE":"[timing] side=client token=2273373152 nonce_prefix=9b6dbdad result=ok zk_us=45 encap_us=73 tls_us=1644 write_us=24 psk_us=23 tail_us=1 total_us=1889","_HOSTNAME":"wgzk-client","_BOOT_ID":"dfcb8dac886d4627bbdfedf02e3e59de","SYSLOG_FACILITY":"3","__MONOTONIC_TIMESTAMP":"731582739","_MACHINE_ID":"6334201a93644f82a11c836f3c84a03f","_GID":"0","_COMM":"wg-zk-daemon","PRIORITY":"6","_TRANSPORT":"stdout","_SYSTEMD_UNIT":"wgzk-m7@wgc3.service"}
{"_SYSTEMD_CGROUP":"/system.slice/system-wgzk\\x2dm7.slice/wgzk-m7@wgc3.service","_PID":"4922","_CMDLINE":"/usr/local/bin/wg-zk-daemon","_SYSTEMD_SLICE":"system-wgzk\\x2dm7.slice","_EXE":"/usr/local/bin/wg-zk-daemon","__CURSOR":"s=a04ba51497c94fceb15b4fa2d2c14874;i=3f14;b=dfcb8dac886d4627bbdfedf02e3e59de;m=2badd9ac;t=65cb14c212421;x=7fadfcc3ed62ae8d","_HOSTNAME":"wgzk-client","_BOOT_ID":"dfcb8dac886d4627bbdfedf02e3e59de","SYSLOG_IDENTIFIER":"env","_SYSTEMD_UNIT":"wgzk-m7@wgc3.service","__REALTIME_TIMESTAMP":"1790766416471073","_MACHINE_ID":"6334201a93644f82a11c836f3c84a03f","MESSAGE":"[timing] side=client token=1274467774 nonce_prefix=0e560794 result=ok zk_us=51 encap_us=101 tls_us=1603 write_us=27 psk_us=35 tail_us=1 total_us=1913","_UID":"0","__MONOTONIC_TIMESTAMP":"732813740","_SELINUX_CONTEXT":"unconfined\n","PRIORITY":"6","_CAP_EFFECTIVE":"1ffffffffff","_SYSTEMD_INVOCATION_ID":"290bde33cae142f783cf35aed3878a44","_TRANSPORT":"stdout","_STREAM_ID":"811368c74b5548ef99fe71b71f2f9cba","_COMM":"wg-zk-daemon","SYSLOG_FACILITY":"3","_GID":"0"}
{"_SYSTEMD_SLICE":"system-wgzk\\x2dm7.slice","_BOOT_ID":"dfcb8dac886d4627bbdfedf02e3e59de","_CMDLINE":"/usr/local/bin/wg-zk-daemon","_PID":"4922","SYSLOG_FACILITY":"3","_MACHINE_ID":"6334201a93644f82a11c836f3c84a03f","PRIORITY":"6","_CAP_EFFECTIVE":"1ffffffffff","_GID":"0","_HOSTNAME":"wgzk-client","_SYSTEMD_UNIT":"wgzk-m7@wgc3.service","__CURSOR":"s=a04ba51497c94fceb15b4fa2d2c14874;i=3f23;b=dfcb8dac886d4627bbdfedf02e3e59de;m=2bc0b7ac;t=65cb14c340220;x=99c99b65150893fd","_STREAM_ID":"811368c74b5548ef99fe71b71f2f9cba","__MONOTONIC_TIMESTAMP":"734050220","_EXE":"/usr/local/bin/wg-zk-daemon","_TRANSPORT":"stdout","__REALTIME_TIMESTAMP":"1790766417707552","_UID":"0","_SELINUX_CONTEXT":"unconfined\n","SYSLOG_IDENTIFIER":"env","MESSAGE":"[timing] side=client token=170665353 nonce_prefix=df06b80b result=ok zk_us=45 encap_us=76 tls_us=1799 write_us=31 psk_us=43 tail_us=1 total_us=2039","_SYSTEMD_INVOCATION_ID":"290bde33cae142f783cf35aed3878a44","_COMM":"wg-zk-daemon","_SYSTEMD_CGROUP":"/system.slice/system-wgzk\\x2dm7.slice/wgzk-m7@wgc3.service"}
{"_STREAM_ID":"811368c74b5548ef99fe71b71f2f9cba","_COMM":"wg-zk-daemon","SYSLOG_IDENTIFIER":"env","_CMDLINE":"/usr/local/bin/wg-zk-daemon","_HOSTNAME":"wgzk-client","MESSAGE":"[timing] side=client token=911457079 nonce_prefix=7d10e4dd result=ok zk_us=46 encap_us=81 tls_us=1523 write_us=32 psk_us=20 tail_us=1 total_us=1758","_SYSTEMD_INVOCATION_ID":"290bde33cae142f783cf35aed3878a44","_TRANSPORT":"stdout","_CAP_EFFECTIVE":"1ffffffffff","_MACHINE_ID":"6334201a93644f82a11c836f3c84a03f","_SYSTEMD_CGROUP":"/system.slice/system-wgzk\\x2dm7.slice/wgzk-m7@wgc3.service","_SYSTEMD_UNIT":"wgzk-m7@wgc3.service","_EXE":"/usr/local/bin/wg-zk-daemon","_SELINUX_CONTEXT":"unconfined\n","_SYSTEMD_SLICE":"system-wgzk\\x2dm7.slice","_GID":"0","PRIORITY":"6","_PID":"4922","_BOOT_ID":"dfcb8dac886d4627bbdfedf02e3e59de","__CURSOR":"s=a04ba51497c94fceb15b4fa2d2c14874;i=3f33;b=dfcb8dac886d4627bbdfedf02e3e59de;m=2bd3a40b;t=65cb14c46ee80;x=9f7e1c58ca04e32b","__REALTIME_TIMESTAMP":"1790766418947712","_UID":"0","SYSLOG_FACILITY":"3","__MONOTONIC_TIMESTAMP":"735290379"}
{"_MACHINE_ID":"6334201a93644f82a11c836f3c84a03f","_SYSTEMD_SLICE":"system-wgzk\\x2dm7.slice","_GID":"0","_HOSTNAME":"wgzk-client","_SYSTEMD_CGROUP":"/system.slice/system-wgzk\\x2dm7.slice/wgzk-m7@wgc3.service","MESSAGE":"[timing] side=client token=150419145 nonce_prefix=63b76fdf result=ok zk_us=147 encap_us=76 tls_us=2014 write_us=8 psk_us=41 tail_us=1 total_us=2355","_SYSTEMD_INVOCATION_ID":"290bde33cae142f783cf35aed3878a44","SYSLOG_FACILITY":"3","_CAP_EFFECTIVE":"1ffffffffff","__MONOTONIC_TIMESTAMP":"736516999","__REALTIME_TIMESTAMP":"1790766420174331","_BOOT_ID":"dfcb8dac886d4627bbdfedf02e3e59de","PRIORITY":"6","SYSLOG_IDENTIFIER":"env","_UID":"0","_SYSTEMD_UNIT":"wgzk-m7@wgc3.service","_CMDLINE":"/usr/local/bin/wg-zk-daemon","_COMM":"wg-zk-daemon","_PID":"4922","_STREAM_ID":"811368c74b5548ef99fe71b71f2f9cba","_TRANSPORT":"stdout","__CURSOR":"s=a04ba51497c94fceb15b4fa2d2c14874;i=3f43;b=dfcb8dac886d4627bbdfedf02e3e59de;m=2be65b87;t=65cb14c59a5fb;x=85c86f63ab2d37a6","_EXE":"/usr/local/bin/wg-zk-daemon","_SELINUX_CONTEXT":"unconfined\n"}
{"_EXE":"/usr/local/bin/wg-zk-daemon","_SYSTEMD_SLICE":"system-wgzk\\x2dm7.slice","_BOOT_ID":"dfcb8dac886d4627bbdfedf02e3e59de","_TRANSPORT":"stdout","_SYSTEMD_CGROUP":"/system.slice/system-wgzk\\x2dm7.slice/wgzk-m7@wgc3.service","SYSLOG_FACILITY":"3","_SYSTEMD_INVOCATION_ID":"290bde33cae142f783cf35aed3878a44","_HOSTNAME":"wgzk-client","_COMM":"wg-zk-daemon","_UID":"0","_STREAM_ID":"811368c74b5548ef99fe71b71f2f9cba","_MACHINE_ID":"6334201a93644f82a11c836f3c84a03f","MESSAGE":"[timing] side=client token=3745358736 nonce_prefix=29b16d07 result=ok zk_us=45 encap_us=73 tls_us=1982 write_us=26 psk_us=34 tail_us=1 total_us=2215","__MONOTONIC_TIMESTAMP":"737750475","__REALTIME_TIMESTAMP":"1790766421407807","PRIORITY":"6","_CMDLINE":"/usr/local/bin/wg-zk-daemon","_CAP_EFFECTIVE":"1ffffffffff","_GID":"0","_SYSTEMD_UNIT":"wgzk-m7@wgc3.service","__CURSOR":"s=a04ba51497c94fceb15b4fa2d2c14874;i=3f53;b=dfcb8dac886d4627bbdfedf02e3e59de;m=2bf92dcb;t=65cb14c6c783f;x=4fc8b8798020be80","_SELINUX_CONTEXT":"unconfined\n","SYSLOG_IDENTIFIER":"env","_PID":"4922"}
{"__MONOTONIC_TIMESTAMP":"738995937","_CMDLINE":"/usr/local/bin/wg-zk-daemon","__REALTIME_TIMESTAMP":"1790766422653269","_COMM":"wg-zk-daemon","_EXE":"/usr/local/bin/wg-zk-daemon","_STREAM_ID":"811368c74b5548ef99fe71b71f2f9cba","_SYSTEMD_INVOCATION_ID":"290bde33cae142f783cf35aed3878a44","_UID":"0","MESSAGE":"[timing] side=client token=1036739787 nonce_prefix=02435fe1 result=ok zk_us=148 encap_us=82 tls_us=1709 write_us=28 psk_us=46 tail_us=1 total_us=2152","_HOSTNAME":"wgzk-client","SYSLOG_FACILITY":"3","_PID":"4922","_SYSTEMD_UNIT":"wgzk-m7@wgc3.service","_GID":"0","_CAP_EFFECTIVE":"1ffffffffff","_MACHINE_ID":"6334201a93644f82a11c836f3c84a03f","_SELINUX_CONTEXT":"unconfined\n","_SYSTEMD_SLICE":"system-wgzk\\x2dm7.slice","__CURSOR":"s=a04ba51497c94fceb15b4fa2d2c14874;i=3f63;b=dfcb8dac886d4627bbdfedf02e3e59de;m=2c0c2ee1;t=65cb14c7f7955;x=489e6143692e5684","_TRANSPORT":"stdout","_BOOT_ID":"dfcb8dac886d4627bbdfedf02e3e59de","SYSLOG_IDENTIFIER":"env","_SYSTEMD_CGROUP":"/system.slice/system-wgzk\\x2dm7.slice/wgzk-m7@wgc3.service","PRIORITY":"6"}
{"_SYSTEMD_CGROUP":"/system.slice/system-wgzk\\x2dm7.slice/wgzk-m7@wgc3.service","SYSLOG_FACILITY":"3","_HOSTNAME":"wgzk-client","_EXE":"/usr/local/bin/wg-zk-daemon","_SYSTEMD_SLICE":"system-wgzk\\x2dm7.slice","_BOOT_ID":"dfcb8dac886d4627bbdfedf02e3e59de","_MACHINE_ID":"6334201a93644f82a11c836f3c84a03f","_TRANSPORT":"stdout","__CURSOR":"s=a04ba51497c94fceb15b4fa2d2c14874;i=3f73;b=dfcb8dac886d4627bbdfedf02e3e59de;m=2c1ef70b;t=65cb14c92417f;x=1d0df4b48cb32488","_STREAM_ID":"811368c74b5548ef99fe71b71f2f9cba","MESSAGE":"[timing] side=client token=92927173 nonce_prefix=cc2b2888 result=ok zk_us=46 encap_us=73 tls_us=2071 write_us=26 psk_us=19 tail_us=1 total_us=2294","__REALTIME_TIMESTAMP":"1790766423884159","_CAP_EFFECTIVE":"1ffffffffff","__MONOTONIC_TIMESTAMP":"740226827","_GID":"0","_PID":"4922","PRIORITY":"6","SYSLOG_IDENTIFIER":"env","_UID":"0","_COMM":"wg-zk-daemon","_SYSTEMD_INVOCATION_ID":"290bde33cae142f783cf35aed3878a44","_SYSTEMD_UNIT":"wgzk-m7@wgc3.service","_SELINUX_CONTEXT":"unconfined\n","_CMDLINE":"/usr/local/bin/wg-zk-daemon"}
{"_SYSTEMD_CGROUP":"/system.slice/system-wgzk\\x2dm7.slice/wgzk-m7@wgc3.service","__MONOTONIC_TIMESTAMP":"741457173","SYSLOG_IDENTIFIER":"env","_PID":"4922","_GID":"0","_SYSTEMD_INVOCATION_ID":"290bde33cae142f783cf35aed3878a44","_EXE":"/usr/local/bin/wg-zk-daemon","SYSLOG_FACILITY":"3","_TRANSPORT":"stdout","_MACHINE_ID":"6334201a93644f82a11c836f3c84a03f","_COMM":"wg-zk-daemon","MESSAGE":"[timing] side=client token=1991543173 nonce_prefix=50618be3 result=ok zk_us=201 encap_us=100 tls_us=2361 write_us=8 psk_us=39 tail_us=1 total_us=2866","_UID":"0","_CMDLINE":"/usr/local/bin/wg-zk-daemon","__CURSOR":"s=a04ba51497c94fceb15b4fa2d2c14874;i=3f84;b=dfcb8dac886d4627bbdfedf02e3e59de;m=2c31bd15;t=65cb14ca50789;x=dfc659b957728abb","_CAP_EFFECTIVE":"1ffffffffff","_STREAM_ID":"811368c74b5548ef99fe71b71f2f9cba","_SYSTEMD_UNIT":"wgzk-m7@wgc3.service","_SYSTEMD_SLICE":"system-wgzk\\x2dm7.slice","_SELINUX_CONTEXT":"unconfined\n","PRIORITY":"6","_BOOT_ID":"dfcb8dac886d4627bbdfedf02e3e59de","__REALTIME_TIMESTAMP":"1790766425114505","_HOSTNAME":"wgzk-client"}
{"_SYSTEMD_SLICE":"system-wgzk\\x2dm7.slice","__MONOTONIC_TIMESTAMP":"742709538","__REALTIME_TIMESTAMP":"1790766426366870","_CAP_EFFECTIVE":"1ffffffffff","_TRANSPORT":"stdout","_PID":"4922","_HOSTNAME":"wgzk-client","_MACHINE_ID":"6334201a93644f82a11c836f3c84a03f","SYSLOG_IDENTIFIER":"env","_CMDLINE":"/usr/local/bin/wg-zk-daemon","_SYSTEMD_INVOCATION_ID":"290bde33cae142f783cf35aed3878a44","_SYSTEMD_CGROUP":"/system.slice/system-wgzk\\x2dm7.slice/wgzk-m7@wgc3.service","_SYSTEMD_UNIT":"wgzk-m7@wgc3.service","_EXE":"/usr/local/bin/wg-zk-daemon","_SELINUX_CONTEXT":"unconfined\n","__CURSOR":"s=a04ba51497c94fceb15b4fa2d2c14874;i=3f94;b=dfcb8dac886d4627bbdfedf02e3e59de;m=2c44d922;t=65cb14cb82396;x=bea05a35408d9114","_STREAM_ID":"811368c74b5548ef99fe71b71f2f9cba","_GID":"0","SYSLOG_FACILITY":"3","PRIORITY":"6","_UID":"0","_COMM":"wg-zk-daemon","MESSAGE":"[timing] side=client token=770322917 nonce_prefix=e106b8bc result=ok zk_us=45 encap_us=111 tls_us=2125 write_us=28 psk_us=39 tail_us=1 total_us=2406","_BOOT_ID":"dfcb8dac886d4627bbdfedf02e3e59de"}
{"PRIORITY":"6","_STREAM_ID":"811368c74b5548ef99fe71b71f2f9cba","_UID":"0","SYSLOG_FACILITY":"3","_HOSTNAME":"wgzk-client","_SYSTEMD_CGROUP":"/system.slice/system-wgzk\\x2dm7.slice/wgzk-m7@wgc3.service","_SYSTEMD_INVOCATION_ID":"290bde33cae142f783cf35aed3878a44","MESSAGE":"[timing] side=client token=1973171090 nonce_prefix=814a58e9 result=ok zk_us=45 encap_us=73 tls_us=2562 write_us=8 psk_us=23 tail_us=1 total_us=2746","_COMM":"wg-zk-daemon","__CURSOR":"s=a04ba51497c94fceb15b4fa2d2c14874;i=3fa4;b=dfcb8dac886d4627bbdfedf02e3e59de;m=2c57a139;t=65cb14ccaebad;x=e7d7b2f9e22179","_BOOT_ID":"dfcb8dac886d4627bbdfedf02e3e59de","SYSLOG_IDENTIFIER":"env","_SYSTEMD_SLICE":"system-wgzk\\x2dm7.slice","__MONOTONIC_TIMESTAMP":"743940409","_SYSTEMD_UNIT":"wgzk-m7@wgc3.service","_GID":"0","_SELINUX_CONTEXT":"unconfined\n","_EXE":"/usr/local/bin/wg-zk-daemon","_PID":"4922","_MACHINE_ID":"6334201a93644f82a11c836f3c84a03f","_CAP_EFFECTIVE":"1ffffffffff","_TRANSPORT":"stdout","_CMDLINE":"/usr/local/bin/wg-zk-daemon","__REALTIME_TIMESTAMP":"1790766427597741"}
{"_SELINUX_CONTEXT":"unconfined\n","_SYSTEMD_UNIT":"wgzk-m7@wgc3.service","_SYSTEMD_INVOCATION_ID":"290bde33cae142f783cf35aed3878a44","_PID":"4922","_EXE":"/usr/local/bin/wg-zk-daemon","_CMDLINE":"/usr/local/bin/wg-zk-daemon","PRIORITY":"6","MESSAGE":"[timing] side=client token=4078567047 nonce_prefix=8d49759b result=ok zk_us=46 encap_us=75 tls_us=1478 write_us=27 psk_us=21 tail_us=1 total_us=1722","__REALTIME_TIMESTAMP":"1790766428819499","_SYSTEMD_CGROUP":"/system.slice/system-wgzk\\x2dm7.slice/wgzk-m7@wgc3.service","SYSLOG_IDENTIFIER":"env","_STREAM_ID":"811368c74b5548ef99fe71b71f2f9cba","_CAP_EFFECTIVE":"1ffffffffff","_UID":"0","__CURSOR":"s=a04ba51497c94fceb15b4fa2d2c14874;i=3fb4;b=dfcb8dac886d4627bbdfedf02e3e59de;m=2c6a45b7;t=65cb14cdd902b;x=3e0a83242243bfc1","_BOOT_ID":"dfcb8dac886d4627bbdfedf02e3e59de","SYSLOG_FACILITY":"3","_COMM":"wg-zk-daemon","_MACHINE_ID":"6334201a93644f82a11c836f3c84a03f","__MONOTONIC_TIMESTAMP":"745162167","_GID":"0","_TRANSPORT":"stdout","_HOSTNAME":"wgzk-client","_SYSTEMD_SLICE":"system-wgzk\\x2dm7.slice"}
{"__REALTIME_TIMESTAMP":"1790766430048805","PRIORITY":"6","_SYSTEMD_SLICE":"system-wgzk\\x2dm7.slice","_UID":"0","_SELINUX_CONTEXT":"unconfined\n","SYSLOG_FACILITY":"3","_SYSTEMD_INVOCATION_ID":"290bde33cae142f783cf35aed3878a44","_CMDLINE":"/usr/local/bin/wg-zk-daemon","_BOOT_ID":"dfcb8dac886d4627bbdfedf02e3e59de","_HOSTNAME":"wgzk-client","_SYSTEMD_UNIT":"wgzk-m7@wgc3.service","__MONOTONIC_TIMESTAMP":"746391472","_SYSTEMD_CGROUP":"/system.slice/system-wgzk\\x2dm7.slice/wgzk-m7@wgc3.service","_PID":"4922","MESSAGE":"[timing] side=client token=1560696165 nonce_prefix=bb6c6dd6 result=ok zk_us=83 encap_us=96 tls_us=1869 write_us=8 psk_us=20 tail_us=1 total_us=2112","SYSLOG_IDENTIFIER":"env","_GID":"0","_STREAM_ID":"811368c74b5548ef99fe71b71f2f9cba","_CAP_EFFECTIVE":"1ffffffffff","_TRANSPORT":"stdout","_COMM":"wg-zk-daemon","_MACHINE_ID":"6334201a93644f82a11c836f3c84a03f","_EXE":"/usr/local/bin/wg-zk-daemon","__CURSOR":"s=a04ba51497c94fceb15b4fa2d2c14874;i=3fc4;b=dfcb8dac886d4627bbdfedf02e3e59de;m=2c7d07b0;t=65cb14cf05225;x=e48cf4fad9344472"}
{"__MONOTONIC_TIMESTAMP":"747623124","_MACHINE_ID":"6334201a93644f82a11c836f3c84a03f","MESSAGE":"[timing] side=client token=2531575405 nonce_prefix=f3758436 result=ok zk_us=45 encap_us=165 tls_us=2318 write_us=5 psk_us=84 tail_us=1 total_us=2651","_CMDLINE":"/usr/local/bin/wg-zk-daemon","_CAP_EFFECTIVE":"1ffffffffff","_TRANSPORT":"stdout","_EXE":"/usr/local/bin/wg-zk-daemon","_SYSTEMD_INVOCATION_ID":"290bde33cae142f783cf35aed3878a44","_GID":"0","SYSLOG_IDENTIFIER":"env","__CURSOR":"s=a04ba51497c94fceb15b4fa2d2c14874;i=3fd4;b=dfcb8dac886d4627bbdfedf02e3e59de;m=2c8fd2d4;t=65cb14d031d48;x=7847bef48ccc4fc9","_STREAM_ID":"811368c74b5548ef99fe71b71f2f9cba","_HOSTNAME":"wgzk-client","PRIORITY":"6","_SYSTEMD_CGROUP":"/system.slice/system-wgzk\\x2dm7.slice/wgzk-m7@wgc3.service","_COMM":"wg-zk-daemon","_SELINUX_CONTEXT":"unconfined\n","SYSLOG_FACILITY":"3","_SYSTEMD_SLICE":"system-wgzk\\x2dm7.slice","_SYSTEMD_UNIT":"wgzk-m7@wgc3.service","_PID":"4922","_BOOT_ID":"dfcb8dac886d4627bbdfedf02e3e59de","_UID":"0","__REALTIME_TIMESTAMP":"1790766431280456"}
{"_EXE":"/usr/local/bin/wg-zk-daemon","_UID":"0","PRIORITY":"6","_HOSTNAME":"wgzk-client","_GID":"0","__CURSOR":"s=a04ba51497c94fceb15b4fa2d2c14874;i=3fe3;b=dfcb8dac886d4627bbdfedf02e3e59de;m=2ca2a925;t=65cb14d15f399;x=c76d3a075e84f5fb","_COMM":"wg-zk-daemon","_PID":"4922","_CAP_EFFECTIVE":"1ffffffffff","_TRANSPORT":"stdout","_MACHINE_ID":"6334201a93644f82a11c836f3c84a03f","_SYSTEMD_INVOCATION_ID":"290bde33cae142f783cf35aed3878a44","MESSAGE":"[timing] side=client token=2677717156 nonce_prefix=721057c8 result=ok zk_us=46 encap_us=145 tls_us=1338 write_us=29 psk_us=23 tail_us=1 total_us=1634","__MONOTONIC_TIMESTAMP":"748857637","_CMDLINE":"/usr/local/bin/wg-zk-daemon","_SELINUX_CONTEXT":"unconfined\n","_STREAM_ID":"811368c74b5548ef99fe71b71f2f9cba","_SYSTEMD_UNIT":"wgzk-m7@wgc3.service","__REALTIME_TIMESTAMP":"1790766432514969","SYSLOG_IDENTIFIER":"env","_BOOT_ID":"dfcb8dac886d4627bbdfedf02e3e59de","SYSLOG_FACILITY":"3","_SYSTEMD_SLICE":"system-wgzk\\x2dm7.slice","_SYSTEMD_CGROUP":"/system.slice/system-wgzk\\x2dm7.slice/wgzk-m7@wgc3.service"}
{"_SYSTEMD_INVOCATION_ID":"290bde33cae142f783cf35aed3878a44","_GID":"0","_HOSTNAME":"wgzk-client","_CMDLINE":"/usr/local/bin/wg-zk-daemon","_CAP_EFFECTIVE":"1ffffffffff","_SYSTEMD_UNIT":"wgzk-m7@wgc3.service","_MACHINE_ID":"6334201a93644f82a11c836f3c84a03f","__CURSOR":"s=a04ba51497c94fceb15b4fa2d2c14874;i=3ff4;b=dfcb8dac886d4627bbdfedf02e3e59de;m=2cb58cc8;t=65cb14d28d73d;x=10eba1e352bb84f5","__REALTIME_TIMESTAMP":"1790766433752893","_COMM":"wg-zk-daemon","_STREAM_ID":"811368c74b5548ef99fe71b71f2f9cba","_SELINUX_CONTEXT":"unconfined\n","MESSAGE":"[timing] side=client token=1886703593 nonce_prefix=34d97448 result=ok zk_us=44 encap_us=82 tls_us=1788 write_us=8 psk_us=36 tail_us=1 total_us=2011","_UID":"0","_EXE":"/usr/local/bin/wg-zk-daemon","_SYSTEMD_SLICE":"system-wgzk\\x2dm7.slice","SYSLOG_FACILITY":"3","_SYSTEMD_CGROUP":"/system.slice/system-wgzk\\x2dm7.slice/wgzk-m7@wgc3.service","_BOOT_ID":"dfcb8dac886d4627bbdfedf02e3e59de","SYSLOG_IDENTIFIER":"env","_PID":"4922","PRIORITY":"6","_TRANSPORT":"stdout","__MONOTONIC_TIMESTAMP":"750095560"}
[exit 0]
